// Auto-generated sprite sheet from pranav-manik/sonic-blue-spheres
// 16 frames (13 run + 3 jump) in 48x56 slots, proper RGBA transparency
#define SONIC_TEX_WIDTH 768
#define SONIC_TEX_HEIGHT 56
#define SONIC_TEX_FRAMES 16
#define SONIC_FRAME_W 48
#define SONIC_RUN_FRAMES 13
#define SONIC_JUMP_FRAMES 3
static const unsigned char sonic_tex_data[172032] = {
    0x00,0x00,0x00,0x00,0x00,0x00,0x00,0x00,0x00,0x00,0x00,0x00,0x00,0x00,0x00,0x00,
    0x00,0x00,0x00,0x00,0x00,0x00,0x00,0x00,0x00,0x00,0x00,0x00,0x00,0x00,0x00,0x00,
    0x00,0x00,0x00,0x00,0x00,0x00,0x00,0x00,0x00,0x00,0x00,0x00,0x00,0x00,0x00,0x00,
    0x00,0x00,0x00,0x00,0x00,0x00,0x00,0x00,0x00,0x00,0x00,0x00,0x00,0x00,0x00,0x00,
    0x00,0x00,0x00,0x00,0x00,0x00,0x00,0x00,0x00,0x00,0x00,0x00,0x00,0x00,0x00,0x00,
    0x00,0x00,0x00,0x00,0x00,0x00,0x00,0x00,0x00,0x00,0x00,0x00,0x00,0x00,0x00,0x00,
    0x00,0x00,0x00,0x00,0x00,0x00,0x00,0x00,0x00,0x00,0x00,0x00,0x00,0x00,0x00,0x00,
    0x00,0x00,0x00,0x00,0x00,0x00,0x00,0x00,0x00,0x00,0x00,0x00,0x00,0x00,0x00,0x00,
    0x00,0x00,0x00,0x00,0x00,0x00,0x00,0x00,0x00,0x00,0x00,0x00,0x00,0x00,0x00,0x00,
    0x00,0x00,0x00,0x00,0x00,0x00,0x00,0x00,0x00,0x00,0x00,0x00,0x00,0x00,0x00,0x00,
    0x00,0x00,0x00,0x00,0x00,0x00,0x00,0x00,0x00,0x00,0x00,0x00,0x00,0x00,0x00,0x00,
    0x00,0x00,0x00,0x00,0x00,0x00,0x00,0x00,0x00,0x00,0x00,0x00,0x00,0x00,0x00,0x00,
    0x00,0x00,0x00,0x00,0x00,0x00,0x00,0x00,0x00,0x00,0x00,0x00,0x00,0x00,0x00,0x00,
    0x00,0x00,0x00,0x00,0x00,0x00,0x00,0x00,0x00,0x00,0x00,0x00,0x00,0x00,0x00,0x00,
    0x00,0x00,0x00,0x00,0x00,0x00,0x00,0x00,0x00,0x00,0x00,0x00,0x00,0x00,0x00,0x00,
    0x00,0x00,0x00,0x00,0x00,0x00,0x00,0x00,0x00,0x00,0x00,0x00,0x00,0x00,0x00,0x00,
    0x00,0x00,0x00,0x00,0x00,0x00,0x00,0x00,0x00,0x00,0x00,0x00,0x00,0x00,0x00,0x00,
    0x00,0x00,0x00,0x00,0x00,0x00,0x00,0x00,0x00,0x00,0x00,0x00,0x00,0x00,0x00,0x00,
    0x00,0x00,0x00,0x00,0x00,0x00,0x00,0x00,0x00,0x00,0x00,0x00,0x00,0x00,0x00,0x00,
    0x00,0x00,0x00,0x00,0x00,0x00,0x00,0x00,0x00,0x00,0x00,0x00,0x00,0x00,0x00,0x00,
    0x00,0x00,0x00,0x00,0x00,0x00,0x00,0x00,0x00,0x00,0x00,0x00,0x00,0x00,0x00,0x00,
    0x00,0x00,0x00,0x00,0x00,0x00,0x00,0x00,0x00,0x00,0x00,0x00,0x00,0x00,0x00,0x00,
    0x00,0x00,0x00,0x00,0x00,0x00,0x00,0x00,0x00,0x00,0x00,0x00,0x00,0x00,0x00,0x00,
    0x00,0x00,0x00,0x00,0x00,0x00,0x00,0x00,0x00,0x00,0x00,0x00,0x00,0x00,0x00,0x00,
    0x00,0x00,0x00,0x00,0x00,0x00,0x00,0x00,0x00,0x00,0x00,0x00,0x00,0x00,0x00,0x00,
    0x00,0x00,0x00,0x00,0x00,0x00,0x00,0x00,0x00,0x00,0x00,0x00,0x00,0x00,0x00,0x00,
    0x00,0x00,0x00,0x00,0x00,0x00,0x00,0x00,0x00,0x00,0x00,0x00,0x00,0x00,0x00,0x00,
    0x00,0x00,0x00,0x00,0x00,0x00,0x00,0x00,0x00,0x00,0x00,0x00,0x00,0x00,0x00,0x00,
    0x00,0x00,0x00,0x00,0x00,0x00,0x00,0x00,0x00,0x00,0x00,0x00,0x00,0x00,0x00,0x00,
    0x00,0x00,0x00,0x00,0x00,0x00,0x00,0x00,0x00,0x00,0x00,0x00,0x00,0x00,0x00,0x00,
    0x00,0x00,0x00,0x00,0x00,0x00,0x00,0x00,0x00,0x00,0x00,0x00,0x00,0x00,0x00,0x00,
    0x00,0x00,0x00,0x00,0x00,0x00,0x00,0x00,0x00,0x00,0x00,0x00,0x00,0x00,0x00,0x00,
    0x00,0x00,0x00,0x00,0x00,0x00,0x00,0x00,0x00,0x00,0x00,0x00,0x00,0x00,0x00,0x00,
    0x00,0x00,0x00,0x00,0x00,0x00,0x00,0x00,0x00,0x00,0x00,0x00,0x00,0x00,0x00,0x00,
    0x00,0x00,0x00,0x00,0x00,0x00,0x00,0x00,0x00,0x00,0x00,0x00,0x00,0x00,0x00,0x00,
    0x00,0x00,0x00,0x00,0x00,0x00,0x00,0x00,0x00,0x00,0x00,0x00,0x00,0x00,0x00,0x00,
    0x00,0x00,0x00,0x00,0x00,0x00,0x00,0x00,0x00,0x00,0x00,0x00,0x00,0x00,0x00,0x00,
    0x00,0x00,0x00,0x00,0x00,0x00,0x00,0x00,0x00,0x00,0x00,0x00,0x00,0x00,0x00,0x00,
    0x00,0x00,0x00,0x00,0x00,0x00,0x00,0x00,0x00,0x00,0x00,0x00,0x00,0x00,0x00,0x00,
    0x00,0x00,0x00,0x00,0x00,0x00,0x00,0x00,0x00,0x00,0x00,0x00,0x00,0x00,0x00,0x00,
    0x00,0x00,0x00,0x00,0x00,0x00,0x00,0x00,0x00,0x00,0x00,0x00,0x00,0x00,0x00,0x00,
    0x00,0x00,0x00,0x00,0x00,0x00,0x00,0x00,0x00,0x00,0x00,0x00,0x00,0x00,0x00,0x00,
    0x00,0x00,0x00,0x00,0x00,0x00,0x00,0x00,0x00,0x00,0x00,0x00,0x00,0x00,0x00,0x00,
    0x00,0x00,0x00,0x00,0x00,0x00,0x00,0x00,0x00,0x00,0x00,0x00,0x00,0x00,0x00,0x00,
    0x00,0x00,0x00,0x00,0x00,0x00,0x00,0x00,0x00,0x00,0x00,0x00,0x00,0x00,0x00,0x00,
    0x00,0x00,0x00,0x00,0x00,0x00,0x00,0x00,0x00,0x00,0x00,0x00,0x00,0x00,0x00,0x00,
    0x00,0x00,0x00,0x00,0x00,0x00,0x00,0x00,0x00,0x00,0x00,0x00,0x00,0x00,0x00,0x00,
    0x00,0x00,0x00,0x00,0x00,0x00,0x00,0x00,0x00,0x00,0x00,0x00,0x00,0x00,0x00,0x00,
    0x00,0x00,0x00,0x00,0x00,0x00,0x00,0x00,0x00,0x00,0x00,0x00,0x00,0x00,0x00,0x00,
    0x00,0x00,0x00,0x00,0x00,0x00,0x00,0x00,0x00,0x00,0x00,0x00,0x00,0x00,0x00,0x00,
    0x00,0x00,0x00,0x00,0x00,0x00,0x00,0x00,0x00,0x00,0x00,0x00,0x00,0x00,0x00,0x00,
    0x00,0x00,0x00,0x00,0x00,0x00,0x00,0x00,0x00,0x00,0x00,0x00,0x00,0x00,0x00,0x00,
    0x00,0x00,0x00,0x00,0x00,0x00,0x00,0x00,0x00,0x00,0x00,0x00,0x00,0x00,0x00,0x00,
    0x00,0x00,0x00,0x00,0x00,0x00,0x00,0x00,0x00,0x00,0x00,0x00,0x00,0x00,0x00,0x00,
    0x00,0x00,0x00,0x00,0x00,0x00,0x00,0x00,0x00,0x00,0x00,0x00,0x00,0x00,0x00,0x00,
    0x00,0x00,0x00,0x00,0x00,0x00,0x00,0x00,0x00,0x00,0x00,0x00,0x00,0x00,0x00,0x00,
    0x00,0x00,0x00,0x00,0x00,0x00,0x00,0x00,0x00,0x00,0x00,0x00,0x00,0x00,0x00,0x00,
    0x00,0x00,0x00,0x00,0x00,0x00,0x00,0x00,0x00,0x00,0x00,0x00,0x00,0x00,0x00,0x00,
    0x00,0x00,0x00,0x00,0x00,0x00,0x00,0x00,0x00,0x00,0x00,0x00,0x00,0x00,0x00,0x00,
    0x00,0x00,0x00,0x00,0x00,0x00,0x00,0x00,0x00,0x00,0x00,0x00,0x00,0x00,0x00,0x00,
    0x00,0x00,0x00,0x00,0x00,0x00,0x00,0x00,0x00,0x00,0x00,0x00,0x00,0x00,0x00,0x00,
    0x00,0x00,0x00,0x00,0x00,0x00,0x00,0x00,0x00,0x00,0x00,0x00,0x00,0x00,0x00,0x00,
    0x00,0x00,0x00,0x00,0x00,0x00,0x00,0x00,0x00,0x00,0x00,0x00,0x00,0x00,0x00,0x00,
    0x00,0x00,0x00,0x00,0x00,0x00,0x00,0x00,0x00,0x00,0x00,0x00,0x00,0x00,0x00,0x00,
    0x00,0x00,0x00,0x00,0x00,0x00,0x00,0x00,0x00,0x00,0x00,0x00,0x00,0x00,0x00,0x00,
    0x00,0x00,0x00,0x00,0x00,0x00,0x00,0x00,0x00,0x00,0x00,0x00,0x00,0x00,0x00,0x00,
    0x00,0x00,0x00,0x00,0x00,0x00,0x00,0x00,0x00,0x00,0x00,0x00,0x00,0x00,0x00,0x00,
    0x00,0x00,0x00,0x00,0x00,0x00,0x00,0x00,0x00,0x00,0x00,0x00,0x00,0x00,0x00,0x00,
    0x00,0x00,0x00,0x00,0x00,0x00,0x00,0x00,0x00,0x00,0x00,0x00,0x00,0x00,0x00,0x00,
    0x00,0x00,0x00,0x00,0x00,0x00,0x00,0x00,0x00,0x00,0x00,0x00,0x00,0x00,0x00,0x00,
    0x00,0x00,0x00,0x00,0x00,0x00,0x00,0x00,0x00,0x00,0x00,0x00,0x00,0x00,0x00,0x00,
    0x00,0x00,0x00,0x00,0x00,0x00,0x00,0x00,0x00,0x00,0x00,0x00,0x00,0x00,0x00,0x00,
    0x00,0x00,0x00,0x00,0x00,0x00,0x00,0x00,0x00,0x00,0x00,0x00,0x00,0x00,0x00,0x00,
    0x00,0x00,0x00,0x00,0x00,0x00,0x00,0x00,0x00,0x00,0x00,0x00,0x00,0x00,0x00,0x00,
    0x00,0x00,0x00,0x00,0x00,0x00,0x00,0x00,0x00,0x00,0x00,0x00,0x00,0x00,0x00,0x00,
    0x00,0x00,0x00,0x00,0x00,0x00,0x00,0x00,0x00,0x00,0x00,0x00,0x00,0x00,0x00,0x00,
    0x00,0x00,0x00,0x00,0x00,0x00,0x00,0x00,0x00,0x00,0x00,0x00,0x00,0x00,0x00,0x00,
    0x00,0x00,0x00,0x00,0x00,0x00,0x00,0x00,0x00,0x00,0x00,0x00,0x00,0x00,0x00,0x00,
    0x00,0x00,0x00,0x00,0x00,0x00,0x00,0x00,0x00,0x00,0x00,0x00,0x00,0x00,0x00,0x00,
    0x00,0x00,0x00,0x00,0x00,0x00,0x00,0x00,0x00,0x00,0x00,0x00,0x00,0x00,0x00,0x00,
    0x00,0x00,0x00,0x00,0x00,0x00,0x00,0x00,0x00,0x00,0x00,0x00,0x00,0x00,0x00,0x00,
    0x00,0x00,0x00,0x00,0x00,0x00,0x00,0x00,0x00,0x00,0x00,0x00,0x00,0x00,0x00,0x00,
    0x00,0x00,0x00,0x00,0x00,0x00,0x00,0x00,0x00,0x00,0x00,0x00,0x00,0x00,0x00,0x00,
    0x00,0x00,0x00,0x00,0x00,0x00,0x00,0x00,0x00,0x00,0x00,0x00,0x00,0x00,0x00,0x00,
    0x00,0x00,0x00,0x00,0x00,0x00,0x00,0x00,0x00,0x00,0x00,0x00,0x00,0x00,0x00,0x00,
    0x00,0x00,0x00,0x00,0x00,0x00,0x00,0x00,0x00,0x00,0x00,0x00,0x00,0x00,0x00,0x00,
    0x00,0x00,0x00,0x00,0x00,0x00,0x00,0x00,0x00,0x00,0x00,0x00,0x00,0x00,0x00,0x00,
    0x00,0x00,0x00,0x00,0x00,0x00,0x00,0x00,0x00,0x00,0x00,0x00,0x00,0x00,0x00,0x00,
    0x00,0x00,0x00,0x00,0x00,0x00,0x00,0x00,0x00,0x00,0x00,0x00,0x00,0x00,0x00,0x00,
    0x00,0x00,0x00,0x00,0x00,0x00,0x00,0x00,0x00,0x00,0x00,0x00,0x00,0x00,0x00,0x00,
    0x00,0x00,0x00,0x00,0x00,0x00,0x00,0x00,0x00,0x00,0x00,0x00,0x00,0x00,0x00,0x00,
    0x00,0x00,0x00,0x00,0x00,0x00,0x00,0x00,0x00,0x00,0x00,0x00,0x00,0x00,0x00,0x00,
    0x00,0x00,0x00,0x00,0x00,0x00,0x00,0x00,0x00,0x00,0x00,0x00,0x00,0x00,0x00,0x00,
    0x00,0x00,0x00,0x00,0x00,0x00,0x00,0x00,0x00,0x00,0x00,0x00,0x00,0x00,0x00,0x00,
    0x00,0x00,0x00,0x00,0x00,0x00,0x00,0x00,0x00,0x00,0x00,0x00,0x00,0x00,0x00,0x00,
    0x00,0x00,0x00,0x00,0x00,0x00,0x00,0x00,0x00,0x00,0x00,0x00,0x00,0x00,0x00,0x00,
    0x00,0x00,0x00,0x00,0x00,0x00,0x00,0x00,0x00,0x00,0x00,0x00,0x00,0x00,0x00,0x00,
    0x00,0x00,0x00,0x00,0x00,0x00,0x00,0x00,0x00,0x00,0x00,0x00,0x00,0x00,0x00,0x00,
    0x00,0x00,0x00,0x00,0x00,0x00,0x00,0x00,0x00,0x00,0x00,0x00,0x00,0x00,0x00,0x00,
    0x00,0x00,0x00,0x00,0x00,0x00,0x00,0x00,0x00,0x00,0x00,0x00,0x00,0x00,0x00,0x00,
    0x00,0x00,0x00,0x00,0x00,0x00,0x00,0x00,0x00,0x00,0x00,0x00,0x00,0x00,0x00,0x00,
    0x00,0x00,0x00,0x00,0x00,0x00,0x00,0x00,0x00,0x00,0x00,0x00,0x00,0x00,0x00,0x00,
    0x00,0x00,0x00,0x00,0x00,0x00,0x00,0x00,0x00,0x00,0x00,0x00,0x00,0x00,0x00,0x00,
    0x00,0x00,0x00,0x00,0x00,0x00,0x00,0x00,0x00,0x00,0x00,0x00,0x00,0x00,0x00,0x00,
    0x00,0x00,0x00,0x00,0x00,0x00,0x00,0x00,0x00,0x00,0x00,0x00,0x00,0x00,0x00,0x00,
    0x00,0x00,0x00,0x00,0x00,0x00,0x00,0x00,0x00,0x00,0x00,0x00,0x00,0x00,0x00,0x00,
    0x00,0x00,0x00,0x00,0x00,0x00,0x00,0x00,0x00,0x00,0x00,0x00,0x00,0x00,0x00,0x00,
    0x00,0x00,0x00,0x00,0x00,0x00,0x00,0x00,0x00,0x00,0x00,0x00,0x00,0x00,0x00,0x00,
    0x00,0x00,0x00,0x00,0x00,0x00,0x00,0x00,0x00,0x00,0x00,0x00,0x00,0x00,0x00,0x00,
    0x00,0x00,0x00,0x00,0x00,0x00,0x00,0x00,0x00,0x00,0x00,0x00,0x00,0x00,0x00,0x00,
    0x00,0x00,0x00,0x00,0x00,0x00,0x00,0x00,0x00,0x00,0x00,0x00,0x00,0x00,0x00,0x00,
    0x00,0x00,0x00,0x00,0x00,0x00,0x00,0x00,0x00,0x00,0x00,0x00,0x00,0x00,0x00,0x00,
    0x00,0x00,0x00,0x00,0x00,0x00,0x00,0x00,0x00,0x00,0x00,0x00,0x00,0x00,0x00,0x00,
    0x00,0x00,0x00,0x00,0x00,0x00,0x00,0x00,0x00,0x00,0x00,0x00,0x00,0x00,0x00,0x00,
    0x00,0x00,0x00,0x00,0x00,0x00,0x00,0x00,0x00,0x00,0x00,0x00,0x00,0x00,0x00,0x00,
    0x00,0x00,0x00,0x00,0x00,0x00,0x00,0x00,0x00,0x00,0x00,0x00,0x00,0x00,0x00,0x00,
    0x00,0x00,0x00,0x00,0x00,0x00,0x00,0x00,0x00,0x00,0x00,0x00,0x00,0x00,0x00,0x00,
    0x00,0x00,0x00,0x00,0x00,0x00,0x00,0x00,0x00,0x00,0x00,0x00,0x00,0x00,0x00,0x00,
    0x00,0x00,0x00,0x00,0x00,0x00,0x00,0x00,0x00,0x00,0x00,0x00,0x00,0x00,0x00,0x00,
    0x00,0x00,0x00,0x00,0x00,0x00,0x00,0x00,0x00,0x00,0x00,0x00,0x00,0x00,0x00,0x00,
    0x00,0x00,0x00,0x00,0x00,0x00,0x00,0x00,0x00,0x00,0x00,0x00,0x00,0x00,0x00,0x00,
    0x00,0x00,0x00,0x00,0x00,0x00,0x00,0x00,0x00,0x00,0x00,0x00,0x00,0x00,0x00,0x00,
    0x00,0x00,0x00,0x00,0x00,0x00,0x00,0x00,0x00,0x00,0x00,0x00,0x00,0x00,0x00,0x00,
    0x00,0x00,0x00,0x00,0x00,0x00,0x00,0x00,0x00,0x00,0x00,0x00,0x00,0x00,0x00,0x00,
    0x00,0x00,0x00,0x00,0x00,0x00,0x00,0x00,0x00,0x00,0x00,0x00,0x00,0x00,0x00,0x00,
    0x00,0x00,0x00,0x00,0x00,0x00,0x00,0x00,0x00,0x00,0x00,0x00,0x00,0x00,0x00,0x00,
    0x00,0x00,0x00,0x00,0x00,0x00,0x00,0x00,0x00,0x00,0x00,0x00,0x00,0x00,0x00,0x00,
    0x00,0x00,0x00,0x00,0x00,0x00,0x00,0x00,0x00,0x00,0x00,0x00,0x00,0x00,0x00,0x00,
    0x00,0x00,0x00,0x00,0x00,0x00,0x00,0x00,0x00,0x00,0x00,0x00,0x00,0x00,0x00,0x00,
    0x00,0x00,0x00,0x00,0x00,0x00,0x00,0x00,0x00,0x00,0x00,0x00,0x00,0x00,0x00,0x00,
    0x00,0x00,0x00,0x00,0x00,0x00,0x00,0x00,0x00,0x00,0x00,0x00,0x00,0x00,0x00,0x00,
    0x00,0x00,0x00,0x00,0x00,0x00,0x00,0x00,0x00,0x00,0x00,0x00,0x00,0x00,0x00,0x00,
    0x00,0x00,0x00,0x00,0x00,0x00,0x00,0x00,0x00,0x00,0x00,0x00,0x00,0x00,0x00,0x00,
    0x00,0x00,0x00,0x00,0x00,0x00,0x00,0x00,0x00,0x00,0x00,0x00,0x00,0x00,0x00,0x00,
    0x00,0x00,0x00,0x00,0x00,0x00,0x00,0x00,0x00,0x00,0x00,0x00,0x00,0x00,0x00,0x00,
    0x00,0x00,0x00,0x00,0x00,0x00,0x00,0x00,0x00,0x00,0x00,0x00,0x00,0x00,0x00,0x00,
    0x00,0x00,0x00,0x00,0x00,0x00,0x00,0x00,0x00,0x00,0x00,0x00,0x00,0x00,0x00,0x00,
    0x00,0x00,0x00,0x00,0x00,0x00,0x00,0x00,0x00,0x00,0x00,0x00,0x00,0x00,0x00,0x00,
    0x00,0x00,0x00,0x00,0x00,0x00,0x00,0x00,0x00,0x00,0x00,0x00,0x00,0x00,0x00,0x00,
    0x00,0x00,0x00,0x00,0x00,0x00,0x00,0x00,0x00,0x00,0x00,0x00,0x00,0x00,0x00,0x00,
    0x00,0x00,0x00,0x00,0x00,0x00,0x00,0x00,0x00,0x00,0x00,0x00,0x00,0x00,0x00,0x00,
    0x00,0x00,0x00,0x00,0x00,0x00,0x00,0x00,0x00,0x00,0x00,0x00,0x00,0x00,0x00,0x00,
    0x00,0x00,0x00,0x00,0x00,0x00,0x00,0x00,0x00,0x00,0x00,0x00,0x00,0x00,0x00,0x00,
    0x00,0x00,0x00,0x00,0x00,0x00,0x00,0x00,0x00,0x00,0x00,0x00,0x00,0x00,0x00,0x00,
    0x00,0x00,0x00,0x00,0x00,0x00,0x00,0x00,0x00,0x00,0x00,0x00,0x00,0x00,0x00,0x00,
    0x00,0x00,0x00,0x00,0x00,0x00,0x00,0x00,0x00,0x00,0x00,0x00,0x00,0x00,0x00,0x00,
    0x00,0x00,0x00,0x00,0x00,0x00,0x00,0x00,0x00,0x00,0x00,0x00,0x00,0x00,0x00,0x00,
    0x00,0x00,0x00,0x00,0x00,0x00,0x00,0x00,0x00,0x00,0x00,0x00,0x00,0x00,0x00,0x00,
    0x00,0x00,0x00,0x00,0x00,0x00,0x00,0x00,0x00,0x00,0x00,0x00,0x00,0x00,0x00,0x00,
    0x00,0x00,0x00,0x00,0x00,0x00,0x00,0x00,0x00,0x00,0x00,0x00,0x00,0x00,0x00,0x00,
    0x00,0x00,0x00,0x00,0x00,0x00,0x00,0x00,0x00,0x00,0x00,0x00,0x00,0x00,0x00,0x00,
    0x00,0x00,0x00,0x00,0x00,0x00,0x00,0x00,0x00,0x00,0x00,0x00,0x00,0x00,0x00,0x00,
    0x00,0x00,0x00,0x00,0x00,0x00,0x00,0x00,0x00,0x00,0x00,0x00,0x00,0x00,0x00,0x00,
    0x00,0x00,0x00,0x00,0x00,0x00,0x00,0x00,0x00,0x00,0x00,0x00,0x00,0x00,0x00,0x00,
    0x00,0x00,0x00,0x00,0x00,0x00,0x00,0x00,0x00,0x00,0x00,0x00,0x00,0x00,0x00,0x00,
    0x00,0x00,0x00,0x00,0x00,0x00,0x00,0x00,0x00,0x00,0x00,0x00,0x00,0x00,0x00,0x00,
    0x00,0x00,0x00,0x00,0x00,0x00,0x00,0x00,0x00,0x00,0x00,0x00,0x00,0x00,0x00,0x00,
    0x00,0x00,0x00,0x00,0x00,0x00,0x00,0x00,0x00,0x00,0x00,0x00,0x00,0x00,0x00,0x00,
    0x00,0x00,0x00,0x00,0x00,0x00,0x00,0x00,0x00,0x00,0x00,0x00,0x00,0x00,0x00,0x00,
    0x00,0x00,0x00,0x00,0x00,0x00,0x00,0x00,0x00,0x00,0x00,0x00,0x00,0x00,0x00,0x00,
    0x00,0x00,0x00,0x00,0x00,0x00,0x00,0x00,0x00,0x00,0x00,0x00,0x00,0x00,0x00,0x00,
    0x00,0x00,0x00,0x00,0x00,0x00,0x00,0x00,0x00,0x00,0x00,0x00,0x00,0x00,0x00,0x00,
    0x00,0x00,0x00,0x00,0x00,0x00,0x00,0x00,0x00,0x00,0x00,0x00,0x00,0x00,0x00,0x00,
    0x00,0x00,0x00,0x00,0x00,0x00,0x00,0x00,0x00,0x00,0x00,0x00,0x00,0x00,0x00,0x00,
    0x00,0x00,0x00,0x00,0x00,0x00,0x00,0x00,0x00,0x00,0x00,0x00,0x00,0x00,0x00,0x00,
    0x00,0x00,0x00,0x00,0x00,0x00,0x00,0x00,0x00,0x00,0x00,0x00,0x00,0x00,0x00,0x00,
    0x00,0x00,0x00,0x00,0x00,0x00,0x00,0x00,0x00,0x00,0x00,0x00,0x00,0x00,0x00,0x00,
    0x00,0x00,0x00,0x00,0x00,0x00,0x00,0x00,0x00,0x00,0x00,0x00,0x00,0x00,0x00,0x00,
    0x00,0x00,0x00,0x00,0x00,0x00,0x00,0x00,0x00,0x00,0x00,0x00,0x00,0x00,0x00,0x00,
    0x00,0x00,0x00,0x00,0x00,0x00,0x00,0x00,0x00,0x00,0x00,0x00,0x00,0x00,0x00,0x00,
    0x00,0x00,0x00,0x00,0x00,0x00,0x00,0x00,0x00,0x00,0x00,0x00,0x00,0x00,0x00,0x00,
    0x00,0x00,0x00,0x00,0x00,0x00,0x00,0x00,0x00,0x00,0x00,0x00,0x00,0x00,0x00,0x00,
    0x00,0x00,0x00,0x00,0x00,0x00,0x00,0x00,0x00,0x00,0x00,0x00,0x00,0x00,0x00,0x00,
    0x00,0x00,0x00,0x00,0x00,0x00,0x00,0x00,0x00,0x00,0x00,0x00,0x00,0x00,0x00,0x00,
    0x00,0x00,0x00,0x00,0x00,0x00,0x00,0x00,0x00,0x00,0x00,0x00,0x00,0x00,0x00,0x00,
    0x00,0x00,0x00,0x00,0x00,0x00,0x00,0x00,0x00,0x00,0x00,0x00,0x00,0x00,0x00,0x00,
    0x00,0x00,0x00,0x00,0x00,0x00,0x00,0x00,0x00,0x00,0x00,0x00,0x00,0x00,0x00,0x00,
    0x00,0x00,0x00,0x00,0x00,0x00,0x00,0x00,0x00,0x00,0x00,0x00,0x00,0x00,0x00,0x00,
    0x00,0x00,0x00,0x00,0x00,0x00,0x00,0x00,0x00,0x00,0x00,0x00,0x00,0x00,0x00,0x00,
    0x00,0x00,0x00,0x00,0x00,0x00,0x00,0x00,0x00,0x00,0x00,0x00,0x00,0x00,0x00,0x00,
    0x00,0x00,0x00,0x00,0x00,0x00,0x00,0x00,0x00,0x00,0x00,0x00,0x00,0x00,0x00,0x00,
    0x00,0x00,0x00,0x00,0x00,0x00,0x00,0x00,0x00,0x00,0x00,0x00,0x00,0x00,0x00,0x00,
    0x00,0x00,0x00,0x00,0x00,0x00,0x00,0x00,0x00,0x00,0x00,0x00,0x00,0x00,0x00,0x00,
    0x00,0x00,0x00,0x00,0x00,0x00,0x00,0x00,0x00,0x00,0x00,0x00,0x00,0x00,0x00,0x00,
    0x00,0x00,0x00,0x00,0x00,0x00,0x00,0x00,0x00,0x00,0x00,0x00,0x00,0x00,0x00,0x00,
    0x00,0x00,0x00,0x00,0x00,0x00,0x00,0x00,0x00,0x00,0x00,0x00,0x00,0x00,0x00,0x00,
    0x00,0x00,0x00,0x00,0x00,0x00,0x00,0x00,0x00,0x00,0x00,0x00,0x00,0x00,0x00,0x00,
    0x00,0x00,0x00,0x00,0x00,0x00,0x00,0x00,0x00,0x00,0x00,0x00,0x00,0x00,0x00,0x00,
    0x00,0x00,0x00,0x00,0x00,0x00,0x00,0x00,0x00,0x00,0x00,0x00,0x00,0x00,0x00,0x00,
    0x00,0x00,0x00,0x00,0x00,0x00,0x00,0x00,0x00,0x00,0x00,0x00,0x00,0x00,0x00,0x00,
    0x00,0x00,0x00,0x00,0x00,0x00,0x00,0x00,0x00,0x00,0x00,0x00,0x00,0x00,0x00,0x00,
    0x00,0x00,0x00,0x00,0x00,0x00,0x00,0x00,0x00,0x00,0x00,0x00,0x00,0x00,0x00,0x00,
    0x00,0x00,0x00,0x00,0x00,0x00,0x00,0x00,0x00,0x00,0x00,0x00,0x00,0x00,0x00,0x00,
    0x00,0x00,0x00,0x00,0x00,0x00,0x00,0x00,0x00,0x00,0x00,0x00,0x00,0x00,0x00,0x00,
    0x00,0x00,0x00,0x00,0x00,0x00,0x00,0x00,0x00,0x00,0x00,0x00,0x00,0x00,0x00,0x00,
    0x00,0x00,0x00,0x00,0x00,0x00,0x00,0x00,0x00,0x00,0x00,0x00,0x00,0x00,0x00,0x00,
    0x00,0x00,0x00,0x00,0x00,0x00,0x00,0x00,0x00,0x00,0x00,0x00,0x00,0x00,0x00,0x00,
    0x00,0x00,0x00,0x00,0x00,0x00,0x00,0x00,0x00,0x00,0x00,0x00,0x00,0x00,0x00,0x00,
    0x00,0x00,0x00,0x00,0x00,0x00,0x00,0x00,0x00,0x00,0x00,0x00,0x00,0x00,0x00,0x00,
    0x00,0x00,0x00,0x00,0x00,0x00,0x00,0x00,0x00,0x00,0x00,0x00,0x00,0x00,0x00,0x00,
    0x00,0x00,0x00,0x00,0x00,0x00,0x00,0x00,0x00,0x00,0x00,0x00,0x00,0x00,0x00,0x00,
    0x00,0x00,0x00,0x00,0x00,0x00,0x00,0x00,0x00,0x00,0x00,0x00,0x00,0x00,0x00,0x00,
    0x00,0x00,0x00,0x00,0x00,0x00,0x00,0x00,0x00,0x00,0x00,0x00,0x00,0x00,0x00,0x00,
    0x00,0x00,0x00,0x00,0x00,0x00,0x00,0x00,0x00,0x00,0x00,0x00,0x00,0x00,0x00,0x00,
    0x00,0x00,0x00,0x00,0x00,0x00,0x00,0x00,0x00,0x00,0x00,0x00,0x00,0x00,0x00,0x00,
    0x00,0x00,0x00,0x00,0x00,0x00,0x00,0x00,0x00,0x00,0x00,0x00,0x00,0x00,0x00,0x00,
    0x00,0x00,0x00,0x00,0x00,0x00,0x00,0x00,0x00,0x00,0x00,0x00,0x00,0x00,0x00,0x00,
    0x00,0x00,0x00,0x00,0x00,0x00,0x00,0x00,0x00,0x00,0x00,0x00,0x00,0x00,0x00,0x00,
    0x00,0x00,0x00,0x00,0x00,0x00,0x00,0x00,0x00,0x00,0x00,0x00,0x00,0x00,0x00,0x00,
    0x00,0x00,0x00,0x00,0x00,0x00,0x00,0x00,0x00,0x00,0x00,0x00,0x00,0x00,0x00,0x00,
    0x00,0x00,0x00,0x00,0x00,0x00,0x00,0x00,0x00,0x00,0x00,0x00,0x00,0x00,0x00,0x00,
    0x00,0x00,0x00,0x00,0x00,0x00,0x00,0x00,0x00,0x00,0x00,0x00,0x00,0x00,0x00,0x00,
    0x00,0x00,0x00,0x00,0x00,0x00,0x00,0x00,0x00,0x00,0x00,0x00,0x00,0x00,0x00,0x00,
    0x00,0x00,0x00,0x00,0x00,0x00,0x00,0x00,0x00,0x00,0x00,0x00,0x00,0x00,0x00,0x00,
    0x00,0x00,0x00,0x00,0x00,0x00,0x00,0x00,0x00,0x00,0x00,0x00,0x00,0x00,0x00,0x00,
    0x00,0x00,0x00,0x00,0x00,0x00,0x00,0x00,0x00,0x00,0x00,0x00,0x00,0x00,0x00,0x00,
    0x00,0x00,0x00,0x00,0x00,0x00,0x00,0x00,0x00,0x00,0x00,0x00,0x00,0x00,0x00,0x00,
    0x00,0x00,0x00,0x00,0x00,0x00,0x00,0x00,0x00,0x00,0x00,0x00,0x00,0x00,0x00,0x00,
    0x00,0x00,0x00,0x00,0x00,0x00,0x00,0x00,0x00,0x00,0x00,0x00,0x00,0x00,0x00,0x00,
    0x00,0x00,0x00,0x00,0x00,0x00,0x00,0x00,0x00,0x00,0x00,0x00,0x00,0x00,0x00,0x00,
    0x00,0x00,0x00,0x00,0x00,0x00,0x00,0x00,0x00,0x00,0x00,0x00,0x00,0x00,0x00,0x00,
    0x00,0x00,0x00,0x00,0x00,0x00,0x00,0x00,0x00,0x00,0x00,0x00,0x00,0x00,0x00,0x00,
    0x00,0x00,0x00,0x00,0x00,0x00,0x00,0x00,0x00,0x00,0x00,0x00,0x00,0x00,0x00,0x00,
    0x00,0x00,0x00,0x00,0x00,0x00,0x00,0x00,0x00,0x00,0x00,0x00,0x00,0x00,0x00,0x00,
    0x00,0x00,0x00,0x00,0x00,0x00,0x00,0x00,0x00,0x00,0x00,0x00,0x00,0x00,0x00,0x00,
    0x00,0x00,0x00,0x00,0x00,0x00,0x00,0x00,0x00,0x00,0x00,0x00,0x00,0x00,0x00,0x00,
    0x00,0x00,0x00,0x00,0x00,0x00,0x00,0x00,0x00,0x00,0x00,0x00,0x00,0x00,0x00,0x00,
    0x00,0x00,0x00,0x00,0x00,0x00,0x00,0x00,0x00,0x00,0x00,0x00,0x00,0x00,0x00,0x00,
    0x00,0x00,0x00,0x00,0x00,0x00,0x00,0x00,0x00,0x00,0x00,0x00,0x00,0x00,0x00,0x00,
    0x00,0x00,0x00,0x00,0x00,0x00,0x00,0x00,0x00,0x00,0x00,0x00,0x00,0x00,0x00,0x00,
    0x00,0x00,0x00,0x00,0x00,0x00,0x00,0x00,0x00,0x00,0x00,0x00,0x00,0x00,0x00,0x00,
    0x00,0x00,0x00,0x00,0x00,0x00,0x00,0x00,0x00,0x00,0x00,0x00,0x00,0x00,0x00,0x00,
    0x00,0x00,0x00,0x00,0x00,0x00,0x00,0x00,0x00,0x00,0x00,0x00,0x00,0x00,0x00,0x00,
    0x00,0x00,0x00,0x00,0x00,0x00,0x00,0x00,0x00,0x00,0x00,0x00,0x00,0x00,0x00,0x00,
    0x00,0x00,0x00,0x00,0x00,0x00,0x00,0x00,0x00,0x00,0x00,0x00,0x00,0x00,0x00,0x00,
    0x00,0x00,0x00,0x00,0x00,0x00,0x00,0x00,0x00,0x00,0x00,0x00,0x00,0x00,0x00,0x00,
    0x00,0x00,0x00,0x00,0x00,0x00,0x00,0x00,0x00,0x00,0x00,0x00,0x00,0x00,0x00,0x00,
    0x00,0x00,0x00,0x00,0x00,0x00,0x00,0x00,0x00,0x00,0x00,0x00,0x00,0x00,0x00,0x00,
    0x00,0x00,0x00,0x00,0x00,0x00,0x00,0x00,0x00,0x00,0x00,0x00,0x00,0x00,0x00,0x00,
    0x00,0x00,0x00,0x00,0x00,0x00,0x00,0x00,0x00,0x00,0x00,0x00,0x00,0x00,0x00,0x00,
    0x00,0x00,0x00,0x00,0x00,0x00,0x00,0x00,0x00,0x00,0x00,0x00,0x00,0x00,0x00,0x00,
    0x00,0x00,0x00,0x00,0x00,0x00,0x00,0x00,0x00,0x00,0x00,0x00,0x00,0x00,0x00,0x00,
    0x00,0x00,0x00,0x00,0x00,0x00,0x00,0x00,0x00,0x00,0x00,0x00,0x00,0x00,0x00,0x00,
    0x00,0x00,0x00,0x00,0x00,0x00,0x00,0x00,0x00,0x00,0x00,0x00,0x00,0x00,0x00,0x00,
    0x00,0x00,0x00,0x00,0x00,0x00,0x00,0x00,0x00,0x00,0x00,0x00,0x00,0x00,0x00,0x00,
    0x00,0x00,0x00,0x00,0x00,0x00,0x00,0x00,0x00,0x00,0x00,0x00,0x00,0x00,0x00,0x00,
    0x00,0x00,0x00,0x00,0x00,0x00,0x00,0x00,0x00,0x00,0x00,0x00,0x00,0x00,0x00,0x00,
    0x00,0x00,0x00,0x00,0x00,0x00,0x00,0x00,0x00,0x00,0x00,0x00,0x00,0x00,0x00,0x00,
    0x00,0x00,0x00,0x00,0x00,0x00,0x00,0x00,0x00,0x00,0x00,0x00,0x00,0x00,0x00,0x00,
    0x00,0x00,0x00,0x00,0x00,0x00,0x00,0x00,0x00,0x00,0x00,0x00,0x00,0x00,0x00,0x00,
    0x00,0x00,0x00,0x00,0x00,0x00,0x00,0x00,0x00,0x00,0x00,0x00,0x00,0x00,0x00,0x00,
    0x00,0x00,0x00,0x00,0x00,0x00,0x00,0x00,0x00,0x00,0x00,0x00,0x00,0x00,0x00,0x00,
    0x00,0x00,0x00,0x00,0x00,0x00,0x00,0x00,0x00,0x00,0x00,0x00,0x00,0x00,0x00,0x00,
    0x00,0x00,0x00,0x00,0x00,0x00,0x00,0x00,0x00,0x00,0x00,0x00,0x00,0x00,0x00,0x00,
    0x00,0x00,0x00,0x00,0x00,0x00,0x00,0x00,0x00,0x00,0x00,0x00,0x00,0x00,0x00,0x00,
    0x00,0x00,0x00,0x00,0x00,0x00,0x00,0x00,0x00,0x00,0x00,0x00,0x00,0x00,0x00,0x00,
    0x00,0x00,0x00,0x00,0x00,0x00,0x00,0x00,0x00,0x00,0x00,0x00,0x00,0x00,0x00,0x00,
    0x00,0x00,0x00,0x00,0x00,0x00,0x00,0x00,0x00,0x00,0x00,0x00,0x00,0x00,0x00,0x00,
    0x00,0x00,0x00,0x00,0x00,0x00,0x00,0x00,0x00,0x00,0x00,0x00,0x00,0x00,0x00,0x00,
    0x00,0x00,0x00,0x00,0x00,0x00,0x00,0x00,0x00,0x00,0x00,0x00,0x00,0x00,0x00,0x00,
    0x00,0x00,0x00,0x00,0x00,0x00,0x00,0x00,0x00,0x00,0x00,0x00,0x00,0x00,0x00,0x00,
    0x00,0x00,0x00,0x00,0x00,0x00,0x00,0x00,0x00,0x00,0x00,0x00,0x00,0x00,0x00,0x00,
    0x00,0x00,0x00,0x00,0x00,0x00,0x00,0x00,0x00,0x00,0x00,0x00,0x00,0x00,0x00,0x00,
    0x00,0x00,0x00,0x00,0x00,0x00,0x00,0x00,0x00,0x00,0x00,0x00,0x00,0x00,0x00,0x00,
    0x00,0x00,0x00,0x00,0x00,0x00,0x00,0x00,0x00,0x00,0x00,0x00,0x00,0x00,0x00,0x00,
    0x00,0x00,0x00,0x00,0x00,0x00,0x00,0x00,0x00,0x00,0x00,0x00,0x00,0x00,0x00,0x00,
    0x00,0x00,0x00,0x00,0x00,0x00,0x00,0x00,0x00,0x00,0x00,0x00,0x00,0x00,0x00,0x00,
    0x00,0x00,0x00,0x00,0x00,0x00,0x00,0x00,0x00,0x00,0x00,0x00,0x00,0x00,0x00,0x00,
    0x00,0x00,0x00,0x00,0x00,0x00,0x00,0x00,0x00,0x00,0x00,0x00,0x00,0x00,0x00,0x00,
    0x00,0x00,0x00,0x00,0x00,0x00,0x00,0x00,0x00,0x00,0x00,0x00,0x00,0x00,0x00,0x00,
    0x00,0x00,0x00,0x00,0x00,0x00,0x00,0x00,0x00,0x00,0x00,0x00,0x00,0x00,0x00,0x00,
    0x00,0x00,0x00,0x00,0x00,0x00,0x00,0x00,0x00,0x00,0x00,0x00,0x00,0x00,0x00,0x00,
    0x00,0x00,0x00,0x00,0x00,0x00,0x00,0x00,0x00,0x00,0x00,0x00,0x00,0x00,0x00,0x00,
    0x00,0x00,0x00,0x00,0x00,0x00,0x00,0x00,0x00,0x00,0x00,0x00,0x00,0x00,0x00,0x00,
    0x00,0x00,0x00,0x00,0x00,0x00,0x00,0x00,0x00,0x00,0x00,0x00,0x00,0x00,0x00,0x00,
    0x00,0x00,0x00,0x00,0x00,0x00,0x00,0x00,0x00,0x00,0x00,0x00,0x00,0x00,0x00,0x00,
    0x00,0x00,0x00,0x00,0x00,0x00,0x00,0x00,0x00,0x00,0x00,0x00,0x00,0x00,0x00,0x00,
    0x00,0x00,0x00,0x00,0x00,0x00,0x00,0x00,0x00,0x00,0x00,0x00,0x00,0x00,0x00,0x00,
    0x00,0x00,0x00,0x00,0x00,0x00,0x00,0x00,0x00,0x00,0x00,0x00,0x00,0x00,0x00,0x00,
    0x00,0x00,0x00,0x00,0x00,0x00,0x00,0x00,0x00,0x00,0x00,0x00,0x00,0x00,0x00,0x00,
    0x00,0x00,0x00,0x00,0x00,0x00,0x00,0x00,0x00,0x00,0x00,0x00,0x00,0x00,0x00,0x00,
    0x00,0x00,0x00,0x00,0x00,0x00,0x00,0x00,0x00,0x00,0x00,0x00,0x00,0x00,0x00,0x00,
    0x00,0x00,0x00,0x00,0x00,0x00,0x00,0x00,0x00,0x00,0x00,0x00,0x00,0x00,0x00,0x00,
    0x00,0x00,0x00,0x00,0x00,0x00,0x00,0x00,0x00,0x00,0x00,0x00,0x00,0x00,0x00,0x00,
    0x00,0x00,0x00,0x00,0x00,0x00,0x00,0x00,0x00,0x00,0x00,0x00,0x00,0x00,0x00,0x00,
    0x00,0x00,0x00,0x00,0x00,0x00,0x00,0x00,0x00,0x00,0x00,0x00,0x00,0x00,0x00,0x00,
    0x00,0x00,0x00,0x00,0x00,0x00,0x00,0x00,0x00,0x00,0x00,0x00,0x00,0x00,0x00,0x00,
    0x00,0x00,0x00,0x00,0x00,0x00,0x00,0x00,0x00,0x00,0x00,0x00,0x00,0x00,0x00,0x00,
    0x00,0x00,0x00,0x00,0x00,0x00,0x00,0x00,0x00,0x00,0x00,0x00,0x00,0x00,0x00,0x00,
    0x00,0x00,0x00,0x00,0x00,0x00,0x00,0x00,0x00,0x00,0x00,0x00,0x00,0x00,0x00,0x00,
    0x00,0x00,0x00,0x00,0x00,0x00,0x00,0x00,0x00,0x00,0x00,0x00,0x00,0x00,0x00,0x00,
    0x00,0x00,0x00,0x00,0x00,0x00,0x00,0x00,0x00,0x00,0x00,0x00,0x00,0x00,0x00,0x00,
    0x00,0x00,0x00,0x00,0x00,0x00,0x00,0x00,0x00,0x00,0x00,0x00,0x00,0x00,0x00,0x00,
    0x00,0x00,0x00,0x00,0x00,0x00,0x00,0x00,0x00,0x00,0x00,0x00,0x00,0x00,0x00,0x00,
    0x00,0x00,0x00,0x00,0x00,0x00,0x00,0x00,0x00,0x00,0x00,0x00,0x00,0x00,0x00,0x00,
    0x00,0x00,0x00,0x00,0x00,0x00,0x00,0x00,0x00,0x00,0x00,0x00,0x00,0x00,0x00,0x00,
    0x00,0x00,0x00,0x00,0x00,0x00,0x00,0x00,0x00,0x00,0x00,0x00,0x00,0x00,0x00,0x00,
    0x00,0x00,0x00,0x00,0x00,0x00,0x00,0x00,0x00,0x00,0x00,0x00,0x00,0x00,0x00,0x00,
    0x00,0x00,0x00,0x00,0x00,0x00,0x00,0x00,0x00,0x00,0x00,0x00,0x00,0x00,0x00,0x00,
    0x00,0x00,0x00,0x00,0x00,0x00,0x00,0x00,0x00,0x00,0x00,0x00,0x00,0x00,0x00,0x00,
    0x00,0x00,0x00,0x00,0x00,0x00,0x00,0x00,0x00,0x00,0x00,0x00,0x00,0x00,0x00,0x00,
    0x00,0x00,0x00,0x00,0x00,0x00,0x00,0x00,0x00,0x00,0x00,0x00,0x00,0x00,0x00,0x00,
    0x00,0x00,0x00,0x00,0x00,0x00,0x00,0x00,0x00,0x00,0x00,0x00,0x00,0x00,0x00,0x00,
    0x00,0x00,0x00,0x00,0x00,0x00,0x00,0x00,0x00,0x00,0x00,0x00,0x00,0x00,0x00,0x00,
    0x00,0x00,0x00,0x00,0x00,0x00,0x00,0x00,0x00,0x00,0x00,0x00,0x00,0x00,0x00,0x00,
    0x00,0x00,0x00,0x00,0x00,0x00,0x00,0x00,0x00,0x00,0x00,0x00,0x00,0x00,0x00,0x00,
    0x00,0x00,0x00,0x00,0x00,0x00,0x00,0x00,0x00,0x00,0x00,0x00,0x00,0x00,0x00,0x00,
    0x00,0x00,0x00,0x00,0x00,0x00,0x00,0x00,0x00,0x00,0x00,0x00,0x00,0x00,0x00,0x00,
    0x00,0x00,0x00,0x00,0x00,0x00,0x00,0x00,0x00,0x00,0x00,0x00,0x00,0x00,0x00,0x00,
    0x00,0x00,0x00,0x00,0x00,0x00,0x00,0x00,0x00,0x00,0x00,0x00,0x00,0x00,0x00,0x00,
    0x00,0x00,0x00,0x00,0x00,0x00,0x00,0x00,0x00,0x00,0x00,0x00,0x00,0x00,0x00,0x00,
    0x00,0x00,0x00,0x00,0x00,0x00,0x00,0x00,0x00,0x00,0x00,0x00,0x00,0x00,0x00,0x00,
    0x00,0x00,0x00,0x00,0x00,0x00,0x00,0x00,0x00,0x00,0x00,0x00,0x00,0x00,0x00,0x00,
    0x00,0x00,0x00,0x00,0x00,0x00,0x00,0x00,0x00,0x00,0x00,0x00,0x00,0x00,0x00,0x00,
    0x00,0x00,0x00,0x00,0x00,0x00,0x00,0x00,0x00,0x00,0x00,0x00,0x00,0x00,0x00,0x00,
    0x00,0x00,0x00,0x00,0x00,0x00,0x00,0x00,0x00,0x00,0x00,0x00,0x00,0x00,0x00,0x00,
    0x00,0x00,0x00,0x00,0x00,0x00,0x00,0x00,0x00,0x00,0x00,0x00,0x00,0x00,0x00,0x00,
    0x00,0x00,0x00,0x00,0x00,0x00,0x00,0x00,0x00,0x00,0x00,0x00,0x00,0x00,0x00,0x00,
    0x00,0x00,0x00,0x00,0x00,0x00,0x00,0x00,0x00,0x00,0x00,0x00,0x00,0x00,0x00,0x00,
    0x00,0x00,0x00,0x00,0x00,0x00,0x00,0x00,0x00,0x00,0x00,0x00,0x00,0x00,0x00,0x00,
    0x00,0x00,0x00,0x00,0x00,0x00,0x00,0x00,0x00,0x00,0x00,0x00,0x00,0x00,0x00,0x00,
    0x00,0x00,0x00,0x00,0x00,0x00,0x00,0x00,0x00,0x00,0x00,0x00,0x00,0x00,0x00,0x00,
    0x00,0x00,0x00,0x00,0x00,0x00,0x00,0x00,0x00,0x00,0x00,0x00,0x00,0x00,0x00,0x00,
    0x00,0x00,0x00,0x00,0x00,0x00,0x00,0x00,0x00,0x00,0x00,0x00,0x00,0x00,0x00,0x00,
    0x00,0x00,0x00,0x00,0x00,0x00,0x00,0x00,0x00,0x00,0x00,0x00,0x00,0x00,0x00,0x00,
    0x00,0x00,0x00,0x00,0x00,0x00,0x00,0x00,0x00,0x00,0x00,0x00,0x00,0x00,0x00,0x00,
    0x00,0x00,0x00,0x00,0x00,0x00,0x00,0x00,0x00,0x00,0x00,0x00,0x00,0x00,0x00,0x00,
    0x00,0x00,0x00,0x00,0x00,0x00,0x00,0x00,0x00,0x00,0x00,0x00,0x00,0x00,0x00,0x00,
    0x00,0x00,0x00,0x00,0x00,0x00,0x00,0x00,0x00,0x00,0x00,0x00,0x00,0x00,0x00,0x00,
    0x00,0x00,0x00,0x00,0x00,0x00,0x00,0x00,0x00,0x00,0x00,0x00,0x00,0x00,0x00,0x00,
    0x00,0x00,0x00,0x00,0x00,0x00,0x00,0x00,0x00,0x00,0x00,0x00,0x00,0x00,0x00,0x00,
    0x00,0x00,0x00,0x00,0x00,0x00,0x00,0x00,0x00,0x00,0x00,0x00,0x00,0x00,0x00,0x00,
    0x00,0x00,0x00,0x00,0x00,0x00,0x00,0x00,0x00,0x00,0x00,0x00,0x00,0x00,0x00,0x00,
    0x00,0x00,0x00,0x00,0x00,0x00,0x00,0x00,0x00,0x00,0x00,0x00,0x00,0x00,0x00,0x00,
    0x00,0x00,0x00,0x00,0x00,0x00,0x00,0x00,0x00,0x00,0x00,0x00,0x00,0x00,0x00,0x00,
    0x00,0x00,0x00,0x00,0x00,0x00,0x00,0x00,0x00,0x00,0x00,0x00,0x00,0x00,0x00,0x00,
    0x00,0x00,0x00,0x00,0x00,0x00,0x00,0x00,0x00,0x00,0x00,0x00,0x00,0x00,0x00,0x00,
    0x00,0x00,0x00,0x00,0x00,0x00,0x00,0x00,0x00,0x00,0x00,0x00,0x00,0x00,0x00,0x00,
    0x00,0x00,0x00,0x00,0x00,0x00,0x00,0x00,0x00,0x00,0x00,0x00,0x00,0x00,0x00,0x00,
    0x00,0x00,0x00,0x00,0x00,0x00,0x00,0x00,0x00,0x00,0x00,0x00,0x00,0x00,0x00,0x00,
    0x00,0x00,0x00,0x00,0x00,0x00,0x00,0x00,0x00,0x00,0x00,0x00,0x00,0x00,0x00,0x00,
    0x00,0x00,0x00,0x00,0x00,0x00,0x00,0x00,0x00,0x00,0x00,0x00,0x00,0x00,0x00,0x00,
    0x00,0x00,0x00,0x00,0x00,0x00,0x00,0x00,0x00,0x00,0x00,0x00,0x00,0x00,0x00,0x00,
    0x00,0x00,0x00,0x00,0x00,0x00,0x00,0x00,0x00,0x00,0x00,0x00,0x00,0x00,0x00,0x00,
    0x00,0x00,0x00,0x00,0x00,0x00,0x00,0x00,0x00,0x00,0x00,0x00,0x00,0x00,0x00,0x00,
    0x00,0x00,0x00,0x00,0x00,0x00,0x00,0x00,0x00,0x00,0x00,0x00,0x00,0x00,0x00,0x00,
    0x00,0x00,0x00,0x00,0x00,0x00,0x00,0x00,0x00,0x00,0x00,0x00,0x00,0x00,0x00,0x00,
    0x00,0x00,0x00,0x00,0x00,0x00,0x00,0x00,0x00,0x00,0x00,0x00,0x00,0x00,0x00,0x00,
    0x00,0x00,0x00,0x00,0x00,0x00,0x00,0x00,0x00,0x00,0x00,0x00,0x00,0x00,0x00,0x00,
    0x00,0x00,0x00,0x00,0x00,0x00,0x00,0x00,0x00,0x00,0x00,0x00,0x00,0x00,0x00,0x00,
    0x00,0x00,0x00,0x00,0x00,0x00,0x00,0x00,0x00,0x00,0x00,0x00,0x00,0x00,0x00,0x00,
    0x00,0x00,0x00,0x00,0x00,0x00,0x00,0x00,0x00,0x00,0x00,0x00,0x00,0x00,0x00,0x00,
    0x00,0x00,0x00,0x00,0x00,0x00,0x00,0x00,0x00,0x00,0x00,0x00,0x00,0x00,0x00,0x00,
    0x00,0x00,0x00,0x00,0x00,0x00,0x00,0x00,0x00,0x00,0x00,0x00,0x00,0x00,0x00,0x00,
    0x00,0x00,0x00,0x00,0x00,0x00,0x00,0x00,0x00,0x00,0x00,0x00,0x00,0x00,0x00,0x00,
    0x00,0x00,0x00,0x00,0x00,0x00,0x00,0x00,0x00,0x00,0x00,0x00,0x00,0x00,0x00,0x00,
    0x00,0x00,0x00,0x00,0x00,0x00,0x00,0x00,0x00,0x00,0x00,0x00,0x00,0x00,0x00,0x00,
    0x00,0x00,0x00,0x00,0x00,0x00,0x00,0x00,0x00,0x00,0x00,0x00,0x00,0x00,0x00,0x00,
    0x00,0x00,0x00,0x00,0x00,0x00,0x00,0x00,0x00,0x00,0x00,0x00,0x00,0x00,0x00,0x00,
    0x00,0x00,0x00,0x00,0x00,0x00,0x00,0x00,0x00,0x00,0x00,0x00,0x00,0x00,0x00,0x00,
    0x00,0x00,0x00,0x00,0x00,0x00,0x00,0x00,0x00,0x00,0x00,0x00,0x00,0x00,0x00,0x00,
    0x00,0x00,0x00,0x00,0x00,0x00,0x00,0x00,0x00,0x00,0x00,0x00,0x00,0x00,0x00,0x00,
    0x00,0x00,0x00,0x00,0x00,0x00,0x00,0x00,0x00,0x00,0x00,0x00,0x00,0x00,0x00,0x00,
    0x00,0x00,0x00,0x00,0x00,0x00,0x00,0x00,0x00,0x00,0x00,0x00,0x00,0x00,0x00,0x00,
    0x00,0x00,0x00,0x00,0x00,0x00,0x00,0x00,0x00,0x00,0x00,0x00,0x00,0x00,0x00,0x00,
    0x00,0x00,0x00,0x00,0x00,0x00,0x00,0x00,0x00,0x00,0x00,0x00,0x00,0x00,0x00,0x00,
    0x00,0x00,0x00,0x00,0x00,0x00,0x00,0x00,0x00,0x00,0x00,0x00,0x00,0x00,0x00,0x00,
    0x00,0x00,0x00,0x00,0x00,0x00,0x00,0x00,0x00,0x00,0x00,0x00,0x00,0x00,0x00,0x00,
    0x00,0x00,0x00,0x00,0x00,0x00,0x00,0x00,0x00,0x00,0x00,0x00,0x00,0x00,0x00,0x00,
    0x00,0x00,0x00,0x00,0x00,0x00,0x00,0x00,0x00,0x00,0x00,0x00,0x00,0x00,0x00,0x00,
    0x00,0x00,0x00,0x00,0x00,0x00,0x00,0x00,0x00,0x00,0x00,0x00,0x00,0x00,0x00,0x00,
    0x00,0x00,0x00,0x00,0x00,0x00,0x00,0x00,0x00,0x00,0x00,0x00,0x00,0x00,0x00,0x00,
    0x00,0x00,0x00,0x00,0x00,0x00,0x00,0x00,0x00,0x00,0x00,0x00,0x00,0x00,0x00,0x00,
    0x00,0x00,0x00,0x00,0x00,0x00,0x00,0x00,0x00,0x00,0x00,0x00,0x00,0x00,0x00,0x00,
    0x00,0x00,0x00,0x00,0x00,0x00,0x00,0x00,0x00,0x00,0x00,0x00,0x00,0x00,0x00,0x00,
    0x00,0x00,0x00,0x00,0x00,0x00,0x00,0x00,0x00,0x00,0x00,0x00,0x00,0x00,0x00,0x00,
    0x00,0x00,0x00,0x00,0x00,0x00,0x00,0x00,0x00,0x00,0x00,0x00,0x00,0x00,0x00,0x00,
    0x00,0x00,0x00,0x00,0x00,0x00,0x00,0x00,0x00,0x00,0x00,0x00,0x00,0x00,0x00,0x00,
    0x00,0x00,0x00,0x00,0x00,0x00,0x00,0x00,0x00,0x00,0x00,0x00,0x00,0x00,0x00,0x00,
    0x00,0x00,0x00,0x00,0x00,0x00,0x00,0x00,0x00,0x00,0x00,0x00,0x00,0x00,0x00,0x00,
    0x00,0x00,0x00,0x00,0x00,0x00,0x00,0x00,0x00,0x00,0x00,0x00,0x00,0x00,0x00,0x00,
    0x00,0x00,0x00,0x00,0x00,0x00,0x00,0x00,0x00,0x00,0x00,0x00,0x00,0x00,0x00,0x00,
    0x00,0x00,0x00,0x00,0x00,0x00,0x00,0x00,0x00,0x00,0x00,0x00,0x00,0x00,0x00,0x00,
    0x00,0x00,0x00,0x00,0x00,0x00,0x00,0x00,0x00,0x00,0x00,0x00,0x00,0x00,0x00,0x00,
    0x00,0x00,0x00,0x00,0x00,0x00,0x00,0x00,0x00,0x00,0x00,0x00,0x00,0x00,0x00,0x00,
    0x00,0x00,0x00,0x00,0x00,0x00,0x00,0x00,0x00,0x00,0x00,0x00,0x00,0x00,0x00,0x00,
    0x00,0x00,0x00,0x00,0x00,0x00,0x00,0x00,0x00,0x00,0x00,0x00,0x00,0x00,0x00,0x00,
    0x00,0x00,0x00,0x00,0x00,0x00,0x00,0x00,0x00,0x00,0x00,0x00,0x00,0x00,0x00,0x00,
    0x00,0x00,0x00,0x00,0x00,0x00,0x00,0x00,0x00,0x00,0x00,0x00,0x00,0x00,0x00,0x00,
    0x00,0x00,0x00,0x00,0x00,0x00,0x00,0x00,0x00,0x00,0x00,0x00,0x00,0x00,0x00,0x00,
    0x00,0x00,0x00,0x00,0x00,0x00,0x00,0x00,0x00,0x00,0x00,0x00,0x00,0x00,0x00,0x00,
    0x00,0x00,0x00,0x00,0x00,0x00,0x00,0x00,0x00,0x00,0x00,0x00,0x00,0x00,0x00,0x00,
    0x00,0x00,0x00,0x00,0x00,0x00,0x00,0x00,0x00,0x00,0x00,0x00,0x00,0x00,0x00,0x00,
    0x00,0x00,0x00,0x00,0x00,0x00,0x00,0x00,0x00,0x00,0x00,0x00,0x00,0x00,0x00,0x00,
    0x00,0x00,0x00,0x00,0x00,0x00,0x00,0x00,0x00,0x00,0x00,0x00,0x00,0x00,0x00,0x00,
    0x00,0x00,0x00,0x00,0x00,0x00,0x00,0x00,0x00,0x00,0x00,0x00,0x00,0x00,0x00,0x00,
    0x00,0x00,0x00,0x00,0x00,0x00,0x00,0x00,0x00,0x00,0x00,0x00,0x00,0x00,0x00,0x00,
    0x00,0x00,0x00,0x00,0x00,0x00,0x00,0x00,0x00,0x00,0x00,0x00,0x00,0x00,0x00,0x00,
    0x00,0x00,0x00,0x00,0x00,0x00,0x00,0x00,0x00,0x00,0x00,0x00,0x00,0x00,0x00,0x00,
    0x00,0x00,0x00,0x00,0x00,0x00,0x00,0x00,0x00,0x00,0x00,0x00,0x00,0x00,0x00,0x00,
    0x00,0x00,0x00,0x00,0x00,0x00,0x00,0x00,0x00,0x00,0x00,0x00,0x00,0x00,0x00,0x00,
    0x00,0x00,0x00,0x00,0x00,0x00,0x00,0x00,0x00,0x00,0x00,0x00,0x00,0x00,0x00,0x00,
    0x00,0x00,0x00,0x00,0x00,0x00,0x00,0x00,0x00,0x00,0x00,0x00,0x00,0x00,0x00,0x00,
    0x00,0x00,0x00,0x00,0x00,0x00,0x00,0x00,0x00,0x00,0x00,0x00,0x00,0x00,0x00,0x00,
    0x00,0x00,0x00,0x00,0x00,0x00,0x00,0x00,0x00,0x00,0x00,0x00,0x00,0x00,0x00,0x00,
    0x00,0x00,0x00,0x00,0x00,0x00,0x00,0x00,0x00,0x00,0x00,0x00,0x00,0x00,0x00,0x00,
    0x00,0x00,0x00,0x00,0x00,0x00,0x00,0x00,0x00,0x00,0x00,0x00,0x00,0x00,0x00,0x00,
    0x00,0x00,0x00,0x00,0x00,0x00,0x00,0x00,0x00,0x00,0x00,0x00,0x00,0x00,0x00,0x00,
    0x00,0x00,0x00,0x00,0x00,0x00,0x00,0x00,0x00,0x00,0x00,0x00,0x00,0x00,0x00,0x00,
    0x00,0x00,0x00,0x00,0x00,0x00,0x00,0x00,0x00,0x00,0x00,0x00,0x00,0x00,0x00,0x00,
    0x00,0x00,0x00,0x00,0x00,0x00,0x00,0x00,0x00,0x00,0x00,0x00,0x00,0x00,0x00,0x00,
    0x00,0x00,0x00,0x00,0x00,0x00,0x00,0x00,0x00,0x00,0x00,0x00,0x00,0x00,0x00,0x00,
    0x00,0x00,0x00,0x00,0x00,0x00,0x00,0x00,0x00,0x00,0x00,0x00,0x00,0x00,0x00,0x00,
    0x00,0x00,0x00,0x00,0x00,0x00,0x00,0x00,0x00,0x00,0x00,0x00,0x00,0x00,0x00,0x00,
    0x00,0x00,0x00,0x00,0x00,0x00,0x00,0x00,0x00,0x00,0x00,0x00,0x00,0x00,0x00,0x00,
    0x00,0x00,0x00,0x00,0x00,0x00,0x00,0x00,0x00,0x00,0x00,0x00,0x00,0x00,0x00,0x00,
    0x00,0x00,0x00,0x00,0x00,0x00,0x00,0x00,0x00,0x00,0x00,0x00,0x00,0x00,0x00,0x00,
    0x00,0x00,0x00,0x00,0x00,0x00,0x00,0x00,0x00,0x00,0x00,0x00,0x00,0x00,0x00,0x00,
    0x00,0x00,0x00,0x00,0x00,0x00,0x00,0x00,0x00,0x00,0x00,0x00,0x00,0x00,0x00,0x00,
    0x00,0x00,0x00,0x00,0x00,0x00,0x00,0x00,0x00,0x00,0x00,0x00,0x00,0x00,0x00,0x00,
    0x00,0x00,0x00,0x00,0x00,0x00,0x00,0x00,0x00,0x00,0x00,0x00,0x00,0x00,0x00,0x00,
    0x00,0x00,0x00,0x00,0x00,0x00,0x00,0x00,0x00,0x00,0x00,0x00,0x00,0x00,0x00,0x00,
    0x00,0x00,0x00,0x00,0x00,0x00,0x00,0x00,0x00,0x00,0x00,0x00,0x00,0x00,0x00,0x00,
    0x00,0x00,0x00,0x00,0x00,0x00,0x00,0x00,0x00,0x00,0x00,0x00,0x00,0x00,0x00,0x00,
    0x00,0x00,0x00,0x00,0x00,0x00,0x00,0x00,0x00,0x00,0x00,0x00,0x00,0x00,0x00,0x00,
    0x00,0x00,0x00,0x00,0x00,0x00,0x00,0x00,0x00,0x00,0x00,0x00,0x00,0x00,0x00,0x00,
    0x00,0x00,0x00,0x00,0x00,0x00,0x00,0x00,0x00,0x00,0x00,0x00,0x00,0x00,0x00,0x00,
    0x00,0x00,0x00,0x00,0x00,0x00,0x00,0x00,0x00,0x00,0x00,0x00,0x00,0x00,0x00,0x00,
    0x00,0x00,0x00,0x00,0x00,0x00,0x00,0x00,0x00,0x00,0x00,0x00,0x00,0x00,0x00,0x00,
    0x00,0x00,0x00,0x00,0x00,0x00,0x00,0x00,0x00,0x00,0x00,0x00,0x00,0x00,0x00,0x00,
    0x00,0x00,0x00,0x00,0x00,0x00,0x00,0x00,0x00,0x00,0x00,0x00,0x00,0x00,0x00,0x00,
    0x00,0x00,0x00,0x00,0x00,0x00,0x00,0x00,0x00,0x00,0x00,0x00,0x00,0x00,0x00,0x00,
    0x00,0x00,0x00,0x00,0x00,0x00,0x00,0x00,0x00,0x00,0x00,0x00,0x00,0x00,0x00,0x00,
    0x00,0x00,0x00,0x00,0x00,0x00,0x00,0x00,0x00,0x00,0x00,0x00,0x00,0x00,0x00,0x00,
    0x00,0x00,0x00,0x00,0x00,0x00,0x00,0x00,0x00,0x00,0x00,0x00,0x00,0x00,0x00,0x00,
    0x00,0x00,0x00,0x00,0x00,0x00,0x00,0x00,0x00,0x00,0x00,0x00,0x00,0x00,0x00,0x00,
    0x00,0x00,0x00,0x00,0x00,0x00,0x00,0x00,0x00,0x00,0x00,0x00,0x00,0x00,0x00,0x00,
    0x00,0x00,0x00,0x00,0x00,0x00,0x00,0x00,0x00,0x00,0x00,0x00,0x00,0x00,0x00,0x00,
    0x00,0x00,0x00,0x00,0x00,0x00,0x00,0x00,0x00,0x00,0x00,0x00,0x00,0x00,0x00,0x00,
    0x00,0x00,0x00,0x00,0x00,0x00,0x00,0x00,0x00,0x00,0x00,0x00,0x00,0x00,0x00,0x00,
    0x00,0x00,0x00,0x00,0x00,0x00,0x00,0x00,0x00,0x00,0x00,0x00,0x00,0x00,0x00,0x00,
    0x00,0x00,0x00,0x00,0x00,0x00,0x00,0x00,0x00,0x00,0x00,0x00,0x00,0x00,0x00,0x00,
    0x00,0x00,0x00,0x00,0x00,0x00,0x00,0x00,0x00,0x00,0x00,0x00,0x00,0x00,0x00,0x00,
    0x00,0x00,0x00,0x00,0x00,0x00,0x00,0x00,0x00,0x00,0x00,0x00,0x00,0x00,0x00,0x00,
    0x00,0x00,0x00,0x00,0x00,0x00,0x00,0x00,0x00,0x00,0x00,0x00,0x00,0x00,0x00,0x00,
    0x00,0x00,0x00,0x00,0x00,0x00,0x00,0x00,0x00,0x00,0x00,0x00,0x00,0x00,0x00,0x00,
    0x00,0x00,0x00,0x00,0x00,0x00,0x00,0x00,0x00,0x00,0x00,0x00,0x00,0x00,0x00,0x00,
    0x00,0x00,0x00,0x00,0x00,0x00,0x00,0x00,0x00,0x00,0x00,0x00,0x00,0x00,0x00,0x00,
    0x00,0x00,0x00,0x00,0x00,0x00,0x00,0x00,0x00,0x00,0x00,0x00,0x00,0x00,0x00,0x00,
    0x00,0x00,0x00,0x00,0x00,0x00,0x00,0x00,0x00,0x00,0x00,0x00,0x00,0x00,0x00,0x00,
    0x00,0x00,0x00,0x00,0x00,0x00,0x00,0x00,0x00,0x00,0x00,0x00,0x00,0x00,0x00,0x00,
    0x00,0x00,0x00,0x00,0x00,0x00,0x00,0x00,0x00,0x00,0x00,0x00,0x00,0x00,0x00,0x00,
    0x00,0x00,0x00,0x00,0x00,0x00,0x00,0x00,0x00,0x00,0x00,0x00,0x00,0x00,0x00,0x00,
    0x00,0x00,0x00,0x00,0x00,0x00,0x00,0x00,0x00,0x00,0x00,0x00,0x00,0x00,0x00,0x00,
    0x00,0x00,0x00,0x00,0x00,0x00,0x00,0x00,0x00,0x00,0x00,0x00,0x00,0x00,0x00,0x00,
    0x00,0x00,0x00,0x00,0x00,0x00,0x00,0x00,0x00,0x00,0x00,0x00,0x00,0x00,0x00,0x00,
    0x00,0x00,0x00,0x00,0x00,0x00,0x00,0x00,0x00,0x00,0x00,0x00,0x00,0x00,0x00,0x00,
    0x00,0x00,0x00,0x00,0x00,0x00,0x00,0x00,0x00,0x00,0x00,0x00,0x00,0x00,0x00,0x00,
    0x00,0x00,0x00,0x00,0x00,0x00,0x00,0x00,0x00,0x00,0x00,0x00,0x00,0x00,0x00,0x00,
    0x00,0x00,0x00,0x00,0x00,0x00,0x00,0x00,0x00,0x00,0x00,0x00,0x00,0x00,0x00,0x00,
    0x00,0x00,0x00,0x00,0x00,0x00,0x00,0x00,0x00,0x00,0x00,0x00,0x00,0x00,0x00,0x00,
    0x00,0x00,0x00,0x00,0x00,0x00,0x00,0x00,0x00,0x00,0x00,0x00,0x00,0x00,0x00,0x00,
    0x00,0x00,0x00,0x00,0x00,0x00,0x00,0x00,0x00,0x00,0x00,0x00,0x00,0x00,0x00,0x00,
    0x00,0x00,0x00,0x00,0x00,0x00,0x00,0x00,0x00,0x00,0x00,0x00,0x00,0x00,0x00,0x00,
    0x00,0x00,0x00,0x00,0x00,0x00,0x00,0x00,0x00,0x00,0x00,0x00,0x00,0x00,0x00,0x00,
    0x00,0x00,0x00,0x00,0x00,0x00,0x00,0x00,0x00,0x00,0x00,0x00,0x00,0x00,0x00,0x00,
    0x00,0x00,0x00,0x00,0x00,0x00,0x00,0x00,0x00,0x00,0x00,0x00,0x00,0x00,0x00,0x00,
    0x00,0x00,0x00,0x00,0x00,0x00,0x00,0x00,0x00,0x00,0x00,0x00,0x00,0x00,0x00,0x00,
    0x00,0x00,0x00,0x00,0x00,0x00,0x00,0x00,0x00,0x00,0x00,0x00,0x00,0x00,0x00,0x00,
    0x00,0x00,0x00,0x00,0x00,0x00,0x00,0x00,0x00,0x00,0x00,0x00,0x00,0x00,0x00,0x00,
    0x00,0x00,0x00,0x00,0x00,0x00,0x00,0x00,0x00,0x00,0x00,0x00,0x00,0x00,0x00,0x00,
    0x00,0x00,0x00,0x00,0x00,0x00,0x00,0x00,0x00,0x00,0x00,0x00,0x00,0x00,0x00,0x00,
    0x00,0x00,0x00,0x00,0x00,0x00,0x00,0x00,0x00,0x00,0x00,0x00,0x00,0x00,0x00,0x00,
    0x00,0x00,0x00,0x00,0x00,0x00,0x00,0x00,0x00,0x00,0x00,0x00,0x00,0x00,0x00,0x00,
    0x00,0x00,0x00,0x00,0x00,0x00,0x00,0x00,0x00,0x00,0x00,0x00,0x00,0x00,0x00,0x00,
    0x00,0x00,0x00,0x00,0x00,0x00,0x00,0x00,0x00,0x00,0x00,0x00,0x00,0x00,0x00,0x00,
    0x00,0x00,0x00,0x00,0x00,0x00,0x00,0x00,0x00,0x00,0x00,0x00,0x00,0x00,0x00,0x00,
    0x00,0x00,0x00,0x00,0x00,0x00,0x00,0x00,0x00,0x00,0x00,0x00,0x00,0x00,0x00,0x00,
    0x00,0x00,0x00,0x00,0x00,0x00,0x00,0x00,0x00,0x00,0x00,0x00,0x00,0x00,0x00,0x00,
    0x00,0x00,0x00,0x00,0x00,0x00,0x00,0x00,0x00,0x00,0x00,0x00,0x00,0x00,0x00,0x00,
    0x00,0x00,0x00,0x00,0x00,0x00,0x00,0x00,0x00,0x00,0x00,0x00,0x00,0x00,0x00,0x00,
    0x00,0x00,0x00,0x00,0x00,0x00,0x00,0x00,0x00,0x00,0x00,0x00,0x00,0x00,0x00,0x00,
    0x00,0x00,0x00,0x00,0x00,0x00,0x00,0x00,0x00,0x00,0x00,0x00,0x00,0x00,0x00,0x00,
    0x00,0x00,0x00,0x00,0x00,0x00,0x00,0x00,0x00,0x00,0x00,0x00,0x00,0x00,0x00,0x00,
    0x00,0x00,0x00,0x00,0x00,0x00,0x00,0x00,0x00,0x00,0x00,0x00,0x00,0x00,0x00,0x00,
    0x00,0x00,0x00,0x00,0x00,0x00,0x00,0x00,0x00,0x00,0x00,0x00,0x00,0x00,0x00,0x00,
    0x00,0x00,0x00,0x00,0x00,0x00,0x00,0x00,0x00,0x00,0x00,0x00,0x00,0x00,0x00,0x00,
    0x00,0x00,0x00,0x00,0x00,0x00,0x00,0x00,0x00,0x00,0x00,0x00,0x00,0x00,0x00,0x00,
    0x00,0x00,0x00,0x00,0x00,0x00,0x00,0x00,0x00,0x00,0x00,0x00,0x00,0x00,0x00,0x00,
    0x00,0x00,0x00,0x00,0x00,0x00,0x00,0x00,0x00,0x00,0x00,0x00,0x00,0x00,0x00,0x00,
    0x00,0x00,0x00,0x00,0x00,0x00,0x00,0x00,0x00,0x00,0x00,0x00,0x00,0x00,0x00,0x00,
    0x00,0x00,0x00,0x00,0x00,0x00,0x00,0x00,0x00,0x00,0x00,0x00,0x00,0x00,0x00,0x00,
    0x00,0x00,0x00,0x00,0x00,0x00,0x00,0x00,0x00,0x00,0x00,0x00,0x00,0x00,0x00,0x00,
    0x00,0x00,0x00,0x00,0x00,0x00,0x00,0x00,0x00,0x00,0x00,0x00,0x00,0x00,0x00,0x00,
    0x00,0x00,0x00,0x00,0x00,0x00,0x00,0x00,0x00,0x00,0x00,0x00,0x00,0x00,0x00,0x00,
    0x00,0x00,0x00,0x00,0x00,0x00,0x00,0x00,0x00,0x00,0x00,0x00,0x00,0x00,0x00,0x00,
    0x00,0x00,0x00,0x00,0x00,0x00,0x00,0x00,0x00,0x00,0x00,0x00,0x00,0x00,0x00,0x00,
    0x00,0x00,0x00,0x00,0x00,0x00,0x00,0x00,0x00,0x00,0x00,0x00,0x00,0x00,0x00,0x00,
    0x00,0x00,0x00,0x00,0x00,0x00,0x00,0x00,0x00,0x00,0x00,0x00,0x00,0x00,0x00,0x00,
    0x00,0x00,0x00,0x00,0x00,0x00,0x00,0x00,0x00,0x00,0x00,0x00,0x00,0x00,0x00,0x00,
    0x00,0x00,0x00,0x00,0x00,0x00,0x00,0x00,0x00,0x00,0x00,0x00,0x00,0x00,0x00,0x00,
    0x00,0x00,0x00,0x00,0x00,0x00,0x00,0x00,0x00,0x00,0x00,0x00,0x00,0x00,0x00,0x00,
    0x00,0x00,0x00,0x00,0x00,0x00,0x00,0x00,0x00,0x00,0x00,0x00,0x00,0x00,0x00,0x00,
    0x00,0x00,0x00,0x00,0x00,0x00,0x00,0x00,0x00,0x00,0x00,0x00,0x00,0x00,0x00,0x00,
    0x00,0x00,0x00,0x00,0x00,0x00,0x00,0x00,0x00,0x00,0x00,0x00,0x00,0x00,0x00,0x00,
    0x00,0x00,0x00,0x00,0x00,0x00,0x00,0x00,0x00,0x00,0x00,0x00,0x00,0x00,0x00,0x00,
    0x00,0x00,0x00,0x00,0x00,0x00,0x00,0x00,0x00,0x00,0x00,0x00,0x00,0x00,0x00,0x00,
    0x00,0x00,0x00,0x00,0x00,0x00,0x00,0x00,0x00,0x00,0x00,0x00,0x00,0x00,0x00,0x00,
    0x00,0x00,0x00,0x00,0x00,0x00,0x00,0x00,0x00,0x00,0x00,0x00,0x00,0x00,0x00,0x00,
    0x00,0x00,0x00,0x00,0x00,0x00,0x00,0x00,0x00,0x00,0x00,0x00,0x00,0x00,0x00,0x00,
    0x00,0x00,0x00,0x00,0x00,0x00,0x00,0x00,0x00,0x00,0x00,0x00,0x00,0x00,0x00,0x00,
    0x00,0x00,0x00,0x00,0x00,0x00,0x00,0x00,0x00,0x00,0x00,0x00,0x00,0x00,0x00,0x00,
    0x00,0x00,0x00,0x00,0x00,0x00,0x00,0x00,0x00,0x00,0x00,0x00,0x00,0x00,0x00,0x00,
    0x00,0x00,0x00,0x00,0x00,0x00,0x00,0x00,0x00,0x00,0x00,0x00,0x00,0x00,0x00,0x00,
    0x00,0x00,0x00,0x00,0x00,0x00,0x00,0x00,0x00,0x00,0x00,0x00,0x00,0x00,0x00,0x00,
    0x00,0x00,0x00,0x00,0x00,0x00,0x00,0x00,0x00,0x00,0x00,0x00,0x00,0x00,0x00,0x00,
    0x00,0x00,0x00,0x00,0x00,0x00,0x00,0x00,0x00,0x00,0x00,0x00,0x00,0x00,0x00,0x00,
    0x00,0x00,0x00,0x00,0x00,0x00,0x00,0x00,0x00,0x00,0x00,0x00,0x00,0x00,0x00,0x00,
    0x00,0x00,0x00,0x00,0x00,0x00,0x00,0x00,0x00,0x00,0x00,0x00,0x00,0x00,0x00,0x00,
    0x00,0x00,0x00,0x00,0x00,0x00,0x00,0x00,0x00,0x00,0x00,0x00,0x00,0x00,0x00,0x00,
    0x00,0x00,0x00,0x00,0x00,0x00,0x00,0x00,0x00,0x00,0x00,0x00,0x00,0x00,0x00,0x00,
    0x00,0x00,0x00,0x00,0x00,0x00,0x00,0x00,0x00,0x00,0x00,0x00,0x00,0x00,0x00,0x00,
    0x00,0x00,0x00,0x00,0x00,0x00,0x00,0x00,0x00,0x00,0x00,0x00,0x00,0x00,0x00,0x00,
    0x00,0x00,0x00,0x00,0x00,0x00,0x00,0x00,0x00,0x00,0x00,0x00,0x00,0x00,0x00,0x00,
    0x00,0x00,0x00,0x00,0x00,0x00,0x00,0x00,0x00,0x00,0x00,0x00,0x00,0x00,0x00,0x00,
    0x00,0x00,0x00,0x00,0x00,0x00,0x00,0x00,0x00,0x00,0x00,0x00,0x00,0x00,0x00,0x00,
    0x00,0x00,0x00,0x00,0x00,0x00,0x00,0x00,0x00,0x00,0x00,0x00,0x00,0x00,0x00,0x00,
    0x00,0x00,0x00,0x00,0x00,0x00,0x00,0x00,0x00,0x00,0x00,0x00,0x00,0x00,0x00,0x00,
    0x00,0x00,0x00,0x00,0x00,0x00,0x00,0x00,0x00,0x00,0x00,0x00,0x00,0x00,0x00,0x00,
    0x00,0x00,0x00,0x00,0x00,0x00,0x00,0x00,0x00,0x00,0x00,0x00,0x00,0x00,0x00,0x00,
    0x00,0x00,0x00,0x00,0x00,0x00,0x00,0x00,0x00,0x00,0x00,0x00,0x00,0x00,0x00,0x00,
    0x00,0x00,0x00,0x00,0x00,0x00,0x00,0x00,0x00,0x00,0x00,0x00,0x00,0x00,0x00,0x00,
    0x00,0x00,0x00,0x00,0x00,0x00,0x00,0x00,0x00,0x00,0x00,0x00,0x00,0x00,0x00,0x00,
    0x00,0x00,0x00,0x00,0x00,0x00,0x00,0x00,0x00,0x00,0x00,0x00,0x00,0x00,0x00,0x00,
    0x00,0x00,0x00,0x00,0x00,0x00,0x00,0x00,0x00,0x00,0x00,0x00,0x00,0x00,0x00,0x00,
    0x00,0x00,0x00,0x00,0x00,0x00,0x00,0x00,0x00,0x00,0x00,0x00,0x00,0x00,0x00,0x00,
    0x00,0x00,0x00,0x00,0x00,0x00,0x00,0x00,0x00,0x00,0x00,0x00,0x00,0x00,0x00,0x00,
    0x00,0x00,0x00,0x00,0x00,0x00,0x00,0x00,0x00,0x00,0x00,0x00,0x00,0x00,0x00,0x00,
    0x00,0x00,0x00,0x00,0x00,0x00,0x00,0x00,0x00,0x00,0x00,0x00,0x00,0x00,0x00,0x00,
    0x00,0x00,0x00,0x00,0x00,0x00,0x00,0x00,0x00,0x00,0x00,0x00,0x00,0x00,0x00,0x00,
    0x00,0x00,0x00,0x00,0x00,0x00,0x00,0x00,0x00,0x00,0x00,0x00,0x00,0x00,0x00,0x00,
    0x00,0x00,0x00,0x00,0x00,0x00,0x00,0x00,0x00,0x00,0x00,0x00,0x00,0x00,0x00,0x00,
    0x00,0x00,0x00,0x00,0x00,0x00,0x00,0x00,0x00,0x00,0x00,0x00,0x00,0x00,0x00,0x00,
    0x00,0x00,0x00,0x00,0x00,0x00,0x00,0x00,0x00,0x00,0x00,0x00,0x00,0x00,0x00,0x00,
    0x00,0x00,0x00,0x00,0x00,0x00,0x00,0x00,0x00,0x00,0x00,0x00,0x00,0x00,0x00,0x00,
    0x00,0x00,0x00,0x00,0x00,0x00,0x00,0x00,0x00,0x00,0x00,0x00,0x00,0x00,0x00,0x00,
    0x00,0x00,0x00,0x00,0x00,0x00,0x00,0x00,0x00,0x00,0x00,0x00,0x00,0x00,0x00,0x00,
    0x00,0x00,0x00,0x00,0x00,0x00,0x00,0x00,0x00,0x00,0x00,0x00,0x00,0x00,0x00,0x00,
    0x00,0x00,0x00,0x00,0x00,0x00,0x00,0x00,0x00,0x00,0x00,0x00,0x00,0x00,0x00,0x00,
    0x00,0x00,0x00,0x00,0x00,0x00,0x00,0x00,0x00,0x00,0x00,0x00,0x00,0x00,0x00,0x00,
    0x00,0x00,0x00,0x00,0x00,0x00,0x00,0x00,0x00,0x00,0x00,0x00,0x00,0x00,0x00,0x00,
    0x00,0x00,0x00,0x00,0x00,0x00,0x00,0x00,0x00,0x00,0x00,0x00,0x00,0x00,0x00,0x00,
    0x00,0x00,0x00,0x00,0x00,0x00,0x00,0x00,0x00,0x00,0x00,0x00,0x00,0x00,0x00,0x00,
    0x00,0x00,0x00,0x00,0x00,0x00,0x00,0x00,0x00,0x00,0x00,0x00,0x00,0x00,0x00,0x00,
    0x00,0x00,0x00,0x00,0x00,0x00,0x00,0x00,0x00,0x00,0x00,0x00,0x00,0x00,0x00,0x00,
    0x00,0x00,0x00,0x00,0x00,0x00,0x00,0x00,0x00,0x00,0x00,0x00,0x00,0x00,0x00,0x00,
    0x00,0x00,0x00,0x00,0x00,0x00,0x00,0x00,0x00,0x00,0x00,0x00,0x00,0x00,0x00,0x00,
    0x00,0x00,0x00,0x00,0x00,0x00,0x00,0x00,0x00,0x00,0x00,0x00,0x00,0x00,0x00,0x00,
    0x00,0x00,0x00,0x00,0x00,0x00,0x00,0x00,0x00,0x00,0x00,0x00,0x00,0x00,0x00,0x00,
    0x00,0x00,0x00,0x00,0x00,0x00,0x00,0x00,0x00,0x00,0x00,0x00,0x00,0x00,0x00,0x00,
    0x00,0x00,0x00,0x00,0x00,0x00,0x00,0x00,0x00,0x00,0x00,0x00,0x00,0x00,0x00,0x00,
    0x00,0x00,0x00,0x00,0x00,0x00,0x00,0x00,0x00,0x00,0x00,0x00,0x00,0x00,0x00,0x00,
    0x00,0x00,0x00,0x00,0x00,0x00,0x00,0x00,0x00,0x00,0x00,0x00,0x00,0x00,0x00,0x00,
    0x00,0x00,0x00,0x00,0x00,0x00,0x00,0x00,0x00,0x00,0x00,0x00,0x00,0x00,0x00,0x00,
    0x00,0x00,0x00,0x00,0x00,0x00,0x00,0x00,0x00,0x00,0x00,0x00,0x00,0x00,0x00,0x00,
    0x00,0x00,0x00,0x00,0x00,0x00,0x00,0x00,0x00,0x00,0x00,0x00,0x00,0x00,0x00,0x00,
    0x00,0x00,0x00,0x00,0x00,0x00,0x00,0x00,0x00,0x00,0x00,0x00,0x00,0x00,0x00,0x00,
    0x00,0x00,0x00,0x00,0x00,0x00,0x00,0x00,0x00,0x00,0x00,0x00,0x00,0x00,0x00,0x00,
    0x00,0x00,0x00,0x00,0x00,0x00,0x00,0x00,0x00,0x00,0x00,0x00,0x00,0x00,0x00,0x00,
    0x00,0x00,0x00,0x00,0x00,0x00,0x00,0x00,0x00,0x00,0x00,0x00,0x00,0x00,0x00,0x00,
    0x00,0x00,0x00,0x00,0x00,0x00,0x00,0x00,0x00,0x00,0x00,0x00,0x00,0x00,0x00,0x00,
    0x00,0x00,0x00,0x00,0x00,0x00,0x00,0x00,0x00,0x00,0x00,0x00,0x00,0x00,0x00,0x00,
    0x00,0x00,0x00,0x00,0x00,0x00,0x00,0x00,0x00,0x00,0x00,0x00,0x00,0x00,0x00,0x00,
    0x00,0x00,0x00,0x00,0x00,0x00,0x00,0x00,0x00,0x00,0x00,0x00,0x00,0x00,0x00,0x00,
    0x00,0x00,0x00,0x00,0x00,0x00,0x00,0x00,0x00,0x00,0x00,0x00,0x00,0x00,0x00,0x00,
    0x00,0x00,0x00,0x00,0x00,0x00,0x00,0x00,0x00,0x00,0x00,0x00,0x00,0x00,0x00,0x00,
    0x00,0x00,0x00,0x00,0x00,0x00,0x00,0x00,0x00,0x00,0x00,0x00,0x00,0x00,0x00,0x00,
    0x00,0x00,0x00,0x00,0x00,0x00,0x00,0x00,0x00,0x00,0x00,0x00,0x00,0x00,0x00,0x00,
    0x00,0x00,0x00,0x00,0x00,0x00,0x00,0x00,0x00,0x00,0x00,0x00,0x00,0x00,0x00,0x00,
    0x00,0x00,0x00,0x00,0x00,0x00,0x00,0x00,0x00,0x00,0x00,0x00,0x00,0x00,0x00,0x00,
    0x00,0x00,0x00,0x00,0x00,0x00,0x00,0x00,0x00,0x00,0x00,0x00,0x00,0x00,0x00,0x00,
    0x00,0x00,0x00,0x00,0x00,0x00,0x00,0x00,0x00,0x00,0x00,0x00,0x00,0x00,0x00,0x00,
    0x00,0x00,0x00,0x00,0x00,0x00,0x00,0x00,0x00,0x00,0x00,0x00,0x00,0x00,0x00,0x00,
    0x00,0x00,0x00,0x00,0x00,0x00,0x00,0x00,0x00,0x00,0x00,0x00,0x00,0x00,0x00,0x00,
    0x00,0x00,0x00,0x00,0x00,0x00,0x00,0x00,0x00,0x00,0x00,0x00,0x00,0x00,0x00,0x00,
    0x00,0x00,0x00,0x00,0x00,0x00,0x00,0x00,0x00,0x00,0x00,0x00,0x00,0x00,0x00,0x00,
    0x00,0x00,0x00,0x00,0x00,0x00,0x00,0x00,0x00,0x00,0x00,0x00,0x00,0x00,0x00,0x00,
    0x00,0x00,0x00,0x00,0x00,0x00,0x00,0x00,0x00,0x00,0x00,0x00,0x00,0x00,0x00,0x00,
    0x00,0x00,0x00,0x00,0x00,0x00,0x00,0x00,0x00,0x00,0x00,0x00,0x00,0x00,0x00,0x00,
    0x00,0x00,0x00,0x00,0x00,0x00,0x00,0x00,0x00,0x00,0x00,0x00,0x00,0x00,0x00,0x00,
    0x00,0x00,0x00,0x00,0x00,0x00,0x00,0x00,0x00,0x00,0x00,0x00,0x00,0x00,0x00,0x00,
    0x00,0x00,0x00,0x00,0x00,0x00,0x00,0x00,0x00,0x00,0x00,0x00,0x00,0x00,0x00,0x00,
    0x00,0x00,0x00,0x00,0x00,0x00,0x00,0x00,0x00,0x00,0x00,0x00,0x00,0x00,0x00,0x00,
    0x00,0x00,0x00,0x00,0x00,0x00,0x00,0x00,0x00,0x00,0x00,0x00,0x00,0x00,0x00,0x00,
    0x00,0x00,0x00,0x00,0x00,0x00,0x00,0x00,0x00,0x00,0x00,0x00,0x00,0x00,0x00,0x00,
    0x00,0x00,0x00,0x00,0x00,0x00,0x00,0x00,0x00,0x00,0x00,0x00,0x00,0x00,0x00,0x00,
    0x00,0x00,0x00,0x00,0x00,0x00,0x00,0x00,0x00,0x00,0x00,0x00,0x00,0x00,0x00,0x00,
    0x00,0x00,0x00,0x00,0x00,0x00,0x00,0x00,0x00,0x00,0x00,0x00,0x00,0x00,0x00,0x00,
    0x00,0x00,0x00,0x00,0x00,0x00,0x00,0x00,0x00,0x00,0x00,0x00,0x00,0x00,0x00,0x00,
    0x00,0x00,0x00,0x00,0x00,0x00,0x00,0x00,0x00,0x00,0x00,0x00,0x00,0x00,0x00,0x00,
    0x00,0x00,0x00,0x00,0x00,0x00,0x00,0x00,0x00,0x00,0x00,0x00,0x00,0x00,0x00,0x00,
    0x00,0x00,0x00,0x00,0x00,0x00,0x00,0x00,0x00,0x00,0x00,0x00,0x00,0x00,0x00,0x00,
    0x00,0x00,0x00,0x00,0x00,0x00,0x00,0x00,0x00,0x00,0x00,0x00,0x00,0x00,0x00,0x00,
    0x00,0x00,0x00,0x00,0x00,0x00,0x00,0x00,0x00,0x00,0x00,0x00,0x00,0x00,0x00,0x00,
    0x00,0x00,0x00,0x00,0x00,0x00,0x00,0x00,0x00,0x00,0x00,0x00,0x00,0x00,0x00,0x00,
    0x00,0x00,0x00,0x00,0x00,0x00,0x00,0x00,0x00,0x00,0x00,0x00,0x00,0x00,0x00,0x00,
    0x00,0x00,0x00,0x00,0x00,0x00,0x00,0x00,0x00,0x00,0x00,0x00,0x00,0x00,0x00,0x00,
    0x00,0x00,0x00,0x00,0x00,0x00,0x00,0x00,0x00,0x00,0x00,0x00,0x00,0x00,0x00,0x00,
    0x00,0x00,0x00,0x00,0x00,0x00,0x00,0x00,0x00,0x00,0x00,0x00,0x00,0x00,0x00,0x00,
    0x00,0x00,0x00,0x00,0x00,0x00,0x00,0x00,0x00,0x00,0x00,0x00,0x00,0x00,0x00,0x00,
    0x00,0x00,0x00,0x00,0x00,0x00,0x00,0x00,0x00,0x00,0x00,0x00,0x00,0x00,0x00,0x00,
    0x00,0x00,0x00,0x00,0x00,0x00,0x00,0x00,0x00,0x00,0x00,0x00,0x00,0x00,0x00,0x00,
    0x00,0x00,0x00,0x00,0x00,0x00,0x00,0x00,0x00,0x00,0x00,0x00,0x00,0x00,0x00,0x00,
    0x00,0x00,0x00,0x00,0x00,0x00,0x00,0x00,0x00,0x00,0x00,0x00,0x00,0x00,0x00,0x00,
    0x00,0x00,0x00,0x00,0x00,0x00,0x00,0x00,0x00,0x00,0x00,0x00,0x00,0x00,0x00,0x00,
    0x00,0x00,0x00,0x00,0x00,0x00,0x00,0x00,0x00,0x00,0x00,0x00,0x00,0x00,0x00,0x00,
    0x00,0x00,0x00,0x00,0x00,0x00,0x00,0x00,0x00,0x00,0x00,0x00,0x00,0x00,0x00,0x00,
    0x00,0x00,0x00,0x00,0x00,0x00,0x00,0x00,0x00,0x00,0x00,0x00,0x00,0x00,0x00,0x00,
    0x00,0x00,0x00,0x00,0x00,0x00,0x00,0x00,0x00,0x00,0x00,0x00,0x00,0x00,0x00,0x00,
    0x00,0x00,0x00,0x00,0x00,0x00,0x00,0x00,0x00,0x00,0x00,0x00,0x00,0x00,0x00,0x00,
    0x00,0x00,0x00,0x00,0x00,0x00,0x00,0x00,0x00,0x00,0x00,0x00,0x00,0x00,0x00,0x00,
    0x00,0x00,0x00,0x00,0x00,0x00,0x00,0x00,0x00,0x00,0x00,0x00,0x00,0x00,0x00,0x00,
    0x00,0x00,0x00,0x00,0x00,0x00,0x00,0x00,0x00,0x00,0x00,0x00,0x00,0x00,0x00,0x00,
    0x00,0x00,0x00,0x00,0x00,0x00,0x00,0x00,0x00,0x00,0x00,0x00,0x00,0x00,0x00,0x00,
    0x00,0x00,0x00,0x00,0x00,0x00,0x00,0x00,0x00,0x00,0x00,0x00,0x00,0x00,0x00,0x00,
    0x00,0x00,0x00,0x00,0x00,0x00,0x00,0x00,0x00,0x00,0x00,0x00,0x00,0x00,0x00,0x00,
    0x00,0x00,0x00,0x00,0x00,0x00,0x00,0x00,0x00,0x00,0x00,0x00,0x00,0x00,0x00,0x00,
    0x00,0x00,0x00,0x00,0x00,0x00,0x00,0x00,0x00,0x00,0x00,0x00,0x00,0x00,0x00,0x00,
    0x00,0x00,0x00,0x00,0x00,0x00,0x00,0x00,0x00,0x00,0x00,0x00,0x00,0x00,0x00,0x00,
    0x00,0x00,0x00,0x00,0x00,0x00,0x00,0x00,0x00,0x00,0x00,0x00,0x00,0x00,0x00,0x00,
    0x00,0x00,0x00,0x00,0x00,0x00,0x00,0x00,0x00,0x00,0x00,0x00,0x00,0x00,0x00,0x00,
    0x00,0x00,0x00,0x00,0x00,0x00,0x40,0xff,0x00,0x00,0x40,0xff,0x00,0x00,0x40,0xff,
    0x00,0x00,0x00,0x00,0x00,0x00,0x00,0x00,0x00,0x00,0x00,0x00,0x00,0x00,0x00,0x00,
    0x00,0x00,0x00,0x00,0x00,0x00,0x00,0x00,0x00,0x00,0x00,0x00,0x00,0x00,0x00,0x00,
    0x00,0x00,0x00,0x00,0x00,0x00,0x00,0x00,0x00,0x00,0x00,0x00,0x00,0x00,0x00,0x00,
    0x00,0x00,0x00,0x00,0x00,0x00,0x00,0x00,0x00,0x00,0x00,0x00,0x00,0x00,0x00,0x00,
    0x00,0x00,0x00,0x00,0x00,0x00,0x00,0x00,0x00,0x00,0x00,0x00,0x00,0x00,0x00,0x00,
    0x00,0x00,0x00,0x00,0x00,0x00,0x00,0x00,0x00,0x00,0x00,0x00,0x00,0x00,0x00,0x00,
    0x00,0x00,0x00,0x00,0x00,0x00,0x00,0x00,0x00,0x00,0x00,0x00,0x00,0x00,0x00,0x00,
    0x00,0x00,0x00,0x00,0x00,0x00,0x00,0x00,0x00,0x00,0x00,0x00,0x00,0x00,0x00,0x00,
    0x00,0x00,0x00,0x00,0x00,0x00,0x00,0x00,0x00,0x00,0x00,0x00,0x00,0x00,0x00,0x00,
    0x00,0x00,0x00,0x00,0x00,0x00,0x00,0x00,0x00,0x00,0x00,0x00,0x00,0x00,0x00,0x00,
    0x00,0x00,0x00,0x00,0x00,0x00,0x00,0x00,0x00,0x00,0x00,0x00,0x00,0x00,0x00,0x00,
    0x00,0x00,0x00,0x00,0x00,0x00,0x00,0x00,0x00,0x00,0x00,0x00,0x00,0x00,0x00,0x00,
    0x00,0x00,0x00,0x00,0x00,0x00,0x00,0x00,0x00,0x00,0x00,0x00,0x00,0x00,0x00,0x00,
    0x00,0x00,0x00,0x00,0x00,0x00,0x00,0x00,0x00,0x00,0x00,0x00,0x00,0x00,0x00,0x00,
    0x00,0x00,0x00,0x00,0x00,0x00,0x00,0x00,0x00,0x00,0x00,0x00,0x00,0x00,0x00,0x00,
    0x00,0x00,0x00,0x00,0x00,0x00,0x00,0x00,0x00,0x00,0x00,0x00,0x00,0x00,0x00,0x00,
    0x00,0x00,0x00,0x00,0x00,0x00,0x00,0x00,0x00,0x00,0x00,0x00,0x00,0x00,0x00,0x00,
    0x00,0x00,0x00,0x00,0x00,0x00,0x00,0x00,0x00,0x00,0x00,0x00,0x00,0x00,0x00,0x00,
    0x00,0x00,0x00,0x00,0x00,0x00,0x00,0x00,0x00,0x00,0x00,0x00,0x00,0x00,0x00,0x00,
    0x00,0x00,0x00,0x00,0x00,0x00,0x00,0x00,0x00,0x00,0x00,0x00,0x00,0x00,0x00,0x00,
    0x00,0x00,0x00,0x00,0x00,0x00,0x00,0x00,0x00,0x00,0x00,0x00,0x00,0x00,0x00,0x00,
    0x00,0x00,0x00,0x00,0x00,0x00,0x00,0x00,0x00,0x00,0x00,0x00,0x00,0x00,0x00,0x00,
    0x00,0x00,0x00,0x00,0x00,0x00,0x00,0x00,0x00,0x00,0x00,0x00,0x00,0x00,0x00,0x00,
    0x00,0x00,0x00,0x00,0x00,0x00,0x00,0x00,0x00,0x00,0x00,0x00,0x00,0x00,0x00,0x00,
    0x00,0x00,0x00,0x00,0x00,0x00,0x00,0x00,0x00,0x00,0x00,0x00,0x00,0x00,0x00,0x00,
    0x00,0x00,0x00,0x00,0x00,0x00,0x00,0x00,0x00,0x00,0x00,0x00,0x00,0x00,0x00,0x00,
    0x00,0x00,0x00,0x00,0x00,0x00,0x00,0x00,0x00,0x00,0x00,0x00,0x00,0x00,0x00,0x00,
    0x00,0x00,0x00,0x00,0x00,0x00,0x00,0x00,0x00,0x00,0x00,0x00,0x00,0x00,0x00,0x00,
    0x00,0x00,0x00,0x00,0x00,0x00,0x00,0x00,0x00,0x00,0x00,0x00,0x00,0x00,0x00,0x00,
    0x00,0x00,0x00,0x00,0x00,0x00,0x00,0x00,0x00,0x00,0x00,0x00,0x00,0x00,0x00,0x00,
    0x00,0x00,0x00,0x00,0x00,0x00,0x00,0x00,0x00,0x00,0x00,0x00,0x00,0x00,0x00,0x00,
    0x00,0x00,0x00,0x00,0x00,0x00,0x00,0x00,0x00,0x00,0x00,0x00,0x00,0x00,0x00,0x00,
    0x00,0x00,0x00,0x00,0x00,0x00,0x00,0x00,0x00,0x00,0x00,0x00,0x00,0x00,0x00,0x00,
    0x00,0x00,0x00,0x00,0x00,0x00,0x00,0x00,0x00,0x00,0x00,0x00,0x00,0x00,0x00,0x00,
    0x00,0x00,0x00,0x00,0x00,0x00,0x00,0x00,0x00,0x00,0x00,0x00,0x00,0x00,0x00,0x00,
    0x00,0x00,0x00,0x00,0x00,0x00,0x00,0x00,0x00,0x00,0x00,0x00,0x00,0x00,0x00,0x00,
    0x00,0x00,0x00,0x00,0x00,0x00,0x00,0x00,0x00,0x00,0x00,0x00,0x00,0x00,0x00,0x00,
    0x00,0x00,0x00,0x00,0x00,0x00,0x00,0x00,0x00,0x00,0x00,0x00,0x00,0x00,0x00,0x00,
    0x00,0x00,0x00,0x00,0x00,0x00,0x00,0x00,0x00,0x00,0x00,0x00,0x00,0x00,0x00,0x00,
    0x00,0x00,0x00,0x00,0x00,0x00,0x00,0x00,0x00,0x00,0x00,0x00,0x00,0x00,0x00,0x00,
    0x00,0x00,0x00,0x00,0x00,0x00,0x00,0x00,0x00,0x00,0x00,0x00,0x00,0x00,0x00,0x00,
    0x00,0x00,0x00,0x00,0x00,0x00,0x00,0x00,0x00,0x00,0x00,0x00,0x00,0x00,0x00,0x00,
    0x00,0x00,0x00,0x00,0x00,0x00,0x00,0x00,0x00,0x00,0x00,0x00,0x00,0x00,0x00,0x00,
    0x00,0x00,0x00,0x00,0x00,0x00,0x00,0x00,0x00,0x00,0x00,0x00,0x00,0x00,0x00,0x00,
    0x00,0x00,0x00,0x00,0x00,0x00,0x00,0x00,0x00,0x00,0x00,0x00,0x00,0x00,0x00,0x00,
    0x00,0x00,0x00,0x00,0x00,0x00,0x00,0x00,0x00,0x00,0x00,0x00,0x00,0x00,0x00,0x00,
    0x00,0x00,0x00,0x00,0x00,0x00,0x00,0x00,0x00,0x00,0x00,0x00,0x00,0x00,0x00,0x00,
    0x00,0x00,0x00,0x00,0x00,0x00,0x00,0x00,0x00,0x00,0x00,0x00,0x00,0x00,0x00,0x00,
    0x00,0x00,0x00,0x00,0x00,0x00,0x00,0x00,0x00,0x00,0x00,0x00,0x00,0x00,0x00,0x00,
    0x00,0x00,0x00,0x00,0x00,0x00,0x00,0x00,0x00,0x00,0x00,0x00,0x00,0x00,0x00,0x00,
    0x00,0x00,0x00,0x00,0x00,0x00,0x00,0x00,0x00,0x00,0x00,0x00,0x00,0x00,0x00,0x00,
    0x00,0x00,0x00,0x00,0x00,0x00,0x00,0x00,0x00,0x00,0x00,0x00,0x00,0x00,0x00,0x00,
    0x00,0x00,0x00,0x00,0x00,0x00,0x00,0x00,0x00,0x00,0x00,0x00,0x00,0x00,0x00,0x00,
    0x00,0x00,0x00,0x00,0x00,0x00,0x00,0x00,0x00,0x00,0x00,0x00,0x00,0x00,0x00,0x00,
    0x00,0x00,0x00,0x00,0x00,0x00,0x00,0x00,0x00,0x00,0x00,0x00,0x00,0x00,0x00,0x00,
    0x00,0x00,0x00,0x00,0x00,0x00,0x00,0x00,0x00,0x00,0x00,0x00,0x00,0x00,0x00,0x00,
    0x00,0x00,0x00,0x00,0x00,0x00,0x00,0x00,0x00,0x00,0x00,0x00,0x00,0x00,0x00,0x00,
    0x00,0x00,0x00,0x00,0x00,0x00,0x00,0x00,0x00,0x00,0x00,0x00,0x00,0x00,0x00,0x00,
    0x00,0x00,0x00,0x00,0x00,0x00,0x00,0x00,0x00,0x00,0x00,0x00,0x00,0x00,0x00,0x00,
    0x00,0x00,0x00,0x00,0x00,0x00,0x00,0x00,0x00,0x00,0x00,0x00,0x00,0x00,0x00,0x00,
    0x00,0x00,0x00,0x00,0x00,0x00,0x00,0x00,0x00,0x00,0x00,0x00,0x00,0x00,0x00,0x00,
    0x00,0x00,0x00,0x00,0x00,0x00,0x00,0x00,0x00,0x00,0x00,0x00,0x00,0x00,0x00,0x00,
    0x00,0x00,0x00,0x00,0x00,0x00,0x00,0x00,0x00,0x00,0x00,0x00,0x00,0x00,0x00,0x00,
    0x00,0x00,0x00,0x00,0x00,0x00,0x00,0x00,0x00,0x00,0x00,0x00,0x00,0x00,0x00,0x00,
    0x00,0x00,0x00,0x00,0x00,0x00,0x00,0x00,0x00,0x00,0x00,0x00,0x00,0x00,0x00,0x00,
    0x00,0x00,0x00,0x00,0x00,0x00,0x00,0x00,0x00,0x00,0x00,0x00,0x00,0x00,0x00,0x00,
    0x00,0x00,0x00,0x00,0x00,0x00,0x00,0x00,0x00,0x00,0x00,0x00,0x00,0x00,0x00,0x00,
    0x00,0x00,0x00,0x00,0x00,0x00,0x00,0x00,0x00,0x00,0x40,0xff,0x00,0x00,0x40,0xff,
    0x00,0x00,0x40,0xff,0x00,0x00,0x00,0x00,0x00,0x00,0x00,0x00,0x00,0x00,0x00,0x00,
    0x00,0x00,0x00,0x00,0x00,0x00,0x00,0x00,0x00,0x00,0x00,0x00,0x00,0x00,0x00,0x00,
    0x00,0x00,0x00,0x00,0x00,0x00,0x00,0x00,0x00,0x00,0x00,0x00,0x00,0x00,0x00,0x00,
    0x00,0x00,0x00,0x00,0x00,0x00,0x00,0x00,0x00,0x00,0x00,0x00,0x00,0x00,0x00,0x00,
    0x00,0x00,0x00,0x00,0x00,0x00,0x00,0x00,0x00,0x00,0x00,0x00,0x00,0x00,0x00,0x00,
    0x00,0x00,0x00,0x00,0x00,0x00,0x00,0x00,0x00,0x00,0x00,0x00,0x00,0x00,0x00,0x00,
    0x00,0x00,0x00,0x00,0x00,0x00,0x00,0x00,0x00,0x00,0x00,0x00,0x00,0x00,0x00,0x00,
    0x00,0x00,0x00,0x00,0x00,0x00,0x00,0x00,0x00,0x00,0x00,0x00,0x00,0x00,0x00,0x00,
    0x00,0x00,0x00,0x00,0x00,0x00,0x00,0x00,0x00,0x00,0x00,0x00,0x00,0x00,0x00,0x00,
    0x00,0x00,0x00,0x00,0x00,0x00,0x00,0x00,0x00,0x00,0x00,0x00,0x00,0x00,0x00,0x00,
    0x00,0x00,0x00,0x00,0x00,0x00,0x00,0x00,0x00,0x00,0x00,0x00,0x00,0x00,0x00,0x00,
    0x00,0x00,0x00,0x00,0x00,0x00,0x00,0x00,0x00,0x00,0x00,0x00,0x00,0x00,0x00,0x00,
    0x00,0x00,0x00,0x00,0x00,0x00,0x00,0x00,0x00,0x00,0x00,0x00,0x00,0x00,0x00,0x00,
    0x00,0x00,0x00,0x00,0x00,0x00,0x00,0x00,0x00,0x00,0x00,0x00,0x00,0x00,0x00,0x00,
    0x00,0x00,0x00,0x00,0x00,0x00,0x00,0x00,0x00,0x00,0x00,0x00,0x00,0x00,0x00,0x00,
    0x00,0x00,0x00,0x00,0x00,0x00,0x00,0x00,0x00,0x00,0x00,0x00,0x00,0x00,0x00,0x00,
    0x00,0x00,0x00,0x00,0x00,0x00,0x00,0x00,0x00,0x00,0x00,0x00,0x00,0x00,0x00,0x00,
    0x00,0x00,0x00,0x00,0x00,0x00,0x00,0x00,0x00,0x00,0x00,0x00,0x00,0x00,0x00,0x00,
    0x00,0x00,0x00,0x00,0x00,0x00,0x00,0x00,0x00,0x00,0x00,0x00,0x00,0x00,0x00,0x00,
    0x00,0x00,0x00,0x00,0x00,0x00,0x00,0x00,0x00,0x00,0x00,0x00,0x00,0x00,0x00,0x00,
    0x00,0x00,0x00,0x00,0x00,0x00,0x00,0x00,0x00,0x00,0x00,0x00,0x00,0x00,0x00,0x00,
    0x00,0x00,0x00,0x00,0x00,0x00,0x00,0x00,0x00,0x00,0x00,0x00,0x00,0x00,0x00,0x00,
    0x00,0x00,0x00,0x00,0x00,0x00,0x00,0x00,0x00,0x00,0x00,0x00,0x00,0x00,0x00,0x00,
    0x00,0x00,0x00,0x00,0x00,0x00,0x00,0x00,0x00,0x00,0x00,0x00,0x00,0x00,0x00,0x00,
    0x00,0x00,0x00,0x00,0x00,0x00,0x00,0x00,0x00,0x00,0x00,0x00,0x00,0x00,0x00,0x00,
    0x00,0x00,0x00,0x00,0x00,0x00,0x00,0x00,0x00,0x00,0x00,0x00,0x00,0x00,0x00,0x00,
    0x00,0x00,0x00,0x00,0x00,0x00,0x00,0x00,0x00,0x00,0x00,0x00,0x00,0x00,0x00,0x00,
    0x00,0x00,0x00,0x00,0x00,0x00,0x00,0x00,0x00,0x00,0x00,0x00,0x00,0x00,0x00,0x00,
    0x00,0x00,0x00,0x00,0x00,0x00,0x00,0x00,0x00,0x00,0x00,0x00,0x00,0x00,0x00,0x00,
    0x00,0x00,0x00,0x00,0x00,0x00,0x00,0x00,0x00,0x00,0x00,0x00,0x00,0x00,0x00,0x00,
    0x00,0x00,0x00,0x00,0x00,0x00,0x00,0x00,0x00,0x00,0x00,0x00,0x00,0x00,0x00,0x00,
    0x00,0x00,0x00,0x00,0x00,0x00,0x00,0x00,0x00,0x00,0x00,0x00,0x00,0x00,0x00,0x00,
    0x00,0x00,0x00,0x00,0x00,0x00,0x00,0x00,0x00,0x00,0x00,0x00,0x00,0x00,0x00,0x00,
    0x00,0x00,0x00,0x00,0x00,0x00,0x00,0x00,0x00,0x00,0x00,0x00,0x00,0x00,0x00,0x00,
    0x00,0x00,0x00,0x00,0x00,0x00,0x00,0x00,0x00,0x00,0x00,0x00,0x00,0x00,0x00,0x00,
    0x00,0x00,0x00,0x00,0x00,0x00,0x00,0x00,0x00,0x00,0x00,0x00,0x00,0x00,0x00,0x00,
    0x00,0x00,0x00,0x00,0x00,0x00,0x00,0x00,0x00,0x00,0x00,0x00,0x00,0x00,0x00,0x00,
    0x00,0x00,0x00,0x00,0x00,0x00,0x00,0x00,0x00,0x00,0x00,0x00,0x00,0x00,0x00,0x00,
    0x00,0x00,0x00,0x00,0x00,0x00,0x00,0x00,0x00,0x00,0x00,0x00,0x00,0x00,0x00,0x00,
    0x00,0x00,0x00,0x00,0x00,0x00,0x00,0x00,0x00,0x00,0x00,0x00,0x00,0x00,0x00,0x00,
    0x00,0x00,0x00,0x00,0x00,0x00,0x00,0x00,0x00,0x00,0x00,0x00,0x00,0x00,0x00,0x00,
    0x00,0x00,0x00,0x00,0x00,0x00,0x00,0x00,0x00,0x00,0x00,0x00,0x00,0x00,0x00,0x00,
    0x00,0x00,0x00,0x00,0x00,0x00,0x00,0x00,0x00,0x00,0x00,0x00,0x00,0x00,0x00,0x00,
    0x00,0x00,0x00,0x00,0x00,0x00,0x00,0x00,0x00,0x00,0x00,0x00,0x00,0x00,0x00,0x00,
    0x00,0x00,0x00,0x00,0x00,0x00,0x00,0x00,0x00,0x00,0x00,0x00,0x00,0x00,0x00,0x00,
    0x00,0x00,0x00,0x00,0x00,0x00,0x00,0x00,0x00,0x00,0x00,0x00,0x00,0x00,0x00,0x00,
    0x00,0x00,0x00,0x00,0x00,0x00,0x00,0x00,0x00,0x00,0x00,0x00,0x00,0x00,0x00,0x00,
    0x00,0x00,0x00,0x00,0x00,0x00,0x00,0x00,0x00,0x00,0x00,0x00,0x00,0x00,0x00,0x00,
    0x00,0x00,0x00,0x00,0x00,0x00,0x00,0x00,0x00,0x00,0x00,0x00,0x00,0x00,0x00,0x00,
    0x00,0x00,0x00,0x00,0x00,0x00,0x00,0x00,0x00,0x00,0x00,0x00,0x00,0x00,0x00,0x00,
    0x00,0x00,0x00,0x00,0x00,0x00,0x00,0x00,0x00,0x00,0x00,0x00,0x00,0x00,0x00,0x00,
    0x00,0x00,0x00,0x00,0x00,0x00,0x00,0x00,0x00,0x00,0x00,0x00,0x00,0x00,0x00,0x00,
    0x00,0x00,0x00,0x00,0x00,0x00,0x00,0x00,0x00,0x00,0x00,0x00,0x00,0x00,0x00,0x00,
    0x00,0x00,0x00,0x00,0x00,0x00,0x00,0x00,0x00,0x00,0x00,0x00,0x00,0x00,0x00,0x00,
    0x00,0x00,0x00,0x00,0x00,0x00,0x00,0x00,0x00,0x00,0x00,0x00,0x00,0x00,0x00,0x00,
    0x00,0x00,0x00,0x00,0x00,0x00,0x00,0x00,0x00,0x00,0x00,0x00,0x00,0x00,0x00,0x00,
    0x00,0x00,0x00,0x00,0x00,0x00,0x00,0x00,0x00,0x00,0x00,0x00,0x00,0x00,0x00,0x00,
    0x00,0x00,0x00,0x00,0x00,0x00,0x00,0x00,0x00,0x00,0x00,0x00,0x00,0x00,0x00,0x00,
    0x00,0x00,0x00,0x00,0x00,0x00,0x00,0x00,0x00,0x00,0x00,0x00,0x00,0x00,0x00,0x00,
    0x00,0x00,0x00,0x00,0x00,0x00,0x00,0x00,0x00,0x00,0x00,0x00,0x00,0x00,0x00,0x00,
    0x00,0x00,0x00,0x00,0x00,0x00,0x00,0x00,0x00,0x00,0x00,0x00,0x00,0x00,0x00,0x00,
    0x00,0x00,0x00,0x00,0x00,0x00,0x00,0x00,0x00,0x00,0x00,0x00,0x00,0x00,0x00,0x00,
    0x00,0x00,0x00,0x00,0x00,0x00,0x00,0x00,0x00,0x00,0x00,0x00,0x00,0x00,0x00,0x00,
    0x00,0x00,0x00,0x00,0x00,0x00,0x00,0x00,0x00,0x00,0x00,0x00,0x00,0x00,0x00,0x00,
    0x00,0x00,0x00,0x00,0x00,0x00,0x00,0x00,0x00,0x00,0x00,0x00,0x00,0x00,0x00,0x00,
    0x00,0x00,0x00,0x00,0x00,0x00,0x00,0x00,0x00,0x00,0x00,0x00,0x00,0x00,0x00,0x00,
    0x00,0x00,0x00,0x00,0x00,0x00,0x00,0x00,0x00,0x00,0x00,0x00,0x00,0x00,0x00,0x00,
    0x00,0x00,0x00,0x00,0x00,0x00,0x00,0x00,0x00,0x00,0x00,0x00,0x00,0x00,0x00,0x00,
    0x00,0x00,0x00,0x00,0x00,0x00,0x00,0x00,0x00,0x00,0x00,0x00,0x00,0x00,0x00,0x00,
    0x00,0x00,0x00,0x00,0x00,0x00,0x00,0x00,0x00,0x00,0x00,0x00,0x00,0x00,0x00,0x00,
    0x00,0x00,0x00,0x00,0x00,0x00,0x00,0x00,0x00,0x00,0x00,0x00,0x00,0x00,0x00,0x00,
    0x00,0x00,0x00,0x00,0x00,0x00,0x00,0x00,0x00,0x00,0x00,0x00,0x00,0x00,0x00,0x00,
    0x00,0x00,0x00,0x00,0x00,0x00,0x00,0x00,0x00,0x00,0x00,0x00,0x00,0x00,0x00,0x00,
    0x00,0x00,0x00,0x00,0x00,0x00,0x00,0x00,0x00,0x00,0x00,0x00,0x00,0x00,0x00,0x00,
    0x00,0x00,0x00,0x00,0x00,0x00,0x00,0x00,0x00,0x00,0x00,0x00,0x00,0x00,0x00,0x00,
    0x00,0x00,0x00,0x00,0x00,0x00,0x00,0x00,0x00,0x00,0x00,0x00,0x00,0x00,0x00,0x00,
    0x00,0x00,0x00,0x00,0x00,0x00,0x00,0x00,0x00,0x00,0x00,0x00,0x00,0x00,0x00,0x00,
    0x00,0x00,0x00,0x00,0x00,0x00,0x00,0x00,0x00,0x00,0x00,0x00,0x00,0x00,0x00,0x00,
    0x00,0x00,0x00,0x00,0x00,0x00,0x00,0x00,0x00,0x00,0x00,0x00,0x00,0x00,0x00,0x00,
    0x00,0x00,0x00,0x00,0x00,0x00,0x00,0x00,0x00,0x00,0x00,0x00,0x00,0x00,0x00,0x00,
    0x00,0x00,0x00,0x00,0x00,0x00,0x00,0x00,0x00,0x00,0x00,0x00,0x00,0x00,0x00,0x00,
    0x00,0x00,0x00,0x00,0x00,0x00,0x00,0x00,0x00,0x00,0x00,0x00,0x00,0x00,0x00,0x00,
    0x00,0x00,0x00,0x00,0x00,0x00,0x00,0x00,0x00,0x00,0x00,0x00,0x00,0x00,0x00,0x00,
    0x00,0x00,0x00,0x00,0x00,0x00,0x00,0x00,0x00,0x00,0x00,0x00,0x00,0x00,0x00,0x00,
    0x00,0x00,0x00,0x00,0x00,0x00,0x00,0x00,0x00,0x00,0x00,0x00,0x00,0x00,0x00,0x00,
    0x00,0x00,0x00,0x00,0x00,0x00,0x00,0x00,0x00,0x00,0x00,0x00,0x00,0x00,0x00,0x00,
    0x00,0x00,0x00,0x00,0x00,0x00,0x00,0x00,0x00,0x00,0x00,0x00,0x00,0x00,0x00,0x00,
    0x00,0x00,0x00,0x00,0x00,0x00,0x00,0x00,0x00,0x00,0x00,0x00,0x00,0x00,0x00,0x00,
    0x00,0x00,0x00,0x00,0x00,0x00,0x00,0x00,0x00,0x00,0x00,0x00,0x00,0x00,0x00,0x00,
    0x00,0x00,0x00,0x00,0x00,0x00,0x00,0x00,0x00,0x00,0x00,0x00,0x00,0x00,0x00,0x00,
    0x00,0x00,0x00,0x00,0x00,0x00,0x00,0x00,0x00,0x00,0x00,0x00,0x00,0x00,0x00,0x00,
    0x00,0x00,0x00,0x00,0x00,0x00,0x00,0x00,0x00,0x00,0x00,0x00,0x00,0x00,0x00,0x00,
    0x00,0x00,0x00,0x00,0x00,0x00,0x00,0x00,0x00,0x00,0x00,0x00,0x00,0x00,0x00,0x00,
    0x00,0x00,0x00,0x00,0x00,0x00,0x00,0x00,0x00,0x00,0x00,0x00,0x00,0x00,0x00,0x00,
    0x00,0x00,0x00,0x00,0x00,0x00,0x00,0x00,0x00,0x00,0x00,0x00,0x00,0x00,0x00,0x00,
    0x00,0x00,0x00,0x00,0x00,0x00,0x00,0x00,0x00,0x00,0x00,0x00,0x00,0x00,0x00,0x00,
    0x00,0x00,0x00,0x00,0x00,0x00,0x00,0x00,0x00,0x00,0x00,0x00,0x00,0x00,0x00,0x00,
    0x00,0x00,0x00,0x00,0x00,0x00,0x00,0x00,0x00,0x00,0x00,0x00,0x00,0x00,0x00,0x00,
    0x00,0x00,0x00,0x00,0x00,0x00,0x00,0x00,0x00,0x00,0x00,0x00,0x00,0x00,0x00,0x00,
    0x00,0x00,0x00,0x00,0x00,0x00,0x00,0x00,0x00,0x00,0x00,0x00,0x00,0x00,0x00,0x00,
    0x00,0x00,0x00,0x00,0x00,0x00,0x00,0x00,0x00,0x00,0x00,0x00,0x00,0x00,0x00,0x00,
    0x00,0x00,0x00,0x00,0x00,0x00,0x00,0x00,0x00,0x00,0x00,0x00,0x00,0x00,0x00,0x00,
    0x00,0x00,0x00,0x00,0x00,0x00,0x00,0x00,0x00,0x00,0x00,0x00,0x00,0x00,0x00,0x00,
    0x00,0x00,0x00,0x00,0x00,0x00,0x00,0x00,0x00,0x00,0x00,0x00,0x00,0x00,0x00,0x00,
    0x00,0x00,0x00,0x00,0x00,0x00,0x00,0x00,0x00,0x00,0x00,0x00,0x00,0x00,0x00,0x00,
    0x00,0x00,0x00,0x00,0x00,0x00,0x00,0x00,0x00,0x00,0x00,0x00,0x00,0x00,0x00,0x00,
    0x00,0x00,0x00,0x00,0x00,0x00,0x00,0x00,0x00,0x00,0x00,0x00,0x00,0x00,0x00,0x00,
    0x00,0x00,0x00,0x00,0x00,0x00,0x00,0x00,0x00,0x00,0x00,0x00,0x00,0x00,0x00,0x00,
    0x00,0x00,0x00,0x00,0x00,0x00,0x00,0x00,0x00,0x00,0x00,0x00,0x00,0x00,0x00,0x00,
    0x00,0x00,0x00,0x00,0x00,0x00,0x00,0x00,0x00,0x00,0x00,0x00,0x00,0x00,0x00,0x00,
    0x00,0x00,0x00,0x00,0x00,0x00,0x00,0x00,0x00,0x00,0x00,0x00,0x00,0x00,0x00,0x00,
    0x00,0x00,0x00,0x00,0x00,0x00,0x00,0x00,0x00,0x00,0x00,0x00,0x00,0x00,0x40,0xff,
    0x00,0x00,0x40,0xff,0x00,0x00,0x40,0xff,0x00,0x00,0x40,0xff,0x00,0x00,0x00,0x00,
    0x00,0x00,0x00,0x00,0x00,0x00,0x00,0x00,0x00,0x00,0x00,0x00,0x00,0x00,0x00,0x00,
    0x00,0x00,0x00,0x00,0x00,0x00,0x00,0x00,0x00,0x00,0x00,0x00,0x00,0x00,0x00,0x00,
    0x00,0x00,0x00,0x00,0x00,0x00,0x00,0x00,0x00,0x00,0x00,0x00,0x00,0x00,0x00,0x00,
    0x00,0x00,0x00,0x00,0x00,0x00,0x00,0x00,0x00,0x00,0x00,0x00,0x00,0x00,0x00,0x00,
    0x00,0x00,0x00,0x00,0x00,0x00,0x00,0x00,0x00,0x00,0x00,0x00,0x00,0x00,0x00,0x00,
    0x00,0x00,0x00,0x00,0x00,0x00,0x40,0xff,0x00,0x00,0x40,0xff,0x00,0x00,0x40,0xff,
    0x00,0x00,0x40,0xff,0x00,0x00,0x00,0x00,0x00,0x00,0x00,0x00,0x00,0x00,0x00,0x00,
    0x00,0x00,0x00,0x00,0x00,0x00,0x00,0x00,0x00,0x00,0x00,0x00,0x00,0x00,0x00,0x00,
    0x00,0x00,0x00,0x00,0x00,0x00,0x00,0x00,0x00,0x00,0x00,0x00,0x00,0x00,0x00,0x00,
    0x00,0x00,0x00,0x00,0x00,0x00,0x00,0x00,0x00,0x00,0x00,0x00,0x00,0x00,0x40,0xff,
    0x00,0x00,0x40,0xff,0x60,0x60,0xa0,0xff,0x60,0x60,0xa0,0xff,0x20,0x20,0xe0,0xff,
    0x00,0x00,0x40,0xff,0x00,0x00,0x00,0x00,0x00,0x00,0x00,0x00,0x00,0x00,0x00,0x00,
    0x00,0x00,0x00,0x00,0x00,0x00,0x00,0x00,0x00,0x00,0x00,0x00,0x00,0x00,0x00,0x00,
    0x00,0x00,0x00,0x00,0x00,0x00,0x00,0x00,0x00,0x00,0x00,0x00,0x00,0x00,0x00,0x00,
    0x00,0x00,0x00,0x00,0x00,0x00,0x00,0x00,0x00,0x00,0x00,0x00,0x00,0x00,0x00,0x00,
    0x00,0x00,0x00,0x00,0x00,0x00,0x00,0x00,0x00,0x00,0x00,0x00,0x00,0x00,0x00,0x00,
    0x00,0x00,0x00,0x00,0x00,0x00,0x00,0x00,0x00,0x00,0x00,0x00,0x00,0x00,0x00,0x00,
    0x00,0x00,0x00,0x00,0x00,0x00,0x00,0x00,0x00,0x00,0x00,0x00,0x00,0x00,0x00,0x00,
    0x00,0x00,0x00,0x00,0x00,0x00,0x00,0x00,0x00,0x00,0x00,0x00,0x00,0x00,0x00,0x00,
    0x00,0x00,0x00,0x00,0x00,0x00,0x00,0x00,0x00,0x00,0x00,0x00,0x00,0x00,0x00,0x00,
    0x00,0x00,0x00,0x00,0x00,0x00,0x00,0x00,0x00,0x00,0x00,0x00,0x00,0x00,0x00,0x00,
    0x00,0x00,0x00,0x00,0x00,0x00,0x00,0x00,0x00,0x00,0x00,0x00,0x00,0x00,0x00,0x00,
    0x00,0x00,0x00,0x00,0x00,0x00,0x00,0x00,0x00,0x00,0x00,0x00,0x00,0x00,0x40,0xff,
    0x00,0x00,0x40,0xff,0x00,0x00,0x40,0xff,0x00,0x00,0x40,0xff,0x00,0x00,0x00,0x00,
    0x00,0x00,0x00,0x00,0x00,0x00,0x00,0x00,0x00,0x00,0x00,0x00,0x00,0x00,0x00,0x00,
    0x00,0x00,0x00,0x00,0x00,0x00,0x00,0x00,0x00,0x00,0x00,0x00,0x00,0x00,0x00,0x00,
    0x00,0x00,0x00,0x00,0x00,0x00,0x00,0x00,0x00,0x00,0x00,0x00,0x00,0x00,0x00,0x00,
    0x00,0x00,0x00,0x00,0x00,0x00,0x00,0x00,0x00,0x00,0x00,0x00,0x00,0x00,0x00,0x00,
    0x00,0x00,0x00,0x00,0x00,0x00,0x00,0x00,0x00,0x00,0x00,0x00,0x00,0x00,0x00,0x00,
    0x00,0x00,0x00,0x00,0x00,0x00,0x00,0x00,0x00,0x00,0x00,0x00,0x00,0x00,0x00,0x00,
    0x00,0x00,0x00,0x00,0x00,0x00,0x00,0x00,0x00,0x00,0x00,0x00,0x00,0x00,0x00,0x00,
    0x00,0x00,0x00,0x00,0x00,0x00,0x00,0x00,0x00,0x00,0x00,0x00,0x00,0x00,0x00,0x00,
    0x00,0x00,0x00,0x00,0x00,0x00,0x00,0x00,0x00,0x00,0x00,0x00,0x00,0x00,0x00,0x00,
    0x00,0x00,0x00,0x00,0x00,0x00,0x00,0x00,0x00,0x00,0x00,0x00,0x00,0x00,0x00,0x00,
    0x00,0x00,0x00,0x00,0x00,0x00,0x00,0x00,0x00,0x00,0x00,0x00,0x00,0x00,0x00,0x00,
    0x00,0x00,0x00,0x00,0x00,0x00,0x00,0x00,0x00,0x00,0x00,0x00,0x00,0x00,0x00,0x00,
    0x00,0x00,0x00,0x00,0x00,0x00,0x00,0x00,0x00,0x00,0x00,0x00,0x00,0x00,0x00,0x00,
    0x00,0x00,0x00,0x00,0x00,0x00,0x00,0x00,0x00,0x00,0x00,0x00,0x00,0x00,0x00,0x00,
    0x00,0x00,0x00,0x00,0x00,0x00,0x00,0x00,0x00,0x00,0x00,0x00,0x00,0x00,0x00,0x00,
    0x00,0x00,0x00,0x00,0x00,0x00,0x00,0x00,0x00,0x00,0x00,0x00,0x00,0x00,0x00,0x00,
    0x00,0x00,0x00,0x00,0x00,0x00,0x00,0x00,0x00,0x00,0x00,0x00,0x00,0x00,0x00,0x00,
    0x00,0x00,0x00,0x00,0x00,0x00,0x00,0x00,0x00,0x00,0x00,0x00,0x00,0x00,0x00,0x00,
    0x00,0x00,0x00,0x00,0x00,0x00,0x00,0x00,0x00,0x00,0x00,0x00,0x00,0x00,0x00,0x00,
    0x00,0x00,0x00,0x00,0x00,0x00,0x00,0x00,0x00,0x00,0x00,0x00,0x00,0x00,0x00,0x00,
    0x00,0x00,0x00,0x00,0x00,0x00,0x00,0x00,0x00,0x00,0x00,0x00,0x00,0x00,0x00,0x00,
    0x00,0x00,0x00,0x00,0x00,0x00,0x00,0x00,0x00,0x00,0x00,0x00,0x00,0x00,0x00,0x00,
    0x00,0x00,0x00,0x00,0x00,0x00,0x00,0x00,0x00,0x00,0x00,0x00,0x00,0x00,0x00,0x00,
    0x00,0x00,0x00,0x00,0x00,0x00,0x00,0x00,0x00,0x00,0x00,0x00,0x00,0x00,0x00,0x00,
    0x00,0x00,0x00,0x00,0x00,0x00,0x00,0x00,0x00,0x00,0x00,0x00,0x00,0x00,0x00,0x00,
    0x00,0x00,0x00,0x00,0x00,0x00,0x00,0x00,0x00,0x00,0x00,0x00,0x00,0x00,0x00,0x00,
    0x00,0x00,0x00,0x00,0x00,0x00,0x00,0x00,0x00,0x00,0x00,0x00,0x00,0x00,0x00,0x00,
    0x00,0x00,0x00,0x00,0x00,0x00,0x00,0x00,0x00,0x00,0x00,0x00,0x00,0x00,0x00,0x00,
    0x00,0x00,0x00,0x00,0x00,0x00,0x00,0x00,0x00,0x00,0x00,0x00,0x00,0x00,0x00,0x00,
    0x00,0x00,0x00,0x00,0x00,0x00,0x00,0x00,0x00,0x00,0x00,0x00,0x00,0x00,0x00,0x00,
    0x00,0x00,0x00,0x00,0x00,0x00,0x00,0x00,0x00,0x00,0x00,0x00,0x00,0x00,0x00,0x00,
    0x00,0x00,0x00,0x00,0x00,0x00,0x00,0x00,0x00,0x00,0x00,0x00,0x00,0x00,0x00,0x00,
    0x00,0x00,0x00,0x00,0x00,0x00,0x00,0x00,0x00,0x00,0x00,0x00,0x00,0x00,0x00,0x00,
    0x00,0x00,0x00,0x00,0x00,0x00,0x00,0x00,0x00,0x00,0x00,0x00,0x00,0x00,0x00,0x00,
    0x00,0x00,0x00,0x00,0x00,0x00,0x00,0x00,0x00,0x00,0x00,0x00,0x00,0x00,0x00,0x00,
    0x00,0x00,0x00,0x00,0x00,0x00,0x00,0x00,0x00,0x00,0x00,0x00,0x00,0x00,0x00,0x00,
    0x00,0x00,0x00,0x00,0x00,0x00,0x00,0x00,0x00,0x00,0x00,0x00,0x00,0x00,0x00,0x00,
    0x00,0x00,0x00,0x00,0x00,0x00,0x00,0x00,0x00,0x00,0x00,0x00,0x00,0x00,0x00,0x00,
    0x00,0x00,0x00,0x00,0x00,0x00,0x00,0x00,0x00,0x00,0x00,0x00,0x00,0x00,0x00,0x00,
    0x00,0x00,0x00,0x00,0x00,0x00,0x00,0x00,0x00,0x00,0x00,0x00,0x00,0x00,0x00,0x00,
    0x00,0x00,0x00,0x00,0x00,0x00,0x00,0x00,0x00,0x00,0x00,0x00,0x00,0x00,0x00,0x00,
    0x00,0x00,0x00,0x00,0x00,0x00,0x00,0x00,0x00,0x00,0x00,0x00,0x00,0x00,0x00,0x00,
    0x00,0x00,0x00,0x00,0x00,0x00,0x40,0xff,0x00,0x00,0x40,0xff,0x00,0x00,0x40,0xff,
    0x00,0x00,0x40,0xff,0x00,0x00,0x00,0x00,0x00,0x00,0x00,0x00,0x00,0x00,0x00,0x00,
    0x00,0x00,0x00,0x00,0x00,0x00,0x00,0x00,0x00,0x00,0x00,0x00,0x00,0x00,0x00,0x00,
    0x00,0x00,0x00,0x00,0x00,0x00,0x00,0x00,0x00,0x00,0x00,0x00,0x00,0x00,0x00,0x00,
    0x00,0x00,0x00,0x00,0x00,0x00,0x00,0x00,0x00,0x00,0x00,0x00,0x00,0x00,0x00,0x00,
    0x00,0x00,0x00,0x00,0x00,0x00,0x00,0x00,0x00,0x00,0x00,0x00,0x00,0x00,0x00,0x00,
    0x00,0x00,0x00,0x00,0x00,0x00,0x00,0x00,0x00,0x00,0x00,0x00,0x00,0x00,0x00,0x00,
    0x00,0x00,0x00,0x00,0x00,0x00,0x00,0x00,0x00,0x00,0x00,0x00,0x00,0x00,0x00,0x00,
    0x00,0x00,0x00,0x00,0x00,0x00,0x00,0x00,0x00,0x00,0x00,0x00,0x00,0x00,0x00,0x00,
    0x00,0x00,0x00,0x00,0x00,0x00,0x00,0x00,0x00,0x00,0x00,0x00,0x00,0x00,0x00,0x00,
    0x00,0x00,0x00,0x00,0x00,0x00,0x00,0x00,0x00,0x00,0x00,0x00,0x00,0x00,0x00,0x00,
    0x00,0x00,0x00,0x00,0x00,0x00,0x00,0x00,0x00,0x00,0x00,0x00,0x00,0x00,0x00,0x00,
    0x00,0x00,0x00,0x00,0x00,0x00,0x40,0xff,0x20,0x20,0xe0,0xff,0x60,0x60,0xa0,0xff,
    0x60,0x60,0xa0,0xff,0x00,0x00,0x40,0xff,0x00,0x00,0x40,0xff,0x00,0x00,0x00,0x00,
    0x00,0x00,0x00,0x00,0x00,0x00,0x00,0x00,0x00,0x00,0x00,0x00,0x00,0x00,0x00,0x00,
    0x00,0x00,0x00,0x00,0x00,0x00,0x00,0x00,0x00,0x00,0x00,0x00,0x00,0x00,0x00,0x00,
    0x00,0x00,0x00,0x00,0x00,0x00,0x00,0x00,0x00,0x00,0x00,0x00,0x00,0x00,0x00,0x00,
    0x00,0x00,0x00,0x00,0x00,0x00,0x40,0xff,0x00,0x00,0x40,0xff,0x00,0x00,0x40,0xff,
    0x00,0x00,0x40,0xff,0x00,0x00,0x00,0x00,0x00,0x00,0x00,0x00,0x00,0x00,0x00,0x00,
    0x00,0x00,0x00,0x00,0x00,0x00,0x00,0x00,0x00,0x00,0x00,0x00,0x00,0x00,0x00,0x00,
    0x00,0x00,0x00,0x00,0x00,0x00,0x00,0x00,0x00,0x00,0x00,0x00,0x00,0x00,0x00,0x00,
    0x00,0x00,0x00,0x00,0x00,0x00,0x00,0x00,0x00,0x00,0x00,0x00,0x00,0x00,0x00,0x00,
    0x00,0x00,0x00,0x00,0x00,0x00,0x00,0x00,0x00,0x00,0x00,0x00,0x00,0x00,0x00,0x00,
    0x00,0x00,0x00,0x00,0x00,0x00,0x00,0x00,0x00,0x00,0x00,0x00,0x00,0x00,0x00,0x00,
    0x00,0x00,0x00,0x00,0x00,0x00,0x40,0xff,0x00,0x00,0x40,0xff,0x00,0x00,0x40,0xff,
    0x00,0x00,0x40,0xff,0x00,0x00,0x00,0x00,0x00,0x00,0x00,0x00,0x00,0x00,0x00,0x00,
    0x00,0x00,0x00,0x00,0x00,0x00,0x00,0x00,0x00,0x00,0x00,0x00,0x00,0x00,0x00,0x00,
    0x00,0x00,0x00,0x00,0x00,0x00,0x00,0x00,0x00,0x00,0x00,0x00,0x00,0x00,0x00,0x00,
    0x00,0x00,0x00,0x00,0x00,0x00,0x00,0x00,0x00,0x00,0x00,0x00,0x00,0x00,0x00,0x00,
    0x00,0x00,0x00,0x00,0x00,0x00,0x00,0x00,0x00,0x00,0x00,0x00,0x00,0x00,0x00,0x00,
    0x00,0x00,0x00,0x00,0x00,0x00,0x00,0x00,0x00,0x00,0x00,0x00,0x00,0x00,0x00,0x00,
    0x00,0x00,0x00,0x00,0x00,0x00,0x00,0x00,0x00,0x00,0x00,0x00,0x00,0x00,0x00,0x00,
    0x00,0x00,0x00,0x00,0x00,0x00,0x00,0x00,0x00,0x00,0x00,0x00,0x00,0x00,0x00,0x00,
    0x00,0x00,0x00,0x00,0x00,0x00,0x00,0x00,0x00,0x00,0x00,0x00,0x00,0x00,0x00,0x00,
    0x00,0x00,0x00,0x00,0x00,0x00,0x00,0x00,0x00,0x00,0x00,0x00,0x00,0x00,0x00,0x00,
    0x00,0x00,0x00,0x00,0x00,0x00,0x00,0x00,0x00,0x00,0x00,0x00,0x00,0x00,0x00,0x00,
    0x00,0x00,0x00,0x00,0x00,0x00,0x00,0x00,0x00,0x00,0x00,0x00,0x00,0x00,0x00,0x00,
    0x00,0x00,0x00,0x00,0x00,0x00,0x00,0x00,0x00,0x00,0x00,0x00,0x00,0x00,0x00,0x00,
    0x00,0x00,0x00,0x00,0x00,0x00,0x00,0x00,0x00,0x00,0x00,0x00,0x00,0x00,0x00,0x00,
    0x00,0x00,0x00,0x00,0x00,0x00,0x00,0x00,0x00,0x00,0x00,0x00,0x00,0x00,0x00,0x00,
    0x00,0x00,0x00,0x00,0x00,0x00,0x00,0x00,0x00,0x00,0x00,0x00,0x00,0x00,0x00,0x00,
    0x00,0x00,0x00,0x00,0x00,0x00,0x00,0x00,0x00,0x00,0x00,0x00,0x00,0x00,0x00,0x00,
    0x00,0x00,0x00,0x00,0x00,0x00,0x00,0x00,0x00,0x00,0x00,0x00,0x00,0x00,0x00,0x00,
    0x00,0x00,0x00,0x00,0x00,0x00,0x00,0x00,0x00,0x00,0x00,0x00,0x00,0x00,0x00,0x00,
    0x00,0x00,0x00,0x00,0x00,0x00,0x00,0x00,0x00,0x00,0x00,0x00,0x00,0x00,0x00,0x00,
    0x00,0x00,0x00,0x00,0x00,0x00,0x00,0x00,0x00,0x00,0x00,0x00,0x00,0x00,0x00,0x00,
    0x00,0x00,0x00,0x00,0x00,0x00,0x00,0x00,0x00,0x00,0x00,0x00,0x00,0x00,0x00,0x00,
    0x00,0x00,0x00,0x00,0x00,0x00,0x00,0x00,0x00,0x00,0x00,0x00,0x00,0x00,0x00,0x00,
    0x00,0x00,0x00,0x00,0x00,0x00,0x00,0x00,0x00,0x00,0x00,0x00,0x00,0x00,0x00,0x00,
    0x00,0x00,0x00,0x00,0x00,0x00,0x00,0x00,0x00,0x00,0x00,0x00,0x00,0x00,0x00,0x00,
    0x00,0x00,0x00,0x00,0x00,0x00,0x00,0x00,0x00,0x00,0x00,0x00,0x00,0x00,0x00,0x00,
    0x00,0x00,0x00,0x00,0x00,0x00,0x00,0x00,0x00,0x00,0x00,0x00,0x00,0x00,0x00,0x00,
    0x00,0x00,0x00,0x00,0x00,0x00,0x00,0x00,0x00,0x00,0x00,0x00,0x00,0x00,0x00,0x00,
    0x00,0x00,0x00,0x00,0x00,0x00,0x00,0x00,0x00,0x00,0x00,0x00,0x00,0x00,0x00,0x00,
    0x00,0x00,0x00,0x00,0x00,0x00,0x00,0x00,0x00,0x00,0x00,0x00,0x00,0x00,0x00,0x00,
    0x00,0x00,0x00,0x00,0x00,0x00,0x00,0x00,0x00,0x00,0x00,0x00,0x00,0x00,0x00,0x00,
    0x00,0x00,0x00,0x00,0x00,0x00,0x00,0x00,0x00,0x00,0x00,0x00,0x00,0x00,0x00,0x00,
    0x00,0x00,0x00,0x00,0x00,0x00,0x00,0x00,0x00,0x00,0x00,0x00,0x00,0x00,0x00,0x00,
    0x00,0x00,0x00,0x00,0x00,0x00,0x00,0x00,0x00,0x00,0x00,0x00,0x00,0x00,0x00,0x00,
    0x00,0x00,0x00,0x00,0x00,0x00,0x00,0x00,0x00,0x00,0x00,0x00,0x00,0x00,0x00,0x00,
    0x00,0x00,0x00,0x00,0x00,0x00,0x00,0x00,0x00,0x00,0x00,0x00,0x00,0x00,0x00,0x00,
    0x00,0x00,0x00,0x00,0x00,0x00,0x00,0x00,0x00,0x00,0x00,0x00,0x00,0x00,0x00,0x00,
    0x00,0x00,0x00,0x00,0x00,0x00,0x00,0x00,0x00,0x00,0x00,0x00,0x00,0x00,0x00,0x00,
    0x00,0x00,0x00,0x00,0x00,0x00,0x00,0x00,0x00,0x00,0x00,0x00,0x00,0x00,0x00,0x00,
    0x00,0x00,0x00,0x00,0x00,0x00,0x00,0x00,0x00,0x00,0x00,0x00,0x00,0x00,0x00,0x00,
    0x00,0x00,0x00,0x00,0x00,0x00,0x00,0x00,0x00,0x00,0x00,0x00,0x00,0x00,0x00,0x00,
    0x00,0x00,0x00,0x00,0x00,0x00,0x00,0x00,0x00,0x00,0x00,0x00,0x00,0x00,0x00,0x00,
    0x00,0x00,0x00,0x00,0x00,0x00,0x00,0x00,0x00,0x00,0x00,0x00,0x00,0x00,0x00,0x00,
    0x00,0x00,0x00,0x00,0x00,0x00,0x00,0x00,0x00,0x00,0x00,0x00,0x00,0x00,0x00,0x00,
    0x00,0x00,0x00,0x00,0x00,0x00,0x00,0x00,0x00,0x00,0x00,0x00,0x00,0x00,0x00,0x00,
    0x00,0x00,0x00,0x00,0x00,0x00,0x00,0x00,0x00,0x00,0x00,0x00,0x00,0x00,0x00,0x00,
    0x00,0x00,0x00,0x00,0x00,0x00,0x00,0x00,0x00,0x00,0x00,0x00,0x00,0x00,0x00,0x00,
    0x00,0x00,0x00,0x00,0x00,0x00,0x00,0x00,0x00,0x00,0x00,0x00,0x00,0x00,0x00,0x00,
    0x00,0x00,0x00,0x00,0x00,0x00,0x00,0x00,0x00,0x00,0x00,0x00,0x00,0x00,0x00,0x00,
    0x00,0x00,0x00,0x00,0x00,0x00,0x00,0x00,0x00,0x00,0x00,0x00,0x00,0x00,0x00,0x00,
    0x00,0x00,0x00,0x00,0x00,0x00,0x00,0x00,0x00,0x00,0x00,0x00,0x00,0x00,0x00,0x00,
    0x00,0x00,0x00,0x00,0x00,0x00,0x00,0x00,0x00,0x00,0x00,0x00,0x00,0x00,0x00,0x00,
    0x00,0x00,0x00,0x00,0x00,0x00,0x00,0x00,0x00,0x00,0x00,0x00,0x00,0x00,0x00,0x00,
    0x00,0x00,0x00,0x00,0x00,0x00,0x00,0x00,0x00,0x00,0x00,0x00,0x00,0x00,0x00,0x00,
    0x00,0x00,0x00,0x00,0x00,0x00,0x00,0x00,0x00,0x00,0x00,0x00,0x00,0x00,0x00,0x00,
    0x00,0x00,0x00,0x00,0x00,0x00,0x00,0x00,0x00,0x00,0x00,0x00,0x00,0x00,0x00,0x00,
    0x00,0x00,0x00,0x00,0x00,0x00,0x00,0x00,0x00,0x00,0x00,0x00,0x00,0x00,0x00,0x00,
    0x00,0x00,0x00,0x00,0x00,0x00,0x00,0x00,0x00,0x00,0x00,0x00,0x00,0x00,0x00,0x00,
    0x00,0x00,0x00,0x00,0x00,0x00,0x00,0x00,0x00,0x00,0x00,0x00,0x00,0x00,0x00,0x00,
    0x00,0x00,0x00,0x00,0x00,0x00,0x00,0x00,0x00,0x00,0x00,0x00,0x00,0x00,0x00,0x00,
    0x00,0x00,0x00,0x00,0x00,0x00,0x00,0x00,0x00,0x00,0x00,0x00,0x00,0x00,0x00,0x00,
    0x00,0x00,0x00,0x00,0x00,0x00,0x00,0x00,0x00,0x00,0x00,0x00,0x00,0x00,0x00,0x00,
    0x00,0x00,0x00,0x00,0x00,0x00,0x00,0x00,0x00,0x00,0x00,0x00,0x00,0x00,0x00,0x00,
    0x00,0x00,0x00,0x00,0x00,0x00,0x00,0x00,0x00,0x00,0x00,0x00,0x00,0x00,0x00,0x00,
    0x00,0x00,0x00,0x00,0x00,0x00,0x00,0x00,0x00,0x00,0x00,0x00,0x00,0x00,0x00,0x00,
    0x00,0x00,0x00,0x00,0x00,0x00,0x00,0x00,0x00,0x00,0x00,0x00,0x00,0x00,0x00,0x00,
    0x00,0x00,0x00,0x00,0x00,0x00,0x00,0x00,0x00,0x00,0x00,0x00,0x00,0x00,0x00,0x00,
    0x00,0x00,0x00,0x00,0x00,0x00,0x00,0x00,0x00,0x00,0x00,0x00,0x00,0x00,0x00,0x00,
    0x00,0x00,0x00,0x00,0x00,0x00,0x00,0x00,0x00,0x00,0x00,0x00,0x00,0x00,0x00,0x00,
    0x00,0x00,0x00,0x00,0x00,0x00,0x00,0x00,0x00,0x00,0x00,0x00,0x00,0x00,0x00,0x00,
    0x00,0x00,0x00,0x00,0x00,0x00,0x00,0x00,0x00,0x00,0x00,0x00,0x00,0x00,0x00,0x00,
    0x00,0x00,0x00,0x00,0x00,0x00,0x00,0x00,0x00,0x00,0x00,0x00,0x00,0x00,0x00,0x00,
    0x00,0x00,0x00,0x00,0x00,0x00,0x00,0x00,0x00,0x00,0x00,0x00,0x00,0x00,0x00,0x00,
    0x00,0x00,0x00,0x00,0x00,0x00,0x00,0x00,0x00,0x00,0x00,0x00,0x00,0x00,0x00,0x00,
    0x00,0x00,0x00,0x00,0x00,0x00,0x00,0x00,0x00,0x00,0x00,0x00,0x00,0x00,0x00,0x00,
    0x00,0x00,0x00,0x00,0x00,0x00,0x00,0x00,0x00,0x00,0x00,0x00,0x00,0x00,0x00,0x00,
    0x00,0x00,0x00,0x00,0x00,0x00,0x00,0x00,0x00,0x00,0x00,0x00,0x00,0x00,0x00,0x00,
    0x00,0x00,0x00,0x00,0x00,0x00,0x00,0x00,0x00,0x00,0x00,0x00,0x00,0x00,0x00,0x00,
    0x00,0x00,0x00,0x00,0x00,0x00,0x00,0x00,0x00,0x00,0x00,0x00,0x00,0x00,0x00,0x00,
    0x00,0x00,0x00,0x00,0x00,0x00,0x00,0x00,0x00,0x00,0x00,0x00,0x00,0x00,0x00,0x00,
    0x00,0x00,0x00,0x00,0x00,0x00,0x00,0x00,0x00,0x00,0x00,0x00,0x00,0x00,0x00,0x00,
    0x00,0x00,0x00,0x00,0x00,0x00,0x00,0x00,0x00,0x00,0x00,0x00,0x00,0x00,0x00,0x00,
    0x00,0x00,0x00,0x00,0x00,0x00,0x00,0x00,0x00,0x00,0x00,0x00,0x00,0x00,0x00,0x00,
    0x00,0x00,0x00,0x00,0x00,0x00,0x00,0x00,0x00,0x00,0x00,0x00,0x00,0x00,0x00,0x00,
    0x00,0x00,0x00,0x00,0x00,0x00,0x00,0x00,0x00,0x00,0x00,0x00,0x00,0x00,0x00,0x00,
    0x00,0x00,0x00,0x00,0x00,0x00,0x00,0x00,0x00,0x00,0x00,0x00,0x00,0x00,0x00,0x00,
    0x00,0x00,0x00,0x00,0x00,0x00,0x00,0x00,0x00,0x00,0x00,0x00,0x00,0x00,0x00,0x00,
    0x00,0x00,0x00,0x00,0x00,0x00,0x00,0x00,0x00,0x00,0x00,0x00,0x00,0x00,0x00,0x00,
    0x00,0x00,0x00,0x00,0x00,0x00,0x00,0x00,0x00,0x00,0x00,0x00,0x00,0x00,0x00,0x00,
    0x00,0x00,0x00,0x00,0x00,0x00,0x00,0x00,0x00,0x00,0x00,0x00,0x00,0x00,0x00,0x00,
    0x00,0x00,0x00,0x00,0x00,0x00,0x00,0x00,0x00,0x00,0x00,0x00,0x00,0x00,0x00,0x00,
    0x00,0x00,0x00,0x00,0x00,0x00,0x00,0x00,0x00,0x00,0x00,0x00,0x00,0x00,0x00,0x00,
    0x00,0x00,0x00,0x00,0x00,0x00,0x00,0x00,0x00,0x00,0x00,0x00,0x00,0x00,0x00,0x00,
    0x00,0x00,0x00,0x00,0x00,0x00,0x00,0x00,0x00,0x00,0x00,0x00,0x00,0x00,0x00,0x00,
    0x00,0x00,0x00,0x00,0x00,0x00,0x00,0x00,0x00,0x00,0x00,0x00,0x00,0x00,0x00,0x00,
    0x00,0x00,0x40,0xff,0x00,0x00,0x40,0xff,0x00,0x00,0x40,0xff,0x00,0x00,0x00,0x00,
    0x00,0x00,0x00,0x00,0x00,0x00,0x00,0x00,0x00,0x00,0x00,0x00,0x00,0x00,0x00,0x00,
    0x00,0x00,0x00,0x00,0x00,0x00,0x00,0x00,0x00,0x00,0x00,0x00,0x00,0x00,0x00,0x00,
    0x00,0x00,0x00,0x00,0x00,0x00,0x00,0x00,0x00,0x00,0x00,0x00,0x00,0x00,0x00,0x00,
    0x00,0x00,0x00,0x00,0x00,0x00,0x00,0x00,0x00,0x00,0x40,0xff,0x00,0x00,0x40,0xff,
    0x60,0x60,0xa0,0xff,0x60,0x60,0xa0,0xff,0x00,0x00,0x40,0xff,0x00,0x00,0x00,0x00,
    0x00,0x00,0x00,0x00,0x00,0x00,0x00,0x00,0x00,0x00,0x00,0x00,0x00,0x00,0x00,0x00,
    0x00,0x00,0x00,0x00,0x00,0x00,0x00,0x00,0x00,0x00,0x00,0x00,0x00,0x00,0x00,0x00,
    0x00,0x00,0x00,0x00,0x00,0x00,0x00,0x00,0x00,0x00,0x00,0x00,0x00,0x00,0x00,0x00,
    0x00,0x00,0x00,0x00,0x00,0x00,0x00,0x00,0x00,0x00,0x00,0x00,0x00,0x00,0x00,0x00,
    0x00,0x00,0x00,0x00,0x00,0x00,0x00,0x00,0x00,0x00,0x00,0x00,0x00,0x00,0x00,0x00,
    0x00,0x00,0x00,0x00,0x60,0x60,0xa0,0xff,0x20,0x20,0xe0,0xff,0x00,0x00,0x40,0xff,
    0x00,0x00,0x40,0xff,0x00,0x00,0x40,0xff,0x00,0x00,0x40,0xff,0x00,0x00,0x40,0xff,
    0x00,0x00,0x00,0x00,0x00,0x00,0x00,0x00,0x00,0x00,0x40,0xff,0x00,0x00,0x40,0xff,
    0x20,0x00,0xa0,0xff,0x20,0x00,0xa0,0xff,0x20,0x00,0xa0,0xff,0x00,0x00,0x40,0xff,
    0x00,0x00,0x40,0xff,0x00,0x00,0x00,0x00,0x00,0x00,0x40,0xff,0x20,0x20,0xe0,0xff,
    0x60,0x60,0xa0,0xff,0xe0,0xe0,0xe0,0xff,0x60,0x60,0xa0,0xff,0x20,0x20,0xe0,0xff,
    0x00,0x00,0x40,0xff,0x00,0x00,0x00,0x00,0x00,0x00,0x00,0x00,0x00,0x00,0x00,0x00,
    0x00,0x00,0x00,0x00,0x00,0x00,0x00,0x00,0x00,0x00,0x00,0x00,0x00,0x00,0x00,0x00,
    0x00,0x00,0x00,0x00,0x00,0x00,0x00,0x00,0x00,0x00,0x00,0x00,0x00,0x00,0x00,0x00,
    0x00,0x00,0x00,0x00,0x00,0x00,0x00,0x00,0x00,0x00,0x00,0x00,0x00,0x00,0x00,0x00,
    0x00,0x00,0x00,0x00,0x00,0x00,0x00,0x00,0x00,0x00,0x00,0x00,0x00,0x00,0x00,0x00,
    0x00,0x00,0x00,0x00,0x00,0x00,0x00,0x00,0x00,0x00,0x00,0x00,0x00,0x00,0x00,0x00,
    0x00,0x00,0x00,0x00,0x00,0x00,0x00,0x00,0x00,0x00,0x00,0x00,0x00,0x00,0x00,0x00,
    0x00,0x00,0x40,0xff,0x00,0x00,0x40,0xff,0x00,0x00,0x40,0xff,0x00,0x00,0x00,0x00,
    0x00,0x00,0x00,0x00,0x00,0x00,0x00,0x00,0x00,0x00,0x00,0x00,0x00,0x00,0x00,0x00,
    0x00,0x00,0x00,0x00,0x00,0x00,0x00,0x00,0x00,0x00,0x00,0x00,0x00,0x00,0x00,0x00,
    0x00,0x00,0x00,0x00,0x00,0x00,0x00,0x00,0x00,0x00,0x00,0x00,0x00,0x00,0x00,0x00,
    0x00,0x00,0x00,0x00,0x00,0x00,0x00,0x00,0x00,0x00,0x40,0xff,0x00,0x00,0x40,0xff,
    0x60,0x60,0xa0,0xff,0x60,0x60,0xa0,0xff,0x00,0x00,0x40,0xff,0x00,0x00,0x00,0x00,
    0x00,0x00,0x00,0x00,0x00,0x00,0x00,0x00,0x00,0x00,0x00,0x00,0x00,0x00,0x00,0x00,
    0x00,0x00,0x00,0x00,0x00,0x00,0x00,0x00,0x00,0x00,0x00,0x00,0x00,0x00,0x00,0x00,
    0x00,0x00,0x00,0x00,0x00,0x00,0x00,0x00,0x00,0x00,0x00,0x00,0x00,0x00,0x00,0x00,
    0x00,0x00,0x00,0x00,0x00,0x00,0x00,0x00,0x00,0x00,0x00,0x00,0x00,0x00,0x00,0x00,
    0x00,0x00,0x00,0x00,0x00,0x00,0x00,0x00,0x00,0x00,0x00,0x00,0x00,0x00,0x00,0x00,
    0x00,0x00,0x00,0x00,0x00,0x00,0x00,0x00,0x00,0x00,0x00,0x00,0x00,0x00,0x00,0x00,
    0x00,0x00,0x00,0x00,0x00,0x00,0x40,0xff,0x00,0x00,0x40,0xff,0x00,0x00,0x40,0xff,
    0x00,0x00,0x00,0x00,0x00,0x00,0x00,0x00,0x00,0x00,0x00,0x00,0x00,0x00,0x00,0x00,
    0x00,0x00,0x00,0x00,0x00,0x00,0x00,0x00,0x00,0x00,0x00,0x00,0x00,0x00,0x00,0x00,
    0x00,0x00,0x00,0x00,0x00,0x00,0x00,0x00,0x00,0x00,0x00,0x00,0x00,0x00,0x00,0x00,
    0x00,0x00,0x00,0x00,0x00,0x00,0x00,0x00,0x00,0x00,0x00,0x00,0x00,0x00,0x00,0x00,
    0x00,0x00,0x00,0x00,0x00,0x00,0x40,0xff,0x00,0x00,0x40,0xff,0x00,0x00,0x40,0xff,
    0x00,0x00,0x00,0x00,0x00,0x00,0x00,0x00,0x00,0x00,0x00,0x00,0x00,0x00,0x00,0x00,
    0x00,0x00,0x00,0x00,0x00,0x00,0x00,0x00,0x00,0x00,0x00,0x00,0x00,0x00,0x00,0x00,
    0x00,0x00,0x00,0x00,0x00,0x00,0x00,0x00,0x00,0x00,0x00,0x00,0x00,0x00,0x00,0x00,
    0x00,0x00,0x00,0x00,0x00,0x00,0x00,0x00,0x00,0x00,0x00,0x00,0x00,0x00,0x00,0x00,
    0x00,0x00,0x00,0x00,0x00,0x00,0x00,0x00,0x00,0x00,0x00,0x00,0x00,0x00,0x00,0x00,
    0x00,0x00,0x00,0x00,0x00,0x00,0x00,0x00,0x00,0x00,0x00,0x00,0x00,0x00,0x00,0x00,
    0x00,0x00,0x00,0x00,0x00,0x00,0x00,0x00,0x00,0x00,0x00,0x00,0x00,0x00,0x00,0x00,
    0x00,0x00,0x00,0x00,0x00,0x00,0x00,0x00,0x00,0x00,0x00,0x00,0x00,0x00,0x00,0x00,
    0x00,0x00,0x00,0x00,0x00,0x00,0x00,0x00,0x00,0x00,0x00,0x00,0x00,0x00,0x00,0x00,
    0x00,0x00,0x00,0x00,0x00,0x00,0x00,0x00,0x00,0x00,0x00,0x00,0x00,0x00,0x00,0x00,
    0x00,0x00,0x00,0x00,0x00,0x00,0x00,0x00,0x00,0x00,0x00,0x00,0x00,0x00,0x00,0x00,
    0x00,0x00,0x00,0x00,0x00,0x00,0x00,0x00,0x00,0x00,0x00,0x00,0x00,0x00,0x00,0x00,
    0x00,0x00,0x00,0x00,0x00,0x00,0x00,0x00,0x00,0x00,0x00,0x00,0x00,0x00,0x00,0x00,
    0x00,0x00,0x00,0x00,0x00,0x00,0x00,0x00,0x00,0x00,0x00,0x00,0x00,0x00,0x00,0x00,
    0x00,0x00,0x00,0x00,0x00,0x00,0x00,0x00,0x00,0x00,0x00,0x00,0x00,0x00,0x00,0x00,
    0x00,0x00,0x00,0x00,0x00,0x00,0x00,0x00,0x00,0x00,0x00,0x00,0x00,0x00,0x00,0x00,
    0x00,0x00,0x00,0x00,0x00,0x00,0x00,0x00,0x00,0x00,0x00,0x00,0x00,0x00,0x00,0x00,
    0x00,0x00,0x00,0x00,0x00,0x00,0x00,0x00,0x00,0x00,0x00,0x00,0x00,0x00,0x00,0x00,
    0x00,0x00,0x40,0xff,0x00,0x00,0x40,0xff,0x00,0x00,0x40,0xff,0x00,0x00,0x00,0x00,
    0x00,0x00,0x00,0x00,0x00,0x00,0x00,0x00,0x00,0x00,0x00,0x00,0x00,0x00,0x00,0x00,
    0x00,0x00,0x00,0x00,0x00,0x00,0x00,0x00,0x00,0x00,0x00,0x00,0x00,0x00,0x00,0x00,
    0x00,0x00,0x00,0x00,0x00,0x00,0x00,0x00,0x00,0x00,0x00,0x00,0x00,0x00,0x00,0x00,
    0x00,0x00,0x00,0x00,0x00,0x00,0x00,0x00,0x00,0x00,0x00,0x00,0x00,0x00,0x00,0x00,
    0x00,0x00,0x40,0xff,0x00,0x00,0x40,0xff,0x00,0x00,0x40,0xff,0x00,0x00,0x00,0x00,
    0x00,0x00,0x00,0x00,0x00,0x00,0x00,0x00,0x00,0x00,0x00,0x00,0x00,0x00,0x00,0x00,
    0x00,0x00,0x00,0x00,0x00,0x00,0x00,0x00,0x00,0x00,0x00,0x00,0x00,0x00,0x00,0x00,
    0x00,0x00,0x00,0x00,0x00,0x00,0x00,0x00,0x00,0x00,0x00,0x00,0x00,0x00,0x00,0x00,
    0x00,0x00,0x00,0x00,0x00,0x00,0x00,0x00,0x00,0x00,0x00,0x00,0x00,0x00,0x00,0x00,
    0x00,0x00,0x00,0x00,0x00,0x00,0x00,0x00,0x00,0x00,0x00,0x00,0x00,0x00,0x00,0x00,
    0x00,0x00,0x00,0x00,0x00,0x00,0x00,0x00,0x00,0x00,0x00,0x00,0x00,0x00,0x00,0x00,
    0x00,0x00,0x00,0x00,0x00,0x00,0x40,0xff,0x60,0x60,0xa0,0xff,0x60,0x60,0xa0,0xff,
    0x00,0x00,0x40,0xff,0x00,0x00,0x40,0xff,0x00,0x00,0x00,0x00,0x00,0x00,0x00,0x00,
    0x00,0x00,0x00,0x00,0x00,0x00,0x00,0x00,0x00,0x00,0x00,0x00,0x00,0x00,0x00,0x00,
    0x00,0x00,0x00,0x00,0x00,0x00,0x00,0x00,0x00,0x00,0x00,0x00,0x00,0x00,0x00,0x00,
    0x00,0x00,0x00,0x00,0x00,0x00,0x00,0x00,0x00,0x00,0x00,0x00,0x00,0x00,0x00,0x00,
    0x00,0x00,0x00,0x00,0x00,0x00,0x40,0xff,0x00,0x00,0x40,0xff,0x00,0x00,0x40,0xff,
    0x00,0x00,0x00,0x00,0x00,0x00,0x00,0x00,0x00,0x00,0x00,0x00,0x00,0x00,0x00,0x00,
    0x00,0x00,0x00,0x00,0x00,0x00,0x00,0x00,0x00,0x00,0x00,0x00,0x00,0x00,0x00,0x00,
    0x00,0x00,0x00,0x00,0x00,0x00,0x00,0x00,0x00,0x00,0x00,0x00,0x00,0x00,0x00,0x00,
    0x00,0x00,0x00,0x00,0x00,0x00,0x00,0x00,0x00,0x00,0x00,0x00,0x00,0x00,0x00,0x00,
    0x00,0x00,0x00,0x00,0x00,0x00,0x00,0x00,0x00,0x00,0x00,0x00,0x00,0x00,0x00,0x00,
    0x00,0x00,0x00,0x00,0x00,0x00,0x00,0x00,0x00,0x00,0x00,0x00,0x00,0x00,0x00,0x00,
    0x00,0x00,0x00,0x00,0x00,0x00,0x40,0xff,0x20,0x20,0xe0,0xff,0x60,0x60,0xa0,0xff,
    0xe0,0xe0,0xe0,0xff,0x60,0x60,0xa0,0xff,0x20,0x20,0xe0,0xff,0x00,0x00,0x40,0xff,
    0x00,0x00,0x00,0x00,0x00,0x00,0x40,0xff,0x00,0x00,0x40,0xff,0x20,0x00,0xa0,0xff,
    0x20,0x00,0xa0,0xff,0x20,0x00,0xa0,0xff,0x00,0x00,0x40,0xff,0x00,0x00,0x40,0xff,
    0x00,0x00,0x00,0x00,0x00,0x00,0x00,0x00,0x00,0x00,0x40,0xff,0x00,0x00,0x40,0xff,
    0x00,0x00,0x40,0xff,0x00,0x00,0x40,0xff,0x00,0x00,0x40,0xff,0x20,0x20,0xe0,0xff,
    0x60,0x60,0xa0,0xff,0x00,0x00,0x00,0x00,0x00,0x00,0x00,0x00,0x00,0x00,0x00,0x00,
    0x00,0x00,0x00,0x00,0x00,0x00,0x00,0x00,0x00,0x00,0x00,0x00,0x00,0x00,0x00,0x00,
    0x00,0x00,0x00,0x00,0x00,0x00,0x00,0x00,0x00,0x00,0x00,0x00,0x00,0x00,0x00,0x00,
    0x00,0x00,0x00,0x00,0x00,0x00,0x00,0x00,0x00,0x00,0x00,0x00,0x00,0x00,0x00,0x00,
    0x00,0x00,0x00,0x00,0x00,0x00,0x00,0x00,0x00,0x00,0x00,0x00,0x00,0x00,0x00,0x00,
    0x00,0x00,0x00,0x00,0x00,0x00,0x00,0x00,0x00,0x00,0x00,0x00,0x00,0x00,0x00,0x00,
    0x00,0x00,0x00,0x00,0x00,0x00,0x40,0xff,0x60,0x60,0xa0,0xff,0x60,0x60,0xa0,0xff,
    0x00,0x00,0x40,0xff,0x00,0x00,0x40,0xff,0x00,0x00,0x00,0x00,0x00,0x00,0x00,0x00,
    0x00,0x00,0x00,0x00,0x00,0x00,0x00,0x00,0x00,0x00,0x00,0x00,0x00,0x00,0x00,0x00,
    0x00,0x00,0x00,0x00,0x00,0x00,0x00,0x00,0x00,0x00,0x00,0x00,0x00,0x00,0x00,0x00,
    0x00,0x00,0x00,0x00,0x00,0x00,0x00,0x00,0x00,0x00,0x00,0x00,0x00,0x00,0x00,0x00,
    0x00,0x00,0x00,0x00,0x00,0x00,0x40,0xff,0x00,0x00,0x40,0xff,0x00,0x00,0x40,0xff,
    0x00,0x00,0x00,0x00,0x00,0x00,0x00,0x00,0x00,0x00,0x00,0x00,0x00,0x00,0x00,0x00,
    0x00,0x00,0x00,0x00,0x00,0x00,0x00,0x00,0x00,0x00,0x00,0x00,0x00,0x00,0x00,0x00,
    0x00,0x00,0x00,0x00,0x00,0x00,0x00,0x00,0x00,0x00,0x00,0x00,0x00,0x00,0x00,0x00,
    0x00,0x00,0x00,0x00,0x00,0x00,0x00,0x00,0x00,0x00,0x00,0x00,0x00,0x00,0x00,0x00,
    0x00,0x00,0x00,0x00,0x00,0x00,0x00,0x00,0x00,0x00,0x00,0x00,0x00,0x00,0x00,0x00,
    0x00,0x00,0x00,0x00,0x00,0x00,0x00,0x00,0x00,0x00,0x00,0x00,0x00,0x00,0x00,0x00,
    0x00,0x00,0x40,0xff,0x00,0x00,0x40,0xff,0x00,0x00,0x40,0xff,0x00,0x00,0x00,0x00,
    0x00,0x00,0x00,0x00,0x00,0x00,0x00,0x00,0x00,0x00,0x00,0x00,0x00,0x00,0x00,0x00,
    0x00,0x00,0x00,0x00,0x00,0x00,0x00,0x00,0x00,0x00,0x00,0x00,0x00,0x00,0x00,0x00,
    0x00,0x00,0x00,0x00,0x00,0x00,0x00,0x00,0x00,0x00,0x00,0x00,0x00,0x00,0x00,0x00,
    0x00,0x00,0x00,0x00,0x00,0x00,0x00,0x00,0x00,0x00,0x00,0x00,0x00,0x00,0x00,0x00,
    0x00,0x00,0x40,0xff,0x00,0x00,0x40,0xff,0x00,0x00,0x40,0xff,0x00,0x00,0x00,0x00,
    0x00,0x00,0x00,0x00,0x00,0x00,0x00,0x00,0x00,0x00,0x00,0x00,0x00,0x00,0x00,0x00,
    0x00,0x00,0x00,0x00,0x00,0x00,0x00,0x00,0x00,0x00,0x00,0x00,0x00,0x00,0x00,0x00,
    0x00,0x00,0x00,0x00,0x00,0x00,0x00,0x00,0x00,0x00,0x00,0x00,0x00,0x00,0x00,0x00,
    0x00,0x00,0x00,0x00,0x00,0x00,0x00,0x00,0x00,0x00,0x00,0x00,0x00,0x00,0x00,0x00,
    0x00,0x00,0x00,0x00,0x00,0x00,0x00,0x00,0x00,0x00,0x00,0x00,0x00,0x00,0x00,0x00,
    0x00,0x00,0x00,0x00,0x00,0x00,0x00,0x00,0x00,0x00,0x00,0x00,0x00,0x00,0x00,0x00,
    0x00,0x00,0x00,0x00,0x00,0x00,0x00,0x00,0x00,0x00,0x00,0x00,0x00,0x00,0x00,0x00,
    0x00,0x00,0x00,0x00,0x00,0x00,0x00,0x00,0x00,0x00,0x00,0x00,0x00,0x00,0x00,0x00,
    0x00,0x00,0x00,0x00,0x00,0x00,0x00,0x00,0x00,0x00,0x00,0x00,0x00,0x00,0x00,0x00,
    0x00,0x00,0x00,0x00,0x00,0x00,0x00,0x00,0x00,0x00,0x00,0x00,0x00,0x00,0x00,0x00,
    0x00,0x00,0x00,0x00,0x00,0x00,0x00,0x00,0x00,0x00,0x00,0x00,0x00,0x00,0x00,0x00,
    0x00,0x00,0x00,0x00,0x00,0x00,0x00,0x00,0x00,0x00,0x00,0x00,0x00,0x00,0x00,0x00,
    0x00,0x00,0x00,0x00,0x00,0x00,0x00,0x00,0x00,0x00,0x00,0x00,0x00,0x00,0x00,0x00,
    0x00,0x00,0x00,0x00,0x00,0x00,0x00,0x00,0x00,0x00,0x00,0x00,0x00,0x00,0x00,0x00,
    0x00,0x00,0x00,0x00,0x00,0x00,0x00,0x00,0x00,0x00,0x00,0x00,0x00,0x00,0x00,0x00,
    0x00,0x00,0x00,0x00,0x00,0x00,0x00,0x00,0x00,0x00,0x00,0x00,0x00,0x00,0x00,0x00,
    0x00,0x00,0x00,0x00,0x00,0x00,0x00,0x00,0x00,0x00,0x00,0x00,0x00,0x00,0x00,0x00,
    0x00,0x00,0x00,0x00,0x00,0x00,0x00,0x00,0x00,0x00,0x00,0x00,0x00,0x00,0x00,0x00,
    0x00,0x00,0x00,0x00,0x00,0x00,0x00,0x00,0x00,0x00,0x00,0x00,0x00,0x00,0x00,0x00,
    0x00,0x00,0x00,0x00,0x00,0x00,0x00,0x00,0x00,0x00,0x00,0x00,0x00,0x00,0x00,0x00,
    0x00,0x00,0x00,0x00,0x00,0x00,0x00,0x00,0x00,0x00,0x00,0x00,0x00,0x00,0x00,0x00,
    0x00,0x00,0x00,0x00,0x00,0x00,0x00,0x00,0x00,0x00,0x00,0x00,0x00,0x00,0x00,0x00,
    0x00,0x00,0x00,0x00,0x00,0x00,0x00,0x00,0x00,0x00,0x00,0x00,0x00,0x00,0x00,0x00,
    0x00,0x00,0x00,0x00,0x00,0x00,0x00,0x00,0x00,0x00,0x00,0x00,0x00,0x00,0x00,0x00,
    0x00,0x00,0x00,0x00,0x00,0x00,0x00,0x00,0x00,0x00,0x00,0x00,0x00,0x00,0x00,0x00,
    0x00,0x00,0x00,0x00,0x00,0x00,0x00,0x00,0x00,0x00,0x00,0x00,0x00,0x00,0x00,0x00,
    0x00,0x00,0x00,0x00,0x00,0x00,0x00,0x00,0x00,0x00,0x00,0x00,0x00,0x00,0x00,0x00,
    0x00,0x00,0x00,0x00,0x00,0x00,0x00,0x00,0x00,0x00,0x00,0x00,0x00,0x00,0x00,0x00,
    0x00,0x00,0x00,0x00,0x00,0x00,0x00,0x00,0x00,0x00,0x00,0x00,0x00,0x00,0x00,0x00,
    0x00,0x00,0x00,0x00,0x00,0x00,0x00,0x00,0x00,0x00,0x00,0x00,0x00,0x00,0x00,0x00,
    0x00,0x00,0x00,0x00,0x00,0x00,0x00,0x00,0x00,0x00,0x00,0x00,0x00,0x00,0x00,0x00,
    0x00,0x00,0x00,0x00,0x00,0x00,0x00,0x00,0x00,0x00,0x00,0x00,0x00,0x00,0x00,0x00,
    0x00,0x00,0x00,0x00,0x00,0x00,0x00,0x00,0x00,0x00,0x00,0x00,0x00,0x00,0x00,0x00,
    0x00,0x00,0x00,0x00,0x00,0x00,0x00,0x00,0x00,0x00,0x00,0x00,0x00,0x00,0x00,0x00,
    0x00,0x00,0x00,0x00,0x00,0x00,0x00,0x00,0x00,0x00,0x00,0x00,0x00,0x00,0x00,0x00,
    0x00,0x00,0x00,0x00,0x00,0x00,0x00,0x00,0x00,0x00,0x00,0x00,0x00,0x00,0x00,0x00,
    0x00,0x00,0x00,0x00,0x00,0x00,0x00,0x00,0x00,0x00,0x00,0x00,0x00,0x00,0x00,0x00,
    0x00,0x00,0x00,0x00,0x00,0x00,0x00,0x00,0x00,0x00,0x00,0x00,0x00,0x00,0x00,0x00,
    0x00,0x00,0x00,0x00,0x00,0x00,0x00,0x00,0x00,0x00,0x00,0x00,0x00,0x00,0x00,0x00,
    0x00,0x00,0x00,0x00,0x00,0x00,0x00,0x00,0x00,0x00,0x00,0x00,0x00,0x00,0x00,0x00,
    0x00,0x00,0x00,0x00,0x00,0x00,0x00,0x00,0x00,0x00,0x00,0x00,0x00,0x00,0x00,0x00,
    0x00,0x00,0x00,0x00,0x00,0x00,0x00,0x00,0x00,0x00,0x00,0x00,0x00,0x00,0x00,0x00,
    0x00,0x00,0x00,0x00,0x00,0x00,0x00,0x00,0x00,0x00,0x00,0x00,0x00,0x00,0x00,0x00,
    0x00,0x00,0x00,0x00,0x00,0x00,0x00,0x00,0x00,0x00,0x00,0x00,0x00,0x00,0x00,0x00,
    0x00,0x00,0x00,0x00,0x00,0x00,0x00,0x00,0x00,0x00,0x00,0x00,0x00,0x00,0x00,0x00,
    0x00,0x00,0x00,0x00,0x00,0x00,0x00,0x00,0x00,0x00,0x00,0x00,0x00,0x00,0x00,0x00,
    0x00,0x00,0x00,0x00,0x00,0x00,0x00,0x00,0x00,0x00,0x00,0x00,0x00,0x00,0x00,0x00,
    0x00,0x00,0x00,0x00,0x00,0x00,0x00,0x00,0x00,0x00,0x00,0x00,0x00,0x00,0x00,0x00,
    0x00,0x00,0x00,0x00,0x00,0x00,0x00,0x00,0x00,0x00,0x00,0x00,0x00,0x00,0x00,0x00,
    0x00,0x00,0x00,0x00,0x00,0x00,0x00,0x00,0x00,0x00,0x00,0x00,0x00,0x00,0x00,0x00,
    0x00,0x00,0x00,0x00,0x00,0x00,0x00,0x00,0x00,0x00,0x00,0x00,0x00,0x00,0x00,0x00,
    0x00,0x00,0x00,0x00,0x00,0x00,0x00,0x00,0x00,0x00,0x00,0x00,0x00,0x00,0x00,0x00,
    0x00,0x00,0x00,0x00,0x00,0x00,0x00,0x00,0x00,0x00,0x00,0x00,0x00,0x00,0x00,0x00,
    0x00,0x00,0x00,0x00,0x00,0x00,0x00,0x00,0x00,0x00,0x00,0x00,0x00,0x00,0x00,0x00,
    0x00,0x00,0x00,0x00,0x00,0x00,0x00,0x00,0x00,0x00,0x00,0x00,0x00,0x00,0x00,0x00,
    0x00,0x00,0x00,0x00,0x00,0x00,0x00,0x00,0x00,0x00,0x00,0x00,0x00,0x00,0x00,0x00,
    0x00,0x00,0x00,0x00,0x00,0x00,0x00,0x00,0x00,0x00,0x00,0x00,0x00,0x00,0x00,0x00,
    0x00,0x00,0x00,0x00,0x00,0x00,0x00,0x00,0x00,0x00,0x00,0x00,0x00,0x00,0x00,0x00,
    0x00,0x00,0x00,0x00,0x00,0x00,0x00,0x00,0x00,0x00,0x00,0x00,0x00,0x00,0x00,0x00,
    0x00,0x00,0x00,0x00,0x00,0x00,0x00,0x00,0x00,0x00,0x00,0x00,0x00,0x00,0x00,0x00,
    0x00,0x00,0x00,0x00,0x00,0x00,0x00,0x00,0x00,0x00,0x00,0x00,0x00,0x00,0x00,0x00,
    0x00,0x00,0x00,0x00,0x00,0x00,0x00,0x00,0x00,0x00,0x00,0x00,0x00,0x00,0x00,0x00,
    0x00,0x00,0x00,0x00,0x00,0x00,0x00,0x00,0x00,0x00,0x00,0x00,0x00,0x00,0x00,0x00,
    0x00,0x00,0x00,0x00,0x00,0x00,0x00,0x00,0x00,0x00,0x00,0x00,0x00,0x00,0x00,0x00,
    0x00,0x00,0x00,0x00,0x00,0x00,0x00,0x00,0x00,0x00,0x00,0x00,0x00,0x00,0x00,0x00,
    0x00,0x00,0x00,0x00,0x00,0x00,0x00,0x00,0x00,0x00,0x00,0x00,0x00,0x00,0x00,0x00,
    0x00,0x00,0x00,0x00,0x00,0x00,0x00,0x00,0x00,0x00,0x00,0x00,0x00,0x00,0x00,0x00,
    0x00,0x00,0x00,0x00,0x00,0x00,0x00,0x00,0x00,0x00,0x00,0x00,0x00,0x00,0x00,0x00,
    0x00,0x00,0x00,0x00,0x00,0x00,0x00,0x00,0x00,0x00,0x00,0x00,0x00,0x00,0x00,0x00,
    0x00,0x00,0x00,0x00,0x00,0x00,0x00,0x00,0x00,0x00,0x00,0x00,0x00,0x00,0x00,0x00,
    0x00,0x00,0x00,0x00,0x00,0x00,0x00,0x00,0x00,0x00,0x00,0x00,0x00,0x00,0x00,0x00,
    0x00,0x00,0x00,0x00,0x00,0x00,0x00,0x00,0x00,0x00,0x00,0x00,0x00,0x00,0x00,0x00,
    0x00,0x00,0x00,0x00,0x00,0x00,0x00,0x00,0x00,0x00,0x00,0x00,0x00,0x00,0x00,0x00,
    0x00,0x00,0x00,0x00,0x00,0x00,0x00,0x00,0x00,0x00,0x00,0x00,0x00,0x00,0x00,0x00,
    0x00,0x00,0x00,0x00,0x00,0x00,0x00,0x00,0x00,0x00,0x00,0x00,0x00,0x00,0x00,0x00,
    0x00,0x00,0x00,0x00,0x00,0x00,0x00,0x00,0x00,0x00,0x00,0x00,0x00,0x00,0x00,0x00,
    0x00,0x00,0x00,0x00,0x00,0x00,0x00,0x00,0x00,0x00,0x00,0x00,0x00,0x00,0x00,0x00,
    0x00,0x00,0x00,0x00,0x00,0x00,0x00,0x00,0x00,0x00,0x00,0x00,0x00,0x00,0x00,0x00,
    0x60,0x60,0xa0,0xff,0x60,0x60,0xa0,0xff,0x20,0x20,0xe0,0xff,0x00,0x00,0x40,0xff,
    0x00,0x00,0x40,0xff,0x00,0x00,0x00,0x00,0x00,0x00,0x00,0x00,0x00,0x00,0x00,0x00,
    0x00,0x00,0x00,0x00,0x00,0x00,0x00,0x00,0x00,0x00,0x00,0x00,0x00,0x00,0x00,0x00,
    0x00,0x00,0x00,0x00,0x00,0x00,0x00,0x00,0x00,0x00,0x00,0x00,0x00,0x00,0x00,0x00,
    0x00,0x00,0x40,0xff,0x00,0x00,0x40,0xff,0x20,0x20,0xe0,0xff,0x60,0x60,0xa0,0xff,
    0xe0,0xe0,0xe0,0xff,0x20,0x20,0xe0,0xff,0x00,0x00,0x40,0xff,0x00,0x00,0x00,0x00,
    0x00,0x00,0x00,0x00,0x00,0x00,0x00,0x00,0x00,0x00,0x00,0x00,0x00,0x00,0x00,0x00,
    0x00,0x00,0x00,0x00,0x00,0x00,0x00,0x00,0x00,0x00,0x00,0x00,0x00,0x00,0x00,0x00,
    0x00,0x00,0x00,0x00,0x00,0x00,0x00,0x00,0x00,0x00,0x00,0x00,0x00,0x00,0x00,0x00,
    0x00,0x00,0x00,0x00,0x00,0x00,0x00,0x00,0x00,0x00,0x00,0x00,0x00,0x00,0x00,0x00,
    0x00,0x00,0x00,0x00,0x00,0x00,0x00,0x00,0x00,0x00,0x00,0x00,0x00,0x00,0x00,0x00,
    0x00,0x00,0x00,0x00,0x60,0x60,0xa0,0xff,0x60,0x60,0xa0,0xff,0x20,0x20,0xe0,0xff,
    0x20,0x20,0xe0,0xff,0x20,0x20,0xe0,0xff,0x00,0x00,0x40,0xff,0x00,0x00,0x40,0xff,
    0x00,0x00,0x40,0xff,0x00,0x00,0x40,0xff,0x00,0x00,0x40,0xff,0x20,0x00,0xa0,0xff,
    0x20,0x00,0xa0,0xff,0x20,0x20,0xe0,0xff,0x20,0x20,0xe0,0xff,0x20,0x00,0xa0,0xff,
    0x20,0x00,0xa0,0xff,0x00,0x00,0x40,0xff,0x00,0x00,0x40,0xff,0x60,0x60,0xa0,0xff,
    0xe0,0xe0,0xe0,0xff,0x60,0x60,0xa0,0xff,0x20,0x20,0xe0,0xff,0x20,0x20,0xe0,0xff,
    0x00,0x00,0x40,0xff,0x00,0x00,0x00,0x00,0x00,0x00,0x00,0x00,0x00,0x00,0x00,0x00,
    0x00,0x00,0x00,0x00,0x00,0x00,0x00,0x00,0x00,0x00,0x00,0x00,0x00,0x00,0x00,0x00,
    0x00,0x00,0x00,0x00,0x00,0x00,0x00,0x00,0x00,0x00,0x00,0x00,0x00,0x00,0x00,0x00,
    0x00,0x00,0x00,0x00,0x00,0x00,0x00,0x00,0x00,0x00,0x00,0x00,0x00,0x00,0x00,0x00,
    0x00,0x00,0x00,0x00,0x00,0x00,0x00,0x00,0x00,0x00,0x00,0x00,0x00,0x00,0x00,0x00,
    0x00,0x00,0x00,0x00,0x00,0x00,0x00,0x00,0x00,0x00,0x00,0x00,0x00,0x00,0x00,0x00,
    0x00,0x00,0x00,0x00,0x00,0x00,0x00,0x00,0x00,0x00,0x00,0x00,0x00,0x00,0x00,0x00,
    0x60,0x60,0xa0,0xff,0x60,0x60,0xa0,0xff,0x20,0x20,0xe0,0xff,0x00,0x00,0x40,0xff,
    0x00,0x00,0x40,0xff,0x00,0x00,0x00,0x00,0x00,0x00,0x00,0x00,0x00,0x00,0x00,0x00,
    0x00,0x00,0x00,0x00,0x00,0x00,0x00,0x00,0x00,0x00,0x00,0x00,0x00,0x00,0x00,0x00,
    0x00,0x00,0x00,0x00,0x00,0x00,0x00,0x00,0x00,0x00,0x00,0x00,0x00,0x00,0x00,0x00,
    0x00,0x00,0x40,0xff,0x00,0x00,0x40,0xff,0x20,0x20,0xe0,0xff,0x60,0x60,0xa0,0xff,
    0xe0,0xe0,0xe0,0xff,0x20,0x20,0xe0,0xff,0x00,0x00,0x40,0xff,0x00,0x00,0x00,0x00,
    0x00,0x00,0x00,0x00,0x00,0x00,0x00,0x00,0x00,0x00,0x00,0x00,0x00,0x00,0x00,0x00,
    0x00,0x00,0x00,0x00,0x00,0x00,0x00,0x00,0x00,0x00,0x00,0x00,0x00,0x00,0x00,0x00,
    0x00,0x00,0x00,0x00,0x00,0x00,0x00,0x00,0x00,0x00,0x00,0x00,0x00,0x00,0x00,0x00,
    0x00,0x00,0x00,0x00,0x00,0x00,0x00,0x00,0x00,0x00,0x00,0x00,0x00,0x00,0x00,0x00,
    0x00,0x00,0x00,0x00,0x00,0x00,0x00,0x00,0x00,0x00,0x00,0x00,0x00,0x00,0x00,0x00,
    0x00,0x00,0x00,0x00,0x00,0x00,0x00,0x00,0x00,0x00,0x00,0x00,0x00,0x00,0x00,0x00,
    0x00,0x00,0x40,0xff,0x60,0x60,0xa0,0xff,0x20,0x20,0xe0,0xff,0x20,0x20,0xe0,0xff,
    0x00,0x00,0x40,0xff,0x00,0x00,0x40,0xff,0x00,0x00,0x00,0x00,0x00,0x00,0x00,0x00,
    0x00,0x00,0x00,0x00,0x00,0x00,0x00,0x00,0x00,0x00,0x00,0x00,0x00,0x00,0x00,0x00,
    0x00,0x00,0x00,0x00,0x00,0x00,0x00,0x00,0x00,0x00,0x00,0x00,0x00,0x00,0x00,0x00,
    0x00,0x00,0x00,0x00,0x00,0x00,0x00,0x00,0x00,0x00,0x00,0x00,0x00,0x00,0x40,0xff,
    0x20,0x20,0xe0,0xff,0x60,0x60,0xa0,0xff,0x60,0x60,0xa0,0xff,0x20,0x20,0xe0,0xff,
    0x00,0x00,0x40,0xff,0x00,0x00,0x00,0x00,0x00,0x00,0x00,0x00,0x00,0x00,0x00,0x00,
    0x00,0x00,0x00,0x00,0x00,0x00,0x00,0x00,0x00,0x00,0x00,0x00,0x00,0x00,0x00,0x00,
    0x00,0x00,0x00,0x00,0x00,0x00,0x00,0x00,0x00,0x00,0x00,0x00,0x00,0x00,0x00,0x00,
    0x00,0x00,0x00,0x00,0x00,0x00,0x00,0x00,0x00,0x00,0x00,0x00,0x00,0x00,0x00,0x00,
    0x00,0x00,0x00,0x00,0x00,0x00,0x00,0x00,0x00,0x00,0x00,0x00,0x00,0x00,0x00,0x00,
    0x00,0x00,0x00,0x00,0x00,0x00,0x00,0x00,0x00,0x00,0x00,0x00,0x00,0x00,0x00,0x00,
    0x00,0x00,0x00,0x00,0x00,0x00,0x00,0x00,0x00,0x00,0x00,0x00,0x00,0x00,0x00,0x00,
    0x00,0x00,0x00,0x00,0x00,0x00,0x00,0x00,0x00,0x00,0x00,0x00,0x00,0x00,0x00,0x00,
    0x00,0x00,0x00,0x00,0x00,0x00,0x00,0x00,0x00,0x00,0x00,0x00,0x00,0x00,0x00,0x00,
    0x00,0x00,0x00,0x00,0x00,0x00,0x00,0x00,0x00,0x00,0x00,0x00,0x00,0x00,0x00,0x00,
    0x00,0x00,0x00,0x00,0x00,0x00,0x00,0x00,0x00,0x00,0x00,0x00,0x00,0x00,0x00,0x00,
    0x00,0x00,0x00,0x00,0x00,0x00,0x00,0x00,0x00,0x00,0x00,0x00,0x00,0x00,0x00,0x00,
    0x00,0x00,0x00,0x00,0x00,0x00,0x00,0x00,0x00,0x00,0x00,0x00,0x00,0x00,0x00,0x00,
    0x00,0x00,0x00,0x00,0x00,0x00,0x00,0x00,0x00,0x00,0x00,0x00,0x00,0x00,0x00,0x00,
    0x00,0x00,0x00,0x00,0x00,0x00,0x00,0x00,0x00,0x00,0x00,0x00,0x00,0x00,0x00,0x00,
    0x00,0x00,0x00,0x00,0x00,0x00,0x00,0x00,0x00,0x00,0x00,0x00,0x00,0x00,0x00,0x00,
    0x00,0x00,0x00,0x00,0x00,0x00,0x00,0x00,0x00,0x00,0x00,0x00,0x00,0x00,0x00,0x00,
    0x00,0x00,0x00,0x00,0x00,0x00,0x00,0x00,0x00,0x00,0x00,0x00,0x00,0x00,0x40,0xff,
    0x20,0x20,0xe0,0xff,0x60,0x60,0xa0,0xff,0x60,0x60,0xa0,0xff,0x20,0x20,0xe0,0xff,
    0x00,0x00,0x40,0xff,0x00,0x00,0x00,0x00,0x00,0x00,0x00,0x00,0x00,0x00,0x00,0x00,
    0x00,0x00,0x00,0x00,0x00,0x00,0x00,0x00,0x00,0x00,0x00,0x00,0x00,0x00,0x00,0x00,
    0x00,0x00,0x00,0x00,0x00,0x00,0x00,0x00,0x00,0x00,0x00,0x00,0x00,0x00,0x00,0x00,
    0x00,0x00,0x00,0x00,0x00,0x00,0x00,0x00,0x00,0x00,0x40,0xff,0x00,0x00,0x40,0xff,
    0x20,0x20,0xe0,0xff,0x20,0x20,0xe0,0xff,0x60,0x60,0xa0,0xff,0x00,0x00,0x40,0xff,
    0x00,0x00,0x00,0x00,0x00,0x00,0x00,0x00,0x00,0x00,0x00,0x00,0x00,0x00,0x00,0x00,
    0x00,0x00,0x00,0x00,0x00,0x00,0x00,0x00,0x00,0x00,0x00,0x00,0x00,0x00,0x00,0x00,
    0x00,0x00,0x00,0x00,0x00,0x00,0x00,0x00,0x00,0x00,0x00,0x00,0x00,0x00,0x00,0x00,
    0x00,0x00,0x00,0x00,0x00,0x00,0x00,0x00,0x00,0x00,0x00,0x00,0x00,0x00,0x00,0x00,
    0x00,0x00,0x00,0x00,0x00,0x00,0x00,0x00,0x00,0x00,0x00,0x00,0x00,0x00,0x00,0x00,
    0x00,0x00,0x00,0x00,0x00,0x00,0x00,0x00,0x00,0x00,0x00,0x00,0x00,0x00,0x00,0x00,
    0x00,0x00,0x00,0x00,0x00,0x00,0x40,0xff,0x20,0x20,0xe0,0xff,0xe0,0xe0,0xe0,0xff,
    0x60,0x60,0xa0,0xff,0x20,0x20,0xe0,0xff,0x00,0x00,0x40,0xff,0x00,0x00,0x40,0xff,
    0x00,0x00,0x00,0x00,0x00,0x00,0x00,0x00,0x00,0x00,0x00,0x00,0x00,0x00,0x00,0x00,
    0x00,0x00,0x00,0x00,0x00,0x00,0x00,0x00,0x00,0x00,0x00,0x00,0x00,0x00,0x00,0x00,
    0x00,0x00,0x00,0x00,0x00,0x00,0x00,0x00,0x00,0x00,0x00,0x00,0x00,0x00,0x40,0xff,
    0x00,0x00,0x40,0xff,0x20,0x20,0xe0,0xff,0x60,0x60,0xa0,0xff,0x60,0x60,0xa0,0xff,
    0x00,0x00,0x00,0x00,0x00,0x00,0x00,0x00,0x00,0x00,0x00,0x00,0x00,0x00,0x00,0x00,
    0x00,0x00,0x00,0x00,0x00,0x00,0x00,0x00,0x00,0x00,0x00,0x00,0x00,0x00,0x00,0x00,
    0x00,0x00,0x00,0x00,0x00,0x00,0x00,0x00,0x00,0x00,0x00,0x00,0x00,0x00,0x00,0x00,
    0x00,0x00,0x00,0x00,0x00,0x00,0x00,0x00,0x00,0x00,0x00,0x00,0x00,0x00,0x00,0x00,
    0x00,0x00,0x00,0x00,0x00,0x00,0x00,0x00,0x00,0x00,0x00,0x00,0x00,0x00,0x00,0x00,
    0x00,0x00,0x00,0x00,0x00,0x00,0x00,0x00,0x00,0x00,0x00,0x00,0x00,0x00,0x00,0x00,
    0x00,0x00,0x00,0x00,0x00,0x00,0x40,0xff,0x20,0x20,0xe0,0xff,0x20,0x20,0xe0,0xff,
    0x60,0x60,0xa0,0xff,0xe0,0xe0,0xe0,0xff,0x60,0x60,0xa0,0xff,0x00,0x00,0x40,0xff,
    0x00,0x00,0x40,0xff,0x20,0x00,0xa0,0xff,0x20,0x00,0xa0,0xff,0x20,0x20,0xe0,0xff,
    0x20,0x20,0xe0,0xff,0x20,0x00,0xa0,0xff,0x20,0x00,0xa0,0xff,0x00,0x00,0x40,0xff,
    0x00,0x00,0x40,0xff,0x00,0x00,0x40,0xff,0x00,0x00,0x40,0xff,0x00,0x00,0x40,0xff,
    0x20,0x20,0xe0,0xff,0x20,0x20,0xe0,0xff,0x20,0x20,0xe0,0xff,0x60,0x60,0xa0,0xff,
    0x60,0x60,0xa0,0xff,0x00,0x00,0x00,0x00,0x00,0x00,0x00,0x00,0x00,0x00,0x00,0x00,
    0x00,0x00,0x00,0x00,0x00,0x00,0x00,0x00,0x00,0x00,0x00,0x00,0x00,0x00,0x00,0x00,
    0x00,0x00,0x00,0x00,0x00,0x00,0x00,0x00,0x00,0x00,0x00,0x00,0x00,0x00,0x00,0x00,
    0x00,0x00,0x00,0x00,0x00,0x00,0x00,0x00,0x00,0x00,0x00,0x00,0x00,0x00,0x00,0x00,
    0x00,0x00,0x00,0x00,0x00,0x00,0x00,0x00,0x00,0x00,0x00,0x00,0x00,0x00,0x00,0x00,
    0x00,0x00,0x00,0x00,0x00,0x00,0x00,0x00,0x00,0x00,0x00,0x00,0x00,0x00,0x00,0x00,
    0x00,0x00,0x00,0x00,0x00,0x00,0x40,0xff,0x20,0x20,0xe0,0xff,0xe0,0xe0,0xe0,0xff,
    0x60,0x60,0xa0,0xff,0x20,0x20,0xe0,0xff,0x00,0x00,0x40,0xff,0x00,0x00,0x40,0xff,
    0x00,0x00,0x00,0x00,0x00,0x00,0x00,0x00,0x00,0x00,0x00,0x00,0x00,0x00,0x00,0x00,
    0x00,0x00,0x00,0x00,0x00,0x00,0x00,0x00,0x00,0x00,0x00,0x00,0x00,0x00,0x00,0x00,
    0x00,0x00,0x00,0x00,0x00,0x00,0x00,0x00,0x00,0x00,0x00,0x00,0x00,0x00,0x40,0xff,
    0x00,0x00,0x40,0xff,0x20,0x20,0xe0,0xff,0x60,0x60,0xa0,0xff,0x60,0x60,0xa0,0xff,
    0x00,0x00,0x00,0x00,0x00,0x00,0x00,0x00,0x00,0x00,0x00,0x00,0x00,0x00,0x00,0x00,
    0x00,0x00,0x00,0x00,0x00,0x00,0x00,0x00,0x00,0x00,0x00,0x00,0x00,0x00,0x00,0x00,
    0x00,0x00,0x00,0x00,0x00,0x00,0x00,0x00,0x00,0x00,0x00,0x00,0x00,0x00,0x00,0x00,
    0x00,0x00,0x00,0x00,0x00,0x00,0x00,0x00,0x00,0x00,0x00,0x00,0x00,0x00,0x00,0x00,
    0x00,0x00,0x00,0x00,0x00,0x00,0x00,0x00,0x00,0x00,0x00,0x00,0x00,0x00,0x00,0x00,
    0x00,0x00,0x00,0x00,0x00,0x00,0x00,0x00,0x00,0x00,0x00,0x00,0x00,0x00,0x40,0xff,
    0x20,0x20,0xe0,0xff,0x60,0x60,0xa0,0xff,0x60,0x60,0xa0,0xff,0x20,0x20,0xe0,0xff,
    0x00,0x00,0x40,0xff,0x00,0x00,0x00,0x00,0x00,0x00,0x00,0x00,0x00,0x00,0x00,0x00,
    0x00,0x00,0x00,0x00,0x00,0x00,0x00,0x00,0x00,0x00,0x00,0x00,0x00,0x00,0x00,0x00,
    0x00,0x00,0x00,0x00,0x00,0x00,0x00,0x00,0x00,0x00,0x00,0x00,0x00,0x00,0x00,0x00,
    0x00,0x00,0x00,0x00,0x00,0x00,0x00,0x00,0x00,0x00,0x40,0xff,0x00,0x00,0x40,0xff,
    0x20,0x20,0xe0,0xff,0x20,0x20,0xe0,0xff,0x60,0x60,0xa0,0xff,0x00,0x00,0x40,0xff,
    0x00,0x00,0x00,0x00,0x00,0x00,0x00,0x00,0x00,0x00,0x00,0x00,0x00,0x00,0x00,0x00,
    0x00,0x00,0x00,0x00,0x00,0x00,0x00,0x00,0x00,0x00,0x00,0x00,0x00,0x00,0x00,0x00,
    0x00,0x00,0x00,0x00,0x00,0x00,0x00,0x00,0x00,0x00,0x00,0x00,0x00,0x00,0x00,0x00,
    0x00,0x00,0x00,0x00,0x00,0x00,0x00,0x00,0x00,0x00,0x00,0x00,0x00,0x00,0x00,0x00,
    0x00,0x00,0x00,0x00,0x00,0x00,0x00,0x00,0x00,0x00,0x00,0x00,0x00,0x00,0x00,0x00,
    0x00,0x00,0x00,0x00,0x00,0x00,0x00,0x00,0x00,0x00,0x00,0x00,0x00,0x00,0x00,0x00,
    0x00,0x00,0x00,0x00,0x00,0x00,0x00,0x00,0x00,0x00,0x00,0x00,0x00,0x00,0x00,0x00,
    0x00,0x00,0x00,0x00,0x00,0x00,0x00,0x00,0x00,0x00,0x00,0x00,0x00,0x00,0x00,0x00,
    0x00,0x00,0x00,0x00,0x00,0x00,0x00,0x00,0x00,0x00,0x00,0x00,0x00,0x00,0x00,0x00,
    0x00,0x00,0x00,0x00,0x00,0x00,0x00,0x00,0x00,0x00,0x00,0x00,0x00,0x00,0x00,0x00,
    0x00,0x00,0x00,0x00,0x00,0x00,0x00,0x00,0x00,0x00,0x00,0x00,0x00,0x00,0x00,0x00,
    0x00,0x00,0x00,0x00,0x00,0x00,0x00,0x00,0x00,0x00,0x00,0x00,0x00,0x00,0x00,0x00,
    0x00,0x00,0x00,0x00,0x00,0x00,0x00,0x00,0x00,0x00,0x00,0x00,0x00,0x00,0x00,0x00,
    0x00,0x00,0x00,0x00,0x00,0x00,0x00,0x00,0x00,0x00,0x00,0x00,0x00,0x00,0x00,0x00,
    0x00,0x00,0x00,0x00,0x00,0x00,0x00,0x00,0x00,0x00,0x00,0x00,0x00,0x00,0x00,0x00,
    0x00,0x00,0x00,0x00,0x00,0x00,0x00,0x00,0x00,0x00,0x00,0x00,0x00,0x00,0x00,0x00,
    0x00,0x00,0x00,0x00,0x00,0x00,0x00,0x00,0x00,0x00,0x00,0x00,0x00,0x00,0x00,0x00,
    0x00,0x00,0x00,0x00,0x00,0x00,0x00,0x00,0x00,0x00,0x00,0x00,0x00,0x00,0x00,0x00,
    0x00,0x00,0x00,0x00,0x00,0x00,0x00,0x00,0x00,0x00,0x00,0x00,0x00,0x00,0x00,0x00,
    0x00,0x00,0x00,0x00,0x00,0x00,0x00,0x00,0x00,0x00,0x00,0x00,0x00,0x00,0x00,0x00,
    0x00,0x00,0x00,0x00,0x00,0x00,0x00,0x00,0x00,0x00,0x00,0x00,0x00,0x00,0x00,0x00,
    0x00,0x00,0x00,0x00,0x00,0x00,0x00,0x00,0x00,0x00,0x00,0x00,0x00,0x00,0x00,0x00,
    0x00,0x00,0x00,0x00,0x00,0x00,0x00,0x00,0x00,0x00,0x00,0x00,0x00,0x00,0x00,0x00,
    0x00,0x00,0x00,0x00,0x00,0x00,0x00,0x00,0x00,0x00,0x00,0x00,0x00,0x00,0x00,0x00,
    0x00,0x00,0x00,0x00,0x00,0x00,0x00,0x00,0x00,0x00,0x00,0x00,0x00,0x00,0x00,0x00,
    0x00,0x00,0x00,0x00,0x00,0x00,0x00,0x00,0x00,0x00,0x00,0x00,0x00,0x00,0x00,0x00,
    0x00,0x00,0x00,0x00,0x00,0x00,0x00,0x00,0x00,0x00,0x00,0x00,0x00,0x00,0x00,0x00,
    0x00,0x00,0x00,0x00,0x00,0x00,0x00,0x00,0x00,0x00,0x00,0x00,0x00,0x00,0x00,0x00,
    0x00,0x00,0x00,0x00,0x00,0x00,0x00,0x00,0x00,0x00,0x00,0x00,0x00,0x00,0x00,0x00,
    0x00,0x00,0x00,0x00,0x00,0x00,0x00,0x00,0x00,0x00,0x00,0x00,0x00,0x00,0x00,0x00,
    0x00,0x00,0x00,0x00,0x00,0x00,0x00,0x00,0x00,0x00,0x00,0x00,0x00,0x00,0x00,0x00,
    0x00,0x00,0x00,0x00,0x00,0x00,0x00,0x00,0x00,0x00,0x00,0x00,0x00,0x00,0x00,0x00,
    0x00,0x00,0x00,0x00,0x00,0x00,0x00,0x00,0x00,0x00,0x00,0x00,0x00,0x00,0x00,0x00,
    0x00,0x00,0x00,0x00,0x00,0x00,0x00,0x00,0x00,0x00,0x00,0x00,0x00,0x00,0x00,0x00,
    0x00,0x00,0x00,0x00,0x00,0x00,0x00,0x00,0x00,0x00,0x00,0x00,0x00,0x00,0x00,0x00,
    0x00,0x00,0x00,0x00,0x00,0x00,0x00,0x00,0x00,0x00,0x00,0x00,0x00,0x00,0x00,0x00,
    0x00,0x00,0x00,0x00,0x00,0x00,0x00,0x00,0x00,0x00,0x00,0x00,0x00,0x00,0x00,0x00,
    0x00,0x00,0x00,0x00,0x00,0x00,0x00,0x00,0x00,0x00,0x00,0x00,0x00,0x00,0x00,0x00,
    0x00,0x00,0x00,0x00,0x00,0x00,0x00,0x00,0x00,0x00,0x00,0x00,0x00,0x00,0x00,0x00,
    0x00,0x00,0x00,0x00,0x00,0x00,0x00,0x00,0x00,0x00,0x00,0x00,0x00,0x00,0x00,0x00,
    0x00,0x00,0x00,0x00,0x00,0x00,0x00,0x00,0x00,0x00,0x00,0x00,0x00,0x00,0x00,0x00,
    0x00,0x00,0x00,0x00,0x00,0x00,0x00,0x00,0x00,0x00,0x00,0x00,0x00,0x00,0x00,0x00,
    0x00,0x00,0x00,0x00,0x00,0x00,0x00,0x00,0x00,0x00,0x00,0x00,0x00,0x00,0x00,0x00,
    0x00,0x00,0x00,0x00,0x00,0x00,0x00,0x00,0x00,0x00,0x00,0x00,0x00,0x00,0x00,0x00,
    0x00,0x00,0x00,0x00,0x00,0x00,0x00,0x00,0x00,0x00,0x00,0x00,0x00,0x00,0x00,0x00,
    0x00,0x00,0x00,0x00,0x00,0x00,0x00,0x00,0x00,0x00,0x00,0x00,0x00,0x00,0x00,0x00,
    0x00,0x00,0x00,0x00,0x00,0x00,0x00,0x00,0x00,0x00,0x00,0x00,0x00,0x00,0x00,0x00,
    0x00,0x00,0x00,0x00,0x00,0x00,0x00,0x00,0x00,0x00,0x00,0x00,0x00,0x00,0x00,0x00,
    0x00,0x00,0x00,0x00,0x00,0x00,0x00,0x00,0x00,0x00,0x00,0x00,0x00,0x00,0x00,0x00,
    0x00,0x00,0x00,0x00,0x00,0x00,0x00,0x00,0x00,0x00,0x00,0x00,0x00,0x00,0x00,0x00,
    0x00,0x00,0x00,0x00,0x00,0x00,0x00,0x00,0x00,0x00,0x00,0x00,0x00,0x00,0x00,0x00,
    0x00,0x00,0x00,0x00,0x00,0x00,0x00,0x00,0x00,0x00,0x00,0x00,0x00,0x00,0x00,0x00,
    0x00,0x00,0x00,0x00,0x00,0x00,0x00,0x00,0x00,0x00,0x00,0x00,0x00,0x00,0x00,0x00,
    0x00,0x00,0x00,0x00,0x00,0x00,0x00,0x00,0x00,0x00,0x00,0x00,0x00,0x00,0x00,0x00,
    0x00,0x00,0x00,0x00,0x00,0x00,0x00,0x00,0x00,0x00,0x00,0x00,0x00,0x00,0x00,0x00,
    0x00,0x00,0x00,0x00,0x00,0x00,0x00,0x00,0x00,0x00,0x00,0x00,0x00,0x00,0x00,0x00,
    0x00,0x00,0x00,0x00,0x00,0x00,0x00,0x00,0x00,0x00,0x00,0x00,0x00,0x00,0x00,0x00,
    0x00,0x00,0x00,0x00,0x00,0x00,0x00,0x00,0x00,0x00,0x00,0x00,0x00,0x00,0x00,0x00,
    0x00,0x00,0x00,0x00,0x00,0x00,0x00,0x00,0x00,0x00,0x00,0x00,0x00,0x00,0x00,0x00,
    0x00,0x00,0x00,0x00,0x00,0x00,0x00,0x00,0x00,0x00,0x00,0x00,0x00,0x00,0x00,0x00,
    0x00,0x00,0x00,0x00,0x00,0x00,0x00,0x00,0x00,0x00,0x00,0x00,0x00,0x00,0x00,0x00,
    0x00,0x00,0x00,0x00,0x00,0x00,0x00,0x00,0x00,0x00,0x00,0x00,0x00,0x00,0x00,0x00,
    0x00,0x00,0x00,0x00,0x00,0x00,0x00,0x00,0x00,0x00,0x00,0x00,0x00,0x00,0x00,0x00,
    0x00,0x00,0x00,0x00,0x00,0x00,0x00,0x00,0x00,0x00,0x00,0x00,0x00,0x00,0x00,0x00,
    0x00,0x00,0x00,0x00,0x00,0x00,0x00,0x00,0x00,0x00,0x00,0x00,0x00,0x00,0x00,0x00,
    0x00,0x00,0x00,0x00,0x00,0x00,0x00,0x00,0x00,0x00,0x00,0x00,0x00,0x00,0x00,0x00,
    0x00,0x00,0x00,0x00,0x00,0x00,0x00,0x00,0x00,0x00,0x00,0x00,0x00,0x00,0x00,0x00,
    0x00,0x00,0x00,0x00,0x00,0x00,0x00,0x00,0x00,0x00,0x00,0x00,0x00,0x00,0x00,0x00,
    0x00,0x00,0x00,0x00,0x00,0x00,0x00,0x00,0x00,0x00,0x00,0x00,0x00,0x00,0x00,0x00,
    0x00,0x00,0x00,0x00,0x00,0x00,0x00,0x00,0x00,0x00,0x00,0x00,0x00,0x00,0x00,0x00,
    0x00,0x00,0x00,0x00,0x00,0x00,0x00,0x00,0x00,0x00,0x00,0x00,0x00,0x00,0x00,0x00,
    0x00,0x00,0x00,0x00,0x00,0x00,0x00,0x00,0x00,0x00,0x00,0x00,0x00,0x00,0x00,0x00,
    0x00,0x00,0x00,0x00,0x00,0x00,0x00,0x00,0x00,0x00,0x00,0x00,0x00,0x00,0x00,0x00,
    0x00,0x00,0x00,0x00,0x00,0x00,0x00,0x00,0x00,0x00,0x00,0x00,0x00,0x00,0x00,0x00,
    0x00,0x00,0x00,0x00,0x00,0x00,0x00,0x00,0x00,0x00,0x00,0x00,0x00,0x00,0x00,0x00,
    0x00,0x00,0x00,0x00,0x00,0x00,0x00,0x00,0x00,0x00,0x00,0x00,0x00,0x00,0x00,0x00,
    0x00,0x00,0x00,0x00,0x00,0x00,0x00,0x00,0x00,0x00,0x00,0x00,0x00,0x00,0x00,0x00,
    0x00,0x00,0x00,0x00,0x00,0x00,0x00,0x00,0x00,0x00,0x00,0x00,0x00,0x00,0x00,0x00,
    0x60,0x60,0xa0,0xff,0xe0,0xe0,0xe0,0xff,0x60,0x60,0xa0,0xff,0x20,0x20,0xe0,0xff,
    0x20,0x00,0xa0,0xff,0x00,0x00,0x40,0xff,0x00,0x00,0x40,0xff,0x00,0x00,0x00,0x00,
    0x00,0x00,0x40,0xff,0x20,0x00,0xa0,0xff,0x20,0x00,0xa0,0xff,0x20,0x00,0xa0,0xff,
    0x20,0x00,0xa0,0xff,0x20,0x00,0xa0,0xff,0x20,0x00,0xa0,0xff,0x00,0x00,0x40,0xff,
    0x00,0x00,0x40,0xff,0x20,0x20,0xe0,0xff,0x60,0x60,0xa0,0xff,0xe0,0xe0,0xe0,0xff,
    0x20,0x20,0xe0,0xff,0x20,0x20,0xe0,0xff,0x00,0x00,0x40,0xff,0x00,0x00,0x00,0x00,
    0x00,0x00,0x00,0x00,0x00,0x00,0x00,0x00,0x00,0x00,0x00,0x00,0x00,0x00,0x00,0x00,
    0x00,0x00,0x00,0x00,0x00,0x00,0x00,0x00,0x00,0x00,0x00,0x00,0x00,0x00,0x00,0x00,
    0x00,0x00,0x00,0x00,0x00,0x00,0x00,0x00,0x00,0x00,0x00,0x00,0x00,0x00,0x00,0x00,
    0x00,0x00,0x00,0x00,0x00,0x00,0x00,0x00,0x00,0x00,0x00,0x00,0x00,0x00,0x00,0x00,
    0x00,0x00,0x00,0x00,0x00,0x00,0x00,0x00,0x00,0x00,0x00,0x00,0x00,0x00,0x00,0x00,
    0x00,0x00,0x00,0x00,0x60,0x60,0xa0,0xff,0xe0,0xe0,0xe0,0xff,0x60,0x60,0xa0,0xff,
    0x20,0x20,0xe0,0xff,0x20,0x20,0xe0,0xff,0x20,0x00,0xa0,0xff,0x20,0x00,0xa0,0xff,
    0x00,0x00,0x40,0xff,0x00,0x00,0x40,0xff,0x20,0x00,0xa0,0xff,0x20,0x00,0xa0,0xff,
    0x20,0x20,0xe0,0xff,0x20,0x20,0xe0,0xff,0x20,0x20,0xe0,0xff,0x20,0x20,0xe0,0xff,
    0x20,0x20,0xe0,0xff,0x20,0x20,0xe0,0xff,0x20,0x00,0xa0,0xff,0x00,0x00,0x40,0xff,
    0x60,0x60,0xa0,0xff,0x20,0x20,0xe0,0xff,0x20,0x20,0xe0,0xff,0x20,0x20,0xe0,0xff,
    0x00,0x00,0x40,0xff,0x00,0x00,0x00,0x00,0x00,0x00,0x00,0x00,0x00,0x00,0x00,0x00,
    0x00,0x00,0x00,0x00,0x00,0x00,0x00,0x00,0x00,0x00,0x00,0x00,0x00,0x00,0x00,0x00,
    0x00,0x00,0x00,0x00,0x00,0x00,0x00,0x00,0x00,0x00,0x00,0x00,0x00,0x00,0x00,0x00,
    0x00,0x00,0x00,0x00,0x00,0x00,0x00,0x00,0x00,0x00,0x00,0x00,0x00,0x00,0x00,0x00,
    0x00,0x00,0x00,0x00,0x00,0x00,0x00,0x00,0x00,0x00,0x00,0x00,0x00,0x00,0x00,0x00,
    0x00,0x00,0x00,0x00,0x00,0x00,0x00,0x00,0x00,0x00,0x00,0x00,0x00,0x00,0x00,0x00,
    0x00,0x00,0x00,0x00,0x00,0x00,0x00,0x00,0x00,0x00,0x00,0x00,0x00,0x00,0x00,0x00,
    0x60,0x60,0xa0,0xff,0xe0,0xe0,0xe0,0xff,0x60,0x60,0xa0,0xff,0x20,0x20,0xe0,0xff,
    0x20,0x00,0xa0,0xff,0x00,0x00,0x40,0xff,0x00,0x00,0x40,0xff,0x00,0x00,0x00,0x00,
    0x00,0x00,0x40,0xff,0x20,0x00,0xa0,0xff,0x20,0x00,0xa0,0xff,0x20,0x00,0xa0,0xff,
    0x20,0x00,0xa0,0xff,0x20,0x00,0xa0,0xff,0x20,0x00,0xa0,0xff,0x00,0x00,0x40,0xff,
    0x00,0x00,0x40,0xff,0x20,0x20,0xe0,0xff,0x60,0x60,0xa0,0xff,0xe0,0xe0,0xe0,0xff,
    0x20,0x20,0xe0,0xff,0x20,0x20,0xe0,0xff,0x00,0x00,0x40,0xff,0x00,0x00,0x00,0x00,
    0x00,0x00,0x00,0x00,0x00,0x00,0x00,0x00,0x00,0x00,0x00,0x00,0x00,0x00,0x00,0x00,
    0x00,0x00,0x00,0x00,0x00,0x00,0x00,0x00,0x00,0x00,0x00,0x00,0x00,0x00,0x00,0x00,
    0x00,0x00,0x00,0x00,0x00,0x00,0x00,0x00,0x00,0x00,0x00,0x00,0x00,0x00,0x00,0x00,
    0x00,0x00,0x00,0x00,0x00,0x00,0x00,0x00,0x00,0x00,0x00,0x00,0x00,0x00,0x00,0x00,
    0x00,0x00,0x00,0x00,0x00,0x00,0x00,0x00,0x00,0x00,0x00,0x00,0x00,0x00,0x00,0x00,
    0x00,0x00,0x00,0x00,0x00,0x00,0x00,0x00,0x00,0x00,0x00,0x00,0x00,0x00,0x00,0x00,
    0x00,0x00,0x40,0xff,0x20,0x20,0xe0,0xff,0x60,0x60,0xa0,0xff,0x40,0x40,0xe0,0xff,
    0x20,0x20,0xe0,0xff,0x20,0x20,0xe0,0xff,0x00,0x00,0x40,0xff,0x00,0x00,0x40,0xff,
    0x00,0x00,0x00,0x00,0x00,0x00,0x00,0x00,0x00,0x00,0x00,0x00,0x00,0x00,0x00,0x00,
    0x00,0x00,0x00,0x00,0x00,0x00,0x00,0x00,0x00,0x00,0x00,0x00,0x00,0x00,0x00,0x00,
    0x00,0x00,0x00,0x00,0x00,0x00,0x00,0x00,0x00,0x00,0x40,0xff,0x20,0x20,0xe0,0xff,
    0x60,0x60,0xa0,0xff,0xe0,0xe0,0xe0,0xff,0x20,0x20,0xe0,0xff,0x20,0x20,0xe0,0xff,
    0x00,0x00,0x40,0xff,0x00,0x00,0x00,0x00,0x00,0x00,0x00,0x00,0x00,0x00,0x00,0x00,
    0x00,0x00,0x00,0x00,0x00,0x00,0x00,0x00,0x00,0x00,0x00,0x00,0x00,0x00,0x00,0x00,
    0x00,0x00,0x00,0x00,0x00,0x00,0x00,0x00,0x00,0x00,0x00,0x00,0x00,0x00,0x00,0x00,
    0x00,0x00,0x00,0x00,0x00,0x00,0x00,0x00,0x00,0x00,0x00,0x00,0x00,0x00,0x00,0x00,
    0x00,0x00,0x00,0x00,0x00,0x00,0x00,0x00,0x00,0x00,0x00,0x00,0x00,0x00,0x00,0x00,
    0x00,0x00,0x00,0x00,0x00,0x00,0x00,0x00,0x00,0x00,0x00,0x00,0x00,0x00,0x00,0x00,
    0x00,0x00,0x00,0x00,0x00,0x00,0x00,0x00,0x00,0x00,0x00,0x00,0x00,0x00,0x00,0x00,
    0x00,0x00,0x00,0x00,0x00,0x00,0x00,0x00,0x00,0x00,0x00,0x00,0x00,0x00,0x00,0x00,
    0x00,0x00,0x00,0x00,0x00,0x00,0x00,0x00,0x00,0x00,0x00,0x00,0x00,0x00,0x00,0x00,
    0x00,0x00,0x00,0x00,0x00,0x00,0x00,0x00,0x00,0x00,0x00,0x00,0x00,0x00,0x00,0x00,
    0x00,0x00,0x00,0x00,0x00,0x00,0x00,0x00,0x00,0x00,0x00,0x00,0x00,0x00,0x00,0x00,
    0x00,0x00,0x00,0x00,0x00,0x00,0x00,0x00,0x00,0x00,0x00,0x00,0x00,0x00,0x00,0x00,
    0x00,0x00,0x00,0x00,0x00,0x00,0x00,0x00,0x00,0x00,0x00,0x00,0x00,0x00,0x00,0x00,
    0x00,0x00,0x00,0x00,0x00,0x00,0x00,0x00,0x00,0x00,0x00,0x00,0x00,0x00,0x00,0x00,
    0x00,0x00,0x00,0x00,0x00,0x00,0x00,0x00,0x00,0x00,0x00,0x00,0x00,0x00,0x00,0x00,
    0x00,0x00,0x00,0x00,0x00,0x00,0x00,0x00,0x00,0x00,0x00,0x00,0x00,0x00,0x00,0x00,
    0x00,0x00,0x00,0x00,0x00,0x00,0x00,0x00,0x00,0x00,0x00,0x00,0x00,0x00,0x00,0x00,
    0x00,0x00,0x00,0x00,0x00,0x00,0x00,0x00,0x00,0x00,0x00,0x00,0x00,0x00,0x40,0xff,
    0x20,0x20,0xe0,0xff,0x20,0x20,0xe0,0xff,0xe0,0xe0,0xe0,0xff,0x60,0x60,0xa0,0xff,
    0x20,0x20,0xe0,0xff,0x00,0x00,0x40,0xff,0x00,0x00,0x00,0x00,0x00,0x00,0x00,0x00,
    0x00,0x00,0x00,0x00,0x00,0x00,0x00,0x00,0x00,0x00,0x00,0x00,0x00,0x00,0x00,0x00,
    0x00,0x00,0x00,0x00,0x00,0x00,0x00,0x00,0x00,0x00,0x00,0x00,0x00,0x00,0x00,0x00,
    0x00,0x00,0x40,0xff,0x00,0x00,0x40,0xff,0x20,0x20,0xe0,0xff,0x20,0x20,0xe0,0xff,
    0x40,0x40,0xe0,0xff,0x60,0x60,0xa0,0xff,0x20,0x20,0xe0,0xff,0x00,0x00,0x40,0xff,
    0x00,0x00,0x00,0x00,0x00,0x00,0x00,0x00,0x00,0x00,0x00,0x00,0x00,0x00,0x00,0x00,
    0x00,0x00,0x00,0x00,0x00,0x00,0x00,0x00,0x00,0x00,0x00,0x00,0x00,0x00,0x00,0x00,
    0x00,0x00,0x00,0x00,0x00,0x00,0x00,0x00,0x00,0x00,0x00,0x00,0x00,0x00,0x00,0x00,
    0x00,0x00,0x00,0x00,0x00,0x00,0x00,0x00,0x00,0x00,0x00,0x00,0x00,0x00,0x00,0x00,
    0x00,0x00,0x00,0x00,0x00,0x00,0x00,0x00,0x00,0x00,0x00,0x00,0x00,0x00,0x00,0x00,
    0x00,0x00,0x00,0x00,0x00,0x00,0x00,0x00,0x00,0x00,0x00,0x00,0x00,0x00,0x00,0x00,
    0x00,0x00,0x00,0x00,0x00,0x00,0x40,0xff,0x20,0x20,0xe0,0xff,0x20,0x20,0xe0,0xff,
    0xe0,0xe0,0xe0,0xff,0x60,0x60,0xa0,0xff,0x20,0x20,0xe0,0xff,0x00,0x00,0x40,0xff,
    0x00,0x00,0x40,0xff,0x20,0x00,0xa0,0xff,0x20,0x00,0xa0,0xff,0x20,0x00,0xa0,0xff,
    0x20,0x00,0xa0,0xff,0x20,0x00,0xa0,0xff,0x20,0x00,0xa0,0xff,0x00,0x00,0x40,0xff,
    0x00,0x00,0x00,0x00,0x00,0x00,0x40,0xff,0x00,0x00,0x40,0xff,0x20,0x00,0xa0,0xff,
    0x20,0x20,0xe0,0xff,0x60,0x60,0xa0,0xff,0xe0,0xe0,0xe0,0xff,0x60,0x60,0xa0,0xff,
    0x00,0x00,0x00,0x00,0x00,0x00,0x00,0x00,0x00,0x00,0x00,0x00,0x00,0x00,0x00,0x00,
    0x00,0x00,0x00,0x00,0x00,0x00,0x00,0x00,0x00,0x00,0x00,0x00,0x00,0x00,0x00,0x00,
    0x00,0x00,0x00,0x00,0x00,0x00,0x00,0x00,0x00,0x00,0x00,0x00,0x00,0x00,0x00,0x00,
    0x00,0x00,0x00,0x00,0x00,0x00,0x00,0x00,0x00,0x00,0x00,0x00,0x00,0x00,0x00,0x00,
    0x00,0x00,0x00,0x00,0x00,0x00,0x00,0x00,0x00,0x00,0x00,0x00,0x00,0x00,0x00,0x00,
    0x00,0x00,0x00,0x00,0x00,0x00,0x00,0x00,0x00,0x00,0x00,0x00,0x00,0x00,0x00,0x00,
    0x00,0x00,0x00,0x00,0x00,0x00,0x40,0xff,0x20,0x20,0xe0,0xff,0x20,0x20,0xe0,0xff,
    0x20,0x20,0xe0,0xff,0x60,0x60,0xa0,0xff,0x00,0x00,0x40,0xff,0x20,0x00,0xa0,0xff,
    0x20,0x20,0xe0,0xff,0x20,0x20,0xe0,0xff,0x20,0x20,0xe0,0xff,0x20,0x20,0xe0,0xff,
    0x20,0x20,0xe0,0xff,0x20,0x20,0xe0,0xff,0x20,0x00,0xa0,0xff,0x20,0x00,0xa0,0xff,
    0x00,0x00,0x40,0xff,0x00,0x00,0x40,0xff,0x20,0x00,0xa0,0xff,0x20,0x00,0xa0,0xff,
    0x20,0x20,0xe0,0xff,0x20,0x20,0xe0,0xff,0x60,0x60,0xa0,0xff,0xe0,0xe0,0xe0,0xff,
    0x60,0x60,0xa0,0xff,0x00,0x00,0x00,0x00,0x00,0x00,0x00,0x00,0x00,0x00,0x00,0x00,
    0x00,0x00,0x00,0x00,0x00,0x00,0x00,0x00,0x00,0x00,0x00,0x00,0x00,0x00,0x00,0x00,
    0x00,0x00,0x00,0x00,0x00,0x00,0x00,0x00,0x00,0x00,0x00,0x00,0x00,0x00,0x00,0x00,
    0x00,0x00,0x00,0x00,0x00,0x00,0x00,0x00,0x00,0x00,0x00,0x00,0x00,0x00,0x00,0x00,
    0x00,0x00,0x00,0x00,0x00,0x00,0x00,0x00,0x00,0x00,0x00,0x00,0x00,0x00,0x00,0x00,
    0x00,0x00,0x00,0x00,0x00,0x00,0x00,0x00,0x00,0x00,0x00,0x00,0x00,0x00,0x00,0x00,
    0x00,0x00,0x00,0x00,0x00,0x00,0x40,0xff,0x20,0x20,0xe0,0xff,0x20,0x20,0xe0,0xff,
    0xe0,0xe0,0xe0,0xff,0x60,0x60,0xa0,0xff,0x20,0x20,0xe0,0xff,0x00,0x00,0x40,0xff,
    0x00,0x00,0x40,0xff,0x20,0x00,0xa0,0xff,0x20,0x00,0xa0,0xff,0x20,0x00,0xa0,0xff,
    0x20,0x00,0xa0,0xff,0x20,0x00,0xa0,0xff,0x20,0x00,0xa0,0xff,0x00,0x00,0x40,0xff,
    0x00,0x00,0x00,0x00,0x00,0x00,0x40,0xff,0x00,0x00,0x40,0xff,0x20,0x00,0xa0,0xff,
    0x20,0x20,0xe0,0xff,0x60,0x60,0xa0,0xff,0xe0,0xe0,0xe0,0xff,0x60,0x60,0xa0,0xff,
    0x00,0x00,0x00,0x00,0x00,0x00,0x00,0x00,0x00,0x00,0x00,0x00,0x00,0x00,0x00,0x00,
    0x00,0x00,0x00,0x00,0x00,0x00,0x00,0x00,0x00,0x00,0x00,0x00,0x00,0x00,0x00,0x00,
    0x00,0x00,0x00,0x00,0x00,0x00,0x00,0x00,0x00,0x00,0x00,0x00,0x00,0x00,0x00,0x00,
    0x00,0x00,0x00,0x00,0x00,0x00,0x00,0x00,0x00,0x00,0x00,0x00,0x00,0x00,0x00,0x00,
    0x00,0x00,0x00,0x00,0x00,0x00,0x00,0x00,0x00,0x00,0x00,0x00,0x00,0x00,0x00,0x00,
    0x00,0x00,0x00,0x00,0x00,0x00,0x00,0x00,0x00,0x00,0x00,0x00,0x00,0x00,0x40,0xff,
    0x20,0x20,0xe0,0xff,0x20,0x20,0xe0,0xff,0xe0,0xe0,0xe0,0xff,0x60,0x60,0xa0,0xff,
    0x20,0x20,0xe0,0xff,0x00,0x00,0x40,0xff,0x00,0x00,0x00,0x00,0x00,0x00,0x00,0x00,
    0x00,0x00,0x00,0x00,0x00,0x00,0x00,0x00,0x00,0x00,0x00,0x00,0x00,0x00,0x00,0x00,
    0x00,0x00,0x00,0x00,0x00,0x00,0x00,0x00,0x00,0x00,0x00,0x00,0x00,0x00,0x00,0x00,
    0x00,0x00,0x40,0xff,0x00,0x00,0x40,0xff,0x20,0x20,0xe0,0xff,0x20,0x20,0xe0,0xff,
    0x40,0x40,0xe0,0xff,0x60,0x60,0xa0,0xff,0x20,0x20,0xe0,0xff,0x00,0x00,0x40,0xff,
    0x00,0x00,0x00,0x00,0x00,0x00,0x00,0x00,0x00,0x00,0x00,0x00,0x00,0x00,0x00,0x00,
    0x00,0x00,0x00,0x00,0x00,0x00,0x00,0x00,0x00,0x00,0x00,0x00,0x00,0x00,0x00,0x00,
    0x00,0x00,0x00,0x00,0x00,0x00,0x00,0x00,0x00,0x00,0x00,0x00,0x00,0x00,0x00,0x00,
    0x00,0x00,0x00,0x00,0x00,0x00,0x00,0x00,0x00,0x00,0x00,0x00,0x00,0x00,0x00,0x00,
    0x00,0x00,0x00,0x00,0x00,0x00,0x00,0x00,0x00,0x00,0x00,0x00,0x00,0x00,0x00,0x00,
    0x00,0x00,0x00,0x00,0x00,0x00,0x00,0x00,0x00,0x00,0x00,0x00,0x00,0x00,0x00,0x00,
    0x00,0x00,0x00,0x00,0x00,0x00,0x00,0x00,0x00,0x00,0x00,0x00,0x00,0x00,0x00,0x00,
    0x00,0x00,0x00,0x00,0x00,0x00,0x00,0x00,0x00,0x00,0x00,0x00,0x00,0x00,0x00,0x00,
    0x00,0x00,0x00,0x00,0x00,0x00,0x00,0x00,0x00,0x00,0x00,0x00,0x00,0x00,0x00,0x00,
    0x00,0x00,0x00,0x00,0x00,0x00,0x00,0x00,0x00,0x00,0x00,0x00,0x00,0x00,0x00,0x00,
    0x00,0x00,0x00,0x00,0x00,0x00,0x00,0x00,0x00,0x00,0x00,0x00,0x00,0x00,0x00,0x00,
    0x00,0x00,0x00,0x00,0x00,0x00,0x00,0x00,0x00,0x00,0x00,0x00,0x00,0x00,0x00,0x00,
    0x00,0x00,0x00,0x00,0x00,0x00,0x00,0x00,0x00,0x00,0x00,0x00,0x00,0x00,0x00,0x00,
    0x00,0x00,0x00,0x00,0x00,0x00,0x00,0x00,0x00,0x00,0x00,0x00,0x00,0x00,0x00,0x00,
    0x00,0x00,0x00,0x00,0x00,0x00,0x00,0x00,0x00,0x00,0x00,0x00,0x00,0x00,0x00,0x00,
    0x00,0x00,0x00,0x00,0x00,0x00,0x00,0x00,0x00,0x00,0x00,0x00,0x00,0x00,0x00,0x00,
    0x00,0x00,0x00,0x00,0x00,0x00,0x00,0x00,0x00,0x00,0x00,0x00,0x00,0x00,0x00,0x00,
    0x00,0x00,0x00,0x00,0x00,0x00,0x00,0x00,0x00,0x00,0x00,0x00,0x00,0x00,0x00,0x00,
    0x00,0x00,0x00,0x00,0x00,0x00,0x00,0x00,0x00,0x00,0x00,0x00,0x00,0x00,0x00,0x00,
    0x00,0x00,0x00,0x00,0x00,0x00,0x00,0x00,0x00,0x00,0x00,0x00,0x00,0x00,0x00,0x00,
    0x00,0x00,0x00,0x00,0x00,0x00,0x00,0x00,0x00,0x00,0x00,0x00,0x00,0x00,0x00,0x00,
    0x00,0x00,0x00,0x00,0x00,0x00,0x00,0x00,0x00,0x00,0x00,0x00,0x00,0x00,0x00,0x00,
    0x00,0x00,0x00,0x00,0x00,0x00,0x00,0x00,0x00,0x00,0x00,0x00,0x00,0x00,0x00,0x00,
    0x00,0x00,0x00,0x00,0x00,0x00,0x00,0x00,0x00,0x00,0x00,0x00,0x00,0x00,0x00,0x00,
    0x00,0x00,0x00,0x00,0x00,0x00,0x00,0x00,0x00,0x00,0x00,0x00,0x00,0x00,0x00,0x00,
    0x00,0x00,0x00,0x00,0x00,0x00,0x00,0x00,0x00,0x00,0x00,0x00,0x00,0x00,0x00,0x00,
    0x00,0x00,0x00,0x00,0x00,0x00,0x00,0x00,0x00,0x00,0x00,0x00,0x00,0x00,0x00,0x00,
    0x00,0x00,0x00,0x00,0x00,0x00,0x00,0x00,0x00,0x00,0x00,0x00,0x00,0x00,0x00,0x00,
    0x00,0x00,0x00,0x00,0x00,0x00,0x00,0x00,0x00,0x00,0x00,0x00,0x00,0x00,0x00,0x00,
    0x00,0x00,0x00,0x00,0x00,0x00,0x00,0x00,0x00,0x00,0x00,0x00,0x00,0x00,0x00,0x00,
    0x00,0x00,0x00,0x00,0x00,0x00,0x00,0x00,0x00,0x00,0x00,0x00,0x00,0x00,0x00,0x00,
    0x00,0x00,0x00,0x00,0x00,0x00,0x00,0x00,0x00,0x00,0x00,0x00,0x00,0x00,0x00,0x00,
    0x00,0x00,0x00,0x00,0x00,0x00,0x00,0x00,0x00,0x00,0x00,0x00,0x00,0x00,0x00,0x00,
    0x00,0x00,0x00,0x00,0x00,0x00,0x00,0x00,0x00,0x00,0x00,0x00,0x00,0x00,0x00,0x00,
    0x00,0x00,0x00,0x00,0x00,0x00,0x00,0x00,0x00,0x00,0x00,0x00,0x00,0x00,0x00,0x00,
    0x00,0x00,0x00,0x00,0x00,0x00,0x00,0x00,0x00,0x00,0x00,0x00,0x00,0x00,0x00,0x00,
    0x00,0x00,0x00,0x00,0x00,0x00,0x00,0x00,0x00,0x00,0x00,0x00,0x00,0x00,0x00,0x00,
    0x00,0x00,0x00,0x00,0x00,0x00,0x00,0x00,0x00,0x00,0x00,0x00,0x00,0x00,0x00,0x00,
    0x00,0x00,0x00,0x00,0x00,0x00,0x00,0x00,0x00,0x00,0x00,0x00,0x00,0x00,0x00,0x00,
    0x00,0x00,0x00,0x00,0x00,0x00,0x00,0x00,0x00,0x00,0x00,0x00,0x00,0x00,0x00,0x00,
    0x00,0x00,0x00,0x00,0x00,0x00,0x00,0x00,0x00,0x00,0x00,0x00,0x00,0x00,0x00,0x00,
    0x00,0x00,0x00,0x00,0x00,0x00,0x00,0x00,0x00,0x00,0x00,0x00,0x00,0x00,0x00,0x00,
    0x00,0x00,0x00,0x00,0x00,0x00,0x00,0x00,0x00,0x00,0x00,0x00,0x00,0x00,0x00,0x00,
    0x00,0x00,0x00,0x00,0x00,0x00,0x00,0x00,0x00,0x00,0x00,0x00,0x00,0x00,0x00,0x00,
    0x00,0x00,0x00,0x00,0x00,0x00,0x00,0x00,0x00,0x00,0x00,0x00,0x00,0x00,0x00,0x00,
    0x00,0x00,0x00,0x00,0x00,0x00,0x00,0x00,0x00,0x00,0x00,0x00,0x00,0x00,0x00,0x00,
    0x00,0x00,0x00,0x00,0x00,0x00,0x00,0x00,0x00,0x00,0x00,0x00,0x00,0x00,0x00,0x00,
    0x00,0x00,0x00,0x00,0x00,0x00,0x00,0x00,0x00,0x00,0x00,0x00,0x00,0x00,0x00,0x00,
    0x00,0x00,0x00,0x00,0x00,0x00,0x00,0x00,0x00,0x00,0x00,0x00,0x00,0x00,0x00,0x00,
    0x00,0x00,0x00,0x00,0x00,0x00,0x00,0x00,0x00,0x00,0x00,0x00,0x00,0x00,0x00,0x00,
    0x00,0x00,0x00,0x00,0x00,0x00,0x00,0x00,0x00,0x00,0x00,0x00,0x00,0x00,0x00,0x00,
    0x00,0x00,0x00,0x00,0x00,0x00,0x00,0x00,0x00,0x00,0x00,0x00,0x00,0x00,0x00,0x00,
    0x00,0x00,0x00,0x00,0x00,0x00,0x00,0x00,0x00,0x00,0x00,0x00,0x00,0x00,0x00,0x00,
    0x00,0x00,0x00,0x00,0x00,0x00,0x00,0x00,0x00,0x00,0x00,0x00,0x00,0x00,0x40,0xff,
    0x00,0x00,0x40,0xff,0x00,0x00,0x00,0x00,0x00,0x00,0x00,0x00,0x00,0x00,0x00,0x00,
    0x00,0x00,0x00,0x00,0x00,0x00,0x00,0x00,0x00,0x00,0x00,0x00,0x00,0x00,0x00,0x00,
    0x00,0x00,0x00,0x00,0x00,0x00,0x00,0x00,0x00,0x00,0x00,0x00,0x00,0x00,0x00,0x00,
    0x00,0x00,0x00,0x00,0x00,0x00,0x00,0x00,0x00,0x00,0x00,0x00,0x00,0x00,0x00,0x00,
    0x00,0x00,0x00,0x00,0x00,0x00,0x00,0x00,0x00,0x00,0x00,0x00,0x00,0x00,0x00,0x00,
    0x00,0x00,0x00,0x00,0x00,0x00,0x00,0x00,0x00,0x00,0x40,0xff,0x00,0x00,0x40,0xff,
    0x00,0x00,0x00,0x00,0x00,0x00,0x00,0x00,0x00,0x00,0x00,0x00,0x00,0x00,0x00,0x00,
    0x00,0x00,0x00,0x00,0x00,0x00,0x00,0x00,0x00,0x00,0x00,0x00,0x00,0x00,0x00,0x00,
    0x00,0x00,0x00,0x00,0x00,0x00,0x00,0x00,0x00,0x00,0x00,0x00,0x00,0x00,0x00,0x00,
    0x00,0x00,0x00,0x00,0x00,0x00,0x00,0x00,0x00,0x00,0x00,0x00,0x00,0x00,0x00,0x00,
    0x00,0x00,0x00,0x00,0x00,0x00,0x00,0x00,0x00,0x00,0x00,0x00,0x00,0x00,0x00,0x00,
    0x00,0x00,0x00,0x00,0x00,0x00,0x00,0x00,0x00,0x00,0x00,0x00,0x00,0x00,0x40,0xff,
    0x00,0x00,0x40,0xff,0x00,0x00,0x00,0x00,0x00,0x00,0x00,0x00,0x00,0x00,0x00,0x00,
    0x00,0x00,0x00,0x00,0x00,0x00,0x00,0x00,0x00,0x00,0x00,0x00,0x00,0x00,0x00,0x00,
    0x00,0x00,0x00,0x00,0x00,0x00,0x00,0x00,0x00,0x00,0x00,0x00,0x00,0x00,0x00,0x00,
    0x00,0x00,0x00,0x00,0x00,0x00,0x00,0x00,0x00,0x00,0x00,0x00,0x00,0x00,0x00,0x00,
    0x00,0x00,0x00,0x00,0x00,0x00,0x00,0x00,0x00,0x00,0x00,0x00,0x00,0x00,0x00,0x00,
    0x00,0x00,0x00,0x00,0x00,0x00,0x00,0x00,0x00,0x00,0x40,0xff,0x00,0x00,0x40,0xff,
    0x00,0x00,0x00,0x00,0x00,0x00,0x00,0x00,0x00,0x00,0x00,0x00,0x00,0x00,0x00,0x00,
    0x00,0x00,0x00,0x00,0x00,0x00,0x00,0x00,0x00,0x00,0x00,0x00,0x00,0x00,0x00,0x00,
    0x00,0x00,0x00,0x00,0x00,0x00,0x00,0x00,0x00,0x00,0x00,0x00,0x00,0x00,0x00,0x00,
    0x00,0x00,0x00,0x00,0x00,0x00,0x00,0x00,0x00,0x00,0x00,0x00,0x00,0x00,0x00,0x00,
    0x00,0x00,0x00,0x00,0x00,0x00,0x00,0x00,0x00,0x00,0x00,0x00,0x00,0x00,0x00,0x00,
    0x00,0x00,0x00,0x00,0x00,0x00,0x00,0x00,0x00,0x00,0x00,0x00,0x00,0x00,0x00,0x00,
    0x60,0x60,0xa0,0xff,0xe0,0xe0,0xe0,0xff,0x60,0x60,0xa0,0xff,0x60,0x60,0xa0,0xff,
    0x60,0x60,0xa0,0xff,0x20,0x00,0xa0,0xff,0x00,0x00,0x40,0xff,0x00,0x00,0x40,0xff,
    0x20,0x00,0xa0,0xff,0x20,0x00,0xa0,0xff,0x20,0x00,0xa0,0xff,0x20,0x20,0xe0,0xff,
    0x20,0x20,0xe0,0xff,0x20,0x20,0xe0,0xff,0x20,0x20,0xe0,0xff,0x20,0x00,0xa0,0xff,
    0x00,0x00,0x40,0xff,0x00,0x00,0x40,0xff,0x60,0x60,0xa0,0xff,0x20,0x20,0xe0,0xff,
    0x20,0x20,0xe0,0xff,0x20,0x20,0xe0,0xff,0x00,0x00,0x40,0xff,0x00,0x00,0x00,0x00,
    0x00,0x00,0x00,0x00,0x00,0x00,0x00,0x00,0x00,0x00,0x00,0x00,0x00,0x00,0x00,0x00,
    0x00,0x00,0x00,0x00,0x00,0x00,0x00,0x00,0x00,0x00,0x00,0x00,0x00,0x00,0x00,0x00,
    0x00,0x00,0x00,0x00,0x00,0x00,0x00,0x00,0x00,0x00,0x00,0x00,0x00,0x00,0x00,0x00,
    0x00,0x00,0x00,0x00,0x00,0x00,0x00,0x00,0x00,0x00,0x00,0x00,0x00,0x00,0x00,0x00,
    0x00,0x00,0x00,0x00,0x00,0x00,0x00,0x00,0x00,0x00,0x00,0x00,0x00,0x00,0x00,0x00,
    0x00,0x00,0x00,0x00,0x60,0x60,0xa0,0xff,0xe0,0xe0,0xe0,0xff,0x60,0x60,0xa0,0xff,
    0x20,0x20,0xe0,0xff,0x20,0x00,0xa0,0xff,0x20,0x00,0xa0,0xff,0x20,0x00,0xa0,0xff,
    0x00,0x00,0x40,0xff,0x00,0x00,0x40,0xff,0x20,0x00,0xa0,0xff,0x20,0x00,0xa0,0xff,
    0x20,0x20,0xe0,0xff,0x20,0x20,0xe0,0xff,0x20,0x20,0xe0,0xff,0x20,0x20,0xe0,0xff,
    0x20,0x20,0xe0,0xff,0x20,0x20,0xe0,0xff,0x20,0x20,0xe0,0xff,0x20,0x00,0xa0,0xff,
    0x00,0x00,0x40,0xff,0x20,0x00,0xa0,0xff,0x20,0x20,0xe0,0xff,0x20,0x20,0xe0,0xff,
    0x00,0x00,0x40,0xff,0x00,0x00,0x00,0x00,0x00,0x00,0x00,0x00,0x00,0x00,0x00,0x00,
    0x00,0x00,0x00,0x00,0x00,0x00,0x00,0x00,0x00,0x00,0x00,0x00,0x00,0x00,0x00,0x00,
    0x00,0x00,0x00,0x00,0x00,0x00,0x00,0x00,0x00,0x00,0x00,0x00,0x00,0x00,0x00,0x00,
    0x00,0x00,0x00,0x00,0x00,0x00,0x00,0x00,0x00,0x00,0x00,0x00,0x00,0x00,0x00,0x00,
    0x00,0x00,0x00,0x00,0x00,0x00,0x00,0x00,0x00,0x00,0x00,0x00,0x00,0x00,0x00,0x00,
    0x00,0x00,0x00,0x00,0x00,0x00,0x00,0x00,0x00,0x00,0x00,0x00,0x00,0x00,0x00,0x00,
    0x00,0x00,0x00,0x00,0x00,0x00,0x00,0x00,0x00,0x00,0x00,0x00,0x00,0x00,0x00,0x00,
    0x60,0x60,0xa0,0xff,0xe0,0xe0,0xe0,0xff,0x60,0x60,0xa0,0xff,0x60,0x60,0xa0,0xff,
    0x60,0x60,0xa0,0xff,0x20,0x00,0xa0,0xff,0x00,0x00,0x40,0xff,0x00,0x00,0x40,0xff,
    0x20,0x00,0xa0,0xff,0x20,0x00,0xa0,0xff,0x20,0x00,0xa0,0xff,0x20,0x20,0xe0,0xff,
    0x20,0x20,0xe0,0xff,0x20,0x20,0xe0,0xff,0x20,0x20,0xe0,0xff,0x20,0x00,0xa0,0xff,
    0x00,0x00,0x40,0xff,0x00,0x00,0x40,0xff,0x60,0x60,0xa0,0xff,0x20,0x20,0xe0,0xff,
    0x20,0x20,0xe0,0xff,0x20,0x20,0xe0,0xff,0x00,0x00,0x40,0xff,0x00,0x00,0x00,0x00,
    0x00,0x00,0x00,0x00,0x00,0x00,0x00,0x00,0x00,0x00,0x00,0x00,0x00,0x00,0x00,0x00,
    0x00,0x00,0x00,0x00,0x00,0x00,0x00,0x00,0x00,0x00,0x00,0x00,0x00,0x00,0x00,0x00,
    0x00,0x00,0x00,0x00,0x00,0x00,0x00,0x00,0x00,0x00,0x00,0x00,0x00,0x00,0x00,0x00,
    0x00,0x00,0x00,0x00,0x00,0x00,0x00,0x00,0x00,0x00,0x00,0x00,0x00,0x00,0x00,0x00,
    0x00,0x00,0x00,0x00,0x00,0x00,0x00,0x00,0x00,0x00,0x00,0x00,0x00,0x00,0x00,0x00,
    0x00,0x00,0x00,0x00,0x00,0x00,0x00,0x00,0x00,0x00,0x00,0x00,0x00,0x00,0x00,0x00,
    0x00,0x00,0x40,0xff,0x20,0x20,0xe0,0xff,0x40,0x40,0xe0,0xff,0xe0,0xe0,0xe0,0xff,
    0x60,0x60,0xa0,0xff,0x20,0x20,0xe0,0xff,0x20,0x20,0xe0,0xff,0x00,0x00,0x40,0xff,
    0x00,0x00,0x40,0xff,0x00,0x00,0x40,0xff,0x20,0x00,0xa0,0xff,0x20,0x00,0xa0,0xff,
    0x20,0x00,0xa0,0xff,0x20,0x00,0xa0,0xff,0x20,0x00,0xa0,0xff,0x20,0x00,0xa0,0xff,
    0x20,0x00,0xa0,0xff,0x00,0x00,0x40,0xff,0x00,0x00,0x40,0xff,0x60,0x60,0xa0,0xff,
    0xe0,0xe0,0xe0,0xff,0x20,0x20,0xe0,0xff,0x20,0x20,0xe0,0xff,0x20,0x20,0xe0,0xff,
    0x00,0x00,0x40,0xff,0x00,0x00,0x00,0x00,0x00,0x00,0x00,0x00,0x00,0x00,0x00,0x00,
    0x00,0x00,0x00,0x00,0x00,0x00,0x00,0x00,0x00,0x00,0x00,0x00,0x00,0x00,0x00,0x00,
    0x00,0x00,0x00,0x00,0x00,0x00,0x00,0x00,0x00,0x00,0x00,0x00,0x00,0x00,0x00,0x00,
    0x00,0x00,0x00,0x00,0x00,0x00,0x00,0x00,0x00,0x00,0x00,0x00,0x00,0x00,0x00,0x00,
    0x00,0x00,0x00,0x00,0x00,0x00,0x00,0x00,0x00,0x00,0x00,0x00,0x00,0x00,0x00,0x00,
    0x00,0x00,0x00,0x00,0x00,0x00,0x00,0x00,0x00,0x00,0x00,0x00,0x00,0x00,0x40,0xff,
    0x00,0x00,0x40,0xff,0x00,0x00,0x00,0x00,0x00,0x00,0x00,0x00,0x00,0x00,0x00,0x00,
    0x00,0x00,0x00,0x00,0x00,0x00,0x00,0x00,0x00,0x00,0x00,0x00,0x00,0x00,0x00,0x00,
    0x00,0x00,0x00,0x00,0x00,0x00,0x00,0x00,0x00,0x00,0x00,0x00,0x00,0x00,0x00,0x00,
    0x00,0x00,0x00,0x00,0x00,0x00,0x00,0x00,0x00,0x00,0x00,0x00,0x00,0x00,0x00,0x00,
    0x00,0x00,0x00,0x00,0x00,0x00,0x00,0x00,0x00,0x00,0x00,0x00,0x00,0x00,0x00,0x00,
    0x00,0x00,0x00,0x00,0x00,0x00,0x00,0x00,0x00,0x00,0x40,0xff,0x00,0x00,0x40,0xff,
    0x00,0x00,0x00,0x00,0x00,0x00,0x00,0x00,0x00,0x00,0x00,0x00,0x00,0x00,0x00,0x00,
    0x00,0x00,0x00,0x00,0x00,0x00,0x00,0x00,0x00,0x00,0x00,0x00,0x00,0x00,0x00,0x00,
    0x00,0x00,0x00,0x00,0x00,0x00,0x00,0x00,0x00,0x00,0x00,0x00,0x00,0x00,0x00,0x00,
    0x00,0x00,0x00,0x00,0x00,0x00,0x00,0x00,0x00,0x00,0x00,0x00,0x00,0x00,0x00,0x00,
    0x00,0x00,0x00,0x00,0x00,0x00,0x00,0x00,0x00,0x00,0x00,0x00,0x00,0x00,0x00,0x00,
    0x00,0x00,0x00,0x00,0x00,0x00,0x00,0x00,0x00,0x00,0x00,0x00,0x00,0x00,0x40,0xff,
    0x20,0x20,0xe0,0xff,0x20,0x20,0xe0,0xff,0x20,0x20,0xe0,0xff,0xe0,0xe0,0xe0,0xff,
    0x60,0x60,0xa0,0xff,0x00,0x00,0x40,0xff,0x00,0x00,0x40,0xff,0x20,0x00,0xa0,0xff,
    0x20,0x00,0xa0,0xff,0x20,0x00,0xa0,0xff,0x20,0x00,0xa0,0xff,0x20,0x00,0xa0,0xff,
    0x20,0x00,0xa0,0xff,0x20,0x00,0xa0,0xff,0x00,0x00,0x40,0xff,0x00,0x00,0x40,0xff,
    0x00,0x00,0x40,0xff,0x20,0x20,0xe0,0xff,0x20,0x20,0xe0,0xff,0x60,0x60,0xa0,0xff,
    0xe0,0xe0,0xe0,0xff,0x40,0x40,0xe0,0xff,0x20,0x20,0xe0,0xff,0x00,0x00,0x40,0xff,
    0x00,0x00,0x00,0x00,0x00,0x00,0x00,0x00,0x00,0x00,0x00,0x00,0x00,0x00,0x00,0x00,
    0x00,0x00,0x00,0x00,0x00,0x00,0x00,0x00,0x00,0x00,0x00,0x00,0x00,0x00,0x00,0x00,
    0x00,0x00,0x00,0x00,0x00,0x00,0x00,0x00,0x00,0x00,0x00,0x00,0x00,0x00,0x00,0x00,
    0x00,0x00,0x00,0x00,0x00,0x00,0x00,0x00,0x00,0x00,0x00,0x00,0x00,0x00,0x00,0x00,
    0x00,0x00,0x00,0x00,0x00,0x00,0x00,0x00,0x00,0x00,0x00,0x00,0x00,0x00,0x00,0x00,
    0x00,0x00,0x00,0x00,0x00,0x00,0x00,0x00,0x00,0x00,0x00,0x00,0x00,0x00,0x00,0x00,
    0x00,0x00,0x00,0x00,0x00,0x00,0x40,0xff,0x20,0x20,0xe0,0xff,0x20,0x20,0xe0,0xff,
    0x20,0x20,0xe0,0xff,0x60,0x60,0xa0,0xff,0x00,0x00,0x40,0xff,0x00,0x00,0x40,0xff,
    0x20,0x00,0xa0,0xff,0x20,0x20,0xe0,0xff,0x20,0x20,0xe0,0xff,0x20,0x20,0xe0,0xff,
    0x20,0x20,0xe0,0xff,0x20,0x00,0xa0,0xff,0x20,0x00,0xa0,0xff,0x20,0x00,0xa0,0xff,
    0x00,0x00,0x40,0xff,0x00,0x00,0x40,0xff,0x20,0x00,0xa0,0xff,0x60,0x60,0xa0,0xff,
    0x60,0x60,0xa0,0xff,0x60,0x60,0xa0,0xff,0xe0,0xe0,0xe0,0xff,0x60,0x60,0xa0,0xff,
    0x00,0x00,0x00,0x00,0x00,0x00,0x00,0x00,0x00,0x00,0x00,0x00,0x00,0x00,0x00,0x00,
    0x00,0x00,0x00,0x00,0x00,0x00,0x00,0x00,0x00,0x00,0x00,0x00,0x00,0x00,0x00,0x00,
    0x00,0x00,0x00,0x00,0x00,0x00,0x00,0x00,0x00,0x00,0x00,0x00,0x00,0x00,0x00,0x00,
    0x00,0x00,0x00,0x00,0x00,0x00,0x00,0x00,0x00,0x00,0x00,0x00,0x00,0x00,0x00,0x00,
    0x00,0x00,0x00,0x00,0x00,0x00,0x00,0x00,0x00,0x00,0x00,0x00,0x00,0x00,0x00,0x00,
    0x00,0x00,0x00,0x00,0x00,0x00,0x00,0x00,0x00,0x00,0x00,0x00,0x00,0x00,0x00,0x00,
    0x00,0x00,0x00,0x00,0x00,0x00,0x40,0xff,0x20,0x20,0xe0,0xff,0x20,0x20,0xe0,0xff,
    0x20,0x00,0xa0,0xff,0x00,0x00,0x40,0xff,0x20,0x00,0xa0,0xff,0x20,0x20,0xe0,0xff,
    0x20,0x20,0xe0,0xff,0x20,0x20,0xe0,0xff,0x20,0x20,0xe0,0xff,0x20,0x20,0xe0,0xff,
    0x20,0x20,0xe0,0xff,0x20,0x20,0xe0,0xff,0x20,0x00,0xa0,0xff,0x20,0x00,0xa0,0xff,
    0x00,0x00,0x40,0xff,0x00,0x00,0x40,0xff,0x20,0x00,0xa0,0xff,0x20,0x00,0xa0,0xff,
    0x20,0x00,0xa0,0xff,0x20,0x20,0xe0,0xff,0x60,0x60,0xa0,0xff,0xe0,0xe0,0xe0,0xff,
    0x60,0x60,0xa0,0xff,0x00,0x00,0x00,0x00,0x00,0x00,0x00,0x00,0x00,0x00,0x00,0x00,
    0x00,0x00,0x00,0x00,0x00,0x00,0x00,0x00,0x00,0x00,0x00,0x00,0x00,0x00,0x00,0x00,
    0x00,0x00,0x00,0x00,0x00,0x00,0x00,0x00,0x00,0x00,0x00,0x00,0x00,0x00,0x00,0x00,
    0x00,0x00,0x00,0x00,0x00,0x00,0x00,0x00,0x00,0x00,0x00,0x00,0x00,0x00,0x00,0x00,
    0x00,0x00,0x00,0x00,0x00,0x00,0x00,0x00,0x00,0x00,0x00,0x00,0x00,0x00,0x00,0x00,
    0x00,0x00,0x00,0x00,0x00,0x00,0x00,0x00,0x00,0x00,0x00,0x00,0x00,0x00,0x00,0x00,
    0x00,0x00,0x00,0x00,0x00,0x00,0x40,0xff,0x20,0x20,0xe0,0xff,0x20,0x20,0xe0,0xff,
    0x20,0x20,0xe0,0xff,0x60,0x60,0xa0,0xff,0x00,0x00,0x40,0xff,0x00,0x00,0x40,0xff,
    0x20,0x00,0xa0,0xff,0x20,0x20,0xe0,0xff,0x20,0x20,0xe0,0xff,0x20,0x20,0xe0,0xff,
    0x20,0x20,0xe0,0xff,0x20,0x00,0xa0,0xff,0x20,0x00,0xa0,0xff,0x20,0x00,0xa0,0xff,
    0x00,0x00,0x40,0xff,0x00,0x00,0x40,0xff,0x20,0x00,0xa0,0xff,0x60,0x60,0xa0,0xff,
    0x60,0x60,0xa0,0xff,0x60,0x60,0xa0,0xff,0xe0,0xe0,0xe0,0xff,0x60,0x60,0xa0,0xff,
    0x00,0x00,0x00,0x00,0x00,0x00,0x00,0x00,0x00,0x00,0x00,0x00,0x00,0x00,0x00,0x00,
    0x00,0x00,0x00,0x00,0x00,0x00,0x00,0x00,0x00,0x00,0x00,0x00,0x00,0x00,0x00,0x00,
    0x00,0x00,0x00,0x00,0x00,0x00,0x00,0x00,0x00,0x00,0x00,0x00,0x00,0x00,0x00,0x00,
    0x00,0x00,0x00,0x00,0x00,0x00,0x00,0x00,0x00,0x00,0x00,0x00,0x00,0x00,0x00,0x00,
    0x00,0x00,0x00,0x00,0x00,0x00,0x00,0x00,0x00,0x00,0x00,0x00,0x00,0x00,0x00,0x00,
    0x00,0x00,0x00,0x00,0x00,0x00,0x00,0x00,0x00,0x00,0x00,0x00,0x00,0x00,0x40,0xff,
    0x20,0x20,0xe0,0xff,0x20,0x20,0xe0,0xff,0x20,0x20,0xe0,0xff,0xe0,0xe0,0xe0,0xff,
    0x60,0x60,0xa0,0xff,0x00,0x00,0x40,0xff,0x00,0x00,0x40,0xff,0x20,0x00,0xa0,0xff,
    0x20,0x00,0xa0,0xff,0x20,0x00,0xa0,0xff,0x20,0x00,0xa0,0xff,0x20,0x00,0xa0,0xff,
    0x20,0x00,0xa0,0xff,0x20,0x00,0xa0,0xff,0x00,0x00,0x40,0xff,0x00,0x00,0x40,0xff,
    0x00,0x00,0x40,0xff,0x20,0x20,0xe0,0xff,0x20,0x20,0xe0,0xff,0x60,0x60,0xa0,0xff,
    0xe0,0xe0,0xe0,0xff,0x40,0x40,0xe0,0xff,0x20,0x20,0xe0,0xff,0x00,0x00,0x40,0xff,
    0x00,0x00,0x00,0x00,0x00,0x00,0x00,0x00,0x00,0x00,0x00,0x00,0x00,0x00,0x00,0x00,
    0x00,0x00,0x00,0x00,0x00,0x00,0x00,0x00,0x00,0x00,0x00,0x00,0x00,0x00,0x00,0x00,
    0x00,0x00,0x00,0x00,0x00,0x00,0x00,0x00,0x00,0x00,0x00,0x00,0x00,0x00,0x00,0x00,
    0x00,0x00,0x00,0x00,0x00,0x00,0x00,0x00,0x00,0x00,0x00,0x00,0x00,0x00,0x00,0x00,
    0x00,0x00,0x00,0x00,0x00,0x00,0x00,0x00,0x00,0x00,0x00,0x00,0x00,0x00,0x00,0x00,
    0x00,0x00,0x00,0x00,0x00,0x00,0x00,0x00,0x00,0x00,0x00,0x00,0x00,0x00,0x00,0x00,
    0x00,0x00,0x00,0x00,0x00,0x00,0x00,0x00,0x00,0x00,0x00,0x00,0x00,0x00,0x00,0x00,
    0x00,0x00,0x00,0x00,0x00,0x00,0x00,0x00,0x00,0x00,0x00,0x00,0x00,0x00,0x00,0x00,
    0x00,0x00,0x00,0x00,0x00,0x00,0x00,0x00,0x00,0x00,0x00,0x00,0x00,0x00,0x00,0x00,
    0x00,0x00,0x00,0x00,0x00,0x00,0x00,0x00,0x00,0x00,0x00,0x00,0x00,0x00,0x00,0x00,
    0x00,0x00,0x00,0x00,0x00,0x00,0x00,0x00,0x00,0x00,0x00,0x00,0x00,0x00,0x00,0x00,
    0x00,0x00,0x00,0x00,0x00,0x00,0x00,0x00,0x00,0x00,0x00,0x00,0x00,0x00,0x00,0x00,
    0x00,0x00,0x00,0x00,0x00,0x00,0x00,0x00,0x00,0x00,0x00,0x00,0x00,0x00,0x00,0x00,
    0x00,0x00,0x00,0x00,0x00,0x00,0x00,0x00,0x00,0x00,0x00,0x00,0x00,0x00,0x00,0x00,
    0x00,0x00,0x00,0x00,0x00,0x00,0x00,0x00,0x00,0x00,0x00,0x00,0x00,0x00,0x00,0x00,
    0x00,0x00,0x00,0x00,0x00,0x00,0x00,0x00,0x00,0x00,0x00,0x00,0x00,0x00,0x00,0x00,
    0x00,0x00,0x00,0x00,0x00,0x00,0x00,0x00,0x00,0x00,0x00,0x00,0x00,0x00,0x00,0x00,
    0x00,0x00,0x00,0x00,0x00,0x00,0x00,0x00,0x00,0x00,0x00,0x00,0x00,0x00,0x00,0x00,
    0x00,0x00,0x00,0x00,0x00,0x00,0x00,0x00,0x00,0x00,0x00,0x00,0x00,0x00,0x00,0x00,
    0x00,0x00,0x00,0x00,0x00,0x00,0x00,0x00,0x00,0x00,0x00,0x00,0x00,0x00,0x00,0x00,
    0x00,0x00,0x00,0x00,0x00,0x00,0x00,0x00,0x00,0x00,0x00,0x00,0x00,0x00,0x00,0x00,
    0x00,0x00,0x00,0x00,0x00,0x00,0x00,0x00,0x00,0x00,0x00,0x00,0x00,0x00,0x00,0x00,
    0x00,0x00,0x00,0x00,0x00,0x00,0x00,0x00,0x00,0x00,0x00,0x00,0x00,0x00,0x00,0x00,
    0x00,0x00,0x00,0x00,0x00,0x00,0x00,0x00,0x00,0x00,0x00,0x00,0x00,0x00,0x00,0x00,
    0x00,0x00,0x00,0x00,0x00,0x00,0x00,0x00,0x00,0x00,0x00,0x00,0x00,0x00,0x00,0x00,
    0x00,0x00,0x00,0x00,0x00,0x00,0x00,0x00,0x00,0x00,0x00,0x00,0x00,0x00,0x00,0x00,
    0x00,0x00,0x00,0x00,0x00,0x00,0x00,0x00,0x00,0x00,0x00,0x00,0x00,0x00,0x00,0x00,
    0x00,0x00,0x00,0x00,0x00,0x00,0x00,0x00,0x00,0x00,0x00,0x00,0x00,0x00,0x00,0x00,
    0x00,0x00,0x00,0x00,0x00,0x00,0x00,0x00,0x00,0x00,0x00,0x00,0x00,0x00,0x00,0x00,
    0x00,0x00,0x00,0x00,0x00,0x00,0x00,0x00,0x00,0x00,0x00,0x00,0x00,0x00,0x00,0x00,
    0x00,0x00,0x00,0x00,0x00,0x00,0x00,0x00,0x00,0x00,0x00,0x00,0x00,0x00,0x00,0x00,
    0x00,0x00,0x00,0x00,0x00,0x00,0x00,0x00,0x00,0x00,0x00,0x00,0x00,0x00,0x00,0x00,
    0x00,0x00,0x00,0x00,0x00,0x00,0x00,0x00,0x00,0x00,0x00,0x00,0x00,0x00,0x00,0x00,
    0x00,0x00,0x00,0x00,0x00,0x00,0x00,0x00,0x00,0x00,0x00,0x00,0x00,0x00,0x00,0x00,
    0x00,0x00,0x00,0x00,0x00,0x00,0x00,0x00,0x00,0x00,0x00,0x00,0x00,0x00,0x00,0x00,
    0x00,0x00,0x00,0x00,0x00,0x00,0x00,0x00,0x00,0x00,0x00,0x00,0x00,0x00,0x00,0x00,
    0x00,0x00,0x00,0x00,0x00,0x00,0x00,0x00,0x00,0x00,0x00,0x00,0x00,0x00,0x00,0x00,
    0x00,0x00,0x00,0x00,0x00,0x00,0x00,0x00,0x00,0x00,0x00,0x00,0x00,0x00,0x00,0x00,
    0x00,0x00,0x00,0x00,0x00,0x00,0x00,0x00,0x00,0x00,0x00,0x00,0x00,0x00,0x00,0x00,
    0x00,0x00,0x00,0x00,0x00,0x00,0x00,0x00,0x00,0x00,0x00,0x00,0x00,0x00,0x00,0x00,
    0x00,0x00,0x00,0x00,0x00,0x00,0x00,0x00,0x00,0x00,0x00,0x00,0x00,0x00,0x00,0x00,
    0x00,0x00,0x00,0x00,0x00,0x00,0x00,0x00,0x00,0x00,0x00,0x00,0x00,0x00,0x00,0x00,
    0x00,0x00,0x00,0x00,0x00,0x00,0x00,0x00,0x00,0x00,0x00,0x00,0x00,0x00,0x00,0x00,
    0x00,0x00,0x00,0x00,0x00,0x00,0x00,0x00,0x00,0x00,0x00,0x00,0x00,0x00,0x00,0x00,
    0x00,0x00,0x00,0x00,0x00,0x00,0x00,0x00,0x00,0x00,0x00,0x00,0x00,0x00,0x00,0x00,
    0x00,0x00,0x00,0x00,0x00,0x00,0x00,0x00,0x00,0x00,0x00,0x00,0x00,0x00,0x00,0x00,
    0x00,0x00,0x00,0x00,0x00,0x00,0x00,0x00,0x00,0x00,0x00,0x00,0x00,0x00,0x00,0x00,
    0x00,0x00,0x00,0x00,0x00,0x00,0x00,0x00,0x00,0x00,0x00,0x00,0x00,0x00,0x00,0x00,
    0x00,0x00,0x00,0x00,0x00,0x00,0x00,0x00,0x00,0x00,0x00,0x00,0x00,0x00,0x00,0x00,
    0x00,0x00,0x00,0x00,0x00,0x00,0x00,0x00,0x00,0x00,0x00,0x00,0x00,0x00,0x00,0x00,
    0x00,0x00,0x00,0x00,0x00,0x00,0x00,0x00,0x00,0x00,0x00,0x00,0x00,0x00,0x00,0x00,
    0x00,0x00,0x00,0x00,0x00,0x00,0x00,0x00,0x00,0x00,0x00,0x00,0x00,0x00,0x00,0x00,
    0x00,0x00,0x00,0x00,0x00,0x00,0x00,0x00,0x00,0x00,0x00,0x00,0x00,0x00,0x00,0x00,
    0x00,0x00,0x00,0x00,0x00,0x00,0x00,0x00,0x00,0x00,0x40,0xff,0x40,0x40,0xe0,0xff,
    0x40,0x40,0xe0,0xff,0x00,0x00,0x40,0xff,0x00,0x00,0x40,0xff,0x00,0x00,0x00,0x00,
    0x00,0x00,0x00,0x00,0x00,0x00,0x00,0x00,0x00,0x00,0x00,0x00,0x00,0x00,0x00,0x00,
    0x00,0x00,0x00,0x00,0x00,0x00,0x00,0x00,0x00,0x00,0x00,0x00,0x00,0x00,0x00,0x00,
    0x00,0x00,0x00,0x00,0x00,0x00,0x00,0x00,0x00,0x00,0x00,0x00,0x00,0x00,0x00,0x00,
    0x00,0x00,0x00,0x00,0x00,0x00,0x00,0x00,0x00,0x00,0x00,0x00,0x00,0x00,0x00,0x00,
    0x00,0x00,0x40,0xff,0x00,0x00,0x40,0xff,0x40,0x40,0xe0,0xff,0x40,0x40,0xe0,0xff,
    0x00,0x00,0x40,0xff,0x00,0x00,0x00,0x00,0x00,0x00,0x00,0x00,0x00,0x00,0x00,0x00,
    0x00,0x00,0x00,0x00,0x00,0x00,0x00,0x00,0x00,0x00,0x00,0x00,0x00,0x00,0x00,0x00,
    0x00,0x00,0x00,0x00,0x00,0x00,0x00,0x00,0x00,0x00,0x00,0x00,0x00,0x00,0x00,0x00,
    0x00,0x00,0x00,0x00,0x00,0x00,0x00,0x00,0x00,0x00,0x00,0x00,0x00,0x00,0x00,0x00,
    0x00,0x00,0x00,0x00,0x00,0x00,0x00,0x00,0x00,0x00,0x00,0x00,0x00,0x00,0x00,0x00,
    0x00,0x00,0x00,0x00,0x00,0x00,0x00,0x00,0x00,0x00,0x40,0xff,0x40,0x40,0xe0,0xff,
    0x40,0x40,0xe0,0xff,0x00,0x00,0x40,0xff,0x00,0x00,0x40,0xff,0x00,0x00,0x00,0x00,
    0x00,0x00,0x00,0x00,0x00,0x00,0x00,0x00,0x00,0x00,0x00,0x00,0x00,0x00,0x00,0x00,
    0x00,0x00,0x00,0x00,0x00,0x00,0x00,0x00,0x00,0x00,0x00,0x00,0x00,0x00,0x00,0x00,
    0x00,0x00,0x00,0x00,0x00,0x00,0x00,0x00,0x00,0x00,0x00,0x00,0x00,0x00,0x00,0x00,
    0x00,0x00,0x00,0x00,0x00,0x00,0x00,0x00,0x00,0x00,0x00,0x00,0x00,0x00,0x00,0x00,
    0x00,0x00,0x40,0xff,0x00,0x00,0x40,0xff,0x40,0x40,0xe0,0xff,0x40,0x40,0xe0,0xff,
    0x00,0x00,0x40,0xff,0x00,0x00,0x00,0x00,0x00,0x00,0x00,0x00,0x00,0x00,0x00,0x00,
    0x00,0x00,0x00,0x00,0x00,0x00,0x00,0x00,0x00,0x00,0x00,0x00,0x00,0x00,0x00,0x00,
    0x00,0x00,0x00,0x00,0x00,0x00,0x00,0x00,0x00,0x00,0x00,0x00,0x00,0x00,0x00,0x00,
    0x00,0x00,0x00,0x00,0x00,0x00,0x00,0x00,0x00,0x00,0x00,0x00,0x00,0x00,0x00,0x00,
    0x00,0x00,0x00,0x00,0x00,0x00,0x00,0x00,0x00,0x00,0x00,0x00,0x00,0x00,0x00,0x00,
    0x00,0x00,0x00,0x00,0x00,0x00,0x00,0x00,0x00,0x00,0x00,0x00,0x00,0x00,0x00,0x00,
    0x60,0x60,0xa0,0xff,0x60,0x60,0xa0,0xff,0xe0,0xe0,0xe0,0xff,0x60,0x60,0xa0,0xff,
    0x20,0x00,0xa0,0xff,0x20,0x00,0xa0,0xff,0x00,0x00,0x40,0xff,0x20,0x00,0xa0,0xff,
    0x20,0x00,0xa0,0xff,0x20,0x00,0xa0,0xff,0x20,0x20,0xe0,0xff,0x20,0x20,0xe0,0xff,
    0x20,0x20,0xe0,0xff,0x20,0x20,0xe0,0xff,0x20,0x20,0xe0,0xff,0x20,0x20,0xe0,0xff,
    0x00,0x00,0x40,0xff,0x00,0x00,0x40,0xff,0x00,0x00,0x40,0xff,0x20,0x20,0xe0,0xff,
    0x20,0x20,0xe0,0xff,0x20,0x20,0xe0,0xff,0x00,0x00,0x40,0xff,0x00,0x00,0x00,0x00,
    0x00,0x00,0x00,0x00,0x00,0x00,0x00,0x00,0x00,0x00,0x00,0x00,0x00,0x00,0x00,0x00,
    0x00,0x00,0x00,0x00,0x00,0x00,0x00,0x00,0x00,0x00,0x00,0x00,0x00,0x00,0x00,0x00,
    0x00,0x00,0x00,0x00,0x00,0x00,0x00,0x00,0x00,0x00,0x00,0x00,0x00,0x00,0x00,0x00,
    0x00,0x00,0x00,0x00,0x00,0x00,0x00,0x00,0x00,0x00,0x00,0x00,0x00,0x00,0x00,0x00,
    0x00,0x00,0x00,0x00,0x00,0x00,0x00,0x00,0x00,0x00,0x00,0x00,0x00,0x00,0x00,0x00,
    0x00,0x00,0x00,0x00,0x20,0x00,0xa0,0xff,0xe0,0xe0,0xe0,0xff,0xe0,0xe0,0xe0,0xff,
    0x20,0x00,0xa0,0xff,0x20,0x00,0xa0,0xff,0x20,0x00,0xa0,0xff,0x00,0x00,0x40,0xff,
    0x00,0x00,0x40,0xff,0x20,0x00,0xa0,0xff,0x20,0x00,0xa0,0xff,0x20,0x00,0xa0,0xff,
    0x20,0x20,0xe0,0xff,0x20,0x20,0xe0,0xff,0x20,0x20,0xe0,0xff,0x20,0x20,0xe0,0xff,
    0x20,0x20,0xe0,0xff,0x20,0x20,0xe0,0xff,0x20,0x20,0xe0,0xff,0x20,0x20,0xe0,0xff,
    0x20,0x00,0xa0,0xff,0x00,0x00,0x40,0xff,0x20,0x00,0xa0,0xff,0x20,0x00,0xa0,0xff,
    0x00,0x00,0x40,0xff,0x00,0x00,0x00,0x00,0x00,0x00,0x00,0x00,0x00,0x00,0x00,0x00,
    0x00,0x00,0x00,0x00,0x00,0x00,0x00,0x00,0x00,0x00,0x00,0x00,0x00,0x00,0x00,0x00,
    0x00,0x00,0x00,0x00,0x00,0x00,0x00,0x00,0x00,0x00,0x00,0x00,0x00,0x00,0x00,0x00,
    0x00,0x00,0x00,0x00,0x00,0x00,0x00,0x00,0x00,0x00,0x00,0x00,0x00,0x00,0x00,0x00,
    0x00,0x00,0x00,0x00,0x00,0x00,0x00,0x00,0x00,0x00,0x00,0x00,0x00,0x00,0x00,0x00,
    0x00,0x00,0x00,0x00,0x00,0x00,0x00,0x00,0x00,0x00,0x00,0x00,0x00,0x00,0x00,0x00,
    0x00,0x00,0x00,0x00,0x00,0x00,0x00,0x00,0x00,0x00,0x00,0x00,0x00,0x00,0x00,0x00,
    0x60,0x60,0xa0,0xff,0x60,0x60,0xa0,0xff,0xe0,0xe0,0xe0,0xff,0x60,0x60,0xa0,0xff,
    0x20,0x00,0xa0,0xff,0x20,0x00,0xa0,0xff,0x00,0x00,0x40,0xff,0x20,0x00,0xa0,0xff,
    0x20,0x00,0xa0,0xff,0x20,0x00,0xa0,0xff,0x20,0x20,0xe0,0xff,0x20,0x20,0xe0,0xff,
    0x20,0x20,0xe0,0xff,0x20,0x20,0xe0,0xff,0x20,0x20,0xe0,0xff,0x20,0x20,0xe0,0xff,
    0x00,0x00,0x40,0xff,0x00,0x00,0x40,0xff,0x00,0x00,0x40,0xff,0x20,0x20,0xe0,0xff,
    0x20,0x20,0xe0,0xff,0x20,0x20,0xe0,0xff,0x00,0x00,0x40,0xff,0x00,0x00,0x00,0x00,
    0x00,0x00,0x00,0x00,0x00,0x00,0x00,0x00,0x00,0x00,0x00,0x00,0x00,0x00,0x00,0x00,
    0x00,0x00,0x00,0x00,0x00,0x00,0x00,0x00,0x00,0x00,0x00,0x00,0x00,0x00,0x00,0x00,
    0x00,0x00,0x00,0x00,0x00,0x00,0x00,0x00,0x00,0x00,0x00,0x00,0x00,0x00,0x00,0x00,
    0x00,0x00,0x00,0x00,0x00,0x00,0x00,0x00,0x00,0x00,0x00,0x00,0x00,0x00,0x00,0x00,
    0x00,0x00,0x00,0x00,0x00,0x00,0x00,0x00,0x00,0x00,0x00,0x00,0x00,0x00,0x00,0x00,
    0x00,0x00,0x00,0x00,0x00,0x00,0x00,0x00,0x00,0x00,0x00,0x00,0x00,0x00,0x00,0x00,
    0x00,0x00,0x40,0xff,0x20,0x20,0xe0,0xff,0x20,0x20,0xe0,0xff,0x60,0x60,0xa0,0xff,
    0xe0,0xe0,0xe0,0xff,0x60,0x60,0xa0,0xff,0x20,0x20,0xe0,0xff,0x00,0x00,0x40,0xff,
    0x00,0x00,0x40,0xff,0x20,0x00,0xa0,0xff,0x20,0x00,0xa0,0xff,0x20,0x00,0xa0,0xff,
    0x20,0x20,0xe0,0xff,0x20,0x20,0xe0,0xff,0x20,0x20,0xe0,0xff,0x20,0x20,0xe0,0xff,
    0x20,0x00,0xa0,0xff,0x20,0x00,0xa0,0xff,0x00,0x00,0x40,0xff,0x20,0x20,0xe0,0xff,
    0x20,0x20,0xe0,0xff,0x20,0x20,0xe0,0xff,0x20,0x20,0xe0,0xff,0x20,0x20,0xe0,0xff,
    0x00,0x00,0x40,0xff,0x00,0x00,0x00,0x00,0x00,0x00,0x00,0x00,0x00,0x00,0x00,0x00,
    0x00,0x00,0x00,0x00,0x00,0x00,0x00,0x00,0x00,0x00,0x00,0x00,0x00,0x00,0x00,0x00,
    0x00,0x00,0x00,0x00,0x00,0x00,0x00,0x00,0x00,0x00,0x00,0x00,0x00,0x00,0x00,0x00,
    0x00,0x00,0x00,0x00,0x00,0x00,0x00,0x00,0x00,0x00,0x00,0x00,0x00,0x00,0x00,0x00,
    0x00,0x00,0x00,0x00,0x00,0x00,0x00,0x00,0x00,0x00,0x00,0x00,0x00,0x00,0x00,0x00,
    0x00,0x00,0x00,0x00,0x00,0x00,0x00,0x00,0x00,0x00,0x40,0xff,0x40,0x40,0xe0,0xff,
    0x40,0x40,0xe0,0xff,0x00,0x00,0x40,0xff,0x00,0x00,0x40,0xff,0x00,0x00,0x00,0x00,
    0x00,0x00,0x00,0x00,0x00,0x00,0x00,0x00,0x00,0x00,0x00,0x00,0x00,0x00,0x00,0x00,
    0x00,0x00,0x00,0x00,0x00,0x00,0x00,0x00,0x00,0x00,0x00,0x00,0x00,0x00,0x00,0x00,
    0x00,0x00,0x00,0x00,0x00,0x00,0x00,0x00,0x00,0x00,0x00,0x00,0x00,0x00,0x00,0x00,
    0x00,0x00,0x00,0x00,0x00,0x00,0x00,0x00,0x00,0x00,0x00,0x00,0x00,0x00,0x00,0x00,
    0x00,0x00,0x40,0xff,0x00,0x00,0x40,0xff,0x40,0x40,0xe0,0xff,0x40,0x40,0xe0,0xff,
    0x00,0x00,0x40,0xff,0x00,0x00,0x00,0x00,0x00,0x00,0x00,0x00,0x00,0x00,0x00,0x00,
    0x00,0x00,0x00,0x00,0x00,0x00,0x00,0x00,0x00,0x00,0x00,0x00,0x00,0x00,0x00,0x00,
    0x00,0x00,0x00,0x00,0x00,0x00,0x00,0x00,0x00,0x00,0x00,0x00,0x00,0x00,0x00,0x00,
    0x00,0x00,0x00,0x00,0x00,0x00,0x00,0x00,0x00,0x00,0x00,0x00,0x00,0x00,0x00,0x00,
    0x00,0x00,0x00,0x00,0x00,0x00,0x00,0x00,0x00,0x00,0x00,0x00,0x00,0x00,0x00,0x00,
    0x00,0x00,0x00,0x00,0x00,0x00,0x00,0x00,0x00,0x00,0x00,0x00,0x00,0x00,0x40,0xff,
    0x20,0x20,0xe0,0xff,0x20,0x20,0xe0,0xff,0x20,0x20,0xe0,0xff,0x20,0x20,0xe0,0xff,
    0x20,0x20,0xe0,0xff,0x00,0x00,0x40,0xff,0x20,0x00,0xa0,0xff,0x20,0x00,0xa0,0xff,
    0x20,0x20,0xe0,0xff,0x20,0x20,0xe0,0xff,0x20,0x20,0xe0,0xff,0x20,0x20,0xe0,0xff,
    0x20,0x00,0xa0,0xff,0x20,0x00,0xa0,0xff,0x20,0x00,0xa0,0xff,0x00,0x00,0x40,0xff,
    0x00,0x00,0x40,0xff,0x20,0x20,0xe0,0xff,0x60,0x60,0xa0,0xff,0xe0,0xe0,0xe0,0xff,
    0x60,0x60,0xa0,0xff,0x20,0x20,0xe0,0xff,0x20,0x20,0xe0,0xff,0x00,0x00,0x40,0xff,
    0x00,0x00,0x00,0x00,0x00,0x00,0x00,0x00,0x00,0x00,0x00,0x00,0x00,0x00,0x00,0x00,
    0x00,0x00,0x00,0x00,0x00,0x00,0x00,0x00,0x00,0x00,0x00,0x00,0x00,0x00,0x00,0x00,
    0x00,0x00,0x00,0x00,0x00,0x00,0x00,0x00,0x00,0x00,0x00,0x00,0x00,0x00,0x00,0x00,
    0x00,0x00,0x00,0x00,0x00,0x00,0x00,0x00,0x00,0x00,0x00,0x00,0x00,0x00,0x00,0x00,
    0x00,0x00,0x00,0x00,0x00,0x00,0x00,0x00,0x00,0x00,0x00,0x00,0x00,0x00,0x00,0x00,
    0x00,0x00,0x00,0x00,0x00,0x00,0x00,0x00,0x00,0x00,0x00,0x00,0x00,0x00,0x00,0x00,
    0x00,0x00,0x00,0x00,0x00,0x00,0x40,0xff,0x20,0x20,0xe0,0xff,0x20,0x20,0xe0,0xff,
    0x20,0x20,0xe0,0xff,0x00,0x00,0x40,0xff,0x00,0x00,0x40,0xff,0x00,0x00,0x40,0xff,
    0x20,0x20,0xe0,0xff,0x20,0x20,0xe0,0xff,0x20,0x20,0xe0,0xff,0x20,0x20,0xe0,0xff,
    0x20,0x20,0xe0,0xff,0x20,0x20,0xe0,0xff,0x20,0x00,0xa0,0xff,0x20,0x00,0xa0,0xff,
    0x20,0x00,0xa0,0xff,0x00,0x00,0x40,0xff,0x20,0x00,0xa0,0xff,0x20,0x00,0xa0,0xff,
    0x60,0x60,0xa0,0xff,0xe0,0xe0,0xe0,0xff,0x60,0x60,0xa0,0xff,0x60,0x60,0xa0,0xff,
    0x00,0x00,0x00,0x00,0x00,0x00,0x00,0x00,0x00,0x00,0x00,0x00,0x00,0x00,0x00,0x00,
    0x00,0x00,0x00,0x00,0x00,0x00,0x00,0x00,0x00,0x00,0x00,0x00,0x00,0x00,0x00,0x00,
    0x00,0x00,0x00,0x00,0x00,0x00,0x00,0x00,0x00,0x00,0x00,0x00,0x00,0x00,0x00,0x00,
    0x00,0x00,0x00,0x00,0x00,0x00,0x00,0x00,0x00,0x00,0x00,0x00,0x00,0x00,0x00,0x00,
    0x00,0x00,0x00,0x00,0x00,0x00,0x00,0x00,0x00,0x00,0x00,0x00,0x00,0x00,0x00,0x00,
    0x00,0x00,0x00,0x00,0x00,0x00,0x00,0x00,0x00,0x00,0x00,0x00,0x00,0x00,0x00,0x00,
    0x00,0x00,0x00,0x00,0x00,0x00,0x40,0xff,0x20,0x00,0xa0,0xff,0x20,0x00,0xa0,0xff,
    0x00,0x00,0x40,0xff,0x20,0x00,0xa0,0xff,0x20,0x20,0xe0,0xff,0x20,0x20,0xe0,0xff,
    0x20,0x20,0xe0,0xff,0x20,0x20,0xe0,0xff,0x20,0x20,0xe0,0xff,0x20,0x20,0xe0,0xff,
    0x20,0x20,0xe0,0xff,0x20,0x20,0xe0,0xff,0x20,0x00,0xa0,0xff,0x20,0x00,0xa0,0xff,
    0x20,0x00,0xa0,0xff,0x00,0x00,0x40,0xff,0x00,0x00,0x40,0xff,0x20,0x00,0xa0,0xff,
    0x20,0x00,0xa0,0xff,0x20,0x00,0xa0,0xff,0xe0,0xe0,0xe0,0xff,0xe0,0xe0,0xe0,0xff,
    0x20,0x00,0xa0,0xff,0x00,0x00,0x00,0x00,0x00,0x00,0x00,0x00,0x00,0x00,0x00,0x00,
    0x00,0x00,0x00,0x00,0x00,0x00,0x00,0x00,0x00,0x00,0x00,0x00,0x00,0x00,0x00,0x00,
    0x00,0x00,0x00,0x00,0x00,0x00,0x00,0x00,0x00,0x00,0x00,0x00,0x00,0x00,0x00,0x00,
    0x00,0x00,0x00,0x00,0x00,0x00,0x00,0x00,0x00,0x00,0x00,0x00,0x00,0x00,0x00,0x00,
    0x00,0x00,0x00,0x00,0x00,0x00,0x00,0x00,0x00,0x00,0x00,0x00,0x00,0x00,0x00,0x00,
    0x00,0x00,0x00,0x00,0x00,0x00,0x00,0x00,0x00,0x00,0x00,0x00,0x00,0x00,0x00,0x00,
    0x00,0x00,0x00,0x00,0x00,0x00,0x40,0xff,0x20,0x20,0xe0,0xff,0x20,0x20,0xe0,0xff,
    0x20,0x20,0xe0,0xff,0x00,0x00,0x40,0xff,0x00,0x00,0x40,0xff,0x00,0x00,0x40,0xff,
    0x20,0x20,0xe0,0xff,0x20,0x20,0xe0,0xff,0x20,0x20,0xe0,0xff,0x20,0x20,0xe0,0xff,
    0x20,0x20,0xe0,0xff,0x20,0x20,0xe0,0xff,0x20,0x00,0xa0,0xff,0x20,0x00,0xa0,0xff,
    0x20,0x00,0xa0,0xff,0x00,0x00,0x40,0xff,0x20,0x00,0xa0,0xff,0x20,0x00,0xa0,0xff,
    0x60,0x60,0xa0,0xff,0xe0,0xe0,0xe0,0xff,0x60,0x60,0xa0,0xff,0x60,0x60,0xa0,0xff,
    0x00,0x00,0x00,0x00,0x00,0x00,0x00,0x00,0x00,0x00,0x00,0x00,0x00,0x00,0x00,0x00,
    0x00,0x00,0x00,0x00,0x00,0x00,0x00,0x00,0x00,0x00,0x00,0x00,0x00,0x00,0x00,0x00,
    0x00,0x00,0x00,0x00,0x00,0x00,0x00,0x00,0x00,0x00,0x00,0x00,0x00,0x00,0x00,0x00,
    0x00,0x00,0x00,0x00,0x00,0x00,0x00,0x00,0x00,0x00,0x00,0x00,0x00,0x00,0x00,0x00,
    0x00,0x00,0x00,0x00,0x00,0x00,0x00,0x00,0x00,0x00,0x00,0x00,0x00,0x00,0x00,0x00,
    0x00,0x00,0x00,0x00,0x00,0x00,0x00,0x00,0x00,0x00,0x00,0x00,0x00,0x00,0x40,0xff,
    0x20,0x20,0xe0,0xff,0x20,0x20,0xe0,0xff,0x20,0x20,0xe0,0xff,0x20,0x20,0xe0,0xff,
    0x20,0x20,0xe0,0xff,0x00,0x00,0x40,0xff,0x20,0x00,0xa0,0xff,0x20,0x00,0xa0,0xff,
    0x20,0x20,0xe0,0xff,0x20,0x20,0xe0,0xff,0x20,0x20,0xe0,0xff,0x20,0x20,0xe0,0xff,
    0x20,0x00,0xa0,0xff,0x20,0x00,0xa0,0xff,0x20,0x00,0xa0,0xff,0x00,0x00,0x40,0xff,
    0x00,0x00,0x40,0xff,0x20,0x20,0xe0,0xff,0x60,0x60,0xa0,0xff,0xe0,0xe0,0xe0,0xff,
    0x60,0x60,0xa0,0xff,0x20,0x20,0xe0,0xff,0x20,0x20,0xe0,0xff,0x00,0x00,0x40,0xff,
    0x00,0x00,0x00,0x00,0x00,0x00,0x00,0x00,0x00,0x00,0x00,0x00,0x00,0x00,0x00,0x00,
    0x00,0x00,0x00,0x00,0x00,0x00,0x00,0x00,0x00,0x00,0x00,0x00,0x00,0x00,0x00,0x00,
    0x00,0x00,0x00,0x00,0x00,0x00,0x00,0x00,0x00,0x00,0x00,0x00,0x00,0x00,0x00,0x00,
    0x00,0x00,0x00,0x00,0x00,0x00,0x00,0x00,0x00,0x00,0x00,0x00,0x00,0x00,0x00,0x00,
    0x00,0x00,0x00,0x00,0x00,0x00,0x00,0x00,0x00,0x00,0x00,0x00,0x00,0x00,0x00,0x00,
    0x00,0x00,0x00,0x00,0x00,0x00,0x00,0x00,0x00,0x00,0x00,0x00,0x00,0x00,0x00,0x00,
    0x00,0x00,0x00,0x00,0x00,0x00,0x00,0x00,0x00,0x00,0x00,0x00,0x00,0x00,0x00,0x00,
    0x00,0x00,0x00,0x00,0x00,0x00,0x00,0x00,0x00,0x00,0x00,0x00,0x00,0x00,0x00,0x00,
    0x00,0x00,0x00,0x00,0x00,0x00,0x00,0x00,0x00,0x00,0x00,0x00,0x00,0x00,0x00,0x00,
    0x00,0x00,0x00,0x00,0x00,0x00,0x00,0x00,0x00,0x00,0x00,0x00,0x00,0x00,0x00,0x00,
    0x00,0x00,0x00,0x00,0x00,0x00,0x00,0x00,0x00,0x00,0x00,0x00,0x00,0x00,0x00,0x00,
    0x00,0x00,0x00,0x00,0x00,0x00,0x00,0x00,0x00,0x00,0x00,0x00,0x00,0x00,0x00,0x00,
    0x00,0x00,0x00,0x00,0x00,0x00,0x00,0x00,0x00,0x00,0x00,0x00,0x00,0x00,0x00,0x00,
    0x00,0x00,0x00,0x00,0x00,0x00,0x00,0x00,0x00,0x00,0x00,0x00,0x00,0x00,0x00,0x00,
    0x00,0x00,0x00,0x00,0x00,0x00,0x00,0x00,0x00,0x00,0x00,0x00,0x00,0x00,0x00,0x00,
    0x00,0x00,0x00,0x00,0x00,0x00,0x00,0x00,0x00,0x00,0x00,0x00,0x00,0x00,0x00,0x00,
    0x00,0x00,0x00,0x00,0x00,0x00,0x00,0x00,0x00,0x00,0x00,0x00,0x00,0x00,0x00,0x00,
    0x00,0x00,0x00,0x00,0x00,0x00,0x00,0x00,0x00,0x00,0x00,0x00,0x00,0x00,0x00,0x00,
    0x00,0x00,0x00,0x00,0x00,0x00,0x00,0x00,0x00,0x00,0x00,0x00,0x00,0x00,0x00,0x00,
    0x00,0x00,0x00,0x00,0x00,0x00,0x00,0x00,0x00,0x00,0x00,0x00,0x00,0x00,0x00,0x00,
    0x00,0x00,0x00,0x00,0x00,0x00,0x00,0x00,0x00,0x00,0x00,0x00,0x00,0x00,0x00,0x00,
    0x00,0x00,0x00,0x00,0x00,0x00,0x00,0x00,0x00,0x00,0x00,0x00,0x00,0x00,0x00,0x00,
    0x00,0x00,0x00,0x00,0x00,0x00,0x00,0x00,0x00,0x00,0x00,0x00,0x00,0x00,0x00,0x00,
    0x00,0x00,0x00,0x00,0x00,0x00,0x00,0x00,0x00,0x00,0x00,0x00,0x00,0x00,0x00,0x00,
    0x00,0x00,0x00,0x00,0x00,0x00,0x00,0x00,0x00,0x00,0x00,0x00,0x00,0x00,0x00,0x00,
    0x00,0x00,0x00,0x00,0x00,0x00,0x00,0x00,0x00,0x00,0x00,0x00,0x00,0x00,0x00,0x00,
    0x00,0x00,0x00,0x00,0x00,0x00,0x00,0x00,0x00,0x00,0x00,0x00,0x00,0x00,0x00,0x00,
    0x00,0x00,0x00,0x00,0x00,0x00,0x00,0x00,0x00,0x00,0x00,0x00,0x00,0x00,0x00,0x00,
    0x00,0x00,0x00,0x00,0x00,0x00,0x00,0x00,0x00,0x00,0x00,0x00,0x00,0x00,0x00,0x00,
    0x00,0x00,0x00,0x00,0x00,0x00,0x00,0x00,0x00,0x00,0x00,0x00,0x00,0x00,0x00,0x00,
    0x00,0x00,0x00,0x00,0x00,0x00,0x00,0x00,0x00,0x00,0x00,0x00,0x00,0x00,0x00,0x00,
    0x00,0x00,0x00,0x00,0x00,0x00,0x00,0x00,0x00,0x00,0x00,0x00,0x00,0x00,0x00,0x00,
    0x00,0x00,0x00,0x00,0x00,0x00,0x00,0x00,0x00,0x00,0x00,0x00,0x00,0x00,0x00,0x00,
    0x00,0x00,0x00,0x00,0x00,0x00,0x00,0x00,0x00,0x00,0x00,0x00,0x00,0x00,0x00,0x00,
    0x00,0x00,0x00,0x00,0x00,0x00,0x00,0x00,0x00,0x00,0x00,0x00,0x00,0x00,0x00,0x00,
    0x00,0x00,0x00,0x00,0x00,0x00,0x00,0x00,0x00,0x00,0x00,0x00,0x00,0x00,0x00,0x00,
    0x00,0x00,0x00,0x00,0x00,0x00,0x00,0x00,0x00,0x00,0x00,0x00,0x00,0x00,0x00,0x00,
    0x00,0x00,0x00,0x00,0x00,0x00,0x00,0x00,0x00,0x00,0x00,0x00,0x00,0x00,0x00,0x00,
    0x00,0x00,0x00,0x00,0x00,0x00,0x00,0x00,0x00,0x00,0x00,0x00,0x00,0x00,0x00,0x00,
    0x00,0x00,0x00,0x00,0x00,0x00,0x00,0x00,0x00,0x00,0x00,0x00,0x00,0x00,0x00,0x00,
    0x00,0x00,0x00,0x00,0x00,0x00,0x00,0x00,0x00,0x00,0x00,0x00,0x00,0x00,0x00,0x00,
    0x00,0x00,0x00,0x00,0x00,0x00,0x00,0x00,0x00,0x00,0x00,0x00,0x00,0x00,0x00,0x00,
    0x00,0x00,0x00,0x00,0x00,0x00,0x00,0x00,0x00,0x00,0x00,0x00,0x00,0x00,0x00,0x00,
    0x00,0x00,0x00,0x00,0x00,0x00,0x00,0x00,0x00,0x00,0x00,0x00,0x00,0x00,0x00,0x00,
    0x00,0x00,0x00,0x00,0x00,0x00,0x00,0x00,0x00,0x00,0x00,0x00,0x00,0x00,0x00,0x00,
    0x00,0x00,0x00,0x00,0x00,0x00,0x00,0x00,0x00,0x00,0x00,0x00,0x00,0x00,0x00,0x00,
    0x00,0x00,0x00,0x00,0x00,0x00,0x00,0x00,0x00,0x00,0x00,0x00,0x00,0x00,0x00,0x00,
    0x00,0x00,0x00,0x00,0x00,0x00,0x00,0x00,0x00,0x00,0x00,0x00,0x00,0x00,0x00,0x00,
    0x00,0x00,0x00,0x00,0x00,0x00,0x00,0x00,0x00,0x00,0x00,0x00,0x00,0x00,0x00,0x00,
    0x00,0x00,0x00,0x00,0x00,0x00,0x00,0x00,0x00,0x00,0x00,0x00,0x00,0x00,0x00,0x00,
    0x00,0x00,0x00,0x00,0x00,0x00,0x00,0x00,0x00,0x00,0x00,0x00,0x00,0x00,0x00,0x00,
    0x00,0x00,0x00,0x00,0x00,0x00,0x00,0x00,0x00,0x00,0x00,0x00,0x00,0x00,0x00,0x00,
    0x00,0x00,0x00,0x00,0x00,0x00,0x00,0x00,0x00,0x00,0x00,0x00,0x00,0x00,0x00,0x00,
    0x00,0x00,0x00,0x00,0x00,0x00,0x00,0x00,0x00,0x00,0x40,0xff,0x20,0x20,0xe0,0xff,
    0x60,0x60,0xa0,0xff,0x60,0x60,0xa0,0xff,0x20,0x20,0xe0,0xff,0x00,0x00,0x40,0xff,
    0x00,0x00,0x40,0xff,0x00,0x00,0x00,0x00,0x00,0x00,0x00,0x00,0x00,0x00,0x00,0x00,
    0x00,0x00,0x00,0x00,0x00,0x00,0x00,0x00,0x00,0x00,0x00,0x00,0x00,0x00,0x00,0x00,
    0x00,0x00,0x00,0x00,0x00,0x00,0x00,0x00,0x00,0x00,0x00,0x00,0x00,0x00,0x00,0x00,
    0x00,0x00,0x00,0x00,0x00,0x00,0x00,0x00,0x00,0x00,0x40,0xff,0x00,0x00,0x40,0xff,
    0x20,0x20,0xe0,0xff,0x60,0x60,0xa0,0xff,0x60,0x60,0xa0,0xff,0x20,0x20,0xe0,0xff,
    0x00,0x00,0x40,0xff,0x00,0x00,0x00,0x00,0x00,0x00,0x00,0x00,0x00,0x00,0x00,0x00,
    0x00,0x00,0x00,0x00,0x00,0x00,0x00,0x00,0x00,0x00,0x00,0x00,0x00,0x00,0x00,0x00,
    0x00,0x00,0x00,0x00,0x00,0x00,0x00,0x00,0x00,0x00,0x00,0x00,0x00,0x00,0x00,0x00,
    0x00,0x00,0x00,0x00,0x00,0x00,0x00,0x00,0x00,0x00,0x00,0x00,0x00,0x00,0x00,0x00,
    0x00,0x00,0x00,0x00,0x00,0x00,0x00,0x00,0x00,0x00,0x00,0x00,0x00,0x00,0x00,0x00,
    0x00,0x00,0x00,0x00,0x00,0x00,0x00,0x00,0x00,0x00,0x40,0xff,0x20,0x20,0xe0,0xff,
    0x60,0x60,0xa0,0xff,0x60,0x60,0xa0,0xff,0x20,0x20,0xe0,0xff,0x00,0x00,0x40,0xff,
    0x00,0x00,0x40,0xff,0x00,0x00,0x00,0x00,0x00,0x00,0x00,0x00,0x00,0x00,0x00,0x00,
    0x00,0x00,0x00,0x00,0x00,0x00,0x00,0x00,0x00,0x00,0x00,0x00,0x00,0x00,0x00,0x00,
    0x00,0x00,0x00,0x00,0x00,0x00,0x00,0x00,0x00,0x00,0x00,0x00,0x00,0x00,0x00,0x00,
    0x00,0x00,0x00,0x00,0x00,0x00,0x00,0x00,0x00,0x00,0x40,0xff,0x00,0x00,0x40,0xff,
    0x20,0x20,0xe0,0xff,0x60,0x60,0xa0,0xff,0x60,0x60,0xa0,0xff,0x20,0x20,0xe0,0xff,
    0x00,0x00,0x40,0xff,0x00,0x00,0x00,0x00,0x00,0x00,0x00,0x00,0x00,0x00,0x00,0x00,
    0x00,0x00,0x00,0x00,0x00,0x00,0x00,0x00,0x00,0x00,0x00,0x00,0x00,0x00,0x00,0x00,
    0x00,0x00,0x00,0x00,0x00,0x00,0x00,0x00,0x00,0x00,0x00,0x00,0x00,0x00,0x00,0x00,
    0x00,0x00,0x00,0x00,0x00,0x00,0x00,0x00,0x00,0x00,0x00,0x00,0x00,0x00,0x00,0x00,
    0x00,0x00,0x00,0x00,0x00,0x00,0x00,0x00,0x00,0x00,0x00,0x00,0x00,0x00,0x00,0x00,
    0x00,0x00,0x00,0x00,0x00,0x00,0x00,0x00,0x00,0x00,0x00,0x00,0x00,0x00,0x00,0x00,
    0x20,0x20,0xe0,0xff,0x60,0x60,0xa0,0xff,0xe0,0xe0,0xe0,0xff,0x20,0x00,0xa0,0xff,
    0x20,0x00,0xa0,0xff,0x00,0x00,0x40,0xff,0x20,0x00,0xa0,0xff,0x20,0x00,0xa0,0xff,
    0x20,0x00,0xa0,0xff,0x20,0x20,0xe0,0xff,0x20,0x20,0xe0,0xff,0x20,0x20,0xe0,0xff,
    0x20,0x20,0xe0,0xff,0x20,0x20,0xe0,0xff,0x20,0x20,0xe0,0xff,0x20,0x20,0xe0,0xff,
    0x20,0x20,0xe0,0xff,0x00,0x00,0x40,0xff,0x00,0x00,0x40,0xff,0x00,0x00,0x40,0xff,
    0x20,0x20,0xe0,0xff,0x20,0x20,0xe0,0xff,0x00,0x00,0x40,0xff,0x00,0x00,0x00,0x00,
    0x00,0x00,0x00,0x00,0x00,0x00,0x00,0x00,0x00,0x00,0x00,0x00,0x00,0x00,0x00,0x00,
    0x00,0x00,0x00,0x00,0x00,0x00,0x00,0x00,0x00,0x00,0x00,0x00,0x00,0x00,0x00,0x00,
    0x00,0x00,0x00,0x00,0x00,0x00,0x00,0x00,0x00,0x00,0x00,0x00,0x00,0x00,0x00,0x00,
    0x00,0x00,0x00,0x00,0x00,0x00,0x00,0x00,0x00,0x00,0x00,0x00,0x00,0x00,0x00,0x00,
    0x00,0x00,0x00,0x00,0x00,0x00,0x00,0x00,0x00,0x00,0x00,0x00,0x00,0x00,0x00,0x00,
    0x00,0x00,0x00,0x00,0x20,0x00,0xa0,0xff,0x60,0x60,0xa0,0xff,0xe0,0xe0,0xe0,0xff,
    0x20,0x00,0xa0,0xff,0x20,0x00,0xa0,0xff,0x00,0x00,0x40,0xff,0x00,0x00,0x40,0xff,
    0x00,0x00,0x40,0xff,0x20,0x20,0xe0,0xff,0x20,0x00,0xa0,0xff,0x20,0x00,0xa0,0xff,
    0x20,0x20,0xe0,0xff,0x20,0x20,0xe0,0xff,0x20,0x20,0xe0,0xff,0x20,0x20,0xe0,0xff,
    0x20,0x20,0xe0,0xff,0x20,0x20,0xe0,0xff,0x20,0x20,0xe0,0xff,0x20,0x20,0xe0,0xff,
    0x20,0x20,0xe0,0xff,0x00,0x00,0x40,0xff,0x00,0x00,0x40,0xff,0x20,0x00,0xa0,0xff,
    0x00,0x00,0x40,0xff,0x00,0x00,0x00,0x00,0x00,0x00,0x00,0x00,0x00,0x00,0x00,0x00,
    0x00,0x00,0x00,0x00,0x00,0x00,0x00,0x00,0x00,0x00,0x00,0x00,0x00,0x00,0x00,0x00,
    0x00,0x00,0x00,0x00,0x00,0x00,0x00,0x00,0x00,0x00,0x00,0x00,0x00,0x00,0x00,0x00,
    0x00,0x00,0x00,0x00,0x00,0x00,0x00,0x00,0x00,0x00,0x00,0x00,0x00,0x00,0x00,0x00,
    0x00,0x00,0x00,0x00,0x00,0x00,0x00,0x00,0x00,0x00,0x00,0x00,0x00,0x00,0x00,0x00,
    0x00,0x00,0x00,0x00,0x00,0x00,0x00,0x00,0x00,0x00,0x00,0x00,0x00,0x00,0x00,0x00,
    0x00,0x00,0x00,0x00,0x00,0x00,0x00,0x00,0x00,0x00,0x00,0x00,0x00,0x00,0x00,0x00,
    0x20,0x20,0xe0,0xff,0x60,0x60,0xa0,0xff,0xe0,0xe0,0xe0,0xff,0x20,0x00,0xa0,0xff,
    0x20,0x00,0xa0,0xff,0x00,0x00,0x40,0xff,0x20,0x00,0xa0,0xff,0x20,0x00,0xa0,0xff,
    0x20,0x00,0xa0,0xff,0x20,0x20,0xe0,0xff,0x20,0x20,0xe0,0xff,0x20,0x20,0xe0,0xff,
    0x20,0x20,0xe0,0xff,0x20,0x20,0xe0,0xff,0x20,0x20,0xe0,0xff,0x20,0x20,0xe0,0xff,
    0x20,0x20,0xe0,0xff,0x00,0x00,0x40,0xff,0x00,0x00,0x40,0xff,0x00,0x00,0x40,0xff,
    0x20,0x20,0xe0,0xff,0x20,0x20,0xe0,0xff,0x00,0x00,0x40,0xff,0x00,0x00,0x00,0x00,
    0x00,0x00,0x00,0x00,0x00,0x00,0x00,0x00,0x00,0x00,0x00,0x00,0x00,0x00,0x00,0x00,
    0x00,0x00,0x00,0x00,0x00,0x00,0x00,0x00,0x00,0x00,0x00,0x00,0x00,0x00,0x00,0x00,
    0x00,0x00,0x00,0x00,0x00,0x00,0x00,0x00,0x00,0x00,0x00,0x00,0x00,0x00,0x00,0x00,
    0x00,0x00,0x00,0x00,0x00,0x00,0x00,0x00,0x00,0x00,0x00,0x00,0x00,0x00,0x00,0x00,
    0x00,0x00,0x00,0x00,0x00,0x00,0x00,0x00,0x00,0x00,0x00,0x00,0x00,0x00,0x00,0x00,
    0x00,0x00,0x00,0x00,0x00,0x00,0x00,0x00,0x00,0x00,0x00,0x00,0x00,0x00,0x00,0x00,
    0x00,0x00,0x40,0xff,0x20,0x20,0xe0,0xff,0x20,0x20,0xe0,0xff,0x20,0x20,0xe0,0xff,
    0x60,0x60,0xa0,0xff,0x60,0x60,0xa0,0xff,0x00,0x00,0x40,0xff,0x00,0x00,0x40,0xff,
    0x20,0x00,0xa0,0xff,0x20,0x00,0xa0,0xff,0x20,0x00,0xa0,0xff,0x20,0x20,0xe0,0xff,
    0x20,0x20,0xe0,0xff,0x20,0x20,0xe0,0xff,0x20,0x20,0xe0,0xff,0x20,0x20,0xe0,0xff,
    0x20,0x20,0xe0,0xff,0x20,0x00,0xa0,0xff,0x00,0x00,0x40,0xff,0x00,0x00,0x40,0xff,
    0x20,0x20,0xe0,0xff,0x20,0x20,0xe0,0xff,0x20,0x20,0xe0,0xff,0x20,0x20,0xe0,0xff,
    0x00,0x00,0x40,0xff,0x00,0x00,0x00,0x00,0x00,0x00,0x00,0x00,0x00,0x00,0x00,0x00,
    0x00,0x00,0x00,0x00,0x00,0x00,0x00,0x00,0x00,0x00,0x00,0x00,0x00,0x00,0x00,0x00,
    0x00,0x00,0x00,0x00,0x00,0x00,0x00,0x00,0x00,0x00,0x00,0x00,0x00,0x00,0x00,0x00,
    0x00,0x00,0x00,0x00,0x00,0x00,0x00,0x00,0x00,0x00,0x00,0x00,0x00,0x00,0x00,0x00,
    0x00,0x00,0x00,0x00,0x00,0x00,0x00,0x00,0x00,0x00,0x00,0x00,0x00,0x00,0x00,0x00,
    0x00,0x00,0x00,0x00,0x00,0x00,0x00,0x00,0x00,0x00,0x40,0xff,0x20,0x20,0xe0,0xff,
    0x60,0x60,0xa0,0xff,0x60,0x60,0xa0,0xff,0x20,0x20,0xe0,0xff,0x00,0x00,0x40,0xff,
    0x00,0x00,0x40,0xff,0x00,0x00,0x00,0x00,0x00,0x00,0x00,0x00,0x00,0x00,0x00,0x00,
    0x00,0x00,0x00,0x00,0x00,0x00,0x00,0x00,0x00,0x00,0x00,0x00,0x00,0x00,0x00,0x00,
    0x00,0x00,0x00,0x00,0x00,0x00,0x00,0x00,0x00,0x00,0x00,0x00,0x00,0x00,0x00,0x00,
    0x00,0x00,0x00,0x00,0x00,0x00,0x00,0x00,0x00,0x00,0x40,0xff,0x00,0x00,0x40,0xff,
    0x20,0x20,0xe0,0xff,0x60,0x60,0xa0,0xff,0x60,0x60,0xa0,0xff,0x20,0x20,0xe0,0xff,
    0x00,0x00,0x40,0xff,0x00,0x00,0x00,0x00,0x00,0x00,0x00,0x00,0x00,0x00,0x00,0x00,
    0x00,0x00,0x00,0x00,0x00,0x00,0x00,0x00,0x00,0x00,0x00,0x00,0x00,0x00,0x00,0x00,
    0x00,0x00,0x00,0x00,0x00,0x00,0x00,0x00,0x00,0x00,0x00,0x00,0x00,0x00,0x00,0x00,
    0x00,0x00,0x00,0x00,0x00,0x00,0x00,0x00,0x00,0x00,0x00,0x00,0x00,0x00,0x00,0x00,
    0x00,0x00,0x00,0x00,0x00,0x00,0x00,0x00,0x00,0x00,0x00,0x00,0x00,0x00,0x00,0x00,
    0x00,0x00,0x00,0x00,0x00,0x00,0x00,0x00,0x00,0x00,0x00,0x00,0x00,0x00,0x40,0xff,
    0x20,0x20,0xe0,0xff,0x20,0x20,0xe0,0xff,0x20,0x20,0xe0,0xff,0x20,0x20,0xe0,0xff,
    0x00,0x00,0x40,0xff,0x00,0x00,0x40,0xff,0x20,0x00,0xa0,0xff,0x20,0x20,0xe0,0xff,
    0x20,0x20,0xe0,0xff,0x20,0x20,0xe0,0xff,0x20,0x20,0xe0,0xff,0x20,0x20,0xe0,0xff,
    0x20,0x20,0xe0,0xff,0x20,0x00,0xa0,0xff,0x20,0x00,0xa0,0xff,0x20,0x00,0xa0,0xff,
    0x00,0x00,0x40,0xff,0x00,0x00,0x40,0xff,0x60,0x60,0xa0,0xff,0x60,0x60,0xa0,0xff,
    0x20,0x20,0xe0,0xff,0x20,0x20,0xe0,0xff,0x20,0x20,0xe0,0xff,0x00,0x00,0x40,0xff,
    0x00,0x00,0x00,0x00,0x00,0x00,0x00,0x00,0x00,0x00,0x00,0x00,0x00,0x00,0x00,0x00,
    0x00,0x00,0x00,0x00,0x00,0x00,0x00,0x00,0x00,0x00,0x00,0x00,0x00,0x00,0x00,0x00,
    0x00,0x00,0x00,0x00,0x00,0x00,0x00,0x00,0x00,0x00,0x00,0x00,0x00,0x00,0x00,0x00,
    0x00,0x00,0x00,0x00,0x00,0x00,0x00,0x00,0x00,0x00,0x00,0x00,0x00,0x00,0x00,0x00,
    0x00,0x00,0x00,0x00,0x00,0x00,0x00,0x00,0x00,0x00,0x00,0x00,0x00,0x00,0x00,0x00,
    0x00,0x00,0x00,0x00,0x00,0x00,0x00,0x00,0x00,0x00,0x00,0x00,0x00,0x00,0x00,0x00,
    0x00,0x00,0x00,0x00,0x00,0x00,0x40,0xff,0x20,0x20,0xe0,0xff,0x20,0x20,0xe0,0xff,
    0x00,0x00,0x40,0xff,0x00,0x00,0x40,0xff,0x00,0x00,0x40,0xff,0x20,0x20,0xe0,0xff,
    0x20,0x20,0xe0,0xff,0x20,0x20,0xe0,0xff,0x20,0x20,0xe0,0xff,0x20,0x20,0xe0,0xff,
    0x20,0x20,0xe0,0xff,0x20,0x20,0xe0,0xff,0x20,0x20,0xe0,0xff,0x20,0x00,0xa0,0xff,
    0x20,0x00,0xa0,0xff,0x20,0x00,0xa0,0xff,0x00,0x00,0x40,0xff,0x20,0x00,0xa0,0xff,
    0x20,0x00,0xa0,0xff,0xe0,0xe0,0xe0,0xff,0x60,0x60,0xa0,0xff,0x20,0x20,0xe0,0xff,
    0x00,0x00,0x00,0x00,0x00,0x00,0x00,0x00,0x00,0x00,0x00,0x00,0x00,0x00,0x00,0x00,
    0x00,0x00,0x00,0x00,0x00,0x00,0x00,0x00,0x00,0x00,0x00,0x00,0x00,0x00,0x00,0x00,
    0x00,0x00,0x00,0x00,0x00,0x00,0x00,0x00,0x00,0x00,0x00,0x00,0x00,0x00,0x00,0x00,
    0x00,0x00,0x00,0x00,0x00,0x00,0x00,0x00,0x00,0x00,0x00,0x00,0x00,0x00,0x00,0x00,
    0x00,0x00,0x00,0x00,0x00,0x00,0x00,0x00,0x00,0x00,0x00,0x00,0x00,0x00,0x00,0x00,
    0x00,0x00,0x00,0x00,0x00,0x00,0x00,0x00,0x00,0x00,0x00,0x00,0x00,0x00,0x00,0x00,
    0x00,0x00,0x00,0x00,0x00,0x00,0x40,0xff,0x20,0x00,0xa0,0xff,0x00,0x00,0x40,0xff,
    0x00,0x00,0x40,0xff,0x20,0x20,0xe0,0xff,0x20,0x20,0xe0,0xff,0x20,0x20,0xe0,0xff,
    0x20,0x20,0xe0,0xff,0x20,0x20,0xe0,0xff,0x20,0x20,0xe0,0xff,0x20,0x20,0xe0,0xff,
    0x20,0x20,0xe0,0xff,0x20,0x20,0xe0,0xff,0x20,0x00,0xa0,0xff,0x20,0x00,0xa0,0xff,
    0x20,0x20,0xe0,0xff,0x00,0x00,0x40,0xff,0x00,0x00,0x40,0xff,0x00,0x00,0x40,0xff,
    0x20,0x00,0xa0,0xff,0x20,0x00,0xa0,0xff,0xe0,0xe0,0xe0,0xff,0x60,0x60,0xa0,0xff,
    0x20,0x00,0xa0,0xff,0x00,0x00,0x00,0x00,0x00,0x00,0x00,0x00,0x00,0x00,0x00,0x00,
    0x00,0x00,0x00,0x00,0x00,0x00,0x00,0x00,0x00,0x00,0x00,0x00,0x00,0x00,0x00,0x00,
    0x00,0x00,0x00,0x00,0x00,0x00,0x00,0x00,0x00,0x00,0x00,0x00,0x00,0x00,0x00,0x00,
    0x00,0x00,0x00,0x00,0x00,0x00,0x00,0x00,0x00,0x00,0x00,0x00,0x00,0x00,0x00,0x00,
    0x00,0x00,0x00,0x00,0x00,0x00,0x00,0x00,0x00,0x00,0x00,0x00,0x00,0x00,0x00,0x00,
    0x00,0x00,0x00,0x00,0x00,0x00,0x00,0x00,0x00,0x00,0x00,0x00,0x00,0x00,0x00,0x00,
    0x00,0x00,0x00,0x00,0x00,0x00,0x40,0xff,0x20,0x20,0xe0,0xff,0x20,0x20,0xe0,0xff,
    0x00,0x00,0x40,0xff,0x00,0x00,0x40,0xff,0x00,0x00,0x40,0xff,0x20,0x20,0xe0,0xff,
    0x20,0x20,0xe0,0xff,0x20,0x20,0xe0,0xff,0x20,0x20,0xe0,0xff,0x20,0x20,0xe0,0xff,
    0x20,0x20,0xe0,0xff,0x20,0x20,0xe0,0xff,0x20,0x20,0xe0,0xff,0x20,0x00,0xa0,0xff,
    0x20,0x00,0xa0,0xff,0x20,0x00,0xa0,0xff,0x00,0x00,0x40,0xff,0x20,0x00,0xa0,0xff,
    0x20,0x00,0xa0,0xff,0xe0,0xe0,0xe0,0xff,0x60,0x60,0xa0,0xff,0x20,0x20,0xe0,0xff,
    0x00,0x00,0x00,0x00,0x00,0x00,0x00,0x00,0x00,0x00,0x00,0x00,0x00,0x00,0x00,0x00,
    0x00,0x00,0x00,0x00,0x00,0x00,0x00,0x00,0x00,0x00,0x00,0x00,0x00,0x00,0x00,0x00,
    0x00,0x00,0x00,0x00,0x00,0x00,0x00,0x00,0x00,0x00,0x00,0x00,0x00,0x00,0x00,0x00,
    0x00,0x00,0x00,0x00,0x00,0x00,0x00,0x00,0x00,0x00,0x00,0x00,0x00,0x00,0x00,0x00,
    0x00,0x00,0x00,0x00,0x00,0x00,0x00,0x00,0x00,0x00,0x00,0x00,0x00,0x00,0x00,0x00,
    0x00,0x00,0x00,0x00,0x00,0x00,0x00,0x00,0x00,0x00,0x00,0x00,0x00,0x00,0x40,0xff,
    0x20,0x20,0xe0,0xff,0x20,0x20,0xe0,0xff,0x20,0x20,0xe0,0xff,0x20,0x20,0xe0,0xff,
    0x00,0x00,0x40,0xff,0x00,0x00,0x40,0xff,0x20,0x00,0xa0,0xff,0x20,0x20,0xe0,0xff,
    0x20,0x20,0xe0,0xff,0x20,0x20,0xe0,0xff,0x20,0x20,0xe0,0xff,0x20,0x20,0xe0,0xff,
    0x20,0x20,0xe0,0xff,0x20,0x00,0xa0,0xff,0x20,0x00,0xa0,0xff,0x20,0x00,0xa0,0xff,
    0x00,0x00,0x40,0xff,0x00,0x00,0x40,0xff,0x60,0x60,0xa0,0xff,0x60,0x60,0xa0,0xff,
    0x20,0x20,0xe0,0xff,0x20,0x20,0xe0,0xff,0x20,0x20,0xe0,0xff,0x00,0x00,0x40,0xff,
    0x00,0x00,0x00,0x00,0x00,0x00,0x00,0x00,0x00,0x00,0x00,0x00,0x00,0x00,0x00,0x00,
    0x00,0x00,0x00,0x00,0x00,0x00,0x00,0x00,0x00,0x00,0x00,0x00,0x00,0x00,0x00,0x00,
    0x00,0x00,0x00,0x00,0x00,0x00,0x00,0x00,0x00,0x00,0x00,0x00,0x00,0x00,0x00,0x00,
    0x00,0x00,0x00,0x00,0x00,0x00,0x00,0x00,0x00,0x00,0x00,0x00,0x00,0x00,0x00,0x00,
    0x00,0x00,0x00,0x00,0x00,0x00,0x00,0x00,0x00,0x00,0x00,0x00,0x00,0x00,0x00,0x00,
    0x00,0x00,0x00,0x00,0x00,0x00,0x00,0x00,0x00,0x00,0x00,0x00,0x00,0x00,0x00,0x00,
    0x00,0x00,0x00,0x00,0x00,0x00,0x00,0x00,0x00,0x00,0x00,0x00,0x00,0x00,0x00,0x00,
    0x00,0x00,0x00,0x00,0x00,0x00,0x00,0x00,0x00,0x00,0x00,0x00,0x00,0x00,0x00,0x00,
    0x00,0x00,0x00,0x00,0x00,0x00,0x00,0x00,0x00,0x00,0x00,0x00,0x00,0x00,0x00,0x00,
    0x00,0x00,0x00,0x00,0x00,0x00,0x00,0x00,0x00,0x00,0x00,0x00,0x00,0x00,0x00,0x00,
    0x00,0x00,0x00,0x00,0x00,0x00,0x00,0x00,0x00,0x00,0x00,0x00,0x00,0x00,0x00,0x00,
    0x00,0x00,0x00,0x00,0x00,0x00,0x00,0x00,0x00,0x00,0x00,0x00,0x00,0x00,0x00,0x00,
    0x00,0x00,0x00,0x00,0x00,0x00,0x00,0x00,0x00,0x00,0x00,0x00,0x00,0x00,0x00,0x00,
    0x00,0x00,0x00,0x00,0x00,0x00,0x00,0x00,0x00,0x00,0x00,0x00,0x00,0x00,0x00,0x00,
    0x00,0x00,0x00,0x00,0x00,0x00,0x00,0x00,0x00,0x00,0x00,0x00,0x00,0x00,0x00,0x00,
    0x00,0x00,0x00,0x00,0x00,0x00,0x00,0x00,0x00,0x00,0x00,0x00,0x00,0x00,0x00,0x00,
    0x00,0x00,0x00,0x00,0x00,0x00,0x00,0x00,0x00,0x00,0x00,0x00,0x00,0x00,0x00,0x00,
    0x00,0x00,0x00,0x00,0x00,0x00,0x00,0x00,0x00,0x00,0x00,0x00,0x00,0x00,0x00,0x00,
    0x00,0x00,0x00,0x00,0x00,0x00,0x00,0x00,0x00,0x00,0x00,0x00,0x00,0x00,0x00,0x00,
    0x00,0x00,0x00,0x00,0x00,0x00,0x00,0x00,0x00,0x00,0x00,0x00,0x00,0x00,0x00,0x00,
    0x00,0x00,0x00,0x00,0x00,0x00,0x00,0x00,0x00,0x00,0x00,0x00,0x00,0x00,0x00,0x00,
    0x00,0x00,0x00,0x00,0x00,0x00,0x00,0x00,0x00,0x00,0x00,0x00,0x00,0x00,0x00,0x00,
    0x00,0x00,0x00,0x00,0x00,0x00,0x00,0x00,0x00,0x00,0x00,0x00,0x00,0x00,0x00,0x00,
    0x00,0x00,0x00,0x00,0x00,0x00,0x00,0x00,0x00,0x00,0x00,0x00,0x00,0x00,0x00,0x00,
    0x00,0x00,0x00,0x00,0x00,0x00,0x00,0x00,0x00,0x00,0x00,0x00,0x00,0x00,0x00,0x00,
    0x00,0x00,0x00,0x00,0x00,0x00,0x00,0x00,0x00,0x00,0x00,0x00,0x00,0x00,0x00,0x00,
    0x00,0x00,0x00,0x00,0x00,0x00,0x00,0x00,0x00,0x00,0x00,0x00,0x00,0x00,0x00,0x00,
    0x00,0x00,0x00,0x00,0x00,0x00,0x00,0x00,0x00,0x00,0x00,0x00,0x00,0x00,0x00,0x00,
    0x00,0x00,0x00,0x00,0x00,0x00,0x00,0x00,0x00,0x00,0x00,0x00,0x00,0x00,0x00,0x00,
    0x00,0x00,0x00,0x00,0x00,0x00,0x00,0x00,0x00,0x00,0x00,0x00,0x00,0x00,0x00,0x00,
    0x00,0x00,0x00,0x00,0x00,0x00,0x00,0x00,0x00,0x00,0x00,0x00,0x00,0x00,0x00,0x00,
    0x00,0x00,0x00,0x00,0x00,0x00,0x00,0x00,0x00,0x00,0x00,0x00,0x00,0x00,0x00,0x00,
    0x00,0x00,0x00,0x00,0x00,0x00,0x00,0x00,0x00,0x00,0x00,0x00,0x00,0x00,0x00,0x00,
    0x00,0x00,0x00,0x00,0x00,0x00,0x00,0x00,0x00,0x00,0x00,0x00,0x00,0x00,0x00,0x00,
    0x00,0x00,0x00,0x00,0x00,0x00,0x00,0x00,0x00,0x00,0x00,0x00,0x00,0x00,0x00,0x00,
    0x00,0x00,0x00,0x00,0x00,0x00,0x00,0x00,0x00,0x00,0x00,0x00,0x00,0x00,0x00,0x00,
    0x00,0x00,0x00,0x00,0x00,0x00,0x00,0x00,0x00,0x00,0x00,0x00,0x00,0x00,0x00,0x00,
    0x00,0x00,0x00,0x00,0x00,0x00,0x00,0x00,0x00,0x00,0x00,0x00,0x00,0x00,0x00,0x00,
    0x00,0x00,0x00,0x00,0x00,0x00,0x00,0x00,0x00,0x00,0x00,0x00,0x00,0x00,0x00,0x00,
    0x00,0x00,0x00,0x00,0x00,0x00,0x00,0x00,0x00,0x00,0x00,0x00,0x00,0x00,0x00,0x00,
    0x00,0x00,0x00,0x00,0x00,0x00,0x00,0x00,0x00,0x00,0x00,0x00,0x00,0x00,0x00,0x00,
    0x00,0x00,0x00,0x00,0x00,0x00,0x00,0x00,0x00,0x00,0x00,0x00,0x00,0x00,0x00,0x00,
    0x00,0x00,0x00,0x00,0x00,0x00,0x00,0x00,0x00,0x00,0x00,0x00,0x00,0x00,0x00,0x00,
    0x00,0x00,0x00,0x00,0x00,0x00,0x00,0x00,0x00,0x00,0x00,0x00,0x00,0x00,0x00,0x00,
    0x00,0x00,0x00,0x00,0x00,0x00,0x00,0x00,0x00,0x00,0x00,0x00,0x00,0x00,0x00,0x00,
    0x00,0x00,0x00,0x00,0x00,0x00,0x00,0x00,0x00,0x00,0x00,0x00,0x00,0x00,0x00,0x00,
    0x00,0x00,0x00,0x00,0x00,0x00,0x00,0x00,0x00,0x00,0x00,0x00,0x00,0x00,0x00,0x00,
    0x00,0x00,0x00,0x00,0x00,0x00,0x00,0x00,0x00,0x00,0x00,0x00,0x00,0x00,0x00,0x00,
    0x00,0x00,0x00,0x00,0x00,0x00,0x00,0x00,0x00,0x00,0x00,0x00,0x00,0x00,0x00,0x00,
    0x00,0x00,0x00,0x00,0x00,0x00,0x00,0x00,0x00,0x00,0x00,0x00,0x00,0x00,0x00,0x00,
    0x00,0x00,0x00,0x00,0x00,0x00,0x00,0x00,0x00,0x00,0x00,0x00,0x00,0x00,0x00,0x00,
    0x00,0x00,0x00,0x00,0x00,0x00,0x00,0x00,0x00,0x00,0x00,0x00,0x00,0x00,0x00,0x00,
    0x00,0x00,0x00,0x00,0x00,0x00,0x00,0x00,0x00,0x00,0x00,0x00,0x00,0x00,0x00,0x00,
    0x00,0x00,0x00,0x00,0x00,0x00,0x00,0x00,0x00,0x00,0x40,0xff,0x20,0x20,0xe0,0xff,
    0x20,0x20,0xe0,0xff,0x60,0x60,0xa0,0xff,0xe0,0xe0,0xe0,0xff,0x20,0x20,0xe0,0xff,
    0x20,0x20,0xe0,0xff,0x00,0x00,0x40,0xff,0x00,0x00,0x00,0x00,0x20,0x00,0xa0,0xff,
    0x20,0x00,0xa0,0xff,0x20,0x00,0xa0,0xff,0x20,0x00,0xa0,0xff,0x20,0x00,0xa0,0xff,
    0x20,0x00,0xa0,0xff,0x20,0x00,0xa0,0xff,0x20,0x00,0xa0,0xff,0x20,0x00,0xa0,0xff,
    0x00,0x00,0x00,0x00,0x00,0x00,0x40,0xff,0x20,0x20,0xe0,0xff,0x20,0x20,0xe0,0xff,
    0xe0,0xe0,0xe0,0xff,0x60,0x60,0xa0,0xff,0x20,0x20,0xe0,0xff,0x20,0x20,0xe0,0xff,
    0x00,0x00,0x40,0xff,0x00,0x00,0x00,0x00,0x00,0x00,0x00,0x00,0x00,0x00,0x00,0x00,
    0x00,0x00,0x00,0x00,0x00,0x00,0x00,0x00,0x00,0x00,0x00,0x00,0x00,0x00,0x00,0x00,
    0x00,0x00,0x00,0x00,0x00,0x00,0x00,0x00,0x00,0x00,0x00,0x00,0x00,0x00,0x00,0x00,
    0x00,0x00,0x00,0x00,0x00,0x00,0x00,0x00,0x00,0x00,0x00,0x00,0x00,0x00,0x00,0x00,
    0x00,0x00,0x00,0x00,0x00,0x00,0x00,0x00,0x00,0x00,0x00,0x00,0x00,0x00,0x00,0x00,
    0x00,0x00,0x00,0x00,0x00,0x00,0x00,0x00,0x00,0x00,0x40,0xff,0x20,0x20,0xe0,0xff,
    0x20,0x20,0xe0,0xff,0x60,0x60,0xa0,0xff,0xe0,0xe0,0xe0,0xff,0x20,0x20,0xe0,0xff,
    0x20,0x20,0xe0,0xff,0x00,0x00,0x40,0xff,0x00,0x00,0x00,0x00,0x20,0x00,0xa0,0xff,
    0x20,0x00,0xa0,0xff,0x20,0x00,0xa0,0xff,0x20,0x00,0xa0,0xff,0x20,0x00,0xa0,0xff,
    0x20,0x00,0xa0,0xff,0x20,0x00,0xa0,0xff,0x20,0x00,0xa0,0xff,0x20,0x00,0xa0,0xff,
    0x00,0x00,0x00,0x00,0x00,0x00,0x40,0xff,0x20,0x20,0xe0,0xff,0x20,0x20,0xe0,0xff,
    0xe0,0xe0,0xe0,0xff,0x60,0x60,0xa0,0xff,0x20,0x20,0xe0,0xff,0x20,0x20,0xe0,0xff,
    0x00,0x00,0x40,0xff,0x00,0x00,0x00,0x00,0x00,0x00,0x00,0x00,0x00,0x00,0x00,0x00,
    0x00,0x00,0x00,0x00,0x00,0x00,0x00,0x00,0x00,0x00,0x00,0x00,0x00,0x00,0x00,0x00,
    0x00,0x00,0x00,0x00,0x00,0x00,0x00,0x00,0x00,0x00,0x00,0x00,0x00,0x00,0x00,0x00,
    0x00,0x00,0x00,0x00,0x00,0x00,0x00,0x00,0x00,0x00,0x00,0x00,0x00,0x00,0x00,0x00,
    0x00,0x00,0x00,0x00,0x00,0x00,0x00,0x00,0x00,0x00,0x00,0x00,0x00,0x00,0x00,0x00,
    0x00,0x00,0x00,0x00,0x00,0x00,0x00,0x00,0x00,0x00,0x00,0x00,0x00,0x00,0x00,0x00,
    0x20,0x20,0xe0,0xff,0x20,0x20,0xe0,0xff,0x20,0x00,0xa0,0xff,0x20,0x00,0xa0,0xff,
    0x00,0x00,0x40,0xff,0x00,0x00,0x40,0xff,0x20,0x00,0xa0,0xff,0x20,0x00,0xa0,0xff,
    0x20,0x00,0xa0,0xff,0x20,0x20,0xe0,0xff,0x20,0x20,0xe0,0xff,0x20,0x20,0xe0,0xff,
    0x20,0x20,0xe0,0xff,0x20,0x20,0xe0,0xff,0x20,0x20,0xe0,0xff,0x20,0x20,0xe0,0xff,
    0x20,0x20,0xe0,0xff,0x00,0x00,0x40,0xff,0x00,0x00,0x40,0xff,0x00,0x00,0x40,0xff,
    0x00,0x00,0x40,0xff,0x20,0x20,0xe0,0xff,0x00,0x00,0x40,0xff,0x00,0x00,0x00,0x00,
    0x00,0x00,0x00,0x00,0x00,0x00,0x00,0x00,0x00,0x00,0x00,0x00,0x00,0x00,0x00,0x00,
    0x00,0x00,0x00,0x00,0x00,0x00,0x00,0x00,0x00,0x00,0x00,0x00,0x00,0x00,0x00,0x00,
    0x00,0x00,0x00,0x00,0x00,0x00,0x00,0x00,0x00,0x00,0x00,0x00,0x00,0x00,0x00,0x00,
    0x00,0x00,0x00,0x00,0x00,0x00,0x00,0x00,0x00,0x00,0x00,0x00,0x00,0x00,0x00,0x00,
    0x00,0x00,0x00,0x00,0x00,0x00,0x00,0x00,0x00,0x00,0x00,0x00,0x00,0x00,0x00,0x00,
    0x00,0x00,0x00,0x00,0x00,0x00,0x40,0xff,0x20,0x00,0xa0,0xff,0x60,0x60,0xa0,0xff,
    0x20,0x00,0xa0,0xff,0x00,0x00,0x40,0xff,0x00,0x00,0x40,0xff,0x00,0x00,0x40,0xff,
    0x20,0x00,0xa0,0xff,0x20,0x20,0xe0,0xff,0x20,0x20,0xe0,0xff,0x20,0x00,0xa0,0xff,
    0x20,0x00,0xa0,0xff,0x20,0x20,0xe0,0xff,0x20,0x20,0xe0,0xff,0x20,0x20,0xe0,0xff,
    0x20,0x20,0xe0,0xff,0x40,0x40,0xe0,0xff,0x20,0x20,0xe0,0xff,0x20,0x20,0xe0,0xff,
    0x20,0x20,0xe0,0xff,0x20,0x20,0xe0,0xff,0x00,0x00,0x40,0xff,0x20,0x00,0xa0,0xff,
    0x00,0x00,0x40,0xff,0x00,0x00,0x00,0x00,0x00,0x00,0x00,0x00,0x00,0x00,0x00,0x00,
    0x00,0x00,0x00,0x00,0x00,0x00,0x00,0x00,0x00,0x00,0x00,0x00,0x00,0x00,0x00,0x00,
    0x00,0x00,0x00,0x00,0x00,0x00,0x00,0x00,0x00,0x00,0x00,0x00,0x00,0x00,0x00,0x00,
    0x00,0x00,0x00,0x00,0x00,0x00,0x00,0x00,0x00,0x00,0x00,0x00,0x00,0x00,0x00,0x00,
    0x00,0x00,0x00,0x00,0x00,0x00,0x00,0x00,0x00,0x00,0x00,0x00,0x00,0x00,0x00,0x00,
    0x00,0x00,0x00,0x00,0x00,0x00,0x00,0x00,0x00,0x00,0x00,0x00,0x00,0x00,0x00,0x00,
    0x00,0x00,0x00,0x00,0x00,0x00,0x00,0x00,0x00,0x00,0x00,0x00,0x00,0x00,0x00,0x00,
    0x20,0x20,0xe0,0xff,0x20,0x20,0xe0,0xff,0x20,0x00,0xa0,0xff,0x20,0x00,0xa0,0xff,
    0x00,0x00,0x40,0xff,0x00,0x00,0x40,0xff,0x20,0x00,0xa0,0xff,0x20,0x00,0xa0,0xff,
    0x20,0x00,0xa0,0xff,0x20,0x20,0xe0,0xff,0x20,0x20,0xe0,0xff,0x20,0x20,0xe0,0xff,
    0x20,0x20,0xe0,0xff,0x20,0x20,0xe0,0xff,0x20,0x20,0xe0,0xff,0x20,0x20,0xe0,0xff,
    0x20,0x20,0xe0,0xff,0x00,0x00,0x40,0xff,0x00,0x00,0x40,0xff,0x00,0x00,0x40,0xff,
    0x00,0x00,0x40,0xff,0x20,0x20,0xe0,0xff,0x00,0x00,0x40,0xff,0x00,0x00,0x00,0x00,
    0x00,0x00,0x00,0x00,0x00,0x00,0x00,0x00,0x00,0x00,0x00,0x00,0x00,0x00,0x00,0x00,
    0x00,0x00,0x00,0x00,0x00,0x00,0x00,0x00,0x00,0x00,0x00,0x00,0x00,0x00,0x00,0x00,
    0x00,0x00,0x00,0x00,0x00,0x00,0x00,0x00,0x00,0x00,0x00,0x00,0x00,0x00,0x00,0x00,
    0x00,0x00,0x00,0x00,0x00,0x00,0x00,0x00,0x00,0x00,0x00,0x00,0x00,0x00,0x00,0x00,
    0x00,0x00,0x00,0x00,0x00,0x00,0x00,0x00,0x00,0x00,0x00,0x00,0x00,0x00,0x00,0x00,
    0x00,0x00,0x00,0x00,0x00,0x00,0x00,0x00,0x00,0x00,0x00,0x00,0x00,0x00,0x00,0x00,
    0x00,0x00,0x40,0xff,0x20,0x20,0xe0,0xff,0x20,0x20,0xe0,0xff,0x20,0x20,0xe0,0xff,
    0x20,0x20,0xe0,0xff,0x00,0x00,0x40,0xff,0x00,0x00,0x40,0xff,0x00,0x00,0x40,0xff,
    0x20,0x00,0xa0,0xff,0x20,0x00,0xa0,0xff,0x20,0x20,0xe0,0xff,0x20,0x20,0xe0,0xff,
    0x20,0x20,0xe0,0xff,0x20,0x20,0xe0,0xff,0x20,0x20,0xe0,0xff,0x20,0x20,0xe0,0xff,
    0x20,0x20,0xe0,0xff,0x20,0x20,0xe0,0xff,0x20,0x00,0xa0,0xff,0x00,0x00,0x40,0xff,
    0x00,0x00,0x40,0xff,0x20,0x20,0xe0,0xff,0x20,0x20,0xe0,0xff,0x20,0x20,0xe0,0xff,
    0x00,0x00,0x40,0xff,0x00,0x00,0x00,0x00,0x00,0x00,0x00,0x00,0x00,0x00,0x00,0x00,
    0x00,0x00,0x00,0x00,0x00,0x00,0x00,0x00,0x00,0x00,0x00,0x00,0x00,0x00,0x00,0x00,
    0x00,0x00,0x00,0x00,0x00,0x00,0x00,0x00,0x00,0x00,0x00,0x00,0x00,0x00,0x00,0x00,
    0x00,0x00,0x00,0x00,0x00,0x00,0x00,0x00,0x00,0x00,0x00,0x00,0x00,0x00,0x00,0x00,
    0x00,0x00,0x00,0x00,0x00,0x00,0x00,0x00,0x00,0x00,0x00,0x00,0x00,0x00,0x00,0x00,
    0x00,0x00,0x00,0x00,0x00,0x00,0x00,0x00,0x00,0x00,0x40,0xff,0x20,0x20,0xe0,0xff,
    0x20,0x20,0xe0,0xff,0x60,0x60,0xa0,0xff,0xe0,0xe0,0xe0,0xff,0x20,0x20,0xe0,0xff,
    0x20,0x20,0xe0,0xff,0x00,0x00,0x40,0xff,0x00,0x00,0x00,0x00,0x20,0x00,0xa0,0xff,
    0x20,0x00,0xa0,0xff,0x20,0x00,0xa0,0xff,0x20,0x00,0xa0,0xff,0x20,0x00,0xa0,0xff,
    0x20,0x00,0xa0,0xff,0x20,0x00,0xa0,0xff,0x20,0x00,0xa0,0xff,0x20,0x00,0xa0,0xff,
    0x00,0x00,0x00,0x00,0x00,0x00,0x40,0xff,0x20,0x20,0xe0,0xff,0x20,0x20,0xe0,0xff,
    0xe0,0xe0,0xe0,0xff,0x60,0x60,0xa0,0xff,0x20,0x20,0xe0,0xff,0x20,0x20,0xe0,0xff,
    0x00,0x00,0x40,0xff,0x00,0x00,0x00,0x00,0x00,0x00,0x00,0x00,0x00,0x00,0x00,0x00,
    0x00,0x00,0x00,0x00,0x00,0x00,0x00,0x00,0x00,0x00,0x00,0x00,0x00,0x00,0x00,0x00,
    0x00,0x00,0x00,0x00,0x00,0x00,0x00,0x00,0x00,0x00,0x00,0x00,0x00,0x00,0x00,0x00,
    0x00,0x00,0x00,0x00,0x00,0x00,0x00,0x00,0x00,0x00,0x00,0x00,0x00,0x00,0x00,0x00,
    0x00,0x00,0x00,0x00,0x00,0x00,0x00,0x00,0x00,0x00,0x00,0x00,0x00,0x00,0x00,0x00,
    0x00,0x00,0x00,0x00,0x00,0x00,0x00,0x00,0x00,0x00,0x00,0x00,0x00,0x00,0x40,0xff,
    0x20,0x20,0xe0,0xff,0x20,0x20,0xe0,0xff,0x20,0x20,0xe0,0xff,0x00,0x00,0x40,0xff,
    0x00,0x00,0x40,0xff,0x20,0x00,0xa0,0xff,0x20,0x20,0xe0,0xff,0x20,0x20,0xe0,0xff,
    0x20,0x20,0xe0,0xff,0x20,0x20,0xe0,0xff,0x20,0x20,0xe0,0xff,0x20,0x20,0xe0,0xff,
    0x20,0x20,0xe0,0xff,0x20,0x20,0xe0,0xff,0x20,0x00,0xa0,0xff,0x20,0x00,0xa0,0xff,
    0x00,0x00,0x40,0xff,0x00,0x00,0x40,0xff,0x00,0x00,0x40,0xff,0x20,0x20,0xe0,0xff,
    0x20,0x20,0xe0,0xff,0x20,0x20,0xe0,0xff,0x20,0x20,0xe0,0xff,0x00,0x00,0x40,0xff,
    0x00,0x00,0x00,0x00,0x00,0x00,0x00,0x00,0x00,0x00,0x00,0x00,0x00,0x00,0x00,0x00,
    0x00,0x00,0x00,0x00,0x00,0x00,0x00,0x00,0x00,0x00,0x00,0x00,0x00,0x00,0x00,0x00,
    0x00,0x00,0x00,0x00,0x00,0x00,0x00,0x00,0x00,0x00,0x00,0x00,0x00,0x00,0x00,0x00,
    0x00,0x00,0x00,0x00,0x00,0x00,0x00,0x00,0x00,0x00,0x00,0x00,0x00,0x00,0x00,0x00,
    0x00,0x00,0x00,0x00,0x00,0x00,0x00,0x00,0x00,0x00,0x00,0x00,0x00,0x00,0x00,0x00,
    0x00,0x00,0x00,0x00,0x00,0x00,0x00,0x00,0x00,0x00,0x00,0x00,0x00,0x00,0x00,0x00,
    0x00,0x00,0x00,0x00,0x00,0x00,0x40,0xff,0x20,0x20,0xe0,0xff,0x00,0x00,0x40,0xff,
    0x00,0x00,0x40,0xff,0x00,0x00,0x40,0xff,0x00,0x00,0x40,0xff,0x20,0x20,0xe0,0xff,
    0x20,0x20,0xe0,0xff,0x20,0x20,0xe0,0xff,0x20,0x20,0xe0,0xff,0x20,0x20,0xe0,0xff,
    0x20,0x20,0xe0,0xff,0x20,0x20,0xe0,0xff,0x20,0x20,0xe0,0xff,0x20,0x00,0xa0,0xff,
    0x20,0x00,0xa0,0xff,0x20,0x00,0xa0,0xff,0x00,0x00,0x40,0xff,0x00,0x00,0x40,0xff,
    0x20,0x00,0xa0,0xff,0x20,0x00,0xa0,0xff,0x20,0x20,0xe0,0xff,0x20,0x20,0xe0,0xff,
    0x00,0x00,0x00,0x00,0x00,0x00,0x00,0x00,0x00,0x00,0x00,0x00,0x00,0x00,0x00,0x00,
    0x00,0x00,0x00,0x00,0x00,0x00,0x00,0x00,0x00,0x00,0x00,0x00,0x00,0x00,0x00,0x00,
    0x00,0x00,0x00,0x00,0x00,0x00,0x00,0x00,0x00,0x00,0x00,0x00,0x00,0x00,0x00,0x00,
    0x00,0x00,0x00,0x00,0x00,0x00,0x00,0x00,0x00,0x00,0x00,0x00,0x00,0x00,0x00,0x00,
    0x00,0x00,0x00,0x00,0x00,0x00,0x00,0x00,0x00,0x00,0x00,0x00,0x00,0x00,0x00,0x00,
    0x00,0x00,0x00,0x00,0x00,0x00,0x00,0x00,0x00,0x00,0x00,0x00,0x00,0x00,0x00,0x00,
    0x00,0x00,0x00,0x00,0x00,0x00,0x40,0xff,0x20,0x00,0xa0,0xff,0x00,0x00,0x40,0xff,
    0x20,0x20,0xe0,0xff,0x20,0x20,0xe0,0xff,0x20,0x20,0xe0,0xff,0x20,0x20,0xe0,0xff,
    0x40,0x40,0xe0,0xff,0x20,0x20,0xe0,0xff,0x20,0x20,0xe0,0xff,0x20,0x20,0xe0,0xff,
    0x20,0x20,0xe0,0xff,0x20,0x00,0xa0,0xff,0x20,0x00,0xa0,0xff,0x20,0x20,0xe0,0xff,
    0x20,0x20,0xe0,0xff,0x20,0x00,0xa0,0xff,0x00,0x00,0x40,0xff,0x00,0x00,0x40,0xff,
    0x00,0x00,0x40,0xff,0x20,0x00,0xa0,0xff,0x60,0x60,0xa0,0xff,0x20,0x00,0xa0,0xff,
    0x00,0x00,0x40,0xff,0x00,0x00,0x00,0x00,0x00,0x00,0x00,0x00,0x00,0x00,0x00,0x00,
    0x00,0x00,0x00,0x00,0x00,0x00,0x00,0x00,0x00,0x00,0x00,0x00,0x00,0x00,0x00,0x00,
    0x00,0x00,0x00,0x00,0x00,0x00,0x00,0x00,0x00,0x00,0x00,0x00,0x00,0x00,0x00,0x00,
    0x00,0x00,0x00,0x00,0x00,0x00,0x00,0x00,0x00,0x00,0x00,0x00,0x00,0x00,0x00,0x00,
    0x00,0x00,0x00,0x00,0x00,0x00,0x00,0x00,0x00,0x00,0x00,0x00,0x00,0x00,0x00,0x00,
    0x00,0x00,0x00,0x00,0x00,0x00,0x00,0x00,0x00,0x00,0x00,0x00,0x00,0x00,0x00,0x00,
    0x00,0x00,0x00,0x00,0x00,0x00,0x40,0xff,0x20,0x20,0xe0,0xff,0x00,0x00,0x40,0xff,
    0x00,0x00,0x40,0xff,0x00,0x00,0x40,0xff,0x00,0x00,0x40,0xff,0x20,0x20,0xe0,0xff,
    0x20,0x20,0xe0,0xff,0x20,0x20,0xe0,0xff,0x20,0x20,0xe0,0xff,0x20,0x20,0xe0,0xff,
    0x20,0x20,0xe0,0xff,0x20,0x20,0xe0,0xff,0x20,0x20,0xe0,0xff,0x20,0x00,0xa0,0xff,
    0x20,0x00,0xa0,0xff,0x20,0x00,0xa0,0xff,0x00,0x00,0x40,0xff,0x00,0x00,0x40,0xff,
    0x20,0x00,0xa0,0xff,0x20,0x00,0xa0,0xff,0x20,0x20,0xe0,0xff,0x20,0x20,0xe0,0xff,
    0x00,0x00,0x00,0x00,0x00,0x00,0x00,0x00,0x00,0x00,0x00,0x00,0x00,0x00,0x00,0x00,
    0x00,0x00,0x00,0x00,0x00,0x00,0x00,0x00,0x00,0x00,0x00,0x00,0x00,0x00,0x00,0x00,
    0x00,0x00,0x00,0x00,0x00,0x00,0x00,0x00,0x00,0x00,0x00,0x00,0x00,0x00,0x00,0x00,
    0x00,0x00,0x00,0x00,0x00,0x00,0x00,0x00,0x00,0x00,0x00,0x00,0x00,0x00,0x00,0x00,
    0x00,0x00,0x00,0x00,0x00,0x00,0x00,0x00,0x00,0x00,0x00,0x00,0x00,0x00,0x00,0x00,
    0x00,0x00,0x00,0x00,0x00,0x00,0x00,0x00,0x00,0x00,0x00,0x00,0x00,0x00,0x40,0xff,
    0x20,0x20,0xe0,0xff,0x20,0x20,0xe0,0xff,0x20,0x20,0xe0,0xff,0x00,0x00,0x40,0xff,
    0x00,0x00,0x40,0xff,0x20,0x00,0xa0,0xff,0x20,0x20,0xe0,0xff,0x20,0x20,0xe0,0xff,
    0x20,0x20,0xe0,0xff,0x20,0x20,0xe0,0xff,0x20,0x20,0xe0,0xff,0x20,0x20,0xe0,0xff,
    0x20,0x20,0xe0,0xff,0x20,0x20,0xe0,0xff,0x20,0x00,0xa0,0xff,0x20,0x00,0xa0,0xff,
    0x00,0x00,0x40,0xff,0x00,0x00,0x40,0xff,0x00,0x00,0x40,0xff,0x20,0x20,0xe0,0xff,
    0x20,0x20,0xe0,0xff,0x20,0x20,0xe0,0xff,0x20,0x20,0xe0,0xff,0x00,0x00,0x40,0xff,
    0x00,0x00,0x00,0x00,0x00,0x00,0x00,0x00,0x00,0x00,0x00,0x00,0x00,0x00,0x00,0x00,
    0x00,0x00,0x00,0x00,0x00,0x00,0x00,0x00,0x00,0x00,0x00,0x00,0x00,0x00,0x00,0x00,
    0x00,0x00,0x00,0x00,0x00,0x00,0x00,0x00,0x00,0x00,0x00,0x00,0x00,0x00,0x00,0x00,
    0x00,0x00,0x00,0x00,0x00,0x00,0x00,0x00,0x00,0x00,0x00,0x00,0x00,0x00,0x00,0x00,
    0x00,0x00,0x00,0x00,0x00,0x00,0x00,0x00,0x00,0x00,0x00,0x00,0x00,0x00,0x00,0x00,
    0x00,0x00,0x00,0x00,0x00,0x00,0x00,0x00,0x00,0x00,0x00,0x00,0x00,0x00,0x00,0x00,
    0x00,0x00,0x00,0x00,0x00,0x00,0x00,0x00,0x00,0x00,0x00,0x00,0x00,0x00,0x00,0x00,
    0x00,0x00,0x00,0x00,0x00,0x00,0x00,0x00,0x00,0x00,0x00,0x00,0x00,0x00,0x00,0x00,
    0x00,0x00,0x00,0x00,0x00,0x00,0x00,0x00,0x00,0x00,0x00,0x00,0x00,0x00,0x00,0x00,
    0x00,0x00,0x00,0x00,0x00,0x00,0x00,0x00,0x00,0x00,0x00,0x00,0x00,0x00,0x00,0x00,
    0x00,0x00,0x00,0x00,0x00,0x00,0x00,0x00,0x00,0x00,0x00,0x00,0x00,0x00,0x00,0x00,
    0x00,0x00,0x00,0x00,0x00,0x00,0x00,0x00,0x00,0x00,0x00,0x00,0x00,0x00,0x00,0x00,
    0x00,0x00,0x00,0x00,0x00,0x00,0x00,0x00,0x00,0x00,0x00,0x00,0x00,0x00,0x00,0x00,
    0x00,0x00,0x00,0x00,0x00,0x00,0x00,0x00,0x00,0x00,0x00,0x00,0x00,0x00,0x00,0x00,
    0x00,0x00,0x00,0x00,0x00,0x00,0x00,0x00,0x00,0x00,0x00,0x00,0x00,0x00,0x00,0x00,
    0x00,0x00,0x00,0x00,0x00,0x00,0x00,0x00,0x00,0x00,0x00,0x00,0x00,0x00,0x00,0x00,
    0x00,0x00,0x00,0x00,0x00,0x00,0x00,0x00,0x00,0x00,0x00,0x00,0x00,0x00,0x00,0x00,
    0x00,0x00,0x00,0x00,0x00,0x00,0x00,0x00,0x00,0x00,0x00,0x00,0x00,0x00,0x00,0x00,
    0x00,0x00,0x00,0x00,0x00,0x00,0x00,0x00,0x00,0x00,0x00,0x00,0x00,0x00,0x00,0x00,
    0x00,0x00,0x00,0x00,0x00,0x00,0x00,0x00,0x00,0x00,0x00,0x00,0x00,0x00,0x00,0x00,
    0x00,0x00,0x00,0x00,0x00,0x00,0x00,0x00,0x00,0x00,0x00,0x00,0x00,0x00,0x00,0x00,
    0x00,0x00,0x00,0x00,0x00,0x00,0x00,0x00,0x00,0x00,0x00,0x00,0x00,0x00,0x00,0x00,
    0x00,0x00,0x00,0x00,0x00,0x00,0x00,0x00,0x00,0x00,0x00,0x00,0x00,0x00,0x00,0x00,
    0x00,0x00,0x00,0x00,0x00,0x00,0x00,0x00,0x00,0x00,0x00,0x00,0x00,0x00,0x00,0x00,
    0x00,0x00,0x00,0x00,0x00,0x00,0x00,0x00,0x00,0x00,0x00,0x00,0x00,0x00,0x00,0x00,
    0x00,0x00,0x00,0x00,0x00,0x00,0x00,0x00,0x00,0x00,0x00,0x00,0x00,0x00,0x00,0x00,
    0x00,0x00,0x00,0x00,0x00,0x00,0x00,0x00,0x00,0x00,0x00,0x00,0x00,0x00,0x00,0x00,
    0x00,0x00,0x00,0x00,0x00,0x00,0x00,0x00,0x00,0x00,0x00,0x00,0x00,0x00,0x00,0x00,
    0x00,0x00,0x00,0x00,0x00,0x00,0x00,0x00,0x00,0x00,0x00,0x00,0x00,0x00,0x00,0x00,
    0x00,0x00,0x00,0x00,0x00,0x00,0x00,0x00,0x00,0x00,0x00,0x00,0x00,0x00,0x00,0x00,
    0x00,0x00,0x00,0x00,0x00,0x00,0x00,0x00,0x00,0x00,0x00,0x00,0x00,0x00,0x00,0x00,
    0x00,0x00,0x00,0x00,0x00,0x00,0x00,0x00,0x00,0x00,0x00,0x00,0x00,0x00,0x00,0x00,
    0x00,0x00,0x00,0x00,0x00,0x00,0x00,0x00,0x00,0x00,0x00,0x00,0x00,0x00,0x00,0x00,
    0x00,0x00,0x00,0x00,0x00,0x00,0x00,0x00,0x00,0x00,0x00,0x00,0x00,0x00,0x00,0x00,
    0x00,0x00,0x00,0x00,0x00,0x00,0x00,0x00,0x00,0x00,0x00,0x00,0x00,0x00,0x00,0x00,
    0x00,0x00,0x00,0x00,0x00,0x00,0x00,0x00,0x00,0x00,0x00,0x00,0x00,0x00,0x00,0x00,
    0x00,0x00,0x00,0x00,0x00,0x00,0x00,0x00,0x00,0x00,0x00,0x00,0x00,0x00,0x00,0x00,
    0x00,0x00,0x00,0x00,0x00,0x00,0x00,0x00,0x00,0x00,0x00,0x00,0x00,0x00,0x00,0x00,
    0x00,0x00,0x00,0x00,0x00,0x00,0x00,0x00,0x00,0x00,0x00,0x00,0x00,0x00,0x00,0x00,
    0x00,0x00,0x00,0x00,0x00,0x00,0x00,0x00,0x00,0x00,0x00,0x00,0x00,0x00,0x00,0x00,
    0x00,0x00,0x00,0x00,0x00,0x00,0x00,0x00,0x00,0x00,0x00,0x00,0x00,0x00,0x00,0x00,
    0x00,0x00,0x00,0x00,0x00,0x00,0x00,0x00,0x00,0x00,0x00,0x00,0x00,0x00,0x00,0x00,
    0x00,0x00,0x00,0x00,0x00,0x00,0x00,0x00,0x00,0x00,0x00,0x00,0x00,0x00,0x00,0x00,
    0x00,0x00,0x00,0x00,0x00,0x00,0x00,0x00,0x00,0x00,0x00,0x00,0x00,0x00,0x00,0x00,
    0x00,0x00,0x00,0x00,0x00,0x00,0x00,0x00,0x00,0x00,0x00,0x00,0x00,0x00,0x00,0x00,
    0x00,0x00,0x00,0x00,0x00,0x00,0x00,0x00,0x00,0x00,0x00,0x00,0x00,0x00,0x00,0x00,
    0x00,0x00,0x00,0x00,0x00,0x00,0x00,0x00,0x00,0x00,0x00,0x00,0x00,0x00,0x00,0x00,
    0x00,0x00,0x00,0x00,0x00,0x00,0x00,0x00,0x00,0x00,0x00,0x00,0x00,0x00,0x00,0x00,
    0x00,0x00,0x00,0x00,0x00,0x00,0x00,0x00,0x00,0x00,0x00,0x00,0x00,0x00,0x00,0x00,
    0x00,0x00,0x00,0x00,0x00,0x00,0x00,0x00,0x00,0x00,0x00,0x00,0x00,0x00,0x00,0x00,
    0x00,0x00,0x00,0x00,0x00,0x00,0x00,0x00,0x00,0x00,0x00,0x00,0x00,0x00,0x00,0x00,
    0x00,0x00,0x00,0x00,0x00,0x00,0x00,0x00,0x00,0x00,0x00,0x00,0x00,0x00,0x00,0x00,
    0x00,0x00,0x00,0x00,0x00,0x00,0x00,0x00,0x00,0x00,0x00,0x00,0x00,0x00,0x00,0x00,
    0x00,0x00,0x00,0x00,0x00,0x00,0x00,0x00,0x00,0x00,0x40,0xff,0x20,0x20,0xe0,0xff,
    0x20,0x20,0xe0,0xff,0x20,0x20,0xe0,0xff,0x60,0x60,0xa0,0xff,0xe0,0xe0,0xe0,0xff,
    0x20,0x20,0xe0,0xff,0x00,0x00,0x40,0xff,0x20,0x00,0xa0,0xff,0x20,0x00,0xa0,0xff,
    0x20,0x00,0xa0,0xff,0x20,0x20,0xe0,0xff,0x20,0x20,0xe0,0xff,0x20,0x20,0xe0,0xff,
    0x20,0x20,0xe0,0xff,0x20,0x20,0xe0,0xff,0x20,0x00,0xa0,0xff,0x20,0x00,0xa0,0xff,
    0x20,0x00,0xa0,0xff,0x00,0x00,0x40,0xff,0x20,0x20,0xe0,0xff,0xe0,0xe0,0xe0,0xff,
    0x60,0x60,0xa0,0xff,0x20,0x20,0xe0,0xff,0x20,0x20,0xe0,0xff,0x20,0x20,0xe0,0xff,
    0x00,0x00,0x40,0xff,0x00,0x00,0x00,0x00,0x00,0x00,0x00,0x00,0x00,0x00,0x00,0x00,
    0x00,0x00,0x00,0x00,0x00,0x00,0x00,0x00,0x00,0x00,0x00,0x00,0x00,0x00,0x00,0x00,
    0x00,0x00,0x00,0x00,0x00,0x00,0x00,0x00,0x00,0x00,0x00,0x00,0x00,0x00,0x00,0x00,
    0x00,0x00,0x00,0x00,0x00,0x00,0x00,0x00,0x00,0x00,0x00,0x00,0x00,0x00,0x00,0x00,
    0x00,0x00,0x00,0x00,0x00,0x00,0x00,0x00,0x00,0x00,0x00,0x00,0x00,0x00,0x00,0x00,
    0x00,0x00,0x00,0x00,0x00,0x00,0x00,0x00,0x00,0x00,0x40,0xff,0x20,0x20,0xe0,0xff,
    0x20,0x20,0xe0,0xff,0x20,0x20,0xe0,0xff,0x60,0x60,0xa0,0xff,0xe0,0xe0,0xe0,0xff,
    0x20,0x20,0xe0,0xff,0x00,0x00,0x40,0xff,0x20,0x00,0xa0,0xff,0x20,0x00,0xa0,0xff,
    0x20,0x00,0xa0,0xff,0x20,0x20,0xe0,0xff,0x20,0x20,0xe0,0xff,0x20,0x20,0xe0,0xff,
    0x20,0x20,0xe0,0xff,0x20,0x20,0xe0,0xff,0x20,0x00,0xa0,0xff,0x20,0x00,0xa0,0xff,
    0x20,0x00,0xa0,0xff,0x00,0x00,0x40,0xff,0x20,0x20,0xe0,0xff,0xe0,0xe0,0xe0,0xff,
    0x60,0x60,0xa0,0xff,0x20,0x20,0xe0,0xff,0x20,0x20,0xe0,0xff,0x20,0x20,0xe0,0xff,
    0x00,0x00,0x40,0xff,0x00,0x00,0x00,0x00,0x00,0x00,0x00,0x00,0x00,0x00,0x00,0x00,
    0x00,0x00,0x00,0x00,0x00,0x00,0x00,0x00,0x00,0x00,0x00,0x00,0x00,0x00,0x00,0x00,
    0x00,0x00,0x00,0x00,0x00,0x00,0x00,0x00,0x00,0x00,0x00,0x00,0x00,0x00,0x00,0x00,
    0x00,0x00,0x00,0x00,0x00,0x00,0x00,0x00,0x00,0x00,0x00,0x00,0x00,0x00,0x00,0x00,
    0x00,0x00,0x00,0x00,0x00,0x00,0x00,0x00,0x00,0x00,0x00,0x00,0x00,0x00,0x00,0x00,
    0x00,0x00,0x00,0x00,0x00,0x00,0x00,0x00,0x00,0x00,0x00,0x00,0x00,0x00,0x00,0x00,
    0x00,0x00,0x40,0xff,0x20,0x00,0xa0,0xff,0x20,0x00,0xa0,0xff,0x00,0x00,0x40,0xff,
    0x00,0x00,0x40,0xff,0x20,0x00,0xa0,0xff,0x20,0x20,0xe0,0xff,0x20,0x20,0xe0,0xff,
    0x20,0x00,0xa0,0xff,0x20,0x00,0xa0,0xff,0x20,0x20,0xe0,0xff,0x20,0x20,0xe0,0xff,
    0x20,0x20,0xe0,0xff,0x20,0x20,0xe0,0xff,0x20,0x20,0xe0,0xff,0x20,0x20,0xe0,0xff,
    0x20,0x20,0xe0,0xff,0x20,0x00,0xa0,0xff,0x00,0x00,0x40,0xff,0x00,0x00,0x40,0xff,
    0x00,0x00,0x40,0xff,0x00,0x00,0x40,0xff,0x00,0x00,0x40,0xff,0x00,0x00,0x00,0x00,
    0x00,0x00,0x00,0x00,0x00,0x00,0x00,0x00,0x00,0x00,0x00,0x00,0x00,0x00,0x00,0x00,
    0x00,0x00,0x00,0x00,0x00,0x00,0x00,0x00,0x00,0x00,0x00,0x00,0x00,0x00,0x00,0x00,
    0x00,0x00,0x00,0x00,0x00,0x00,0x00,0x00,0x00,0x00,0x00,0x00,0x00,0x00,0x00,0x00,
    0x00,0x00,0x00,0x00,0x00,0x00,0x00,0x00,0x00,0x00,0x00,0x00,0x00,0x00,0x00,0x00,
    0x00,0x00,0x00,0x00,0x00,0x00,0x00,0x00,0x00,0x00,0x00,0x00,0x00,0x00,0x00,0x00,
    0x00,0x00,0x00,0x00,0x00,0x00,0x00,0x00,0x00,0x00,0x40,0xff,0x20,0x00,0xa0,0xff,
    0x00,0x00,0x40,0xff,0x00,0x00,0x40,0xff,0x00,0x00,0x40,0xff,0x00,0x00,0x40,0xff,
    0x20,0x20,0xe0,0xff,0x20,0x20,0xe0,0xff,0x20,0x20,0xe0,0xff,0x20,0x00,0xa0,0xff,
    0x20,0x00,0xa0,0xff,0x20,0x20,0xe0,0xff,0x20,0x20,0xe0,0xff,0x20,0x20,0xe0,0xff,
    0x20,0x20,0xe0,0xff,0x40,0x40,0xe0,0xff,0x40,0x40,0xe0,0xff,0x20,0x20,0xe0,0xff,
    0x20,0x20,0xe0,0xff,0x20,0x20,0xe0,0xff,0x00,0x00,0x40,0xff,0x00,0x00,0x40,0xff,
    0x00,0x00,0x40,0xff,0x00,0x00,0x00,0x00,0x00,0x00,0x00,0x00,0x00,0x00,0x00,0x00,
    0x00,0x00,0x00,0x00,0x00,0x00,0x00,0x00,0x00,0x00,0x00,0x00,0x00,0x00,0x00,0x00,
    0x00,0x00,0x00,0x00,0x00,0x00,0x00,0x00,0x00,0x00,0x00,0x00,0x00,0x00,0x00,0x00,
    0x00,0x00,0x00,0x00,0x00,0x00,0x00,0x00,0x00,0x00,0x00,0x00,0x00,0x00,0x00,0x00,
    0x00,0x00,0x00,0x00,0x00,0x00,0x00,0x00,0x00,0x00,0x00,0x00,0x00,0x00,0x00,0x00,
    0x00,0x00,0x00,0x00,0x00,0x00,0x00,0x00,0x00,0x00,0x00,0x00,0x00,0x00,0x00,0x00,
    0x00,0x00,0x00,0x00,0x00,0x00,0x00,0x00,0x00,0x00,0x00,0x00,0x00,0x00,0x00,0x00,
    0x00,0x00,0x40,0xff,0x20,0x00,0xa0,0xff,0x20,0x00,0xa0,0xff,0x00,0x00,0x40,0xff,
    0x00,0x00,0x40,0xff,0x20,0x00,0xa0,0xff,0x20,0x20,0xe0,0xff,0x20,0x20,0xe0,0xff,
    0x20,0x00,0xa0,0xff,0x20,0x00,0xa0,0xff,0x20,0x20,0xe0,0xff,0x20,0x20,0xe0,0xff,
    0x20,0x20,0xe0,0xff,0x20,0x20,0xe0,0xff,0x20,0x20,0xe0,0xff,0x20,0x20,0xe0,0xff,
    0x20,0x20,0xe0,0xff,0x20,0x00,0xa0,0xff,0x00,0x00,0x40,0xff,0x00,0x00,0x40,0xff,
    0x00,0x00,0x40,0xff,0x00,0x00,0x40,0xff,0x00,0x00,0x40,0xff,0x00,0x00,0x00,0x00,
    0x00,0x00,0x00,0x00,0x00,0x00,0x00,0x00,0x00,0x00,0x00,0x00,0x00,0x00,0x00,0x00,
    0x00,0x00,0x00,0x00,0x00,0x00,0x00,0x00,0x00,0x00,0x00,0x00,0x00,0x00,0x00,0x00,
    0x00,0x00,0x00,0x00,0x00,0x00,0x00,0x00,0x00,0x00,0x00,0x00,0x00,0x00,0x00,0x00,
    0x00,0x00,0x00,0x00,0x00,0x00,0x00,0x00,0x00,0x00,0x00,0x00,0x00,0x00,0x00,0x00,
    0x00,0x00,0x00,0x00,0x00,0x00,0x00,0x00,0x00,0x00,0x00,0x00,0x00,0x00,0x00,0x00,
    0x00,0x00,0x00,0x00,0x00,0x00,0x00,0x00,0x00,0x00,0x00,0x00,0x00,0x00,0x00,0x00,
    0x00,0x00,0x00,0x00,0x00,0x00,0x40,0xff,0x20,0x20,0xe0,0xff,0x20,0x20,0xe0,0xff,
    0x00,0x00,0x40,0xff,0x00,0x00,0x40,0xff,0x20,0x00,0xa0,0xff,0x00,0x00,0x40,0xff,
    0x20,0x00,0xa0,0xff,0x20,0x00,0xa0,0xff,0x20,0x20,0xe0,0xff,0x20,0x20,0xe0,0xff,
    0x20,0x20,0xe0,0xff,0x20,0x20,0xe0,0xff,0x20,0x20,0xe0,0xff,0x20,0x20,0xe0,0xff,
    0x20,0x20,0xe0,0xff,0x20,0x20,0xe0,0xff,0x20,0x00,0xa0,0xff,0x00,0x00,0x40,0xff,
    0x00,0x00,0x40,0xff,0x00,0x00,0x40,0xff,0x20,0x20,0xe0,0xff,0x20,0x20,0xe0,0xff,
    0x00,0x00,0x40,0xff,0x00,0x00,0x00,0x00,0x00,0x00,0x00,0x00,0x00,0x00,0x00,0x00,
    0x00,0x00,0x00,0x00,0x00,0x00,0x00,0x00,0x00,0x00,0x00,0x00,0x00,0x00,0x00,0x00,
    0x00,0x00,0x00,0x00,0x00,0x00,0x00,0x00,0x00,0x00,0x00,0x00,0x00,0x00,0x00,0x00,
    0x00,0x00,0x00,0x00,0x00,0x00,0x00,0x00,0x00,0x00,0x00,0x00,0x00,0x00,0x00,0x00,
    0x00,0x00,0x00,0x00,0x00,0x00,0x00,0x00,0x00,0x00,0x00,0x00,0x00,0x00,0x00,0x00,
    0x00,0x00,0x00,0x00,0x00,0x00,0x00,0x00,0x00,0x00,0x40,0xff,0x20,0x20,0xe0,0xff,
    0x20,0x20,0xe0,0xff,0x20,0x20,0xe0,0xff,0x60,0x60,0xa0,0xff,0xe0,0xe0,0xe0,0xff,
    0x20,0x20,0xe0,0xff,0x00,0x00,0x40,0xff,0x20,0x00,0xa0,0xff,0x20,0x00,0xa0,0xff,
    0x20,0x00,0xa0,0xff,0x20,0x20,0xe0,0xff,0x20,0x20,0xe0,0xff,0x20,0x20,0xe0,0xff,
    0x20,0x20,0xe0,0xff,0x20,0x20,0xe0,0xff,0x20,0x00,0xa0,0xff,0x20,0x00,0xa0,0xff,
    0x20,0x00,0xa0,0xff,0x00,0x00,0x40,0xff,0x20,0x20,0xe0,0xff,0xe0,0xe0,0xe0,0xff,
    0x60,0x60,0xa0,0xff,0x20,0x20,0xe0,0xff,0x20,0x20,0xe0,0xff,0x20,0x20,0xe0,0xff,
    0x00,0x00,0x40,0xff,0x00,0x00,0x00,0x00,0x00,0x00,0x00,0x00,0x00,0x00,0x00,0x00,
    0x00,0x00,0x00,0x00,0x00,0x00,0x00,0x00,0x00,0x00,0x00,0x00,0x00,0x00,0x00,0x00,
    0x00,0x00,0x00,0x00,0x00,0x00,0x00,0x00,0x00,0x00,0x00,0x00,0x00,0x00,0x00,0x00,
    0x00,0x00,0x00,0x00,0x00,0x00,0x00,0x00,0x00,0x00,0x00,0x00,0x00,0x00,0x00,0x00,
    0x00,0x00,0x00,0x00,0x00,0x00,0x00,0x00,0x00,0x00,0x00,0x00,0x00,0x00,0x00,0x00,
    0x00,0x00,0x00,0x00,0x00,0x00,0x00,0x00,0x00,0x00,0x00,0x00,0x00,0x00,0x40,0xff,
    0x20,0x20,0xe0,0xff,0x20,0x20,0xe0,0xff,0x00,0x00,0x40,0xff,0x00,0x00,0x40,0xff,
    0x00,0x00,0x40,0xff,0x20,0x00,0xa0,0xff,0x20,0x20,0xe0,0xff,0x20,0x20,0xe0,0xff,
    0x20,0x20,0xe0,0xff,0x20,0x20,0xe0,0xff,0x20,0x20,0xe0,0xff,0x20,0x20,0xe0,0xff,
    0x20,0x20,0xe0,0xff,0x20,0x20,0xe0,0xff,0x20,0x00,0xa0,0xff,0x20,0x00,0xa0,0xff,
    0x00,0x00,0x40,0xff,0x20,0x00,0xa0,0xff,0x00,0x00,0x40,0xff,0x00,0x00,0x40,0xff,
    0x20,0x20,0xe0,0xff,0x20,0x20,0xe0,0xff,0x00,0x00,0x40,0xff,0x00,0x00,0x00,0x00,
    0x00,0x00,0x00,0x00,0x00,0x00,0x00,0x00,0x00,0x00,0x00,0x00,0x00,0x00,0x00,0x00,
    0x00,0x00,0x00,0x00,0x00,0x00,0x00,0x00,0x00,0x00,0x00,0x00,0x00,0x00,0x00,0x00,
    0x00,0x00,0x00,0x00,0x00,0x00,0x00,0x00,0x00,0x00,0x00,0x00,0x00,0x00,0x00,0x00,
    0x00,0x00,0x00,0x00,0x00,0x00,0x00,0x00,0x00,0x00,0x00,0x00,0x00,0x00,0x00,0x00,
    0x00,0x00,0x00,0x00,0x00,0x00,0x00,0x00,0x00,0x00,0x00,0x00,0x00,0x00,0x00,0x00,
    0x00,0x00,0x00,0x00,0x00,0x00,0x00,0x00,0x00,0x00,0x00,0x00,0x00,0x00,0x00,0x00,
    0x00,0x00,0x00,0x00,0x00,0x00,0x40,0xff,0x00,0x00,0x40,0xff,0x00,0x00,0x40,0xff,
    0x00,0x00,0x40,0xff,0x00,0x00,0x40,0xff,0x20,0x00,0xa0,0xff,0x20,0x20,0xe0,0xff,
    0x20,0x20,0xe0,0xff,0x20,0x20,0xe0,0xff,0x20,0x20,0xe0,0xff,0x20,0x20,0xe0,0xff,
    0x20,0x20,0xe0,0xff,0x20,0x20,0xe0,0xff,0x20,0x00,0xa0,0xff,0x20,0x00,0xa0,0xff,
    0x20,0x20,0xe0,0xff,0x20,0x20,0xe0,0xff,0x20,0x00,0xa0,0xff,0x00,0x00,0x40,0xff,
    0x00,0x00,0x40,0xff,0x20,0x00,0xa0,0xff,0x20,0x00,0xa0,0xff,0x00,0x00,0x40,0xff,
    0x00,0x00,0x00,0x00,0x00,0x00,0x00,0x00,0x00,0x00,0x00,0x00,0x00,0x00,0x00,0x00,
    0x00,0x00,0x00,0x00,0x00,0x00,0x00,0x00,0x00,0x00,0x00,0x00,0x00,0x00,0x00,0x00,
    0x00,0x00,0x00,0x00,0x00,0x00,0x00,0x00,0x00,0x00,0x00,0x00,0x00,0x00,0x00,0x00,
    0x00,0x00,0x00,0x00,0x00,0x00,0x00,0x00,0x00,0x00,0x00,0x00,0x00,0x00,0x00,0x00,
    0x00,0x00,0x00,0x00,0x00,0x00,0x00,0x00,0x00,0x00,0x00,0x00,0x00,0x00,0x00,0x00,
    0x00,0x00,0x00,0x00,0x00,0x00,0x00,0x00,0x00,0x00,0x00,0x00,0x00,0x00,0x00,0x00,
    0x00,0x00,0x00,0x00,0x00,0x00,0x40,0xff,0x00,0x00,0x40,0xff,0x00,0x00,0x40,0xff,
    0x20,0x20,0xe0,0xff,0x20,0x20,0xe0,0xff,0x20,0x20,0xe0,0xff,0x40,0x40,0xe0,0xff,
    0x40,0x40,0xe0,0xff,0x20,0x20,0xe0,0xff,0x20,0x20,0xe0,0xff,0x20,0x20,0xe0,0xff,
    0x20,0x20,0xe0,0xff,0x20,0x00,0xa0,0xff,0x20,0x00,0xa0,0xff,0x20,0x20,0xe0,0xff,
    0x20,0x20,0xe0,0xff,0x20,0x20,0xe0,0xff,0x00,0x00,0x40,0xff,0x00,0x00,0x40,0xff,
    0x00,0x00,0x40,0xff,0x00,0x00,0x40,0xff,0x20,0x00,0xa0,0xff,0x00,0x00,0x40,0xff,
    0x00,0x00,0x00,0x00,0x00,0x00,0x00,0x00,0x00,0x00,0x00,0x00,0x00,0x00,0x00,0x00,
    0x00,0x00,0x00,0x00,0x00,0x00,0x00,0x00,0x00,0x00,0x00,0x00,0x00,0x00,0x00,0x00,
    0x00,0x00,0x00,0x00,0x00,0x00,0x00,0x00,0x00,0x00,0x00,0x00,0x00,0x00,0x00,0x00,
    0x00,0x00,0x00,0x00,0x00,0x00,0x00,0x00,0x00,0x00,0x00,0x00,0x00,0x00,0x00,0x00,
    0x00,0x00,0x00,0x00,0x00,0x00,0x00,0x00,0x00,0x00,0x00,0x00,0x00,0x00,0x00,0x00,
    0x00,0x00,0x00,0x00,0x00,0x00,0x00,0x00,0x00,0x00,0x00,0x00,0x00,0x00,0x00,0x00,
    0x00,0x00,0x00,0x00,0x00,0x00,0x40,0xff,0x00,0x00,0x40,0xff,0x00,0x00,0x40,0xff,
    0x00,0x00,0x40,0xff,0x00,0x00,0x40,0xff,0x20,0x00,0xa0,0xff,0x20,0x20,0xe0,0xff,
    0x20,0x20,0xe0,0xff,0x20,0x20,0xe0,0xff,0x20,0x20,0xe0,0xff,0x20,0x20,0xe0,0xff,
    0x20,0x20,0xe0,0xff,0x20,0x20,0xe0,0xff,0x20,0x00,0xa0,0xff,0x20,0x00,0xa0,0xff,
    0x20,0x20,0xe0,0xff,0x20,0x20,0xe0,0xff,0x20,0x00,0xa0,0xff,0x00,0x00,0x40,0xff,
    0x00,0x00,0x40,0xff,0x20,0x00,0xa0,0xff,0x20,0x00,0xa0,0xff,0x00,0x00,0x40,0xff,
    0x00,0x00,0x00,0x00,0x00,0x00,0x00,0x00,0x00,0x00,0x00,0x00,0x00,0x00,0x00,0x00,
    0x00,0x00,0x00,0x00,0x00,0x00,0x00,0x00,0x00,0x00,0x00,0x00,0x00,0x00,0x00,0x00,
    0x00,0x00,0x00,0x00,0x00,0x00,0x00,0x00,0x00,0x00,0x00,0x00,0x00,0x00,0x00,0x00,
    0x00,0x00,0x00,0x00,0x00,0x00,0x00,0x00,0x00,0x00,0x00,0x00,0x00,0x00,0x00,0x00,
    0x00,0x00,0x00,0x00,0x00,0x00,0x00,0x00,0x00,0x00,0x00,0x00,0x00,0x00,0x00,0x00,
    0x00,0x00,0x00,0x00,0x00,0x00,0x00,0x00,0x00,0x00,0x00,0x00,0x00,0x00,0x40,0xff,
    0x20,0x20,0xe0,0xff,0x20,0x20,0xe0,0xff,0x00,0x00,0x40,0xff,0x00,0x00,0x40,0xff,
    0x00,0x00,0x40,0xff,0x20,0x00,0xa0,0xff,0x20,0x20,0xe0,0xff,0x20,0x20,0xe0,0xff,
    0x20,0x20,0xe0,0xff,0x20,0x20,0xe0,0xff,0x20,0x20,0xe0,0xff,0x20,0x20,0xe0,0xff,
    0x20,0x20,0xe0,0xff,0x20,0x20,0xe0,0xff,0x20,0x00,0xa0,0xff,0x20,0x00,0xa0,0xff,
    0x00,0x00,0x40,0xff,0x20,0x00,0xa0,0xff,0x00,0x00,0x40,0xff,0x00,0x00,0x40,0xff,
    0x20,0x20,0xe0,0xff,0x20,0x20,0xe0,0xff,0x00,0x00,0x40,0xff,0x00,0x00,0x00,0x00,
    0x00,0x00,0x00,0x00,0x00,0x00,0x00,0x00,0x00,0x00,0x00,0x00,0x00,0x00,0x00,0x00,
    0x00,0x00,0x00,0x00,0x00,0x00,0x00,0x00,0x00,0x00,0x00,0x00,0x00,0x00,0x00,0x00,
    0x00,0x00,0x00,0x00,0x00,0x00,0x00,0x00,0x00,0x00,0x00,0x00,0x00,0x00,0x00,0x00,
    0x00,0x00,0x00,0x00,0x00,0x00,0x00,0x00,0x00,0x00,0x00,0x00,0x00,0x00,0x00,0x00,
    0x00,0x00,0x00,0x00,0x00,0x00,0x00,0x00,0x00,0x00,0x00,0x00,0x00,0x00,0x00,0x00,
    0x00,0x00,0x00,0x00,0x00,0x00,0x00,0x00,0x00,0x00,0x00,0x00,0x00,0x00,0x00,0x00,
    0x00,0x00,0x00,0x00,0x00,0x00,0x00,0x00,0x00,0x00,0x00,0x00,0x00,0x00,0x00,0x00,
    0x00,0x00,0x00,0x00,0x00,0x00,0x00,0x00,0x00,0x00,0x00,0x00,0x00,0x00,0x00,0x00,
    0x00,0x00,0x00,0x00,0x00,0x00,0x00,0x00,0x00,0x00,0x00,0x00,0x00,0x00,0x00,0x00,
    0x00,0x00,0x00,0x00,0x00,0x00,0x00,0x00,0x00,0x00,0x00,0x00,0x00,0x00,0x00,0x00,
    0x00,0x00,0x00,0x00,0x00,0x00,0x00,0x00,0x00,0x00,0x00,0x00,0x00,0x00,0x00,0x00,
    0x00,0x00,0x00,0x00,0x00,0x00,0x00,0x00,0x00,0x00,0x00,0x00,0x00,0x00,0x00,0x00,
    0x00,0x00,0x00,0x00,0x00,0x00,0x00,0x00,0x00,0x00,0x00,0x00,0x00,0x00,0x00,0x00,
    0x00,0x00,0x00,0x00,0x00,0x00,0x00,0x00,0x00,0x00,0x00,0x00,0x00,0x00,0x00,0x00,
    0x00,0x00,0x00,0x00,0x00,0x00,0x00,0x00,0x00,0x00,0x00,0x00,0x00,0x00,0x00,0x00,
    0x00,0x00,0x00,0x00,0x00,0x00,0x00,0x00,0x00,0x00,0x00,0x00,0x00,0x00,0x00,0x00,
    0x00,0x00,0x00,0x00,0x00,0x00,0x00,0x00,0x00,0x00,0x00,0x00,0x00,0x00,0x00,0x00,
    0x00,0x00,0x00,0x00,0x00,0x00,0x00,0x00,0x00,0x00,0x00,0x00,0x00,0x00,0x00,0x00,
    0x00,0x00,0x00,0x00,0x00,0x00,0x00,0x00,0x00,0x00,0x00,0x00,0x00,0x00,0x00,0x00,
    0x00,0x00,0x00,0x00,0x00,0x00,0x00,0x00,0x00,0x00,0x00,0x00,0x00,0x00,0x00,0x00,
    0x00,0x00,0x00,0x00,0x00,0x00,0x00,0x00,0x00,0x00,0x00,0x00,0x00,0x00,0x00,0x00,
    0x00,0x00,0x00,0x00,0x00,0x00,0x00,0x00,0x00,0x00,0x00,0x00,0x00,0x00,0x00,0x00,
    0x00,0x00,0x00,0x00,0x00,0x00,0x00,0x00,0x00,0x00,0x00,0x00,0x00,0x00,0x00,0x00,
    0x00,0x00,0x00,0x00,0x00,0x00,0x00,0x00,0x00,0x00,0x00,0x00,0x00,0x00,0x00,0x00,
    0x00,0x00,0x00,0x00,0x00,0x00,0x00,0x00,0x00,0x00,0x00,0x00,0x00,0x00,0x00,0x00,
    0x00,0x00,0x00,0x00,0x00,0x00,0x00,0x00,0x00,0x00,0x00,0x00,0x00,0x00,0x00,0x00,
    0x00,0x00,0x00,0x00,0x00,0x00,0x00,0x00,0x00,0x00,0x00,0x00,0x00,0x00,0x00,0x00,
    0x00,0x00,0x00,0x00,0x00,0x00,0x00,0x00,0x00,0x00,0x00,0x00,0x00,0x00,0x00,0x00,
    0x00,0x00,0x00,0x00,0x00,0x00,0x00,0x00,0x00,0x00,0x00,0x00,0x00,0x00,0x00,0x00,
    0x00,0x00,0x00,0x00,0x00,0x00,0x00,0x00,0x00,0x00,0x00,0x00,0x00,0x00,0x00,0x00,
    0x00,0x00,0x00,0x00,0x00,0x00,0x00,0x00,0x00,0x00,0x00,0x00,0x00,0x00,0x00,0x00,
    0x00,0x00,0x00,0x00,0x00,0x00,0x00,0x00,0x00,0x00,0x00,0x00,0x00,0x00,0x00,0x00,
    0x00,0x00,0x00,0x00,0x00,0x00,0x00,0x00,0x00,0x00,0x00,0x00,0x00,0x00,0x00,0x00,
    0x00,0x00,0x00,0x00,0x00,0x00,0x00,0x00,0x00,0x00,0x00,0x00,0x00,0x00,0x00,0x00,
    0x00,0x00,0x00,0x00,0x00,0x00,0x00,0x00,0x00,0x00,0x00,0x00,0x00,0x00,0x00,0x00,
    0x00,0x00,0x00,0x00,0x00,0x00,0x00,0x00,0x00,0x00,0x00,0x00,0x00,0x00,0x00,0x00,
    0x00,0x00,0x00,0x00,0x00,0x00,0x00,0x00,0x00,0x00,0x00,0x00,0x00,0x00,0x00,0x00,
    0x00,0x00,0x00,0x00,0x00,0x00,0x00,0x00,0x00,0x00,0x00,0x00,0x00,0x00,0x00,0x00,
    0x00,0x00,0x00,0x00,0x00,0x00,0x00,0x00,0x00,0x00,0x00,0x00,0x00,0x00,0x00,0x00,
    0x00,0x00,0x00,0x00,0x00,0x00,0x00,0x00,0x00,0x00,0x00,0x00,0x00,0x00,0x00,0x00,
    0x00,0x00,0x00,0x00,0x00,0x00,0x00,0x00,0x00,0x00,0x00,0x00,0x00,0x00,0x00,0x00,
    0x00,0x00,0x00,0x00,0x00,0x00,0x00,0x00,0x00,0x00,0x00,0x00,0x00,0x00,0x00,0x00,
    0x00,0x00,0x00,0x00,0x00,0x00,0x00,0x00,0x00,0x00,0x00,0x00,0x00,0x00,0x00,0x00,
    0x00,0x00,0x00,0x00,0x00,0x00,0x00,0x00,0x00,0x00,0x00,0x00,0x00,0x00,0x00,0x00,
    0x00,0x00,0x00,0x00,0x00,0x00,0x00,0x00,0x00,0x00,0x00,0x00,0x00,0x00,0x00,0x00,
    0x00,0x00,0x00,0x00,0x00,0x00,0x00,0x00,0x00,0x00,0x00,0x00,0x00,0x00,0x00,0x00,
    0x00,0x00,0x00,0x00,0x00,0x00,0x00,0x00,0x00,0x00,0x00,0x00,0x00,0x00,0x00,0x00,
    0x00,0x00,0x00,0x00,0x00,0x00,0x00,0x00,0x00,0x00,0x00,0x00,0x00,0x00,0x00,0x00,
    0x00,0x00,0x00,0x00,0x00,0x00,0x00,0x00,0x00,0x00,0x00,0x00,0x00,0x00,0x00,0x00,
    0x00,0x00,0x00,0x00,0x00,0x00,0x00,0x00,0x00,0x00,0x00,0x00,0x00,0x00,0x00,0x00,
    0x00,0x00,0x00,0x00,0x00,0x00,0x00,0x00,0x00,0x00,0x00,0x00,0x00,0x00,0x00,0x00,
    0x00,0x00,0x00,0x00,0x00,0x00,0x00,0x00,0x00,0x00,0x00,0x00,0x00,0x00,0x00,0x00,
    0x00,0x00,0x00,0x00,0x00,0x00,0x00,0x00,0x00,0x00,0x00,0x00,0x00,0x00,0x00,0x00,
    0x00,0x00,0x00,0x00,0x00,0x00,0x00,0x00,0x00,0x00,0x40,0xff,0x20,0x20,0xe0,0xff,
    0x20,0x20,0xe0,0xff,0x20,0x20,0xe0,0xff,0x20,0x20,0xe0,0xff,0x20,0x20,0xe0,0xff,
    0x00,0x00,0x40,0xff,0x00,0x00,0x40,0xff,0x20,0x00,0xa0,0xff,0x20,0x00,0xa0,0xff,
    0x20,0x20,0xe0,0xff,0x20,0x20,0xe0,0xff,0x20,0x20,0xe0,0xff,0x20,0x20,0xe0,0xff,
    0x20,0x20,0xe0,0xff,0x20,0x20,0xe0,0xff,0x20,0x20,0xe0,0xff,0x20,0x00,0xa0,0xff,
    0x20,0x00,0xa0,0xff,0x00,0x00,0x40,0xff,0x00,0x00,0x40,0xff,0x20,0x20,0xe0,0xff,
    0x20,0x20,0xe0,0xff,0x20,0x20,0xe0,0xff,0x20,0x20,0xe0,0xff,0x20,0x20,0xe0,0xff,
    0x00,0x00,0x40,0xff,0x00,0x00,0x00,0x00,0x00,0x00,0x00,0x00,0x00,0x00,0x00,0x00,
    0x00,0x00,0x00,0x00,0x00,0x00,0x00,0x00,0x00,0x00,0x00,0x00,0x00,0x00,0x00,0x00,
    0x00,0x00,0x00,0x00,0x00,0x00,0x00,0x00,0x00,0x00,0x00,0x00,0x00,0x00,0x00,0x00,
    0x00,0x00,0x00,0x00,0x00,0x00,0x00,0x00,0x00,0x00,0x00,0x00,0x00,0x00,0x00,0x00,
    0x00,0x00,0x00,0x00,0x00,0x00,0x00,0x00,0x00,0x00,0x00,0x00,0x00,0x00,0x00,0x00,
    0x00,0x00,0x00,0x00,0x00,0x00,0x00,0x00,0x00,0x00,0x40,0xff,0x20,0x20,0xe0,0xff,
    0x20,0x20,0xe0,0xff,0x20,0x20,0xe0,0xff,0x20,0x20,0xe0,0xff,0x20,0x20,0xe0,0xff,
    0x00,0x00,0x40,0xff,0x00,0x00,0x40,0xff,0x20,0x00,0xa0,0xff,0x20,0x00,0xa0,0xff,
    0x20,0x20,0xe0,0xff,0x20,0x20,0xe0,0xff,0x20,0x20,0xe0,0xff,0x20,0x20,0xe0,0xff,
    0x20,0x20,0xe0,0xff,0x20,0x20,0xe0,0xff,0x20,0x20,0xe0,0xff,0x20,0x00,0xa0,0xff,
    0x20,0x00,0xa0,0xff,0x00,0x00,0x40,0xff,0x00,0x00,0x40,0xff,0x20,0x20,0xe0,0xff,
    0x20,0x20,0xe0,0xff,0x20,0x20,0xe0,0xff,0x20,0x20,0xe0,0xff,0x20,0x20,0xe0,0xff,
    0x00,0x00,0x40,0xff,0x00,0x00,0x00,0x00,0x00,0x00,0x00,0x00,0x00,0x00,0x00,0x00,
    0x00,0x00,0x00,0x00,0x00,0x00,0x00,0x00,0x00,0x00,0x00,0x00,0x00,0x00,0x00,0x00,
    0x00,0x00,0x00,0x00,0x00,0x00,0x00,0x00,0x00,0x00,0x00,0x00,0x00,0x00,0x00,0x00,
    0x00,0x00,0x00,0x00,0x00,0x00,0x00,0x00,0x00,0x00,0x00,0x00,0x00,0x00,0x00,0x00,
    0x00,0x00,0x00,0x00,0x00,0x00,0x00,0x00,0x00,0x00,0x00,0x00,0x00,0x00,0x00,0x00,
    0x00,0x00,0x00,0x00,0x00,0x00,0x00,0x00,0x00,0x00,0x00,0x00,0x00,0x00,0x00,0x00,
    0x00,0x00,0x40,0xff,0x20,0x00,0xa0,0xff,0x00,0x00,0x40,0xff,0x00,0x00,0x40,0xff,
    0x20,0x00,0xa0,0xff,0x20,0x20,0xe0,0xff,0x20,0x20,0xe0,0xff,0x20,0x20,0xe0,0xff,
    0x20,0x00,0xa0,0xff,0x20,0x00,0xa0,0xff,0x20,0x20,0xe0,0xff,0x20,0x20,0xe0,0xff,
    0x20,0x20,0xe0,0xff,0x20,0x20,0xe0,0xff,0x20,0x20,0xe0,0xff,0x20,0x20,0xe0,0xff,
    0x20,0x20,0xe0,0xff,0x20,0x00,0xa0,0xff,0x00,0x00,0x40,0xff,0x20,0x20,0xe0,0xff,
    0x40,0x40,0xe0,0xff,0x00,0x00,0x40,0xff,0x00,0x00,0x40,0xff,0x00,0x00,0x00,0x00,
    0x00,0x00,0x00,0x00,0x00,0x00,0x00,0x00,0x00,0x00,0x00,0x00,0x00,0x00,0x00,0x00,
    0x00,0x00,0x00,0x00,0x00,0x00,0x00,0x00,0x00,0x00,0x00,0x00,0x00,0x00,0x00,0x00,
    0x00,0x00,0x00,0x00,0x00,0x00,0x00,0x00,0x00,0x00,0x00,0x00,0x00,0x00,0x00,0x00,
    0x00,0x00,0x00,0x00,0x00,0x00,0x00,0x00,0x00,0x00,0x00,0x00,0x00,0x00,0x00,0x00,
    0x00,0x00,0x00,0x00,0x00,0x00,0x00,0x00,0x00,0x00,0x00,0x00,0x00,0x00,0x00,0x00,
    0x00,0x00,0x00,0x00,0x00,0x00,0x00,0x00,0x00,0x00,0x00,0x00,0x00,0x00,0x40,0xff,
    0x00,0x00,0x40,0xff,0x00,0x00,0x40,0xff,0x00,0x00,0x40,0xff,0x20,0x00,0xa0,0xff,
    0x40,0x40,0xe0,0xff,0x20,0x20,0xe0,0xff,0x20,0x20,0xe0,0xff,0x20,0x20,0xe0,0xff,
    0x20,0x00,0xa0,0xff,0x20,0x20,0xe0,0xff,0x20,0x20,0xe0,0xff,0x20,0x20,0xe0,0xff,
    0x20,0x20,0xe0,0xff,0x40,0x40,0xe0,0xff,0x40,0x40,0xe0,0xff,0x40,0x40,0xe0,0xff,
    0x20,0x20,0xe0,0xff,0x20,0x20,0xe0,0xff,0x00,0x00,0x40,0xff,0x00,0x00,0x40,0xff,
    0x20,0x00,0xa0,0xff,0x00,0x00,0x40,0xff,0x00,0x00,0x00,0x00,0x00,0x00,0x00,0x00,
    0x00,0x00,0x00,0x00,0x00,0x00,0x00,0x00,0x00,0x00,0x00,0x00,0x00,0x00,0x00,0x00,
    0x00,0x00,0x00,0x00,0x00,0x00,0x00,0x00,0x00,0x00,0x00,0x00,0x00,0x00,0x00,0x00,
    0x00,0x00,0x00,0x00,0x00,0x00,0x00,0x00,0x00,0x00,0x00,0x00,0x00,0x00,0x00,0x00,
    0x00,0x00,0x00,0x00,0x00,0x00,0x00,0x00,0x00,0x00,0x00,0x00,0x00,0x00,0x00,0x00,
    0x00,0x00,0x00,0x00,0x00,0x00,0x00,0x00,0x00,0x00,0x00,0x00,0x00,0x00,0x00,0x00,
    0x00,0x00,0x00,0x00,0x00,0x00,0x00,0x00,0x00,0x00,0x00,0x00,0x00,0x00,0x00,0x00,
    0x00,0x00,0x40,0xff,0x20,0x00,0xa0,0xff,0x00,0x00,0x40,0xff,0x00,0x00,0x40,0xff,
    0x20,0x00,0xa0,0xff,0x20,0x20,0xe0,0xff,0x20,0x20,0xe0,0xff,0x20,0x20,0xe0,0xff,
    0x20,0x00,0xa0,0xff,0x20,0x00,0xa0,0xff,0x20,0x20,0xe0,0xff,0x20,0x20,0xe0,0xff,
    0x20,0x20,0xe0,0xff,0x20,0x20,0xe0,0xff,0x20,0x20,0xe0,0xff,0x20,0x20,0xe0,0xff,
    0x20,0x20,0xe0,0xff,0x20,0x00,0xa0,0xff,0x00,0x00,0x40,0xff,0x20,0x20,0xe0,0xff,
    0x40,0x40,0xe0,0xff,0x00,0x00,0x40,0xff,0x00,0x00,0x40,0xff,0x00,0x00,0x00,0x00,
    0x00,0x00,0x00,0x00,0x00,0x00,0x00,0x00,0x00,0x00,0x00,0x00,0x00,0x00,0x00,0x00,
    0x00,0x00,0x00,0x00,0x00,0x00,0x00,0x00,0x00,0x00,0x00,0x00,0x00,0x00,0x00,0x00,
    0x00,0x00,0x00,0x00,0x00,0x00,0x00,0x00,0x00,0x00,0x00,0x00,0x00,0x00,0x00,0x00,
    0x00,0x00,0x00,0x00,0x00,0x00,0x00,0x00,0x00,0x00,0x00,0x00,0x00,0x00,0x00,0x00,
    0x00,0x00,0x00,0x00,0x00,0x00,0x00,0x00,0x00,0x00,0x00,0x00,0x00,0x00,0x00,0x00,
    0x00,0x00,0x00,0x00,0x00,0x00,0x00,0x00,0x00,0x00,0x00,0x00,0x00,0x00,0x00,0x00,
    0x00,0x00,0x00,0x00,0x00,0x00,0x40,0xff,0x20,0x00,0xa0,0xff,0x00,0x00,0x40,0xff,
    0x00,0x00,0x40,0xff,0x20,0x00,0xa0,0xff,0x20,0x20,0xe0,0xff,0x00,0x00,0x40,0xff,
    0x20,0x00,0xa0,0xff,0x20,0x00,0xa0,0xff,0x20,0x20,0xe0,0xff,0x20,0x20,0xe0,0xff,
    0x20,0x20,0xe0,0xff,0x20,0x20,0xe0,0xff,0x20,0x20,0xe0,0xff,0x20,0x20,0xe0,0xff,
    0x20,0x20,0xe0,0xff,0x20,0x20,0xe0,0xff,0x20,0x00,0xa0,0xff,0x00,0x00,0x40,0xff,
    0x20,0x00,0xa0,0xff,0x00,0x00,0x40,0xff,0x00,0x00,0x40,0xff,0x20,0x20,0xe0,0xff,
    0x00,0x00,0x00,0x00,0x00,0x00,0x00,0x00,0x00,0x00,0x00,0x00,0x00,0x00,0x00,0x00,
    0x00,0x00,0x00,0x00,0x00,0x00,0x00,0x00,0x00,0x00,0x00,0x00,0x00,0x00,0x00,0x00,
    0x00,0x00,0x00,0x00,0x00,0x00,0x00,0x00,0x00,0x00,0x00,0x00,0x00,0x00,0x00,0x00,
    0x00,0x00,0x00,0x00,0x00,0x00,0x00,0x00,0x00,0x00,0x00,0x00,0x00,0x00,0x00,0x00,
    0x00,0x00,0x00,0x00,0x00,0x00,0x00,0x00,0x00,0x00,0x00,0x00,0x00,0x00,0x00,0x00,
    0x00,0x00,0x00,0x00,0x00,0x00,0x00,0x00,0x00,0x00,0x40,0xff,0x20,0x20,0xe0,0xff,
    0x20,0x20,0xe0,0xff,0x20,0x20,0xe0,0xff,0x20,0x20,0xe0,0xff,0x20,0x20,0xe0,0xff,
    0x00,0x00,0x40,0xff,0x00,0x00,0x40,0xff,0x20,0x00,0xa0,0xff,0x20,0x00,0xa0,0xff,
    0x20,0x20,0xe0,0xff,0x20,0x20,0xe0,0xff,0x20,0x20,0xe0,0xff,0x20,0x20,0xe0,0xff,
    0x20,0x20,0xe0,0xff,0x20,0x20,0xe0,0xff,0x20,0x20,0xe0,0xff,0x20,0x00,0xa0,0xff,
    0x20,0x00,0xa0,0xff,0x00,0x00,0x40,0xff,0x00,0x00,0x40,0xff,0x20,0x20,0xe0,0xff,
    0x20,0x20,0xe0,0xff,0x20,0x20,0xe0,0xff,0x20,0x20,0xe0,0xff,0x20,0x20,0xe0,0xff,
    0x00,0x00,0x40,0xff,0x00,0x00,0x00,0x00,0x00,0x00,0x00,0x00,0x00,0x00,0x00,0x00,
    0x00,0x00,0x00,0x00,0x00,0x00,0x00,0x00,0x00,0x00,0x00,0x00,0x00,0x00,0x00,0x00,
    0x00,0x00,0x00,0x00,0x00,0x00,0x00,0x00,0x00,0x00,0x00,0x00,0x00,0x00,0x00,0x00,
    0x00,0x00,0x00,0x00,0x00,0x00,0x00,0x00,0x00,0x00,0x00,0x00,0x00,0x00,0x00,0x00,
    0x00,0x00,0x00,0x00,0x00,0x00,0x00,0x00,0x00,0x00,0x00,0x00,0x00,0x00,0x00,0x00,
    0x00,0x00,0x00,0x00,0x00,0x00,0x00,0x00,0x00,0x00,0x00,0x00,0x00,0x00,0x00,0x00,
    0x20,0x20,0xe0,0xff,0x00,0x00,0x40,0xff,0x00,0x00,0x40,0xff,0x20,0x00,0xa0,0xff,
    0x00,0x00,0x40,0xff,0x20,0x00,0xa0,0xff,0x20,0x20,0xe0,0xff,0x20,0x20,0xe0,0xff,
    0x20,0x20,0xe0,0xff,0x20,0x20,0xe0,0xff,0x20,0x20,0xe0,0xff,0x20,0x20,0xe0,0xff,
    0x20,0x20,0xe0,0xff,0x20,0x20,0xe0,0xff,0x20,0x00,0xa0,0xff,0x20,0x00,0xa0,0xff,
    0x00,0x00,0x40,0xff,0x20,0x20,0xe0,0xff,0x20,0x00,0xa0,0xff,0x00,0x00,0x40,0xff,
    0x00,0x00,0x40,0xff,0x20,0x00,0xa0,0xff,0x00,0x00,0x40,0xff,0x00,0x00,0x00,0x00,
    0x00,0x00,0x00,0x00,0x00,0x00,0x00,0x00,0x00,0x00,0x00,0x00,0x00,0x00,0x00,0x00,
    0x00,0x00,0x00,0x00,0x00,0x00,0x00,0x00,0x00,0x00,0x00,0x00,0x00,0x00,0x00,0x00,
    0x00,0x00,0x00,0x00,0x00,0x00,0x00,0x00,0x00,0x00,0x00,0x00,0x00,0x00,0x00,0x00,
    0x00,0x00,0x00,0x00,0x00,0x00,0x00,0x00,0x00,0x00,0x00,0x00,0x00,0x00,0x00,0x00,
    0x00,0x00,0x00,0x00,0x00,0x00,0x00,0x00,0x00,0x00,0x00,0x00,0x00,0x00,0x00,0x00,
    0x00,0x00,0x00,0x00,0x00,0x00,0x00,0x00,0x00,0x00,0x00,0x00,0x00,0x00,0x00,0x00,
    0x00,0x00,0x00,0x00,0x00,0x00,0x40,0xff,0x00,0x00,0x40,0xff,0x40,0x40,0xe0,0xff,
    0x20,0x20,0xe0,0xff,0x00,0x00,0x40,0xff,0x20,0x00,0xa0,0xff,0x20,0x20,0xe0,0xff,
    0x20,0x20,0xe0,0xff,0x20,0x20,0xe0,0xff,0x20,0x20,0xe0,0xff,0x20,0x20,0xe0,0xff,
    0x20,0x20,0xe0,0xff,0x20,0x20,0xe0,0xff,0x20,0x00,0xa0,0xff,0x20,0x00,0xa0,0xff,
    0x20,0x20,0xe0,0xff,0x20,0x20,0xe0,0xff,0x20,0x20,0xe0,0xff,0x20,0x00,0xa0,0xff,
    0x00,0x00,0x40,0xff,0x00,0x00,0x40,0xff,0x20,0x00,0xa0,0xff,0x00,0x00,0x40,0xff,
    0x00,0x00,0x00,0x00,0x00,0x00,0x00,0x00,0x00,0x00,0x00,0x00,0x00,0x00,0x00,0x00,
    0x00,0x00,0x00,0x00,0x00,0x00,0x00,0x00,0x00,0x00,0x00,0x00,0x00,0x00,0x00,0x00,
    0x00,0x00,0x00,0x00,0x00,0x00,0x00,0x00,0x00,0x00,0x00,0x00,0x00,0x00,0x00,0x00,
    0x00,0x00,0x00,0x00,0x00,0x00,0x00,0x00,0x00,0x00,0x00,0x00,0x00,0x00,0x00,0x00,
    0x00,0x00,0x00,0x00,0x00,0x00,0x00,0x00,0x00,0x00,0x00,0x00,0x00,0x00,0x00,0x00,
    0x00,0x00,0x00,0x00,0x00,0x00,0x00,0x00,0x00,0x00,0x00,0x00,0x00,0x00,0x00,0x00,
    0x00,0x00,0x40,0xff,0x20,0x00,0xa0,0xff,0x00,0x00,0x40,0xff,0x00,0x00,0x40,0xff,
    0x20,0x20,0xe0,0xff,0x20,0x20,0xe0,0xff,0x40,0x40,0xe0,0xff,0x40,0x40,0xe0,0xff,
    0x40,0x40,0xe0,0xff,0x20,0x20,0xe0,0xff,0x20,0x20,0xe0,0xff,0x20,0x20,0xe0,0xff,
    0x20,0x20,0xe0,0xff,0x20,0x00,0xa0,0xff,0x20,0x20,0xe0,0xff,0x20,0x20,0xe0,0xff,
    0x20,0x20,0xe0,0xff,0x40,0x40,0xe0,0xff,0x20,0x00,0xa0,0xff,0x00,0x00,0x40,0xff,
    0x00,0x00,0x40,0xff,0x00,0x00,0x40,0xff,0x00,0x00,0x40,0xff,0x00,0x00,0x00,0x00,
    0x00,0x00,0x00,0x00,0x00,0x00,0x00,0x00,0x00,0x00,0x00,0x00,0x00,0x00,0x00,0x00,
    0x00,0x00,0x00,0x00,0x00,0x00,0x00,0x00,0x00,0x00,0x00,0x00,0x00,0x00,0x00,0x00,
    0x00,0x00,0x00,0x00,0x00,0x00,0x00,0x00,0x00,0x00,0x00,0x00,0x00,0x00,0x00,0x00,
    0x00,0x00,0x00,0x00,0x00,0x00,0x00,0x00,0x00,0x00,0x00,0x00,0x00,0x00,0x00,0x00,
    0x00,0x00,0x00,0x00,0x00,0x00,0x00,0x00,0x00,0x00,0x00,0x00,0x00,0x00,0x00,0x00,
    0x00,0x00,0x00,0x00,0x00,0x00,0x00,0x00,0x00,0x00,0x00,0x00,0x00,0x00,0x00,0x00,
    0x00,0x00,0x00,0x00,0x00,0x00,0x40,0xff,0x00,0x00,0x40,0xff,0x40,0x40,0xe0,0xff,
    0x20,0x20,0xe0,0xff,0x00,0x00,0x40,0xff,0x20,0x00,0xa0,0xff,0x20,0x20,0xe0,0xff,
    0x20,0x20,0xe0,0xff,0x20,0x20,0xe0,0xff,0x20,0x20,0xe0,0xff,0x20,0x20,0xe0,0xff,
    0x20,0x20,0xe0,0xff,0x20,0x20,0xe0,0xff,0x20,0x00,0xa0,0xff,0x20,0x00,0xa0,0xff,
    0x20,0x20,0xe0,0xff,0x20,0x20,0xe0,0xff,0x20,0x20,0xe0,0xff,0x20,0x00,0xa0,0xff,
    0x00,0x00,0x40,0xff,0x00,0x00,0x40,0xff,0x20,0x00,0xa0,0xff,0x00,0x00,0x40,0xff,
    0x00,0x00,0x00,0x00,0x00,0x00,0x00,0x00,0x00,0x00,0x00,0x00,0x00,0x00,0x00,0x00,
    0x00,0x00,0x00,0x00,0x00,0x00,0x00,0x00,0x00,0x00,0x00,0x00,0x00,0x00,0x00,0x00,
    0x00,0x00,0x00,0x00,0x00,0x00,0x00,0x00,0x00,0x00,0x00,0x00,0x00,0x00,0x00,0x00,
    0x00,0x00,0x00,0x00,0x00,0x00,0x00,0x00,0x00,0x00,0x00,0x00,0x00,0x00,0x00,0x00,
    0x00,0x00,0x00,0x00,0x00,0x00,0x00,0x00,0x00,0x00,0x00,0x00,0x00,0x00,0x00,0x00,
    0x00,0x00,0x00,0x00,0x00,0x00,0x00,0x00,0x00,0x00,0x00,0x00,0x00,0x00,0x00,0x00,
    0x20,0x20,0xe0,0xff,0x00,0x00,0x40,0xff,0x00,0x00,0x40,0xff,0x20,0x00,0xa0,0xff,
    0x00,0x00,0x40,0xff,0x20,0x00,0xa0,0xff,0x20,0x20,0xe0,0xff,0x20,0x20,0xe0,0xff,
    0x20,0x20,0xe0,0xff,0x20,0x20,0xe0,0xff,0x20,0x20,0xe0,0xff,0x20,0x20,0xe0,0xff,
    0x20,0x20,0xe0,0xff,0x20,0x20,0xe0,0xff,0x20,0x00,0xa0,0xff,0x20,0x00,0xa0,0xff,
    0x00,0x00,0x40,0xff,0x20,0x20,0xe0,0xff,0x20,0x00,0xa0,0xff,0x00,0x00,0x40,0xff,
    0x00,0x00,0x40,0xff,0x20,0x00,0xa0,0xff,0x00,0x00,0x40,0xff,0x00,0x00,0x00,0x00,
    0x00,0x00,0x00,0x00,0x00,0x00,0x00,0x00,0x00,0x00,0x00,0x00,0x00,0x00,0x00,0x00,
    0x00,0x00,0x00,0x00,0x00,0x00,0x00,0x00,0x00,0x00,0x00,0x00,0x00,0x00,0x00,0x00,
    0x00,0x00,0x00,0x00,0x00,0x00,0x00,0x00,0x00,0x00,0x00,0x00,0x00,0x00,0x00,0x00,
    0x00,0x00,0x00,0x00,0x00,0x00,0x00,0x00,0x00,0x00,0x00,0x00,0x00,0x00,0x00,0x00,
    0x00,0x00,0x00,0x00,0x00,0x00,0x00,0x00,0x00,0x00,0x00,0x00,0x00,0x00,0x00,0x00,
    0x00,0x00,0x00,0x00,0x00,0x00,0x00,0x00,0x00,0x00,0x00,0x00,0x00,0x00,0x00,0x00,
    0x00,0x00,0x00,0x00,0x00,0x00,0x00,0x00,0x00,0x00,0x00,0x00,0x00,0x00,0x00,0x00,
    0x00,0x00,0x00,0x00,0x00,0x00,0x00,0x00,0x00,0x00,0x00,0x00,0x00,0x00,0x00,0x00,
    0x00,0x00,0x00,0x00,0x00,0x00,0x00,0x00,0x00,0x00,0x00,0x00,0x00,0x00,0x00,0x00,
    0x00,0x00,0x00,0x00,0x00,0x00,0x00,0x00,0x00,0x00,0x00,0x00,0x00,0x00,0x00,0x00,
    0x00,0x00,0x00,0x00,0x00,0x00,0x00,0x00,0x00,0x00,0x00,0x00,0x00,0x00,0x00,0x00,
    0x00,0x00,0x00,0x00,0x00,0x00,0x00,0x00,0x00,0x00,0x00,0x00,0x00,0x00,0x00,0x00,
    0x00,0x00,0x00,0x00,0x00,0x00,0x00,0x00,0x00,0x00,0x00,0x00,0x00,0x00,0x00,0x00,
    0x00,0x00,0x00,0x00,0x00,0x00,0x00,0x00,0x00,0x00,0x00,0x00,0x00,0x00,0x00,0x00,
    0x00,0x00,0x00,0x00,0x00,0x00,0x00,0x00,0x00,0x00,0x00,0x00,0x00,0x00,0x00,0x00,
    0x00,0x00,0x00,0x00,0x00,0x00,0x00,0x00,0x00,0x00,0x00,0x00,0x00,0x00,0x00,0x00,
    0x00,0x00,0x00,0x00,0x00,0x00,0x00,0x00,0x00,0x00,0x00,0x00,0x00,0x00,0x00,0x00,
    0x00,0x00,0x00,0x00,0x00,0x00,0x00,0x00,0x00,0x00,0x00,0x00,0x00,0x00,0x00,0x00,
    0x00,0x00,0x00,0x00,0x00,0x00,0x00,0x00,0x00,0x00,0x00,0x00,0x00,0x00,0x00,0x00,
    0x00,0x00,0x00,0x00,0x00,0x00,0x00,0x00,0x00,0x00,0x00,0x00,0x00,0x00,0x00,0x00,
    0x00,0x00,0x00,0x00,0x00,0x00,0x00,0x00,0x00,0x00,0x00,0x00,0x00,0x00,0x00,0x00,
    0x00,0x00,0x00,0x00,0x00,0x00,0x00,0x00,0x00,0x00,0x00,0x00,0x00,0x00,0x00,0x00,
    0x00,0x00,0x00,0x00,0x00,0x00,0x00,0x00,0x00,0x00,0x00,0x00,0x00,0x00,0x00,0x00,
    0x00,0x00,0x00,0x00,0x00,0x00,0x00,0x00,0x00,0x00,0x00,0x00,0x00,0x00,0x00,0x00,
    0x00,0x00,0x00,0x00,0x00,0x00,0x00,0x00,0x00,0x00,0x00,0x00,0x00,0x00,0x00,0x00,
    0x00,0x00,0x00,0x00,0x00,0x00,0x00,0x00,0x00,0x00,0x00,0x00,0x00,0x00,0x00,0x00,
    0x00,0x00,0x00,0x00,0x00,0x00,0x00,0x00,0x00,0x00,0x00,0x00,0x00,0x00,0x00,0x00,
    0x00,0x00,0x00,0x00,0x00,0x00,0x00,0x00,0x00,0x00,0x00,0x00,0x00,0x00,0x00,0x00,
    0x00,0x00,0x00,0x00,0x00,0x00,0x00,0x00,0x00,0x00,0x00,0x00,0x00,0x00,0x00,0x00,
    0x00,0x00,0x00,0x00,0x00,0x00,0x00,0x00,0x00,0x00,0x00,0x00,0x00,0x00,0x00,0x00,
    0x00,0x00,0x00,0x00,0x00,0x00,0x00,0x00,0x00,0x00,0x00,0x00,0x00,0x00,0x00,0x00,
    0x00,0x00,0x00,0x00,0x00,0x00,0x00,0x00,0x00,0x00,0x00,0x00,0x00,0x00,0x00,0x00,
    0x00,0x00,0x00,0x00,0x00,0x00,0x00,0x00,0x00,0x00,0x00,0x00,0x00,0x00,0x00,0x00,
    0x00,0x00,0x00,0x00,0x00,0x00,0x00,0x00,0x00,0x00,0x00,0x00,0x00,0x00,0x00,0x00,
    0x00,0x00,0x00,0x00,0x00,0x00,0x00,0x00,0x00,0x00,0x00,0x00,0x00,0x00,0x00,0x00,
    0x00,0x00,0x00,0x00,0x00,0x00,0x00,0x00,0x00,0x00,0x00,0x00,0x00,0x00,0x00,0x00,
    0x00,0x00,0x00,0x00,0x00,0x00,0x00,0x00,0x00,0x00,0x00,0x00,0x00,0x00,0x00,0x00,
    0x00,0x00,0x00,0x00,0x00,0x00,0x00,0x00,0x00,0x00,0x00,0x00,0x00,0x00,0x00,0x00,
    0x00,0x00,0x00,0x00,0x00,0x00,0x00,0x00,0x00,0x00,0x00,0x00,0x00,0x00,0x00,0x00,
    0x00,0x00,0x00,0x00,0x00,0x00,0x00,0x00,0x00,0x00,0x00,0x00,0x00,0x00,0x00,0x00,
    0x00,0x00,0x00,0x00,0x00,0x00,0x00,0x00,0x00,0x00,0x00,0x00,0x00,0x00,0x00,0x00,
    0x00,0x00,0x00,0x00,0x00,0x00,0x00,0x00,0x00,0x00,0x00,0x00,0x00,0x00,0x00,0x00,
    0x00,0x00,0x00,0x00,0x00,0x00,0x00,0x00,0x00,0x00,0x00,0x00,0x00,0x00,0x00,0x00,
    0x00,0x00,0x00,0x00,0x00,0x00,0x00,0x00,0x00,0x00,0x00,0x00,0x00,0x00,0x00,0x00,
    0x00,0x00,0x00,0x00,0x00,0x00,0x00,0x00,0x00,0x00,0x00,0x00,0x00,0x00,0x00,0x00,
    0x00,0x00,0x00,0x00,0x00,0x00,0x00,0x00,0x00,0x00,0x00,0x00,0x00,0x00,0x00,0x00,
    0x00,0x00,0x00,0x00,0x00,0x00,0x00,0x00,0x00,0x00,0x00,0x00,0x00,0x00,0x00,0x00,
    0x00,0x00,0x00,0x00,0x00,0x00,0x00,0x00,0x00,0x00,0x00,0x00,0x00,0x00,0x00,0x00,
    0x00,0x00,0x00,0x00,0x00,0x00,0x00,0x00,0x00,0x00,0x00,0x00,0x00,0x00,0x00,0x00,
    0x00,0x00,0x00,0x00,0x00,0x00,0x00,0x00,0x00,0x00,0x00,0x00,0x00,0x00,0x00,0x00,
    0x00,0x00,0x00,0x00,0x00,0x00,0x00,0x00,0x00,0x00,0x00,0x00,0x00,0x00,0x00,0x00,
    0x00,0x00,0x00,0x00,0x00,0x00,0x00,0x00,0x00,0x00,0x00,0x00,0x00,0x00,0x00,0x00,
    0x00,0x00,0x00,0x00,0x00,0x00,0x00,0x00,0x00,0x00,0x00,0x00,0x00,0x00,0x00,0x00,
    0x00,0x00,0x00,0x00,0x00,0x00,0x00,0x00,0x00,0x00,0x00,0x00,0x00,0x00,0x40,0xff,
    0x20,0x20,0xe0,0xff,0x20,0x20,0xe0,0xff,0x20,0x20,0xe0,0xff,0x00,0x00,0x40,0xff,
    0x00,0x00,0x40,0xff,0x20,0x00,0xa0,0xff,0x20,0x00,0xa0,0xff,0x20,0x20,0xe0,0xff,
    0x20,0x20,0xe0,0xff,0x20,0x20,0xe0,0xff,0x20,0x20,0xe0,0xff,0x20,0x20,0xe0,0xff,
    0x20,0x20,0xe0,0xff,0x20,0x20,0xe0,0xff,0x20,0x20,0xe0,0xff,0x20,0x20,0xe0,0xff,
    0x20,0x00,0xa0,0xff,0x20,0x00,0xa0,0xff,0x00,0x00,0x40,0xff,0x00,0x00,0x40,0xff,
    0x20,0x20,0xe0,0xff,0x20,0x20,0xe0,0xff,0x20,0x20,0xe0,0xff,0x00,0x00,0x40,0xff,
    0x00,0x00,0x00,0x00,0x00,0x00,0x00,0x00,0x00,0x00,0x00,0x00,0x00,0x00,0x00,0x00,
    0x00,0x00,0x00,0x00,0x00,0x00,0x00,0x00,0x00,0x00,0x00,0x00,0x00,0x00,0x00,0x00,
    0x00,0x00,0x00,0x00,0x00,0x00,0x00,0x00,0x00,0x00,0x00,0x00,0x00,0x00,0x00,0x00,
    0x00,0x00,0x00,0x00,0x00,0x00,0x00,0x00,0x00,0x00,0x00,0x00,0x00,0x00,0x00,0x00,
    0x00,0x00,0x00,0x00,0x00,0x00,0x00,0x00,0x00,0x00,0x00,0x00,0x00,0x00,0x00,0x00,
    0x00,0x00,0x00,0x00,0x00,0x00,0x00,0x00,0x00,0x00,0x00,0x00,0x00,0x00,0x40,0xff,
    0x20,0x20,0xe0,0xff,0x20,0x20,0xe0,0xff,0x20,0x20,0xe0,0xff,0x00,0x00,0x40,0xff,
    0x00,0x00,0x40,0xff,0x20,0x00,0xa0,0xff,0x20,0x00,0xa0,0xff,0x20,0x20,0xe0,0xff,
    0x20,0x20,0xe0,0xff,0x20,0x20,0xe0,0xff,0x20,0x20,0xe0,0xff,0x20,0x20,0xe0,0xff,
    0x20,0x20,0xe0,0xff,0x20,0x20,0xe0,0xff,0x20,0x20,0xe0,0xff,0x20,0x20,0xe0,0xff,
    0x20,0x00,0xa0,0xff,0x20,0x00,0xa0,0xff,0x00,0x00,0x40,0xff,0x00,0x00,0x40,0xff,
    0x20,0x20,0xe0,0xff,0x20,0x20,0xe0,0xff,0x20,0x20,0xe0,0xff,0x00,0x00,0x40,0xff,
    0x00,0x00,0x00,0x00,0x00,0x00,0x00,0x00,0x00,0x00,0x00,0x00,0x00,0x00,0x00,0x00,
    0x00,0x00,0x00,0x00,0x00,0x00,0x00,0x00,0x00,0x00,0x00,0x00,0x00,0x00,0x00,0x00,
    0x00,0x00,0x00,0x00,0x00,0x00,0x00,0x00,0x00,0x00,0x00,0x00,0x00,0x00,0x00,0x00,
    0x00,0x00,0x00,0x00,0x00,0x00,0x00,0x00,0x00,0x00,0x00,0x00,0x00,0x00,0x00,0x00,
    0x00,0x00,0x00,0x00,0x00,0x00,0x00,0x00,0x00,0x00,0x00,0x00,0x00,0x00,0x00,0x00,
    0x00,0x00,0x00,0x00,0x00,0x00,0x00,0x00,0x00,0x00,0x00,0x00,0x00,0x00,0x00,0x00,
    0x00,0x00,0x00,0x00,0x00,0x00,0x40,0xff,0x00,0x00,0x40,0xff,0x00,0x00,0x40,0xff,
    0x20,0x00,0xa0,0xff,0x20,0x20,0xe0,0xff,0x20,0x20,0xe0,0xff,0x20,0x20,0xe0,0xff,
    0x20,0x20,0xe0,0xff,0x20,0x00,0xa0,0xff,0x20,0x00,0xa0,0xff,0x20,0x20,0xe0,0xff,
    0x20,0x20,0xe0,0xff,0x20,0x20,0xe0,0xff,0x40,0x40,0xe0,0xff,0x20,0x20,0xe0,0xff,
    0x20,0x20,0xe0,0xff,0x20,0x20,0xe0,0xff,0x00,0x00,0x40,0xff,0x20,0x20,0xe0,0xff,
    0x20,0x20,0xe0,0xff,0x60,0x60,0xa0,0xff,0x00,0x00,0x40,0xff,0x00,0x00,0x00,0x00,
    0x00,0x00,0x00,0x00,0x00,0x00,0x00,0x00,0x00,0x00,0x00,0x00,0x00,0x00,0x00,0x00,
    0x00,0x00,0x00,0x00,0x00,0x00,0x00,0x00,0x00,0x00,0x00,0x00,0x00,0x00,0x00,0x00,
    0x00,0x00,0x00,0x00,0x00,0x00,0x00,0x00,0x00,0x00,0x00,0x00,0x00,0x00,0x00,0x00,
    0x00,0x00,0x00,0x00,0x00,0x00,0x00,0x00,0x00,0x00,0x00,0x00,0x00,0x00,0x00,0x00,
    0x00,0x00,0x00,0x00,0x00,0x00,0x00,0x00,0x00,0x00,0x00,0x00,0x00,0x00,0x00,0x00,
    0x00,0x00,0x00,0x00,0x00,0x00,0x00,0x00,0x00,0x00,0x00,0x00,0x00,0x00,0x40,0xff,
    0x00,0x00,0x40,0xff,0x00,0x00,0x40,0xff,0x20,0x00,0xa0,0xff,0x40,0x40,0xe0,0xff,
    0x20,0x20,0xe0,0xff,0x20,0x20,0xe0,0xff,0x20,0x20,0xe0,0xff,0x20,0x20,0xe0,0xff,
    0x20,0x00,0xa0,0xff,0x20,0x00,0xa0,0xff,0x20,0x20,0xe0,0xff,0x20,0x20,0xe0,0xff,
    0x20,0x20,0xe0,0xff,0x20,0x20,0xe0,0xff,0x40,0x40,0xe0,0xff,0x40,0x40,0xe0,0xff,
    0x20,0x20,0xe0,0xff,0x20,0x20,0xe0,0xff,0x20,0x20,0xe0,0xff,0x00,0x00,0x40,0xff,
    0x20,0x20,0xe0,0xff,0x60,0x60,0xa0,0xff,0x00,0x00,0x40,0xff,0x00,0x00,0x00,0x00,
    0x00,0x00,0x00,0x00,0x00,0x00,0x00,0x00,0x00,0x00,0x00,0x00,0x00,0x00,0x00,0x00,
    0x00,0x00,0x00,0x00,0x00,0x00,0x00,0x00,0x00,0x00,0x00,0x00,0x00,0x00,0x00,0x00,
    0x00,0x00,0x00,0x00,0x00,0x00,0x00,0x00,0x00,0x00,0x00,0x00,0x00,0x00,0x00,0x00,
    0x00,0x00,0x00,0x00,0x00,0x00,0x00,0x00,0x00,0x00,0x00,0x00,0x00,0x00,0x00,0x00,
    0x00,0x00,0x00,0x00,0x00,0x00,0x00,0x00,0x00,0x00,0x00,0x00,0x00,0x00,0x00,0x00,
    0x00,0x00,0x00,0x00,0x00,0x00,0x00,0x00,0x00,0x00,0x00,0x00,0x00,0x00,0x00,0x00,
    0x00,0x00,0x00,0x00,0x00,0x00,0x40,0xff,0x00,0x00,0x40,0xff,0x00,0x00,0x40,0xff,
    0x20,0x00,0xa0,0xff,0x20,0x20,0xe0,0xff,0x20,0x20,0xe0,0xff,0x20,0x20,0xe0,0xff,
    0x20,0x20,0xe0,0xff,0x20,0x00,0xa0,0xff,0x20,0x00,0xa0,0xff,0x20,0x20,0xe0,0xff,
    0x20,0x20,0xe0,0xff,0x20,0x20,0xe0,0xff,0x40,0x40,0xe0,0xff,0x20,0x20,0xe0,0xff,
    0x20,0x20,0xe0,0xff,0x20,0x20,0xe0,0xff,0x00,0x00,0x40,0xff,0x20,0x20,0xe0,0xff,
    0x20,0x20,0xe0,0xff,0x60,0x60,0xa0,0xff,0x00,0x00,0x40,0xff,0x00,0x00,0x00,0x00,
    0x00,0x00,0x00,0x00,0x00,0x00,0x00,0x00,0x00,0x00,0x00,0x00,0x00,0x00,0x00,0x00,
    0x00,0x00,0x00,0x00,0x00,0x00,0x00,0x00,0x00,0x00,0x00,0x00,0x00,0x00,0x00,0x00,
    0x00,0x00,0x00,0x00,0x00,0x00,0x00,0x00,0x00,0x00,0x00,0x00,0x00,0x00,0x00,0x00,
    0x00,0x00,0x00,0x00,0x00,0x00,0x00,0x00,0x00,0x00,0x00,0x00,0x00,0x00,0x00,0x00,
    0x00,0x00,0x00,0x00,0x00,0x00,0x00,0x00,0x00,0x00,0x00,0x00,0x00,0x00,0x00,0x00,
    0x00,0x00,0x00,0x00,0x00,0x00,0x00,0x00,0x00,0x00,0x00,0x00,0x00,0x00,0x00,0x00,
    0x00,0x00,0x00,0x00,0x00,0x00,0x40,0xff,0x00,0x00,0x40,0xff,0x00,0x00,0x40,0xff,
    0x20,0x00,0xa0,0xff,0x20,0x20,0xe0,0xff,0x20,0x20,0xe0,0xff,0x20,0x20,0xe0,0xff,
    0x00,0x00,0x40,0xff,0x20,0x00,0xa0,0xff,0x20,0x20,0xe0,0xff,0x20,0x20,0xe0,0xff,
    0x20,0x20,0xe0,0xff,0x20,0x20,0xe0,0xff,0x20,0x20,0xe0,0xff,0x20,0x20,0xe0,0xff,
    0x20,0x20,0xe0,0xff,0x20,0x20,0xe0,0xff,0x20,0x20,0xe0,0xff,0x20,0x00,0xa0,0xff,
    0x20,0x00,0xa0,0xff,0x20,0x00,0xa0,0xff,0x00,0x00,0x40,0xff,0x00,0x00,0x40,0xff,
    0x00,0x00,0x00,0x00,0x00,0x00,0x00,0x00,0x00,0x00,0x00,0x00,0x00,0x00,0x00,0x00,
    0x00,0x00,0x00,0x00,0x00,0x00,0x00,0x00,0x00,0x00,0x00,0x00,0x00,0x00,0x00,0x00,
    0x00,0x00,0x00,0x00,0x00,0x00,0x00,0x00,0x00,0x00,0x00,0x00,0x00,0x00,0x00,0x00,
    0x00,0x00,0x00,0x00,0x00,0x00,0x00,0x00,0x00,0x00,0x00,0x00,0x00,0x00,0x00,0x00,
    0x00,0x00,0x00,0x00,0x00,0x00,0x00,0x00,0x00,0x00,0x00,0x00,0x00,0x00,0x00,0x00,
    0x00,0x00,0x00,0x00,0x00,0x00,0x00,0x00,0x00,0x00,0x00,0x00,0x00,0x00,0x40,0xff,
    0x20,0x20,0xe0,0xff,0x20,0x20,0xe0,0xff,0x20,0x20,0xe0,0xff,0x00,0x00,0x40,0xff,
    0x00,0x00,0x40,0xff,0x20,0x00,0xa0,0xff,0x20,0x00,0xa0,0xff,0x20,0x20,0xe0,0xff,
    0x20,0x20,0xe0,0xff,0x20,0x20,0xe0,0xff,0x20,0x20,0xe0,0xff,0x20,0x20,0xe0,0xff,
    0x20,0x20,0xe0,0xff,0x20,0x20,0xe0,0xff,0x20,0x20,0xe0,0xff,0x20,0x20,0xe0,0xff,
    0x20,0x00,0xa0,0xff,0x20,0x00,0xa0,0xff,0x00,0x00,0x40,0xff,0x00,0x00,0x40,0xff,
    0x20,0x20,0xe0,0xff,0x20,0x20,0xe0,0xff,0x20,0x20,0xe0,0xff,0x00,0x00,0x40,0xff,
    0x00,0x00,0x00,0x00,0x00,0x00,0x00,0x00,0x00,0x00,0x00,0x00,0x00,0x00,0x00,0x00,
    0x00,0x00,0x00,0x00,0x00,0x00,0x00,0x00,0x00,0x00,0x00,0x00,0x00,0x00,0x00,0x00,
    0x00,0x00,0x00,0x00,0x00,0x00,0x00,0x00,0x00,0x00,0x00,0x00,0x00,0x00,0x00,0x00,
    0x00,0x00,0x00,0x00,0x00,0x00,0x00,0x00,0x00,0x00,0x00,0x00,0x00,0x00,0x00,0x00,
    0x00,0x00,0x00,0x00,0x00,0x00,0x00,0x00,0x00,0x00,0x00,0x00,0x00,0x00,0x00,0x00,
    0x00,0x00,0x00,0x00,0x00,0x00,0x00,0x00,0x00,0x00,0x00,0x00,0x00,0x00,0x00,0x00,
    0x00,0x00,0x40,0xff,0x00,0x00,0x40,0xff,0x20,0x00,0xa0,0xff,0x20,0x00,0xa0,0xff,
    0x20,0x00,0xa0,0xff,0x20,0x20,0xe0,0xff,0x20,0x20,0xe0,0xff,0x20,0x20,0xe0,0xff,
    0x20,0x20,0xe0,0xff,0x20,0x20,0xe0,0xff,0x20,0x20,0xe0,0xff,0x20,0x20,0xe0,0xff,
    0x20,0x20,0xe0,0xff,0x20,0x20,0xe0,0xff,0x20,0x00,0xa0,0xff,0x00,0x00,0x40,0xff,
    0x20,0x20,0xe0,0xff,0x20,0x20,0xe0,0xff,0x20,0x20,0xe0,0xff,0x20,0x00,0xa0,0xff,
    0x00,0x00,0x40,0xff,0x00,0x00,0x40,0xff,0x00,0x00,0x40,0xff,0x00,0x00,0x00,0x00,
    0x00,0x00,0x00,0x00,0x00,0x00,0x00,0x00,0x00,0x00,0x00,0x00,0x00,0x00,0x00,0x00,
    0x00,0x00,0x00,0x00,0x00,0x00,0x00,0x00,0x00,0x00,0x00,0x00,0x00,0x00,0x00,0x00,
    0x00,0x00,0x00,0x00,0x00,0x00,0x00,0x00,0x00,0x00,0x00,0x00,0x00,0x00,0x00,0x00,
    0x00,0x00,0x00,0x00,0x00,0x00,0x00,0x00,0x00,0x00,0x00,0x00,0x00,0x00,0x00,0x00,
    0x00,0x00,0x00,0x00,0x00,0x00,0x00,0x00,0x00,0x00,0x00,0x00,0x00,0x00,0x00,0x00,
    0x00,0x00,0x00,0x00,0x00,0x00,0x00,0x00,0x00,0x00,0x00,0x00,0x00,0x00,0x00,0x00,
    0x00,0x00,0x00,0x00,0x00,0x00,0x40,0xff,0x60,0x60,0xa0,0xff,0x20,0x20,0xe0,0xff,
    0x20,0x20,0xe0,0xff,0x00,0x00,0x40,0xff,0x20,0x20,0xe0,0xff,0x20,0x20,0xe0,0xff,
    0x20,0x20,0xe0,0xff,0x40,0x40,0xe0,0xff,0x20,0x20,0xe0,0xff,0x20,0x20,0xe0,0xff,
    0x20,0x20,0xe0,0xff,0x20,0x00,0xa0,0xff,0x20,0x00,0xa0,0xff,0x20,0x20,0xe0,0xff,
    0x20,0x20,0xe0,0xff,0x20,0x20,0xe0,0xff,0x20,0x20,0xe0,0xff,0x20,0x00,0xa0,0xff,
    0x00,0x00,0x40,0xff,0x00,0x00,0x40,0xff,0x00,0x00,0x40,0xff,0x00,0x00,0x00,0x00,
    0x00,0x00,0x00,0x00,0x00,0x00,0x00,0x00,0x00,0x00,0x00,0x00,0x00,0x00,0x00,0x00,
    0x00,0x00,0x00,0x00,0x00,0x00,0x00,0x00,0x00,0x00,0x00,0x00,0x00,0x00,0x00,0x00,
    0x00,0x00,0x00,0x00,0x00,0x00,0x00,0x00,0x00,0x00,0x00,0x00,0x00,0x00,0x00,0x00,
    0x00,0x00,0x00,0x00,0x00,0x00,0x00,0x00,0x00,0x00,0x00,0x00,0x00,0x00,0x00,0x00,
    0x00,0x00,0x00,0x00,0x00,0x00,0x00,0x00,0x00,0x00,0x00,0x00,0x00,0x00,0x00,0x00,
    0x00,0x00,0x00,0x00,0x00,0x00,0x00,0x00,0x00,0x00,0x00,0x00,0x00,0x00,0x40,0xff,
    0x60,0x60,0xa0,0xff,0x20,0x20,0xe0,0xff,0x00,0x00,0x40,0xff,0x20,0x20,0xe0,0xff,
    0x20,0x20,0xe0,0xff,0x20,0x20,0xe0,0xff,0x40,0x40,0xe0,0xff,0x40,0x40,0xe0,0xff,
    0x20,0x20,0xe0,0xff,0x20,0x20,0xe0,0xff,0x20,0x20,0xe0,0xff,0x20,0x20,0xe0,0xff,
    0x20,0x00,0xa0,0xff,0x20,0x00,0xa0,0xff,0x20,0x20,0xe0,0xff,0x20,0x20,0xe0,0xff,
    0x20,0x20,0xe0,0xff,0x20,0x20,0xe0,0xff,0x40,0x40,0xe0,0xff,0x20,0x00,0xa0,0xff,
    0x00,0x00,0x40,0xff,0x00,0x00,0x40,0xff,0x00,0x00,0x40,0xff,0x00,0x00,0x00,0x00,
    0x00,0x00,0x00,0x00,0x00,0x00,0x00,0x00,0x00,0x00,0x00,0x00,0x00,0x00,0x00,0x00,
    0x00,0x00,0x00,0x00,0x00,0x00,0x00,0x00,0x00,0x00,0x00,0x00,0x00,0x00,0x00,0x00,
    0x00,0x00,0x00,0x00,0x00,0x00,0x00,0x00,0x00,0x00,0x00,0x00,0x00,0x00,0x00,0x00,
    0x00,0x00,0x00,0x00,0x00,0x00,0x00,0x00,0x00,0x00,0x00,0x00,0x00,0x00,0x00,0x00,
    0x00,0x00,0x00,0x00,0x00,0x00,0x00,0x00,0x00,0x00,0x00,0x00,0x00,0x00,0x00,0x00,
    0x00,0x00,0x00,0x00,0x00,0x00,0x00,0x00,0x00,0x00,0x00,0x00,0x00,0x00,0x00,0x00,
    0x00,0x00,0x00,0x00,0x00,0x00,0x40,0xff,0x60,0x60,0xa0,0xff,0x20,0x20,0xe0,0xff,
    0x20,0x20,0xe0,0xff,0x00,0x00,0x40,0xff,0x20,0x20,0xe0,0xff,0x20,0x20,0xe0,0xff,
    0x20,0x20,0xe0,0xff,0x40,0x40,0xe0,0xff,0x20,0x20,0xe0,0xff,0x20,0x20,0xe0,0xff,
    0x20,0x20,0xe0,0xff,0x20,0x00,0xa0,0xff,0x20,0x00,0xa0,0xff,0x20,0x20,0xe0,0xff,
    0x20,0x20,0xe0,0xff,0x20,0x20,0xe0,0xff,0x20,0x20,0xe0,0xff,0x20,0x00,0xa0,0xff,
    0x00,0x00,0x40,0xff,0x00,0x00,0x40,0xff,0x00,0x00,0x40,0xff,0x00,0x00,0x00,0x00,
    0x00,0x00,0x00,0x00,0x00,0x00,0x00,0x00,0x00,0x00,0x00,0x00,0x00,0x00,0x00,0x00,
    0x00,0x00,0x00,0x00,0x00,0x00,0x00,0x00,0x00,0x00,0x00,0x00,0x00,0x00,0x00,0x00,
    0x00,0x00,0x00,0x00,0x00,0x00,0x00,0x00,0x00,0x00,0x00,0x00,0x00,0x00,0x00,0x00,
    0x00,0x00,0x00,0x00,0x00,0x00,0x00,0x00,0x00,0x00,0x00,0x00,0x00,0x00,0x00,0x00,
    0x00,0x00,0x00,0x00,0x00,0x00,0x00,0x00,0x00,0x00,0x00,0x00,0x00,0x00,0x00,0x00,
    0x00,0x00,0x00,0x00,0x00,0x00,0x00,0x00,0x00,0x00,0x00,0x00,0x00,0x00,0x00,0x00,
    0x00,0x00,0x40,0xff,0x00,0x00,0x40,0xff,0x20,0x00,0xa0,0xff,0x20,0x00,0xa0,0xff,
    0x20,0x00,0xa0,0xff,0x20,0x20,0xe0,0xff,0x20,0x20,0xe0,0xff,0x20,0x20,0xe0,0xff,
    0x20,0x20,0xe0,0xff,0x20,0x20,0xe0,0xff,0x20,0x20,0xe0,0xff,0x20,0x20,0xe0,0xff,
    0x20,0x20,0xe0,0xff,0x20,0x20,0xe0,0xff,0x20,0x00,0xa0,0xff,0x00,0x00,0x40,0xff,
    0x20,0x20,0xe0,0xff,0x20,0x20,0xe0,0xff,0x20,0x20,0xe0,0xff,0x20,0x00,0xa0,0xff,
    0x00,0x00,0x40,0xff,0x00,0x00,0x40,0xff,0x00,0x00,0x40,0xff,0x00,0x00,0x00,0x00,
    0x00,0x00,0x00,0x00,0x00,0x00,0x00,0x00,0x00,0x00,0x00,0x00,0x00,0x00,0x00,0x00,
    0x00,0x00,0x00,0x00,0x00,0x00,0x00,0x00,0x00,0x00,0x00,0x00,0x00,0x00,0x00,0x00,
    0x00,0x00,0x00,0x00,0x00,0x00,0x00,0x00,0x00,0x00,0x00,0x00,0x00,0x00,0x00,0x00,
    0x00,0x00,0x00,0x00,0x00,0x00,0x00,0x00,0x00,0x00,0x00,0x00,0x00,0x00,0x00,0x00,
    0x00,0x00,0x00,0x00,0x00,0x00,0x00,0x00,0x00,0x00,0x00,0x00,0x00,0x00,0x00,0x00,
    0x00,0x00,0x00,0x00,0x00,0x00,0x00,0x00,0x00,0x00,0x00,0x00,0x00,0x00,0x00,0x00,
    0x00,0x00,0x00,0x00,0x00,0x00,0x00,0x00,0x00,0x00,0x00,0x00,0x00,0x00,0x00,0x00,
    0x00,0x00,0x00,0x00,0x00,0x00,0x00,0x00,0x00,0x00,0x00,0x00,0x00,0x00,0x00,0x00,
    0x00,0x00,0x00,0x00,0x00,0x00,0x00,0x00,0x00,0x00,0x00,0x00,0x00,0x00,0x00,0x00,
    0x00,0x00,0x00,0x00,0x00,0x00,0x00,0x00,0x00,0x00,0x00,0x00,0x00,0x00,0x00,0x00,
    0x00,0x00,0x00,0x00,0x00,0x00,0x00,0x00,0x00,0x00,0x00,0x00,0x00,0x00,0x00,0x00,
    0x00,0x00,0x00,0x00,0x00,0x00,0x00,0x00,0x00,0x00,0x00,0x00,0x00,0x00,0x00,0x00,
    0x00,0x00,0x00,0x00,0x00,0x00,0x00,0x00,0x00,0x00,0x00,0x00,0x00,0x00,0x00,0x00,
    0x00,0x00,0x00,0x00,0x00,0x00,0x00,0x00,0x00,0x00,0x00,0x00,0x00,0x00,0x00,0x00,
    0x00,0x00,0x00,0x00,0x00,0x00,0x00,0x00,0x00,0x00,0x00,0x00,0x00,0x00,0x00,0x00,
    0x00,0x00,0x00,0x00,0x00,0x00,0x00,0x00,0x00,0x00,0x00,0x00,0x00,0x00,0x00,0x00,
    0x00,0x00,0x00,0x00,0x00,0x00,0x00,0x00,0x00,0x00,0x00,0x00,0x00,0x00,0x00,0x00,
    0x00,0x00,0x00,0x00,0x00,0x00,0x00,0x00,0x00,0x00,0x00,0x00,0x00,0x00,0x00,0x00,
    0x00,0x00,0x00,0x00,0x00,0x00,0x00,0x00,0x00,0x00,0x00,0x00,0x00,0x00,0x00,0x00,
    0x00,0x00,0x00,0x00,0x00,0x00,0x00,0x00,0x00,0x00,0x00,0x00,0x00,0x00,0x00,0x00,
    0x00,0x00,0x00,0x00,0x00,0x00,0x00,0x00,0x00,0x00,0x00,0x00,0x00,0x00,0x00,0x00,
    0x00,0x00,0x00,0x00,0x00,0x00,0x00,0x00,0x00,0x00,0x00,0x00,0x00,0x00,0x00,0x00,
    0x00,0x00,0x00,0x00,0x00,0x00,0x00,0x00,0x00,0x00,0x00,0x00,0x00,0x00,0x00,0x00,
    0x00,0x00,0x00,0x00,0x00,0x00,0x00,0x00,0x00,0x00,0x00,0x00,0x00,0x00,0x00,0x00,
    0x00,0x00,0x00,0x00,0x00,0x00,0x00,0x00,0x00,0x00,0x00,0x00,0x00,0x00,0x00,0x00,
    0x00,0x00,0x00,0x00,0x00,0x00,0x00,0x00,0x00,0x00,0x00,0x00,0x00,0x00,0x00,0x00,
    0x00,0x00,0x00,0x00,0x00,0x00,0x00,0x00,0x00,0x00,0x00,0x00,0x00,0x00,0x00,0x00,
    0x00,0x00,0x00,0x00,0x00,0x00,0x00,0x00,0x00,0x00,0x00,0x00,0x00,0x00,0x00,0x00,
    0x00,0x00,0x00,0x00,0x00,0x00,0x00,0x00,0x00,0x00,0x00,0x00,0x00,0x00,0x00,0x00,
    0x00,0x00,0x00,0x00,0x00,0x00,0x00,0x00,0x00,0x00,0x00,0x00,0x00,0x00,0x00,0x00,
    0x00,0x00,0x00,0x00,0x00,0x00,0x00,0x00,0x00,0x00,0x00,0x00,0x00,0x00,0x00,0x00,
    0x00,0x00,0x00,0x00,0x00,0x00,0x00,0x00,0x00,0x00,0x00,0x00,0x00,0x00,0x00,0x00,
    0x00,0x00,0x00,0x00,0x00,0x00,0x00,0x00,0x00,0x00,0x00,0x00,0x00,0x00,0x00,0x00,
    0x00,0x00,0x00,0x00,0x00,0x00,0x00,0x00,0x00,0x00,0x00,0x00,0x00,0x00,0x00,0x00,
    0x00,0x00,0x00,0x00,0x00,0x00,0x00,0x00,0x00,0x00,0x00,0x00,0x00,0x00,0x00,0x00,
    0x00,0x00,0x00,0x00,0x00,0x00,0x00,0x00,0x00,0x00,0x00,0x00,0x00,0x00,0x00,0x00,
    0x00,0x00,0x00,0x00,0x00,0x00,0x00,0x00,0x00,0x00,0x00,0x00,0x00,0x00,0x00,0x00,
    0x00,0x00,0x00,0x00,0x00,0x00,0x00,0x00,0x00,0x00,0x00,0x00,0x00,0x00,0x00,0x00,
    0x00,0x00,0x00,0x00,0x00,0x00,0x00,0x00,0x00,0x00,0x00,0x00,0x00,0x00,0x00,0x00,
    0x00,0x00,0x00,0x00,0x00,0x00,0x00,0x00,0x00,0x00,0x00,0x00,0x00,0x00,0x00,0x00,
    0x00,0x00,0x00,0x00,0x00,0x00,0x00,0x00,0x00,0x00,0x00,0x00,0x00,0x00,0x00,0x00,
    0x00,0x00,0x00,0x00,0x00,0x00,0x00,0x00,0x00,0x00,0x00,0x00,0x00,0x00,0x00,0x00,
    0x00,0x00,0x00,0x00,0x00,0x00,0x00,0x00,0x00,0x00,0x00,0x00,0x00,0x00,0x00,0x00,
    0x00,0x00,0x00,0x00,0x00,0x00,0x00,0x00,0x00,0x00,0x00,0x00,0x00,0x00,0x00,0x00,
    0x00,0x00,0x00,0x00,0x00,0x00,0x00,0x00,0x00,0x00,0x00,0x00,0x00,0x00,0x00,0x00,
    0x00,0x00,0x00,0x00,0x00,0x00,0x00,0x00,0x00,0x00,0x00,0x00,0x00,0x00,0x00,0x00,
    0x00,0x00,0x00,0x00,0x00,0x00,0x00,0x00,0x00,0x00,0x00,0x00,0x00,0x00,0x00,0x00,
    0x00,0x00,0x00,0x00,0x00,0x00,0x00,0x00,0x00,0x00,0x00,0x00,0x00,0x00,0x00,0x00,
    0x00,0x00,0x00,0x00,0x00,0x00,0x00,0x00,0x00,0x00,0x00,0x00,0x00,0x00,0x00,0x00,
    0x00,0x00,0x00,0x00,0x00,0x00,0x00,0x00,0x00,0x00,0x00,0x00,0x00,0x00,0x00,0x00,
    0x00,0x00,0x00,0x00,0x00,0x00,0x00,0x00,0x00,0x00,0x00,0x00,0x00,0x00,0x00,0x00,
    0x00,0x00,0x00,0x00,0x00,0x00,0x00,0x00,0x00,0x00,0x00,0x00,0x00,0x00,0x00,0x00,
    0x00,0x00,0x00,0x00,0x00,0x00,0x00,0x00,0x00,0x00,0x00,0x00,0x00,0x00,0x00,0x00,
    0x00,0x00,0x00,0x00,0x00,0x00,0x00,0x00,0x00,0x00,0x00,0x00,0x00,0x00,0x40,0xff,
    0x20,0x20,0xe0,0xff,0x20,0x20,0xe0,0xff,0x00,0x00,0x40,0xff,0x00,0x00,0x40,0xff,
    0x00,0x00,0x40,0xff,0x20,0x00,0xa0,0xff,0x20,0x00,0xa0,0xff,0x20,0x20,0xe0,0xff,
    0x20,0x20,0xe0,0xff,0x20,0x20,0xe0,0xff,0x20,0x20,0xe0,0xff,0x20,0x20,0xe0,0xff,
    0x20,0x20,0xe0,0xff,0x20,0x20,0xe0,0xff,0x20,0x20,0xe0,0xff,0x20,0x20,0xe0,0xff,
    0x20,0x00,0xa0,0xff,0x20,0x00,0xa0,0xff,0x00,0x00,0x40,0xff,0x00,0x00,0x40,0xff,
    0x00,0x00,0x40,0xff,0x20,0x20,0xe0,0xff,0x20,0x20,0xe0,0xff,0x00,0x00,0x40,0xff,
    0x00,0x00,0x00,0x00,0x00,0x00,0x00,0x00,0x00,0x00,0x00,0x00,0x00,0x00,0x00,0x00,
    0x00,0x00,0x00,0x00,0x00,0x00,0x00,0x00,0x00,0x00,0x00,0x00,0x00,0x00,0x00,0x00,
    0x00,0x00,0x00,0x00,0x00,0x00,0x00,0x00,0x00,0x00,0x00,0x00,0x00,0x00,0x00,0x00,
    0x00,0x00,0x00,0x00,0x00,0x00,0x00,0x00,0x00,0x00,0x00,0x00,0x00,0x00,0x00,0x00,
    0x00,0x00,0x00,0x00,0x00,0x00,0x00,0x00,0x00,0x00,0x00,0x00,0x00,0x00,0x00,0x00,
    0x00,0x00,0x00,0x00,0x00,0x00,0x00,0x00,0x00,0x00,0x00,0x00,0x00,0x00,0x40,0xff,
    0x20,0x20,0xe0,0xff,0x20,0x20,0xe0,0xff,0x00,0x00,0x40,0xff,0x00,0x00,0x40,0xff,
    0x00,0x00,0x40,0xff,0x20,0x00,0xa0,0xff,0x20,0x00,0xa0,0xff,0x20,0x20,0xe0,0xff,
    0x20,0x20,0xe0,0xff,0x20,0x20,0xe0,0xff,0x20,0x20,0xe0,0xff,0x20,0x20,0xe0,0xff,
    0x20,0x20,0xe0,0xff,0x20,0x20,0xe0,0xff,0x20,0x20,0xe0,0xff,0x20,0x20,0xe0,0xff,
    0x20,0x00,0xa0,0xff,0x20,0x00,0xa0,0xff,0x00,0x00,0x40,0xff,0x00,0x00,0x40,0xff,
    0x00,0x00,0x40,0xff,0x20,0x20,0xe0,0xff,0x20,0x20,0xe0,0xff,0x00,0x00,0x40,0xff,
    0x00,0x00,0x00,0x00,0x00,0x00,0x00,0x00,0x00,0x00,0x00,0x00,0x00,0x00,0x00,0x00,
    0x00,0x00,0x00,0x00,0x00,0x00,0x00,0x00,0x00,0x00,0x00,0x00,0x00,0x00,0x00,0x00,
    0x00,0x00,0x00,0x00,0x00,0x00,0x00,0x00,0x00,0x00,0x00,0x00,0x00,0x00,0x00,0x00,
    0x00,0x00,0x00,0x00,0x00,0x00,0x00,0x00,0x00,0x00,0x00,0x00,0x00,0x00,0x00,0x00,
    0x00,0x00,0x00,0x00,0x00,0x00,0x00,0x00,0x00,0x00,0x00,0x00,0x00,0x00,0x00,0x00,
    0x00,0x00,0x00,0x00,0x00,0x00,0x00,0x00,0x00,0x00,0x00,0x00,0x00,0x00,0x00,0x00,
    0x00,0x00,0x40,0xff,0x00,0x00,0x40,0xff,0x00,0x00,0x40,0xff,0x20,0x00,0xa0,0xff,
    0x20,0x20,0xe0,0xff,0x60,0x60,0xa0,0xff,0x20,0x20,0xe0,0xff,0x20,0x20,0xe0,0xff,
    0x20,0x20,0xe0,0xff,0x20,0x00,0xa0,0xff,0x20,0x00,0xa0,0xff,0x20,0x20,0xe0,0xff,
    0x20,0x20,0xe0,0xff,0x20,0x20,0xe0,0xff,0x40,0x40,0xe0,0xff,0x20,0x20,0xe0,0xff,
    0x20,0x20,0xe0,0xff,0x20,0x20,0xe0,0xff,0x20,0x00,0xa0,0xff,0x20,0x00,0xa0,0xff,
    0x20,0x00,0xa0,0xff,0x40,0x40,0xe0,0xff,0x60,0x60,0xa0,0xff,0x00,0x00,0x00,0x00,
    0x00,0x00,0x00,0x00,0x00,0x00,0x00,0x00,0x00,0x00,0x00,0x00,0x00,0x00,0x00,0x00,
    0x00,0x00,0x00,0x00,0x00,0x00,0x00,0x00,0x00,0x00,0x00,0x00,0x00,0x00,0x00,0x00,
    0x00,0x00,0x00,0x00,0x00,0x00,0x00,0x00,0x00,0x00,0x00,0x00,0x00,0x00,0x00,0x00,
    0x00,0x00,0x00,0x00,0x00,0x00,0x00,0x00,0x00,0x00,0x00,0x00,0x00,0x00,0x00,0x00,
    0x00,0x00,0x00,0x00,0x00,0x00,0x00,0x00,0x00,0x00,0x00,0x00,0x00,0x00,0x00,0x00,
    0x00,0x00,0x00,0x00,0x00,0x00,0x00,0x00,0x00,0x00,0x00,0x00,0x00,0x00,0x40,0xff,
    0x00,0x00,0x40,0xff,0x00,0x00,0x40,0xff,0x20,0x00,0xa0,0xff,0x40,0x40,0xe0,0xff,
    0x20,0x20,0xe0,0xff,0x20,0x20,0xe0,0xff,0x20,0x20,0xe0,0xff,0x20,0x20,0xe0,0xff,
    0x20,0x00,0xa0,0xff,0x20,0x00,0xa0,0xff,0x20,0x00,0xa0,0xff,0x20,0x20,0xe0,0xff,
    0x20,0x20,0xe0,0xff,0x20,0x20,0xe0,0xff,0x40,0x40,0xe0,0xff,0x40,0x40,0xe0,0xff,
    0x40,0x40,0xe0,0xff,0x20,0x20,0xe0,0xff,0x20,0x20,0xe0,0xff,0x00,0x00,0x40,0xff,
    0x00,0x00,0x40,0xff,0x40,0x40,0xe0,0xff,0x60,0x60,0xa0,0xff,0x00,0x00,0x40,0xff,
    0x00,0x00,0x00,0x00,0x00,0x00,0x00,0x00,0x00,0x00,0x00,0x00,0x00,0x00,0x00,0x00,
    0x00,0x00,0x00,0x00,0x00,0x00,0x00,0x00,0x00,0x00,0x00,0x00,0x00,0x00,0x00,0x00,
    0x00,0x00,0x00,0x00,0x00,0x00,0x00,0x00,0x00,0x00,0x00,0x00,0x00,0x00,0x00,0x00,
    0x00,0x00,0x00,0x00,0x00,0x00,0x00,0x00,0x00,0x00,0x00,0x00,0x00,0x00,0x00,0x00,
    0x00,0x00,0x00,0x00,0x00,0x00,0x00,0x00,0x00,0x00,0x00,0x00,0x00,0x00,0x00,0x00,
    0x00,0x00,0x00,0x00,0x00,0x00,0x00,0x00,0x00,0x00,0x00,0x00,0x00,0x00,0x00,0x00,
    0x00,0x00,0x40,0xff,0x00,0x00,0x40,0xff,0x00,0x00,0x40,0xff,0x20,0x00,0xa0,0xff,
    0x20,0x20,0xe0,0xff,0x60,0x60,0xa0,0xff,0x20,0x20,0xe0,0xff,0x20,0x20,0xe0,0xff,
    0x20,0x20,0xe0,0xff,0x20,0x00,0xa0,0xff,0x20,0x00,0xa0,0xff,0x20,0x20,0xe0,0xff,
    0x20,0x20,0xe0,0xff,0x20,0x20,0xe0,0xff,0x40,0x40,0xe0,0xff,0x20,0x20,0xe0,0xff,
    0x20,0x20,0xe0,0xff,0x20,0x20,0xe0,0xff,0x20,0x00,0xa0,0xff,0x20,0x00,0xa0,0xff,
    0x20,0x00,0xa0,0xff,0x40,0x40,0xe0,0xff,0x60,0x60,0xa0,0xff,0x00,0x00,0x00,0x00,
    0x00,0x00,0x00,0x00,0x00,0x00,0x00,0x00,0x00,0x00,0x00,0x00,0x00,0x00,0x00,0x00,
    0x00,0x00,0x00,0x00,0x00,0x00,0x00,0x00,0x00,0x00,0x00,0x00,0x00,0x00,0x00,0x00,
    0x00,0x00,0x00,0x00,0x00,0x00,0x00,0x00,0x00,0x00,0x00,0x00,0x00,0x00,0x00,0x00,
    0x00,0x00,0x00,0x00,0x00,0x00,0x00,0x00,0x00,0x00,0x00,0x00,0x00,0x00,0x00,0x00,
    0x00,0x00,0x00,0x00,0x00,0x00,0x00,0x00,0x00,0x00,0x00,0x00,0x00,0x00,0x00,0x00,
    0x00,0x00,0x00,0x00,0x00,0x00,0x00,0x00,0x00,0x00,0x00,0x00,0x00,0x00,0x00,0x00,
    0x00,0x00,0x00,0x00,0x00,0x00,0x40,0xff,0x00,0x00,0x40,0xff,0x00,0x00,0x40,0xff,
    0x20,0x00,0xa0,0xff,0x20,0x20,0xe0,0xff,0x20,0x20,0xe0,0xff,0x20,0x20,0xe0,0xff,
    0x00,0x00,0x40,0xff,0x20,0x00,0xa0,0xff,0x20,0x20,0xe0,0xff,0x20,0x20,0xe0,0xff,
    0x20,0x20,0xe0,0xff,0x20,0x20,0xe0,0xff,0x20,0x20,0xe0,0xff,0x20,0x20,0xe0,0xff,
    0x20,0x20,0xe0,0xff,0x20,0x20,0xe0,0xff,0x20,0x20,0xe0,0xff,0x00,0x00,0x40,0xff,
    0x20,0x20,0xe0,0xff,0x60,0x60,0xa0,0xff,0x20,0x00,0xa0,0xff,0x00,0x00,0x40,0xff,
    0x00,0x00,0x00,0x00,0x00,0x00,0x00,0x00,0x00,0x00,0x00,0x00,0x00,0x00,0x00,0x00,
    0x00,0x00,0x00,0x00,0x00,0x00,0x00,0x00,0x00,0x00,0x00,0x00,0x00,0x00,0x00,0x00,
    0x00,0x00,0x00,0x00,0x00,0x00,0x00,0x00,0x00,0x00,0x00,0x00,0x00,0x00,0x00,0x00,
    0x00,0x00,0x00,0x00,0x00,0x00,0x00,0x00,0x00,0x00,0x00,0x00,0x00,0x00,0x00,0x00,
    0x00,0x00,0x00,0x00,0x00,0x00,0x00,0x00,0x00,0x00,0x00,0x00,0x00,0x00,0x00,0x00,
    0x00,0x00,0x00,0x00,0x00,0x00,0x00,0x00,0x00,0x00,0x00,0x00,0x00,0x00,0x40,0xff,
    0x20,0x20,0xe0,0xff,0x20,0x20,0xe0,0xff,0x00,0x00,0x40,0xff,0x00,0x00,0x40,0xff,
    0x00,0x00,0x40,0xff,0x20,0x00,0xa0,0xff,0x20,0x00,0xa0,0xff,0x20,0x20,0xe0,0xff,
    0x20,0x20,0xe0,0xff,0x20,0x20,0xe0,0xff,0x20,0x20,0xe0,0xff,0x20,0x20,0xe0,0xff,
    0x20,0x20,0xe0,0xff,0x20,0x20,0xe0,0xff,0x20,0x20,0xe0,0xff,0x20,0x20,0xe0,0xff,
    0x20,0x00,0xa0,0xff,0x20,0x00,0xa0,0xff,0x00,0x00,0x40,0xff,0x00,0x00,0x40,0xff,
    0x00,0x00,0x40,0xff,0x20,0x20,0xe0,0xff,0x20,0x20,0xe0,0xff,0x00,0x00,0x40,0xff,
    0x00,0x00,0x00,0x00,0x00,0x00,0x00,0x00,0x00,0x00,0x00,0x00,0x00,0x00,0x00,0x00,
    0x00,0x00,0x00,0x00,0x00,0x00,0x00,0x00,0x00,0x00,0x00,0x00,0x00,0x00,0x00,0x00,
    0x00,0x00,0x00,0x00,0x00,0x00,0x00,0x00,0x00,0x00,0x00,0x00,0x00,0x00,0x00,0x00,
    0x00,0x00,0x00,0x00,0x00,0x00,0x00,0x00,0x00,0x00,0x00,0x00,0x00,0x00,0x00,0x00,
    0x00,0x00,0x00,0x00,0x00,0x00,0x00,0x00,0x00,0x00,0x00,0x00,0x00,0x00,0x00,0x00,
    0x00,0x00,0x00,0x00,0x00,0x00,0x00,0x00,0x00,0x00,0x00,0x00,0x00,0x00,0x00,0x00,
    0x00,0x00,0x40,0xff,0x20,0x00,0xa0,0xff,0x60,0x60,0xa0,0xff,0x20,0x20,0xe0,0xff,
    0x00,0x00,0x40,0xff,0x20,0x20,0xe0,0xff,0x20,0x20,0xe0,0xff,0x20,0x20,0xe0,0xff,
    0x20,0x20,0xe0,0xff,0x20,0x20,0xe0,0xff,0x20,0x20,0xe0,0xff,0x20,0x20,0xe0,0xff,
    0x20,0x20,0xe0,0xff,0x20,0x20,0xe0,0xff,0x20,0x00,0xa0,0xff,0x00,0x00,0x40,0xff,
    0x20,0x20,0xe0,0xff,0x20,0x20,0xe0,0xff,0x20,0x20,0xe0,0xff,0x20,0x00,0xa0,0xff,
    0x00,0x00,0x40,0xff,0x00,0x00,0x40,0xff,0x00,0x00,0x40,0xff,0x00,0x00,0x00,0x00,
    0x00,0x00,0x00,0x00,0x00,0x00,0x00,0x00,0x00,0x00,0x00,0x00,0x00,0x00,0x00,0x00,
    0x00,0x00,0x00,0x00,0x00,0x00,0x00,0x00,0x00,0x00,0x00,0x00,0x00,0x00,0x00,0x00,
    0x00,0x00,0x00,0x00,0x00,0x00,0x00,0x00,0x00,0x00,0x00,0x00,0x00,0x00,0x00,0x00,
    0x00,0x00,0x00,0x00,0x00,0x00,0x00,0x00,0x00,0x00,0x00,0x00,0x00,0x00,0x00,0x00,
    0x00,0x00,0x00,0x00,0x00,0x00,0x00,0x00,0x00,0x00,0x00,0x00,0x00,0x00,0x00,0x00,
    0x00,0x00,0x00,0x00,0x00,0x00,0x00,0x00,0x00,0x00,0x00,0x00,0x00,0x00,0x00,0x00,
    0x00,0x00,0x00,0x00,0x60,0x60,0xa0,0xff,0x40,0x40,0xe0,0xff,0x20,0x00,0xa0,0xff,
    0x20,0x00,0xa0,0xff,0x20,0x00,0xa0,0xff,0x20,0x20,0xe0,0xff,0x20,0x20,0xe0,0xff,
    0x20,0x20,0xe0,0xff,0x40,0x40,0xe0,0xff,0x20,0x20,0xe0,0xff,0x20,0x20,0xe0,0xff,
    0x20,0x20,0xe0,0xff,0x20,0x00,0xa0,0xff,0x20,0x00,0xa0,0xff,0x20,0x20,0xe0,0xff,
    0x20,0x20,0xe0,0xff,0x20,0x20,0xe0,0xff,0x60,0x60,0xa0,0xff,0x20,0x20,0xe0,0xff,
    0x20,0x00,0xa0,0xff,0x00,0x00,0x40,0xff,0x00,0x00,0x40,0xff,0x00,0x00,0x40,0xff,
    0x00,0x00,0x00,0x00,0x00,0x00,0x00,0x00,0x00,0x00,0x00,0x00,0x00,0x00,0x00,0x00,
    0x00,0x00,0x00,0x00,0x00,0x00,0x00,0x00,0x00,0x00,0x00,0x00,0x00,0x00,0x00,0x00,
    0x00,0x00,0x00,0x00,0x00,0x00,0x00,0x00,0x00,0x00,0x00,0x00,0x00,0x00,0x00,0x00,
    0x00,0x00,0x00,0x00,0x00,0x00,0x00,0x00,0x00,0x00,0x00,0x00,0x00,0x00,0x00,0x00,
    0x00,0x00,0x00,0x00,0x00,0x00,0x00,0x00,0x00,0x00,0x00,0x00,0x00,0x00,0x00,0x00,
    0x00,0x00,0x00,0x00,0x00,0x00,0x00,0x00,0x00,0x00,0x40,0xff,0x60,0x60,0xa0,0xff,
    0x40,0x40,0xe0,0xff,0x00,0x00,0x40,0xff,0x00,0x00,0x40,0xff,0x20,0x20,0xe0,0xff,
    0x20,0x20,0xe0,0xff,0x40,0x40,0xe0,0xff,0x40,0x40,0xe0,0xff,0x40,0x40,0xe0,0xff,
    0x20,0x20,0xe0,0xff,0x20,0x20,0xe0,0xff,0x20,0x20,0xe0,0xff,0x20,0x00,0xa0,0xff,
    0x20,0x00,0xa0,0xff,0x20,0x00,0xa0,0xff,0x20,0x20,0xe0,0xff,0x20,0x20,0xe0,0xff,
    0x20,0x20,0xe0,0xff,0x20,0x20,0xe0,0xff,0x40,0x40,0xe0,0xff,0x20,0x00,0xa0,0xff,
    0x00,0x00,0x40,0xff,0x00,0x00,0x40,0xff,0x00,0x00,0x40,0xff,0x00,0x00,0x00,0x00,
    0x00,0x00,0x00,0x00,0x00,0x00,0x00,0x00,0x00,0x00,0x00,0x00,0x00,0x00,0x00,0x00,
    0x00,0x00,0x00,0x00,0x00,0x00,0x00,0x00,0x00,0x00,0x00,0x00,0x00,0x00,0x00,0x00,
    0x00,0x00,0x00,0x00,0x00,0x00,0x00,0x00,0x00,0x00,0x00,0x00,0x00,0x00,0x00,0x00,
    0x00,0x00,0x00,0x00,0x00,0x00,0x00,0x00,0x00,0x00,0x00,0x00,0x00,0x00,0x00,0x00,
    0x00,0x00,0x00,0x00,0x00,0x00,0x00,0x00,0x00,0x00,0x00,0x00,0x00,0x00,0x00,0x00,
    0x00,0x00,0x00,0x00,0x00,0x00,0x00,0x00,0x00,0x00,0x00,0x00,0x00,0x00,0x00,0x00,
    0x00,0x00,0x00,0x00,0x60,0x60,0xa0,0xff,0x40,0x40,0xe0,0xff,0x20,0x00,0xa0,0xff,
    0x20,0x00,0xa0,0xff,0x20,0x00,0xa0,0xff,0x20,0x20,0xe0,0xff,0x20,0x20,0xe0,0xff,
    0x20,0x20,0xe0,0xff,0x40,0x40,0xe0,0xff,0x20,0x20,0xe0,0xff,0x20,0x20,0xe0,0xff,
    0x20,0x20,0xe0,0xff,0x20,0x00,0xa0,0xff,0x20,0x00,0xa0,0xff,0x20,0x20,0xe0,0xff,
    0x20,0x20,0xe0,0xff,0x20,0x20,0xe0,0xff,0x60,0x60,0xa0,0xff,0x20,0x20,0xe0,0xff,
    0x20,0x00,0xa0,0xff,0x00,0x00,0x40,0xff,0x00,0x00,0x40,0xff,0x00,0x00,0x40,0xff,
    0x00,0x00,0x00,0x00,0x00,0x00,0x00,0x00,0x00,0x00,0x00,0x00,0x00,0x00,0x00,0x00,
    0x00,0x00,0x00,0x00,0x00,0x00,0x00,0x00,0x00,0x00,0x00,0x00,0x00,0x00,0x00,0x00,
    0x00,0x00,0x00,0x00,0x00,0x00,0x00,0x00,0x00,0x00,0x00,0x00,0x00,0x00,0x00,0x00,
    0x00,0x00,0x00,0x00,0x00,0x00,0x00,0x00,0x00,0x00,0x00,0x00,0x00,0x00,0x00,0x00,
    0x00,0x00,0x00,0x00,0x00,0x00,0x00,0x00,0x00,0x00,0x00,0x00,0x00,0x00,0x00,0x00,
    0x00,0x00,0x00,0x00,0x00,0x00,0x00,0x00,0x00,0x00,0x00,0x00,0x00,0x00,0x00,0x00,
    0x00,0x00,0x40,0xff,0x20,0x00,0xa0,0xff,0x60,0x60,0xa0,0xff,0x20,0x20,0xe0,0xff,
    0x00,0x00,0x40,0xff,0x20,0x20,0xe0,0xff,0x20,0x20,0xe0,0xff,0x20,0x20,0xe0,0xff,
    0x20,0x20,0xe0,0xff,0x20,0x20,0xe0,0xff,0x20,0x20,0xe0,0xff,0x20,0x20,0xe0,0xff,
    0x20,0x20,0xe0,0xff,0x20,0x20,0xe0,0xff,0x20,0x00,0xa0,0xff,0x00,0x00,0x40,0xff,
    0x20,0x20,0xe0,0xff,0x20,0x20,0xe0,0xff,0x20,0x20,0xe0,0xff,0x20,0x00,0xa0,0xff,
    0x00,0x00,0x40,0xff,0x00,0x00,0x40,0xff,0x00,0x00,0x40,0xff,0x00,0x00,0x00,0x00,
    0x00,0x00,0x00,0x00,0x00,0x00,0x00,0x00,0x00,0x00,0x00,0x00,0x00,0x00,0x00,0x00,
    0x00,0x00,0x00,0x00,0x00,0x00,0x00,0x00,0x00,0x00,0x00,0x00,0x00,0x00,0x00,0x00,
    0x00,0x00,0x00,0x00,0x00,0x00,0x00,0x00,0x00,0x00,0x00,0x00,0x00,0x00,0x00,0x00,
    0x00,0x00,0x00,0x00,0x00,0x00,0x00,0x00,0x00,0x00,0x00,0x00,0x00,0x00,0x00,0x00,
    0x00,0x00,0x00,0x00,0x00,0x00,0x00,0x00,0x00,0x00,0x00,0x00,0x00,0x00,0x00,0x00,
    0x00,0x00,0x00,0x00,0x00,0x00,0x00,0x00,0x00,0x00,0x00,0x00,0x00,0x00,0x00,0x00,
    0x00,0x00,0x00,0x00,0x00,0x00,0x00,0x00,0x00,0x00,0x00,0x00,0x00,0x00,0x00,0x00,
    0x00,0x00,0x00,0x00,0x00,0x00,0x00,0x00,0x00,0x00,0x00,0x00,0x00,0x00,0x00,0x00,
    0x00,0x00,0x00,0x00,0x00,0x00,0x00,0x00,0x00,0x00,0x00,0x00,0x00,0x00,0x00,0x00,
    0x00,0x00,0x00,0x00,0x00,0x00,0x00,0x00,0x00,0x00,0x00,0x00,0x00,0x00,0x00,0x00,
    0x00,0x00,0x00,0x00,0x00,0x00,0x00,0x00,0x00,0x00,0x00,0x00,0x00,0x00,0x00,0x00,
    0x00,0x00,0x00,0x00,0x00,0x00,0x00,0x00,0x00,0x00,0x00,0x00,0x00,0x00,0x00,0x00,
    0x00,0x00,0x00,0x00,0x00,0x00,0x00,0x00,0x00,0x00,0x00,0x00,0x00,0x00,0x00,0x00,
    0x00,0x00,0x00,0x00,0x00,0x00,0x00,0x00,0x00,0x00,0x00,0x00,0x00,0x00,0x00,0x00,
    0x00,0x00,0x00,0x00,0x00,0x00,0x00,0x00,0x00,0x00,0x00,0x00,0x00,0x00,0x00,0x00,
    0x00,0x00,0x00,0x00,0x00,0x00,0x00,0x00,0x00,0x00,0x00,0x00,0x00,0x00,0x00,0x00,
    0x00,0x00,0x00,0x00,0x00,0x00,0x00,0x00,0x00,0x00,0x00,0x00,0x00,0x00,0x00,0x00,
    0x00,0x00,0x00,0x00,0x00,0x00,0x00,0x00,0x00,0x00,0x00,0x00,0x00,0x00,0x00,0x00,
    0x00,0x00,0x00,0x00,0x00,0x00,0x00,0x00,0x00,0x00,0x00,0x00,0x00,0x00,0x00,0x00,
    0x00,0x00,0x00,0x00,0x00,0x00,0x00,0x00,0x00,0x00,0x00,0x00,0x00,0x00,0x00,0x00,
    0x00,0x00,0x00,0x00,0x00,0x00,0x00,0x00,0x00,0x00,0x00,0x00,0x00,0x00,0x00,0x00,
    0x00,0x00,0x00,0x00,0x00,0x00,0x00,0x00,0x00,0x00,0x00,0x00,0x00,0x00,0x00,0x00,
    0x00,0x00,0x00,0x00,0x00,0x00,0x00,0x00,0x00,0x00,0x00,0x00,0x00,0x00,0x00,0x00,
    0x00,0x00,0x00,0x00,0x00,0x00,0x00,0x00,0x00,0x00,0x00,0x00,0x00,0x00,0x00,0x00,
    0x00,0x00,0x00,0x00,0x00,0x00,0x00,0x00,0x00,0x00,0x00,0x00,0x00,0x00,0x00,0x00,
    0x00,0x00,0x00,0x00,0x00,0x00,0x00,0x00,0x00,0x00,0x00,0x00,0x00,0x00,0x00,0x00,
    0x00,0x00,0x00,0x00,0x00,0x00,0x00,0x00,0x00,0x00,0x00,0x00,0x00,0x00,0x00,0x00,
    0x00,0x00,0x00,0x00,0x00,0x00,0x00,0x00,0x00,0x00,0x00,0x00,0x00,0x00,0x00,0x00,
    0x00,0x00,0x00,0x00,0x00,0x00,0x00,0x00,0x00,0x00,0x00,0x00,0x00,0x00,0x00,0x00,
    0x00,0x00,0x00,0x00,0x00,0x00,0x00,0x00,0x00,0x00,0x00,0x00,0x00,0x00,0x00,0x00,
    0x00,0x00,0x00,0x00,0x00,0x00,0x00,0x00,0x00,0x00,0x00,0x00,0x00,0x00,0x00,0x00,
    0x00,0x00,0x00,0x00,0x00,0x00,0x00,0x00,0x00,0x00,0x00,0x00,0x00,0x00,0x00,0x00,
    0x00,0x00,0x00,0x00,0x00,0x00,0x00,0x00,0x00,0x00,0x00,0x00,0x00,0x00,0x00,0x00,
    0x00,0x00,0x00,0x00,0x00,0x00,0x00,0x00,0x00,0x00,0x00,0x00,0x00,0x00,0x00,0x00,
    0x00,0x00,0x00,0x00,0x00,0x00,0x00,0x00,0x00,0x00,0x00,0x00,0x00,0x00,0x00,0x00,
    0x00,0x00,0x00,0x00,0x00,0x00,0x00,0x00,0x00,0x00,0x00,0x00,0x00,0x00,0x00,0x00,
    0x00,0x00,0x00,0x00,0x00,0x00,0x00,0x00,0x00,0x00,0x00,0x00,0x00,0x00,0x00,0x00,
    0x00,0x00,0x00,0x00,0x00,0x00,0x00,0x00,0x00,0x00,0x00,0x00,0x00,0x00,0x00,0x00,
    0x00,0x00,0x00,0x00,0x00,0x00,0x00,0x00,0x00,0x00,0x00,0x00,0x00,0x00,0x00,0x00,
    0x00,0x00,0x00,0x00,0x00,0x00,0x00,0x00,0x00,0x00,0x00,0x00,0x00,0x00,0x00,0x00,
    0x00,0x00,0x00,0x00,0x00,0x00,0x00,0x00,0x00,0x00,0x00,0x00,0x00,0x00,0x00,0x00,
    0x00,0x00,0x00,0x00,0x00,0x00,0x00,0x00,0x00,0x00,0x00,0x00,0x00,0x00,0x40,0xff,
    0x00,0x00,0x40,0xff,0x00,0x00,0x40,0xff,0x00,0x00,0x40,0xff,0x00,0x00,0x00,0x00,
    0x00,0x00,0x00,0x00,0x00,0x00,0x00,0x00,0x00,0x00,0x00,0x00,0x00,0x00,0x00,0x00,
    0x00,0x00,0x00,0x00,0x00,0x00,0x00,0x00,0x00,0x00,0x00,0x00,0x00,0x00,0x00,0x00,
    0x00,0x00,0x00,0x00,0x00,0x00,0x00,0x00,0x00,0x00,0x00,0x00,0x00,0x00,0x00,0x00,
    0x00,0x00,0x00,0x00,0x00,0x00,0x00,0x00,0x00,0x00,0x00,0x00,0x00,0x00,0x00,0x00,
    0x00,0x00,0x00,0x00,0x00,0x00,0x00,0x00,0x00,0x00,0x40,0xff,0x00,0x00,0x40,0xff,
    0x00,0x00,0x40,0xff,0x00,0x00,0x40,0xff,0x00,0x00,0x00,0x00,0x00,0x00,0x00,0x00,
    0x00,0x00,0x00,0x00,0x00,0x00,0x00,0x00,0x00,0x00,0x00,0x00,0x00,0x00,0x00,0x00,
    0x00,0x00,0x00,0x00,0x00,0x00,0x00,0x00,0x00,0x00,0x00,0x00,0x00,0x00,0x00,0x00,
    0x00,0x00,0x00,0x00,0x00,0x00,0x00,0x00,0x00,0x00,0x00,0x00,0x00,0x00,0x00,0x00,
    0x00,0x00,0x00,0x00,0x00,0x00,0x00,0x00,0x00,0x00,0x00,0x00,0x00,0x00,0x00,0x00,
    0x00,0x00,0x00,0x00,0x00,0x00,0x00,0x00,0x00,0x00,0x00,0x00,0x00,0x00,0x40,0xff,
    0x20,0x20,0xe0,0xff,0x00,0x00,0x40,0xff,0x00,0x00,0x40,0xff,0x00,0x00,0x40,0xff,
    0x00,0x00,0x40,0xff,0x20,0x00,0xa0,0xff,0x20,0x00,0xa0,0xff,0x20,0x20,0xe0,0xff,
    0x20,0x20,0xe0,0xff,0x20,0x20,0xe0,0xff,0x20,0x20,0xe0,0xff,0x20,0x20,0xe0,0xff,
    0x20,0x20,0xe0,0xff,0x20,0x20,0xe0,0xff,0x20,0x20,0xe0,0xff,0x20,0x20,0xe0,0xff,
    0x20,0x00,0xa0,0xff,0x20,0x00,0xa0,0xff,0x00,0x00,0x40,0xff,0x00,0x00,0x40,0xff,
    0x00,0x00,0x40,0xff,0x00,0x00,0x40,0xff,0x20,0x20,0xe0,0xff,0x00,0x00,0x40,0xff,
    0x00,0x00,0x00,0x00,0x00,0x00,0x00,0x00,0x00,0x00,0x00,0x00,0x00,0x00,0x00,0x00,
    0x00,0x00,0x00,0x00,0x00,0x00,0x00,0x00,0x00,0x00,0x00,0x00,0x00,0x00,0x00,0x00,
    0x00,0x00,0x00,0x00,0x00,0x00,0x00,0x00,0x00,0x00,0x00,0x00,0x00,0x00,0x00,0x00,
    0x00,0x00,0x00,0x00,0x00,0x00,0x00,0x00,0x00,0x00,0x00,0x00,0x00,0x00,0x00,0x00,
    0x00,0x00,0x00,0x00,0x00,0x00,0x00,0x00,0x00,0x00,0x00,0x00,0x00,0x00,0x00,0x00,
    0x00,0x00,0x00,0x00,0x00,0x00,0x00,0x00,0x00,0x00,0x00,0x00,0x00,0x00,0x40,0xff,
    0x20,0x20,0xe0,0xff,0x00,0x00,0x40,0xff,0x00,0x00,0x40,0xff,0x00,0x00,0x40,0xff,
    0x00,0x00,0x40,0xff,0x20,0x00,0xa0,0xff,0x20,0x00,0xa0,0xff,0x20,0x20,0xe0,0xff,
    0x20,0x20,0xe0,0xff,0x20,0x20,0xe0,0xff,0x20,0x20,0xe0,0xff,0x20,0x20,0xe0,0xff,
    0x20,0x20,0xe0,0xff,0x20,0x20,0xe0,0xff,0x20,0x20,0xe0,0xff,0x20,0x20,0xe0,0xff,
    0x20,0x00,0xa0,0xff,0x20,0x00,0xa0,0xff,0x00,0x00,0x40,0xff,0x00,0x00,0x40,0xff,
    0x00,0x00,0x40,0xff,0x00,0x00,0x40,0xff,0x20,0x20,0xe0,0xff,0x00,0x00,0x40,0xff,
    0x00,0x00,0x00,0x00,0x00,0x00,0x00,0x00,0x00,0x00,0x00,0x00,0x00,0x00,0x00,0x00,
    0x00,0x00,0x00,0x00,0x00,0x00,0x00,0x00,0x00,0x00,0x00,0x00,0x00,0x00,0x00,0x00,
    0x00,0x00,0x00,0x00,0x00,0x00,0x00,0x00,0x00,0x00,0x00,0x00,0x00,0x00,0x00,0x00,
    0x00,0x00,0x00,0x00,0x00,0x00,0x00,0x00,0x00,0x00,0x00,0x00,0x00,0x00,0x00,0x00,
    0x00,0x00,0x00,0x00,0x00,0x00,0x00,0x00,0x00,0x00,0x00,0x00,0x00,0x00,0x00,0x00,
    0x00,0x00,0x00,0x00,0x00,0x00,0x00,0x00,0x00,0x00,0x00,0x00,0x00,0x00,0x00,0x00,
    0x00,0x00,0x40,0xff,0x00,0x00,0x40,0xff,0x00,0x00,0x40,0xff,0x20,0x00,0xa0,0xff,
    0x60,0x60,0xa0,0xff,0x40,0x40,0xe0,0xff,0x20,0x20,0xe0,0xff,0x20,0x20,0xe0,0xff,
    0x20,0x20,0xe0,0xff,0x00,0x00,0x40,0xff,0x20,0x00,0xa0,0xff,0x20,0x00,0xa0,0xff,
    0x20,0x20,0xe0,0xff,0x20,0x20,0xe0,0xff,0x40,0x40,0xe0,0xff,0x40,0x40,0xe0,0xff,
    0x20,0x20,0xe0,0xff,0x20,0x20,0xe0,0xff,0x00,0x00,0x40,0xff,0x20,0x00,0xa0,0xff,
    0x20,0x00,0xa0,0xff,0x40,0x40,0xe0,0xff,0x60,0x60,0xa0,0xff,0x00,0x00,0x40,0xff,
    0x00,0x00,0x00,0x00,0x00,0x00,0x00,0x00,0x00,0x00,0x00,0x00,0x00,0x00,0x00,0x00,
    0x00,0x00,0x00,0x00,0x00,0x00,0x00,0x00,0x00,0x00,0x00,0x00,0x00,0x00,0x00,0x00,
    0x00,0x00,0x00,0x00,0x00,0x00,0x00,0x00,0x00,0x00,0x00,0x00,0x00,0x00,0x00,0x00,
    0x00,0x00,0x00,0x00,0x00,0x00,0x00,0x00,0x00,0x00,0x00,0x00,0x00,0x00,0x00,0x00,
    0x00,0x00,0x00,0x00,0x00,0x00,0x00,0x00,0x00,0x00,0x00,0x00,0x00,0x00,0x00,0x00,
    0x00,0x00,0x00,0x00,0x00,0x00,0x00,0x00,0x00,0x00,0x00,0x00,0x00,0x00,0x40,0xff,
    0x00,0x00,0x40,0xff,0x20,0x00,0xa0,0xff,0x20,0x20,0xe0,0xff,0x60,0x60,0xa0,0xff,
    0x20,0x20,0xe0,0xff,0x20,0x20,0xe0,0xff,0x20,0x20,0xe0,0xff,0x20,0x20,0xe0,0xff,
    0x20,0x20,0xe0,0xff,0x00,0x00,0x40,0xff,0x20,0x00,0xa0,0xff,0x20,0x20,0xe0,0xff,
    0x20,0x20,0xe0,0xff,0x20,0x20,0xe0,0xff,0x40,0x40,0xe0,0xff,0x40,0x40,0xe0,0xff,
    0x60,0x60,0xa0,0xff,0x20,0x20,0xe0,0xff,0x20,0x20,0xe0,0xff,0x00,0x00,0x40,0xff,
    0x00,0x00,0x40,0xff,0x20,0x20,0xe0,0xff,0x60,0x60,0xa0,0xff,0x40,0x40,0xe0,0xff,
    0x00,0x00,0x00,0x00,0x00,0x00,0x00,0x00,0x00,0x00,0x00,0x00,0x00,0x00,0x00,0x00,
    0x00,0x00,0x00,0x00,0x00,0x00,0x00,0x00,0x00,0x00,0x00,0x00,0x00,0x00,0x00,0x00,
    0x00,0x00,0x00,0x00,0x00,0x00,0x00,0x00,0x00,0x00,0x00,0x00,0x00,0x00,0x00,0x00,
    0x00,0x00,0x00,0x00,0x00,0x00,0x00,0x00,0x00,0x00,0x00,0x00,0x00,0x00,0x00,0x00,
    0x00,0x00,0x00,0x00,0x00,0x00,0x00,0x00,0x00,0x00,0x00,0x00,0x00,0x00,0x00,0x00,
    0x00,0x00,0x00,0x00,0x00,0x00,0x00,0x00,0x00,0x00,0x00,0x00,0x00,0x00,0x00,0x00,
    0x00,0x00,0x40,0xff,0x00,0x00,0x40,0xff,0x00,0x00,0x40,0xff,0x20,0x00,0xa0,0xff,
    0x60,0x60,0xa0,0xff,0x40,0x40,0xe0,0xff,0x20,0x20,0xe0,0xff,0x20,0x20,0xe0,0xff,
    0x20,0x20,0xe0,0xff,0x00,0x00,0x40,0xff,0x20,0x00,0xa0,0xff,0x20,0x00,0xa0,0xff,
    0x20,0x20,0xe0,0xff,0x20,0x20,0xe0,0xff,0x40,0x40,0xe0,0xff,0x40,0x40,0xe0,0xff,
    0x20,0x20,0xe0,0xff,0x20,0x20,0xe0,0xff,0x00,0x00,0x40,0xff,0x20,0x00,0xa0,0xff,
    0x20,0x00,0xa0,0xff,0x40,0x40,0xe0,0xff,0x60,0x60,0xa0,0xff,0x00,0x00,0x40,0xff,
    0x00,0x00,0x00,0x00,0x00,0x00,0x00,0x00,0x00,0x00,0x00,0x00,0x00,0x00,0x00,0x00,
    0x00,0x00,0x00,0x00,0x00,0x00,0x00,0x00,0x00,0x00,0x00,0x00,0x00,0x00,0x00,0x00,
    0x00,0x00,0x00,0x00,0x00,0x00,0x00,0x00,0x00,0x00,0x00,0x00,0x00,0x00,0x00,0x00,
    0x00,0x00,0x00,0x00,0x00,0x00,0x00,0x00,0x00,0x00,0x00,0x00,0x00,0x00,0x00,0x00,
    0x00,0x00,0x00,0x00,0x00,0x00,0x00,0x00,0x00,0x00,0x00,0x00,0x00,0x00,0x00,0x00,
    0x00,0x00,0x00,0x00,0x00,0x00,0x00,0x00,0x00,0x00,0x00,0x00,0x00,0x00,0x00,0x00,
    0x00,0x00,0x00,0x00,0x00,0x00,0x40,0xff,0x00,0x00,0x40,0xff,0x20,0x00,0xa0,0xff,
    0x20,0x20,0xe0,0xff,0x20,0x20,0xe0,0xff,0x40,0x40,0xe0,0xff,0x20,0x20,0xe0,0xff,
    0x00,0x00,0x40,0xff,0x20,0x00,0xa0,0xff,0x20,0x20,0xe0,0xff,0x20,0x20,0xe0,0xff,
    0x20,0x20,0xe0,0xff,0x20,0x20,0xe0,0xff,0x40,0x40,0xe0,0xff,0x20,0x20,0xe0,0xff,
    0x20,0x20,0xe0,0xff,0x20,0x20,0xe0,0xff,0x20,0x20,0xe0,0xff,0x00,0x00,0x40,0xff,
    0x20,0x20,0xe0,0xff,0x40,0x40,0xe0,0xff,0x60,0x60,0xa0,0xff,0x00,0x00,0x40,0xff,
    0x00,0x00,0x00,0x00,0x00,0x00,0x00,0x00,0x00,0x00,0x00,0x00,0x00,0x00,0x00,0x00,
    0x00,0x00,0x00,0x00,0x00,0x00,0x00,0x00,0x00,0x00,0x00,0x00,0x00,0x00,0x00,0x00,
    0x00,0x00,0x00,0x00,0x00,0x00,0x00,0x00,0x00,0x00,0x00,0x00,0x00,0x00,0x00,0x00,
    0x00,0x00,0x00,0x00,0x00,0x00,0x00,0x00,0x00,0x00,0x00,0x00,0x00,0x00,0x00,0x00,
    0x00,0x00,0x00,0x00,0x00,0x00,0x00,0x00,0x00,0x00,0x00,0x00,0x00,0x00,0x00,0x00,
    0x00,0x00,0x00,0x00,0x00,0x00,0x00,0x00,0x00,0x00,0x00,0x00,0x00,0x00,0x40,0xff,
    0x20,0x20,0xe0,0xff,0x00,0x00,0x40,0xff,0x00,0x00,0x40,0xff,0x00,0x00,0x40,0xff,
    0x00,0x00,0x40,0xff,0x20,0x00,0xa0,0xff,0x20,0x00,0xa0,0xff,0x20,0x20,0xe0,0xff,
    0x20,0x20,0xe0,0xff,0x20,0x20,0xe0,0xff,0x20,0x20,0xe0,0xff,0x20,0x20,0xe0,0xff,
    0x20,0x20,0xe0,0xff,0x20,0x20,0xe0,0xff,0x20,0x20,0xe0,0xff,0x20,0x20,0xe0,0xff,
    0x20,0x00,0xa0,0xff,0x20,0x00,0xa0,0xff,0x00,0x00,0x40,0xff,0x00,0x00,0x40,0xff,
    0x00,0x00,0x40,0xff,0x00,0x00,0x40,0xff,0x20,0x20,0xe0,0xff,0x00,0x00,0x40,0xff,
    0x00,0x00,0x00,0x00,0x00,0x00,0x00,0x00,0x00,0x00,0x00,0x00,0x00,0x00,0x00,0x00,
    0x00,0x00,0x00,0x00,0x00,0x00,0x00,0x00,0x00,0x00,0x00,0x00,0x00,0x00,0x00,0x00,
    0x00,0x00,0x00,0x00,0x00,0x00,0x00,0x00,0x00,0x00,0x00,0x00,0x00,0x00,0x00,0x00,
    0x00,0x00,0x00,0x00,0x00,0x00,0x00,0x00,0x00,0x00,0x00,0x00,0x00,0x00,0x00,0x00,
    0x00,0x00,0x00,0x00,0x00,0x00,0x00,0x00,0x00,0x00,0x00,0x00,0x00,0x00,0x00,0x00,
    0x00,0x00,0x00,0x00,0x00,0x00,0x00,0x00,0x00,0x00,0x00,0x00,0x00,0x00,0x00,0x00,
    0x00,0x00,0x40,0xff,0x60,0x60,0xa0,0xff,0x40,0x40,0xe0,0xff,0x20,0x20,0xe0,0xff,
    0x00,0x00,0x40,0xff,0x20,0x20,0xe0,0xff,0x20,0x20,0xe0,0xff,0x20,0x20,0xe0,0xff,
    0x20,0x20,0xe0,0xff,0x40,0x40,0xe0,0xff,0x20,0x20,0xe0,0xff,0x20,0x20,0xe0,0xff,
    0x20,0x20,0xe0,0xff,0x20,0x20,0xe0,0xff,0x20,0x00,0xa0,0xff,0x00,0x00,0x40,0xff,
    0x20,0x20,0xe0,0xff,0x40,0x40,0xe0,0xff,0x20,0x20,0xe0,0xff,0x20,0x20,0xe0,0xff,
    0x20,0x00,0xa0,0xff,0x00,0x00,0x40,0xff,0x00,0x00,0x40,0xff,0x00,0x00,0x00,0x00,
    0x00,0x00,0x00,0x00,0x00,0x00,0x00,0x00,0x00,0x00,0x00,0x00,0x00,0x00,0x00,0x00,
    0x00,0x00,0x00,0x00,0x00,0x00,0x00,0x00,0x00,0x00,0x00,0x00,0x00,0x00,0x00,0x00,
    0x00,0x00,0x00,0x00,0x00,0x00,0x00,0x00,0x00,0x00,0x00,0x00,0x00,0x00,0x00,0x00,
    0x00,0x00,0x00,0x00,0x00,0x00,0x00,0x00,0x00,0x00,0x00,0x00,0x00,0x00,0x00,0x00,
    0x00,0x00,0x00,0x00,0x00,0x00,0x00,0x00,0x00,0x00,0x00,0x00,0x00,0x00,0x00,0x00,
    0x00,0x00,0x00,0x00,0x00,0x00,0x00,0x00,0x00,0x00,0x00,0x00,0x00,0x00,0x00,0x00,
    0x00,0x00,0x40,0xff,0x60,0x60,0xa0,0xff,0x40,0x40,0xe0,0xff,0x20,0x00,0xa0,0xff,
    0x20,0x00,0xa0,0xff,0x00,0x00,0x40,0xff,0x20,0x20,0xe0,0xff,0x20,0x20,0xe0,0xff,
    0x40,0x40,0xe0,0xff,0x40,0x40,0xe0,0xff,0x20,0x20,0xe0,0xff,0x20,0x20,0xe0,0xff,
    0x20,0x00,0xa0,0xff,0x20,0x00,0xa0,0xff,0x00,0x00,0x40,0xff,0x20,0x20,0xe0,0xff,
    0x20,0x20,0xe0,0xff,0x20,0x20,0xe0,0xff,0x40,0x40,0xe0,0xff,0x60,0x60,0xa0,0xff,
    0x20,0x00,0xa0,0xff,0x00,0x00,0x40,0xff,0x00,0x00,0x40,0xff,0x00,0x00,0x40,0xff,
    0x00,0x00,0x00,0x00,0x00,0x00,0x00,0x00,0x00,0x00,0x00,0x00,0x00,0x00,0x00,0x00,
    0x00,0x00,0x00,0x00,0x00,0x00,0x00,0x00,0x00,0x00,0x00,0x00,0x00,0x00,0x00,0x00,
    0x00,0x00,0x00,0x00,0x00,0x00,0x00,0x00,0x00,0x00,0x00,0x00,0x00,0x00,0x00,0x00,
    0x00,0x00,0x00,0x00,0x00,0x00,0x00,0x00,0x00,0x00,0x00,0x00,0x00,0x00,0x00,0x00,
    0x00,0x00,0x00,0x00,0x00,0x00,0x00,0x00,0x00,0x00,0x00,0x00,0x00,0x00,0x00,0x00,
    0x00,0x00,0x00,0x00,0x00,0x00,0x00,0x00,0x40,0x40,0xe0,0xff,0x60,0x60,0xa0,0xff,
    0x20,0x20,0xe0,0xff,0x00,0x00,0x40,0xff,0x00,0x00,0x40,0xff,0x20,0x20,0xe0,0xff,
    0x20,0x20,0xe0,0xff,0x60,0x60,0xa0,0xff,0x40,0x40,0xe0,0xff,0x40,0x40,0xe0,0xff,
    0x20,0x20,0xe0,0xff,0x20,0x20,0xe0,0xff,0x20,0x20,0xe0,0xff,0x20,0x00,0xa0,0xff,
    0x00,0x00,0x40,0xff,0x20,0x20,0xe0,0xff,0x20,0x20,0xe0,0xff,0x20,0x20,0xe0,0xff,
    0x20,0x20,0xe0,0xff,0x20,0x20,0xe0,0xff,0x60,0x60,0xa0,0xff,0x20,0x20,0xe0,0xff,
    0x20,0x00,0xa0,0xff,0x00,0x00,0x40,0xff,0x00,0x00,0x40,0xff,0x00,0x00,0x00,0x00,
    0x00,0x00,0x00,0x00,0x00,0x00,0x00,0x00,0x00,0x00,0x00,0x00,0x00,0x00,0x00,0x00,
    0x00,0x00,0x00,0x00,0x00,0x00,0x00,0x00,0x00,0x00,0x00,0x00,0x00,0x00,0x00,0x00,
    0x00,0x00,0x00,0x00,0x00,0x00,0x00,0x00,0x00,0x00,0x00,0x00,0x00,0x00,0x00,0x00,
    0x00,0x00,0x00,0x00,0x00,0x00,0x00,0x00,0x00,0x00,0x00,0x00,0x00,0x00,0x00,0x00,
    0x00,0x00,0x00,0x00,0x00,0x00,0x00,0x00,0x00,0x00,0x00,0x00,0x00,0x00,0x00,0x00,
    0x00,0x00,0x00,0x00,0x00,0x00,0x00,0x00,0x00,0x00,0x00,0x00,0x00,0x00,0x00,0x00,
    0x00,0x00,0x40,0xff,0x60,0x60,0xa0,0xff,0x40,0x40,0xe0,0xff,0x20,0x00,0xa0,0xff,
    0x20,0x00,0xa0,0xff,0x00,0x00,0x40,0xff,0x20,0x20,0xe0,0xff,0x20,0x20,0xe0,0xff,
    0x40,0x40,0xe0,0xff,0x40,0x40,0xe0,0xff,0x20,0x20,0xe0,0xff,0x20,0x20,0xe0,0xff,
    0x20,0x00,0xa0,0xff,0x20,0x00,0xa0,0xff,0x00,0x00,0x40,0xff,0x20,0x20,0xe0,0xff,
    0x20,0x20,0xe0,0xff,0x20,0x20,0xe0,0xff,0x40,0x40,0xe0,0xff,0x60,0x60,0xa0,0xff,
    0x20,0x00,0xa0,0xff,0x00,0x00,0x40,0xff,0x00,0x00,0x40,0xff,0x00,0x00,0x40,0xff,
    0x00,0x00,0x00,0x00,0x00,0x00,0x00,0x00,0x00,0x00,0x00,0x00,0x00,0x00,0x00,0x00,
    0x00,0x00,0x00,0x00,0x00,0x00,0x00,0x00,0x00,0x00,0x00,0x00,0x00,0x00,0x00,0x00,
    0x00,0x00,0x00,0x00,0x00,0x00,0x00,0x00,0x00,0x00,0x00,0x00,0x00,0x00,0x00,0x00,
    0x00,0x00,0x00,0x00,0x00,0x00,0x00,0x00,0x00,0x00,0x00,0x00,0x00,0x00,0x00,0x00,
    0x00,0x00,0x00,0x00,0x00,0x00,0x00,0x00,0x00,0x00,0x00,0x00,0x00,0x00,0x00,0x00,
    0x00,0x00,0x00,0x00,0x00,0x00,0x00,0x00,0x00,0x00,0x00,0x00,0x00,0x00,0x00,0x00,
    0x00,0x00,0x40,0xff,0x60,0x60,0xa0,0xff,0x40,0x40,0xe0,0xff,0x20,0x20,0xe0,0xff,
    0x00,0x00,0x40,0xff,0x20,0x20,0xe0,0xff,0x20,0x20,0xe0,0xff,0x20,0x20,0xe0,0xff,
    0x20,0x20,0xe0,0xff,0x40,0x40,0xe0,0xff,0x20,0x20,0xe0,0xff,0x20,0x20,0xe0,0xff,
    0x20,0x20,0xe0,0xff,0x20,0x20,0xe0,0xff,0x20,0x00,0xa0,0xff,0x00,0x00,0x40,0xff,
    0x20,0x20,0xe0,0xff,0x40,0x40,0xe0,0xff,0x20,0x20,0xe0,0xff,0x20,0x20,0xe0,0xff,
    0x20,0x00,0xa0,0xff,0x00,0x00,0x40,0xff,0x00,0x00,0x40,0xff,0x00,0x00,0x00,0x00,
    0x00,0x00,0x00,0x00,0x00,0x00,0x00,0x00,0x00,0x00,0x00,0x00,0x00,0x00,0x00,0x00,
    0x00,0x00,0x00,0x00,0x00,0x00,0x00,0x00,0x00,0x00,0x00,0x00,0x00,0x00,0x00,0x00,
    0x00,0x00,0x00,0x00,0x00,0x00,0x00,0x00,0x00,0x00,0x00,0x00,0x00,0x00,0x00,0x00,
    0x00,0x00,0x00,0x00,0x00,0x00,0x00,0x00,0x00,0x00,0x00,0x00,0x00,0x00,0x00,0x00,
    0x00,0x00,0x00,0x00,0x00,0x00,0x00,0x00,0x00,0x00,0x00,0x00,0x00,0x00,0x00,0x00,
    0x00,0x00,0x00,0x00,0x00,0x00,0x00,0x00,0x00,0x00,0x00,0x00,0x00,0x00,0x00,0x00,
    0x00,0x00,0x00,0x00,0x00,0x00,0x00,0x00,0x00,0x00,0x00,0x00,0x00,0x00,0x00,0x00,
    0x00,0x00,0x00,0x00,0x00,0x00,0x00,0x00,0x00,0x00,0x00,0x00,0x00,0x00,0x00,0x00,
    0x00,0x00,0x00,0x00,0x00,0x00,0x00,0x00,0x00,0x00,0x00,0x00,0x00,0x00,0x00,0x00,
    0x00,0x00,0x00,0x00,0x00,0x00,0x00,0x00,0x00,0x00,0x00,0x00,0x00,0x00,0x00,0x00,
    0x00,0x00,0x00,0x00,0x00,0x00,0x00,0x00,0x00,0x00,0x00,0x00,0x00,0x00,0x00,0x00,
    0x00,0x00,0x00,0x00,0x00,0x00,0x00,0x00,0x00,0x00,0x00,0x00,0x00,0x00,0x00,0x00,
    0x00,0x00,0x00,0x00,0x00,0x00,0x00,0x00,0x00,0x00,0x00,0x00,0x00,0x00,0x00,0x00,
    0x00,0x00,0x00,0x00,0x00,0x00,0x00,0x00,0x00,0x00,0x00,0x00,0x00,0x00,0x00,0x00,
    0x00,0x00,0x00,0x00,0x00,0x00,0x00,0x00,0x00,0x00,0x00,0x00,0x00,0x00,0x00,0x00,
    0x00,0x00,0x00,0x00,0x00,0x00,0x00,0x00,0x00,0x00,0x00,0x00,0x00,0x00,0x00,0x00,
    0x00,0x00,0x00,0x00,0x00,0x00,0x00,0x00,0x00,0x00,0x00,0x00,0x00,0x00,0x00,0x00,
    0x00,0x00,0x00,0x00,0x00,0x00,0x00,0x00,0x00,0x00,0x00,0x00,0x00,0x00,0x00,0x00,
    0x00,0x00,0x00,0x00,0x00,0x00,0x00,0x00,0x00,0x00,0x00,0x00,0x00,0x00,0x00,0x00,
    0x00,0x00,0x00,0x00,0x00,0x00,0x00,0x00,0x00,0x00,0x00,0x00,0x00,0x00,0x00,0x00,
    0x00,0x00,0x00,0x00,0x00,0x00,0x00,0x00,0x00,0x00,0x00,0x00,0x00,0x00,0x00,0x00,
    0x00,0x00,0x00,0x00,0x00,0x00,0x00,0x00,0x00,0x00,0x00,0x00,0x00,0x00,0x00,0x00,
    0x00,0x00,0x00,0x00,0x00,0x00,0x00,0x00,0x00,0x00,0x00,0x00,0x00,0x00,0x00,0x00,
    0x00,0x00,0x00,0x00,0x00,0x00,0x00,0x00,0x00,0x00,0x00,0x00,0x00,0x00,0x00,0x00,
    0x00,0x00,0x00,0x00,0x00,0x00,0x00,0x00,0x00,0x00,0x00,0x00,0x00,0x00,0x00,0x00,
    0x00,0x00,0x00,0x00,0x00,0x00,0x00,0x00,0x00,0x00,0x00,0x00,0x00,0x00,0x00,0x00,
    0x00,0x00,0x00,0x00,0x00,0x00,0x00,0x00,0x00,0x00,0x00,0x00,0x00,0x00,0x00,0x00,
    0x00,0x00,0x00,0x00,0x00,0x00,0x00,0x00,0x00,0x00,0x00,0x00,0x00,0x00,0x00,0x00,
    0x00,0x00,0x00,0x00,0x00,0x00,0x00,0x00,0x00,0x00,0x00,0x00,0x00,0x00,0x00,0x00,
    0x00,0x00,0x00,0x00,0x00,0x00,0x00,0x00,0x00,0x00,0x00,0x00,0x00,0x00,0x00,0x00,
    0x00,0x00,0x00,0x00,0x00,0x00,0x00,0x00,0x00,0x00,0x00,0x00,0x00,0x00,0x00,0x00,
    0x00,0x00,0x00,0x00,0x00,0x00,0x00,0x00,0x00,0x00,0x00,0x00,0x00,0x00,0x00,0x00,
    0x00,0x00,0x00,0x00,0x00,0x00,0x00,0x00,0x00,0x00,0x00,0x00,0x00,0x00,0x00,0x00,
    0x00,0x00,0x00,0x00,0x00,0x00,0x00,0x00,0x00,0x00,0x00,0x00,0x00,0x00,0x00,0x00,
    0x00,0x00,0x00,0x00,0x00,0x00,0x00,0x00,0x00,0x00,0x00,0x00,0x00,0x00,0x00,0x00,
    0x00,0x00,0x00,0x00,0x00,0x00,0x00,0x00,0x00,0x00,0x00,0x00,0x00,0x00,0x00,0x00,
    0x00,0x00,0x00,0x00,0x00,0x00,0x00,0x00,0x00,0x00,0x00,0x00,0x00,0x00,0x00,0x00,
    0x00,0x00,0x00,0x00,0x00,0x00,0x00,0x00,0x00,0x00,0x00,0x00,0x00,0x00,0x00,0x00,
    0x00,0x00,0x00,0x00,0x00,0x00,0x00,0x00,0x00,0x00,0x00,0x00,0x00,0x00,0x00,0x00,
    0x00,0x00,0x00,0x00,0x00,0x00,0x00,0x00,0x00,0x00,0x00,0x00,0x00,0x00,0x00,0x00,
    0x00,0x00,0x00,0x00,0x00,0x00,0x00,0x00,0x00,0x00,0x00,0x00,0x00,0x00,0x00,0x00,
    0x00,0x00,0x00,0x00,0x00,0x00,0x00,0x00,0x00,0x00,0x00,0x00,0x00,0x00,0x40,0xff,
    0x20,0x20,0xe0,0xff,0x60,0x60,0xa0,0xff,0x20,0x20,0xe0,0xff,0x20,0x20,0xe0,0xff,
    0x00,0x00,0x40,0xff,0x00,0x00,0x00,0x00,0x00,0x00,0x00,0x00,0x00,0x00,0x00,0x00,
    0x00,0x00,0x00,0x00,0x00,0x00,0x00,0x00,0x00,0x00,0x00,0x00,0x00,0x00,0x00,0x00,
    0x00,0x00,0x00,0x00,0x00,0x00,0x00,0x00,0x00,0x00,0x00,0x00,0x00,0x00,0x00,0x00,
    0x00,0x00,0x00,0x00,0x00,0x00,0x00,0x00,0x00,0x00,0x00,0x00,0x00,0x00,0x00,0x00,
    0x00,0x00,0x40,0xff,0x20,0x20,0xe0,0xff,0x20,0x20,0xe0,0xff,0x60,0x60,0xa0,0xff,
    0x20,0x20,0xe0,0xff,0x00,0x00,0x40,0xff,0x00,0x00,0x00,0x00,0x00,0x00,0x00,0x00,
    0x00,0x00,0x00,0x00,0x00,0x00,0x00,0x00,0x00,0x00,0x00,0x00,0x00,0x00,0x00,0x00,
    0x00,0x00,0x00,0x00,0x00,0x00,0x00,0x00,0x00,0x00,0x00,0x00,0x00,0x00,0x00,0x00,
    0x00,0x00,0x00,0x00,0x00,0x00,0x00,0x00,0x00,0x00,0x00,0x00,0x00,0x00,0x00,0x00,
    0x00,0x00,0x00,0x00,0x00,0x00,0x00,0x00,0x00,0x00,0x00,0x00,0x00,0x00,0x00,0x00,
    0x00,0x00,0x00,0x00,0x00,0x00,0x00,0x00,0x00,0x00,0x00,0x00,0x00,0x00,0x00,0x00,
    0x00,0x00,0x40,0xff,0x00,0x00,0x40,0xff,0x00,0x00,0x40,0xff,0x20,0x00,0xa0,0xff,
    0x00,0x00,0x40,0xff,0x20,0x00,0xa0,0xff,0x20,0x00,0xa0,0xff,0x20,0x20,0xe0,0xff,
    0x20,0x20,0xe0,0xff,0x20,0x20,0xe0,0xff,0x20,0x20,0xe0,0xff,0x20,0x20,0xe0,0xff,
    0x20,0x20,0xe0,0xff,0x20,0x20,0xe0,0xff,0x20,0x20,0xe0,0xff,0x20,0x20,0xe0,0xff,
    0x20,0x00,0xa0,0xff,0x20,0x00,0xa0,0xff,0x00,0x00,0x40,0xff,0x20,0x00,0xa0,0xff,
    0x00,0x00,0x40,0xff,0x00,0x00,0x40,0xff,0x00,0x00,0x40,0xff,0x00,0x00,0x00,0x00,
    0x00,0x00,0x00,0x00,0x00,0x00,0x00,0x00,0x00,0x00,0x00,0x00,0x00,0x00,0x00,0x00,
    0x00,0x00,0x00,0x00,0x00,0x00,0x00,0x00,0x00,0x00,0x00,0x00,0x00,0x00,0x00,0x00,
    0x00,0x00,0x00,0x00,0x00,0x00,0x00,0x00,0x00,0x00,0x00,0x00,0x00,0x00,0x00,0x00,
    0x00,0x00,0x00,0x00,0x00,0x00,0x00,0x00,0x00,0x00,0x00,0x00,0x00,0x00,0x00,0x00,
    0x00,0x00,0x00,0x00,0x00,0x00,0x00,0x00,0x00,0x00,0x00,0x00,0x00,0x00,0x00,0x00,
    0x00,0x00,0x00,0x00,0x00,0x00,0x00,0x00,0x00,0x00,0x00,0x00,0x00,0x00,0x00,0x00,
    0x00,0x00,0x40,0xff,0x00,0x00,0x40,0xff,0x00,0x00,0x40,0xff,0x20,0x00,0xa0,0xff,
    0x00,0x00,0x40,0xff,0x20,0x00,0xa0,0xff,0x20,0x00,0xa0,0xff,0x20,0x20,0xe0,0xff,
    0x20,0x20,0xe0,0xff,0x20,0x20,0xe0,0xff,0x20,0x20,0xe0,0xff,0x20,0x20,0xe0,0xff,
    0x20,0x20,0xe0,0xff,0x20,0x20,0xe0,0xff,0x20,0x20,0xe0,0xff,0x20,0x20,0xe0,0xff,
    0x20,0x00,0xa0,0xff,0x20,0x00,0xa0,0xff,0x00,0x00,0x40,0xff,0x20,0x00,0xa0,0xff,
    0x00,0x00,0x40,0xff,0x00,0x00,0x40,0xff,0x00,0x00,0x40,0xff,0x00,0x00,0x00,0x00,
    0x00,0x00,0x00,0x00,0x00,0x00,0x00,0x00,0x00,0x00,0x00,0x00,0x00,0x00,0x00,0x00,
    0x00,0x00,0x00,0x00,0x00,0x00,0x00,0x00,0x00,0x00,0x00,0x00,0x00,0x00,0x00,0x00,
    0x00,0x00,0x00,0x00,0x00,0x00,0x00,0x00,0x00,0x00,0x00,0x00,0x00,0x00,0x00,0x00,
    0x00,0x00,0x00,0x00,0x00,0x00,0x00,0x00,0x00,0x00,0x00,0x00,0x00,0x00,0x00,0x00,
    0x00,0x00,0x00,0x00,0x00,0x00,0x00,0x00,0x00,0x00,0x00,0x00,0x00,0x00,0x00,0x00,
    0x00,0x00,0x00,0x00,0x00,0x00,0x00,0x00,0x00,0x00,0x00,0x00,0x00,0x00,0x00,0x00,
    0x00,0x00,0x40,0xff,0x00,0x00,0x40,0xff,0x00,0x00,0x40,0xff,0x20,0x00,0xa0,0xff,
    0x60,0x60,0xa0,0xff,0x40,0x40,0xe0,0xff,0x20,0x20,0xe0,0xff,0x20,0x20,0xe0,0xff,
    0x20,0x20,0xe0,0xff,0x00,0x00,0x40,0xff,0x20,0x00,0xa0,0xff,0x20,0x00,0xa0,0xff,
    0x20,0x20,0xe0,0xff,0x20,0x20,0xe0,0xff,0x40,0x40,0xe0,0xff,0x60,0x60,0xa0,0xff,
    0x20,0x20,0xe0,0xff,0x20,0x20,0xe0,0xff,0x00,0x00,0x40,0xff,0x20,0x00,0xa0,0xff,
    0x20,0x00,0xa0,0xff,0x20,0x20,0xe0,0xff,0x40,0x40,0xe0,0xff,0x60,0x60,0xa0,0xff,
    0x00,0x00,0x00,0x00,0x00,0x00,0x00,0x00,0x00,0x00,0x00,0x00,0x00,0x00,0x00,0x00,
    0x00,0x00,0x00,0x00,0x00,0x00,0x00,0x00,0x00,0x00,0x00,0x00,0x00,0x00,0x00,0x00,
    0x00,0x00,0x00,0x00,0x00,0x00,0x00,0x00,0x00,0x00,0x00,0x00,0x00,0x00,0x00,0x00,
    0x00,0x00,0x00,0x00,0x00,0x00,0x00,0x00,0x00,0x00,0x00,0x00,0x00,0x00,0x00,0x00,
    0x00,0x00,0x00,0x00,0x00,0x00,0x00,0x00,0x00,0x00,0x00,0x00,0x00,0x00,0x00,0x00,
    0x00,0x00,0x00,0x00,0x00,0x00,0x00,0x00,0x00,0x00,0x00,0x00,0x00,0x00,0x40,0xff,
    0x00,0x00,0x40,0xff,0x20,0x00,0xa0,0xff,0x20,0x20,0xe0,0xff,0x60,0x60,0xa0,0xff,
    0x20,0x20,0xe0,0xff,0x20,0x20,0xe0,0xff,0x20,0x20,0xe0,0xff,0x20,0x20,0xe0,0xff,
    0x20,0x20,0xe0,0xff,0x00,0x00,0x40,0xff,0x20,0x00,0xa0,0xff,0x20,0x00,0xa0,0xff,
    0x20,0x00,0xa0,0xff,0x20,0x20,0xe0,0xff,0x20,0x20,0xe0,0xff,0x40,0x40,0xe0,0xff,
    0xe0,0xe0,0xe0,0xff,0x20,0x20,0xe0,0xff,0x20,0x20,0xe0,0xff,0x00,0x00,0x40,0xff,
    0x00,0x00,0x40,0xff,0x20,0x20,0xe0,0xff,0x40,0x40,0xe0,0xff,0xe0,0xe0,0xe0,0xff,
    0x00,0x00,0x40,0xff,0x00,0x00,0x00,0x00,0x00,0x00,0x00,0x00,0x00,0x00,0x00,0x00,
    0x00,0x00,0x00,0x00,0x00,0x00,0x00,0x00,0x00,0x00,0x00,0x00,0x00,0x00,0x00,0x00,
    0x00,0x00,0x00,0x00,0x00,0x00,0x00,0x00,0x00,0x00,0x00,0x00,0x00,0x00,0x00,0x00,
    0x00,0x00,0x00,0x00,0x00,0x00,0x00,0x00,0x00,0x00,0x00,0x00,0x00,0x00,0x00,0x00,
    0x00,0x00,0x00,0x00,0x00,0x00,0x00,0x00,0x00,0x00,0x00,0x00,0x00,0x00,0x00,0x00,
    0x00,0x00,0x00,0x00,0x00,0x00,0x00,0x00,0x00,0x00,0x00,0x00,0x00,0x00,0x00,0x00,
    0x00,0x00,0x40,0xff,0x00,0x00,0x40,0xff,0x00,0x00,0x40,0xff,0x20,0x00,0xa0,0xff,
    0x60,0x60,0xa0,0xff,0x40,0x40,0xe0,0xff,0x20,0x20,0xe0,0xff,0x20,0x20,0xe0,0xff,
    0x20,0x20,0xe0,0xff,0x00,0x00,0x40,0xff,0x20,0x00,0xa0,0xff,0x20,0x00,0xa0,0xff,
    0x20,0x20,0xe0,0xff,0x20,0x20,0xe0,0xff,0x40,0x40,0xe0,0xff,0x60,0x60,0xa0,0xff,
    0x20,0x20,0xe0,0xff,0x20,0x20,0xe0,0xff,0x00,0x00,0x40,0xff,0x20,0x00,0xa0,0xff,
    0x20,0x00,0xa0,0xff,0x20,0x20,0xe0,0xff,0x40,0x40,0xe0,0xff,0x60,0x60,0xa0,0xff,
    0x00,0x00,0x00,0x00,0x00,0x00,0x00,0x00,0x00,0x00,0x00,0x00,0x00,0x00,0x00,0x00,
    0x00,0x00,0x00,0x00,0x00,0x00,0x00,0x00,0x00,0x00,0x00,0x00,0x00,0x00,0x00,0x00,
    0x00,0x00,0x00,0x00,0x00,0x00,0x00,0x00,0x00,0x00,0x00,0x00,0x00,0x00,0x00,0x00,
    0x00,0x00,0x00,0x00,0x00,0x00,0x00,0x00,0x00,0x00,0x00,0x00,0x00,0x00,0x00,0x00,
    0x00,0x00,0x00,0x00,0x00,0x00,0x00,0x00,0x00,0x00,0x00,0x00,0x00,0x00,0x00,0x00,
    0x00,0x00,0x00,0x00,0x00,0x00,0x00,0x00,0x00,0x00,0x00,0x00,0x00,0x00,0x00,0x00,
    0x00,0x00,0x00,0x00,0x00,0x00,0x40,0xff,0x00,0x00,0x40,0xff,0x20,0x00,0xa0,0xff,
    0x20,0x20,0xe0,0xff,0x60,0x60,0xa0,0xff,0x20,0x20,0xe0,0xff,0x20,0x20,0xe0,0xff,
    0x20,0x20,0xe0,0xff,0x00,0x00,0x40,0xff,0x20,0x00,0xa0,0xff,0x20,0x20,0xe0,0xff,
    0x20,0x20,0xe0,0xff,0x20,0x20,0xe0,0xff,0x40,0x40,0xe0,0xff,0x40,0x40,0xe0,0xff,
    0x20,0x20,0xe0,0xff,0x20,0x20,0xe0,0xff,0x00,0x00,0x40,0xff,0x20,0x20,0xe0,0xff,
    0x20,0x20,0xe0,0xff,0x40,0x40,0xe0,0xff,0x60,0x60,0xa0,0xff,0x00,0x00,0x40,0xff,
    0x00,0x00,0x00,0x00,0x00,0x00,0x00,0x00,0x00,0x00,0x00,0x00,0x00,0x00,0x00,0x00,
    0x00,0x00,0x00,0x00,0x00,0x00,0x00,0x00,0x00,0x00,0x00,0x00,0x00,0x00,0x00,0x00,
    0x00,0x00,0x00,0x00,0x00,0x00,0x00,0x00,0x00,0x00,0x00,0x00,0x00,0x00,0x00,0x00,
    0x00,0x00,0x00,0x00,0x00,0x00,0x00,0x00,0x00,0x00,0x00,0x00,0x00,0x00,0x00,0x00,
    0x00,0x00,0x00,0x00,0x00,0x00,0x00,0x00,0x00,0x00,0x00,0x00,0x00,0x00,0x00,0x00,
    0x00,0x00,0x00,0x00,0x00,0x00,0x00,0x00,0x00,0x00,0x00,0x00,0x00,0x00,0x00,0x00,
    0x00,0x00,0x40,0xff,0x00,0x00,0x40,0xff,0x00,0x00,0x40,0xff,0x20,0x00,0xa0,0xff,
    0x00,0x00,0x40,0xff,0x20,0x00,0xa0,0xff,0x20,0x00,0xa0,0xff,0x20,0x20,0xe0,0xff,
    0x20,0x20,0xe0,0xff,0x20,0x20,0xe0,0xff,0x20,0x20,0xe0,0xff,0x20,0x20,0xe0,0xff,
    0x20,0x20,0xe0,0xff,0x20,0x20,0xe0,0xff,0x20,0x20,0xe0,0xff,0x20,0x20,0xe0,0xff,
    0x20,0x00,0xa0,0xff,0x20,0x00,0xa0,0xff,0x00,0x00,0x40,0xff,0x20,0x00,0xa0,0xff,
    0x00,0x00,0x40,0xff,0x00,0x00,0x40,0xff,0x00,0x00,0x40,0xff,0x00,0x00,0x00,0x00,
    0x00,0x00,0x00,0x00,0x00,0x00,0x00,0x00,0x00,0x00,0x00,0x00,0x00,0x00,0x00,0x00,
    0x00,0x00,0x00,0x00,0x00,0x00,0x00,0x00,0x00,0x00,0x00,0x00,0x00,0x00,0x00,0x00,
    0x00,0x00,0x00,0x00,0x00,0x00,0x00,0x00,0x00,0x00,0x00,0x00,0x00,0x00,0x00,0x00,
    0x00,0x00,0x00,0x00,0x00,0x00,0x00,0x00,0x00,0x00,0x00,0x00,0x00,0x00,0x00,0x00,
    0x00,0x00,0x00,0x00,0x00,0x00,0x00,0x00,0x00,0x00,0x00,0x00,0x00,0x00,0x00,0x00,
    0x00,0x00,0x00,0x00,0x00,0x00,0x00,0x00,0x00,0x00,0x00,0x00,0x00,0x00,0x00,0x00,
    0x00,0x00,0x40,0xff,0x60,0x60,0xa0,0xff,0x40,0x40,0xe0,0xff,0x20,0x20,0xe0,0xff,
    0x20,0x20,0xe0,0xff,0x00,0x00,0x40,0xff,0x20,0x20,0xe0,0xff,0x20,0x20,0xe0,0xff,
    0x40,0x40,0xe0,0xff,0x40,0x40,0xe0,0xff,0x20,0x20,0xe0,0xff,0x20,0x20,0xe0,0xff,
    0x20,0x20,0xe0,0xff,0x20,0x00,0xa0,0xff,0x00,0x00,0x40,0xff,0x20,0x20,0xe0,0xff,
    0x20,0x20,0xe0,0xff,0x20,0x20,0xe0,0xff,0x60,0x60,0xa0,0xff,0x20,0x20,0xe0,0xff,
    0x20,0x00,0xa0,0xff,0x00,0x00,0x40,0xff,0x00,0x00,0x40,0xff,0x00,0x00,0x00,0x00,
    0x00,0x00,0x00,0x00,0x00,0x00,0x00,0x00,0x00,0x00,0x00,0x00,0x00,0x00,0x00,0x00,
    0x00,0x00,0x00,0x00,0x00,0x00,0x00,0x00,0x00,0x00,0x00,0x00,0x00,0x00,0x00,0x00,
    0x00,0x00,0x00,0x00,0x00,0x00,0x00,0x00,0x00,0x00,0x00,0x00,0x00,0x00,0x00,0x00,
    0x00,0x00,0x00,0x00,0x00,0x00,0x00,0x00,0x00,0x00,0x00,0x00,0x00,0x00,0x00,0x00,
    0x00,0x00,0x00,0x00,0x00,0x00,0x00,0x00,0x00,0x00,0x00,0x00,0x00,0x00,0x00,0x00,
    0x00,0x00,0x00,0x00,0x00,0x00,0x00,0x00,0x00,0x00,0x00,0x00,0x00,0x00,0x00,0x00,
    0x60,0x60,0xa0,0xff,0x40,0x40,0xe0,0xff,0x20,0x20,0xe0,0xff,0x20,0x00,0xa0,0xff,
    0x20,0x00,0xa0,0xff,0x00,0x00,0x40,0xff,0x20,0x20,0xe0,0xff,0x20,0x20,0xe0,0xff,
    0x60,0x60,0xa0,0xff,0x40,0x40,0xe0,0xff,0x20,0x20,0xe0,0xff,0x20,0x20,0xe0,0xff,
    0x20,0x00,0xa0,0xff,0x20,0x00,0xa0,0xff,0x00,0x00,0x40,0xff,0x20,0x20,0xe0,0xff,
    0x20,0x20,0xe0,0xff,0x20,0x20,0xe0,0xff,0x40,0x40,0xe0,0xff,0x60,0x60,0xa0,0xff,
    0x20,0x00,0xa0,0xff,0x00,0x00,0x40,0xff,0x00,0x00,0x40,0xff,0x00,0x00,0x40,0xff,
    0x00,0x00,0x00,0x00,0x00,0x00,0x00,0x00,0x00,0x00,0x00,0x00,0x00,0x00,0x00,0x00,
    0x00,0x00,0x00,0x00,0x00,0x00,0x00,0x00,0x00,0x00,0x00,0x00,0x00,0x00,0x00,0x00,
    0x00,0x00,0x00,0x00,0x00,0x00,0x00,0x00,0x00,0x00,0x00,0x00,0x00,0x00,0x00,0x00,
    0x00,0x00,0x00,0x00,0x00,0x00,0x00,0x00,0x00,0x00,0x00,0x00,0x00,0x00,0x00,0x00,
    0x00,0x00,0x00,0x00,0x00,0x00,0x00,0x00,0x00,0x00,0x00,0x00,0x00,0x00,0x00,0x00,
    0x00,0x00,0x00,0x00,0x00,0x00,0x40,0xff,0xe0,0xe0,0xe0,0xff,0x40,0x40,0xe0,0xff,
    0x20,0x20,0xe0,0xff,0x00,0x00,0x40,0xff,0x00,0x00,0x40,0xff,0x20,0x20,0xe0,0xff,
    0x20,0x20,0xe0,0xff,0xe0,0xe0,0xe0,0xff,0x40,0x40,0xe0,0xff,0x20,0x20,0xe0,0xff,
    0x20,0x20,0xe0,0xff,0x20,0x00,0xa0,0xff,0x20,0x00,0xa0,0xff,0x20,0x00,0xa0,0xff,
    0x00,0x00,0x40,0xff,0x20,0x20,0xe0,0xff,0x20,0x20,0xe0,0xff,0x20,0x20,0xe0,0xff,
    0x20,0x20,0xe0,0xff,0x20,0x20,0xe0,0xff,0x60,0x60,0xa0,0xff,0x20,0x20,0xe0,0xff,
    0x20,0x00,0xa0,0xff,0x00,0x00,0x40,0xff,0x00,0x00,0x40,0xff,0x00,0x00,0x00,0x00,
    0x00,0x00,0x00,0x00,0x00,0x00,0x00,0x00,0x00,0x00,0x00,0x00,0x00,0x00,0x00,0x00,
    0x00,0x00,0x00,0x00,0x00,0x00,0x00,0x00,0x00,0x00,0x00,0x00,0x00,0x00,0x00,0x00,
    0x00,0x00,0x00,0x00,0x00,0x00,0x00,0x00,0x00,0x00,0x00,0x00,0x00,0x00,0x00,0x00,
    0x00,0x00,0x00,0x00,0x00,0x00,0x00,0x00,0x00,0x00,0x00,0x00,0x00,0x00,0x00,0x00,
    0x00,0x00,0x00,0x00,0x00,0x00,0x00,0x00,0x00,0x00,0x00,0x00,0x00,0x00,0x00,0x00,
    0x00,0x00,0x00,0x00,0x00,0x00,0x00,0x00,0x00,0x00,0x00,0x00,0x00,0x00,0x00,0x00,
    0x60,0x60,0xa0,0xff,0x40,0x40,0xe0,0xff,0x20,0x20,0xe0,0xff,0x20,0x00,0xa0,0xff,
    0x20,0x00,0xa0,0xff,0x00,0x00,0x40,0xff,0x20,0x20,0xe0,0xff,0x20,0x20,0xe0,0xff,
    0x60,0x60,0xa0,0xff,0x40,0x40,0xe0,0xff,0x20,0x20,0xe0,0xff,0x20,0x20,0xe0,0xff,
    0x20,0x00,0xa0,0xff,0x20,0x00,0xa0,0xff,0x00,0x00,0x40,0xff,0x20,0x20,0xe0,0xff,
    0x20,0x20,0xe0,0xff,0x20,0x20,0xe0,0xff,0x40,0x40,0xe0,0xff,0x60,0x60,0xa0,0xff,
    0x20,0x00,0xa0,0xff,0x00,0x00,0x40,0xff,0x00,0x00,0x40,0xff,0x00,0x00,0x40,0xff,
    0x00,0x00,0x00,0x00,0x00,0x00,0x00,0x00,0x00,0x00,0x00,0x00,0x00,0x00,0x00,0x00,
    0x00,0x00,0x00,0x00,0x00,0x00,0x00,0x00,0x00,0x00,0x00,0x00,0x00,0x00,0x00,0x00,
    0x00,0x00,0x00,0x00,0x00,0x00,0x00,0x00,0x00,0x00,0x00,0x00,0x00,0x00,0x00,0x00,
    0x00,0x00,0x00,0x00,0x00,0x00,0x00,0x00,0x00,0x00,0x00,0x00,0x00,0x00,0x00,0x00,
    0x00,0x00,0x00,0x00,0x00,0x00,0x00,0x00,0x00,0x00,0x00,0x00,0x00,0x00,0x00,0x00,
    0x00,0x00,0x00,0x00,0x00,0x00,0x00,0x00,0x00,0x00,0x00,0x00,0x00,0x00,0x00,0x00,
    0x00,0x00,0x40,0xff,0x60,0x60,0xa0,0xff,0x40,0x40,0xe0,0xff,0x20,0x20,0xe0,0xff,
    0x20,0x20,0xe0,0xff,0x00,0x00,0x40,0xff,0x20,0x20,0xe0,0xff,0x20,0x20,0xe0,0xff,
    0x40,0x40,0xe0,0xff,0x40,0x40,0xe0,0xff,0x20,0x20,0xe0,0xff,0x20,0x20,0xe0,0xff,
    0x20,0x20,0xe0,0xff,0x20,0x00,0xa0,0xff,0x00,0x00,0x40,0xff,0x20,0x20,0xe0,0xff,
    0x20,0x20,0xe0,0xff,0x20,0x20,0xe0,0xff,0x60,0x60,0xa0,0xff,0x20,0x20,0xe0,0xff,
    0x20,0x00,0xa0,0xff,0x00,0x00,0x40,0xff,0x00,0x00,0x40,0xff,0x00,0x00,0x00,0x00,
    0x00,0x00,0x00,0x00,0x00,0x00,0x00,0x00,0x00,0x00,0x00,0x00,0x00,0x00,0x00,0x00,
    0x00,0x00,0x00,0x00,0x00,0x00,0x00,0x00,0x00,0x00,0x00,0x00,0x00,0x00,0x00,0x00,
    0x00,0x00,0x00,0x00,0x00,0x00,0x00,0x00,0x00,0x00,0x00,0x00,0x00,0x00,0x00,0x00,
    0x00,0x00,0x00,0x00,0x00,0x00,0x00,0x00,0x00,0x00,0x00,0x00,0x00,0x00,0x00,0x00,
    0x00,0x00,0x00,0x00,0x00,0x00,0x00,0x00,0x00,0x00,0x00,0x00,0x00,0x00,0x00,0x00,
    0x00,0x00,0x00,0x00,0x00,0x00,0x00,0x00,0x00,0x00,0x00,0x00,0x00,0x00,0x00,0x00,
    0x00,0x00,0x00,0x00,0x00,0x00,0x00,0x00,0x00,0x00,0x00,0x00,0x00,0x00,0x00,0x00,
    0x00,0x00,0x00,0x00,0x00,0x00,0x00,0x00,0x00,0x00,0x00,0x00,0x00,0x00,0x00,0x00,
    0x00,0x00,0x00,0x00,0x00,0x00,0x00,0x00,0x00,0x00,0x00,0x00,0x00,0x00,0x00,0x00,
    0x00,0x00,0x00,0x00,0x00,0x00,0x00,0x00,0x00,0x00,0x00,0x00,0x00,0x00,0x00,0x00,
    0x00,0x00,0x00,0x00,0x00,0x00,0x00,0x00,0x00,0x00,0x00,0x00,0x00,0x00,0x00,0x00,
    0x00,0x00,0x00,0x00,0x00,0x00,0x00,0x00,0x00,0x00,0x00,0x00,0x00,0x00,0x00,0x00,
    0x00,0x00,0x00,0x00,0x00,0x00,0x00,0x00,0x00,0x00,0x00,0x00,0x00,0x00,0x00,0x00,
    0x00,0x00,0x00,0x00,0x00,0x00,0x00,0x00,0x00,0x00,0x00,0x00,0x00,0x00,0x00,0x00,
    0x00,0x00,0x00,0x00,0x00,0x00,0x00,0x00,0x00,0x00,0x00,0x00,0x00,0x00,0x00,0x00,
    0x00,0x00,0x00,0x00,0x00,0x00,0x00,0x00,0x00,0x00,0x00,0x00,0x00,0x00,0x00,0x00,
    0x00,0x00,0x00,0x00,0x00,0x00,0x00,0x00,0x00,0x00,0x00,0x00,0x00,0x00,0x00,0x00,
    0x00,0x00,0x00,0x00,0x00,0x00,0x00,0x00,0x00,0x00,0x00,0x00,0x00,0x00,0x00,0x00,
    0x00,0x00,0x00,0x00,0x00,0x00,0x00,0x00,0x00,0x00,0x00,0x00,0x00,0x00,0x00,0x00,
    0x00,0x00,0x00,0x00,0x00,0x00,0x00,0x00,0x00,0x00,0x00,0x00,0x00,0x00,0x00,0x00,
    0x00,0x00,0x00,0x00,0x00,0x00,0x00,0x00,0x00,0x00,0x00,0x00,0x00,0x00,0x00,0x00,
    0x00,0x00,0x00,0x00,0x00,0x00,0x00,0x00,0x00,0x00,0x00,0x00,0x00,0x00,0x00,0x00,
    0x00,0x00,0x00,0x00,0x00,0x00,0x00,0x00,0x00,0x00,0x00,0x00,0x00,0x00,0x00,0x00,
    0x00,0x00,0x00,0x00,0x00,0x00,0x00,0x00,0x00,0x00,0x00,0x00,0x00,0x00,0x00,0x00,
    0x00,0x00,0x00,0x00,0x00,0x00,0x00,0x00,0x00,0x00,0x00,0x00,0x00,0x00,0x00,0x00,
    0x00,0x00,0x00,0x00,0x00,0x00,0x00,0x00,0x00,0x00,0x00,0x00,0x00,0x00,0x00,0x00,
    0x00,0x00,0x00,0x00,0x00,0x00,0x00,0x00,0x00,0x00,0x00,0x00,0x00,0x00,0x00,0x00,
    0x00,0x00,0x00,0x00,0x00,0x00,0x00,0x00,0x00,0x00,0x00,0x00,0x00,0x00,0x00,0x00,
    0x00,0x00,0x00,0x00,0x00,0x00,0x00,0x00,0x00,0x00,0x00,0x00,0x00,0x00,0x00,0x00,
    0x00,0x00,0x00,0x00,0x00,0x00,0x00,0x00,0x00,0x00,0x00,0x00,0x00,0x00,0x00,0x00,
    0x00,0x00,0x00,0x00,0x00,0x00,0x00,0x00,0x00,0x00,0x00,0x00,0x00,0x00,0x00,0x00,
    0x00,0x00,0x00,0x00,0x00,0x00,0x00,0x00,0x00,0x00,0x00,0x00,0x00,0x00,0x00,0x00,
    0x00,0x00,0x00,0x00,0x00,0x00,0x00,0x00,0x00,0x00,0x00,0x00,0x00,0x00,0x00,0x00,
    0x00,0x00,0x00,0x00,0x00,0x00,0x00,0x00,0x00,0x00,0x00,0x00,0x00,0x00,0x00,0x00,
    0x00,0x00,0x00,0x00,0x00,0x00,0x00,0x00,0x00,0x00,0x00,0x00,0x00,0x00,0x00,0x00,
    0x00,0x00,0x00,0x00,0x00,0x00,0x00,0x00,0x00,0x00,0x00,0x00,0x00,0x00,0x00,0x00,
    0x00,0x00,0x00,0x00,0x00,0x00,0x00,0x00,0x00,0x00,0x00,0x00,0x00,0x00,0x00,0x00,
    0x00,0x00,0x00,0x00,0x00,0x00,0x00,0x00,0x00,0x00,0x00,0x00,0x00,0x00,0x00,0x00,
    0x00,0x00,0x00,0x00,0x00,0x00,0x00,0x00,0x00,0x00,0x00,0x00,0x00,0x00,0x00,0x00,
    0x00,0x00,0x00,0x00,0x00,0x00,0x00,0x00,0x00,0x00,0x00,0x00,0x00,0x00,0x00,0x00,
    0x00,0x00,0x00,0x00,0x00,0x00,0x00,0x00,0x00,0x00,0x00,0x00,0x00,0x00,0x00,0x00,
    0x00,0x00,0x00,0x00,0x00,0x00,0x00,0x00,0x00,0x00,0x00,0x00,0x00,0x00,0x40,0xff,
    0x20,0x20,0xe0,0xff,0x60,0x60,0xa0,0xff,0x60,0x60,0xa0,0xff,0x60,0x60,0xa0,0xff,
    0x20,0x20,0xe0,0xff,0x00,0x00,0x40,0xff,0x00,0x00,0x00,0x00,0x00,0x00,0x00,0x00,
    0x00,0x00,0x40,0xff,0x00,0x00,0x40,0xff,0x20,0x00,0xa0,0xff,0x20,0x00,0xa0,0xff,
    0x20,0x00,0xa0,0xff,0x20,0x00,0xa0,0xff,0x20,0x00,0xa0,0xff,0x00,0x00,0x40,0xff,
    0x00,0x00,0x40,0xff,0x00,0x00,0x00,0x00,0x00,0x00,0x00,0x00,0x00,0x00,0x40,0xff,
    0x20,0x20,0xe0,0xff,0x60,0x60,0xa0,0xff,0x60,0x60,0xa0,0xff,0x60,0x60,0xa0,0xff,
    0x20,0x20,0xe0,0xff,0x00,0x00,0x40,0xff,0x00,0x00,0x00,0x00,0x00,0x00,0x00,0x00,
    0x00,0x00,0x00,0x00,0x00,0x00,0x00,0x00,0x00,0x00,0x00,0x00,0x00,0x00,0x00,0x00,
    0x00,0x00,0x00,0x00,0x00,0x00,0x00,0x00,0x00,0x00,0x00,0x00,0x00,0x00,0x00,0x00,
    0x00,0x00,0x00,0x00,0x00,0x00,0x00,0x00,0x00,0x00,0x00,0x00,0x00,0x00,0x00,0x00,
    0x00,0x00,0x00,0x00,0x00,0x00,0x00,0x00,0x00,0x00,0x00,0x00,0x00,0x00,0x00,0x00,
    0x00,0x00,0x00,0x00,0x00,0x00,0x00,0x00,0x00,0x00,0x00,0x00,0x00,0x00,0x00,0x00,
    0x00,0x00,0x40,0xff,0x00,0x00,0x40,0xff,0x20,0x00,0xa0,0xff,0x20,0x20,0xe0,0xff,
    0x00,0x00,0x40,0xff,0x00,0x00,0x40,0xff,0x20,0x00,0xa0,0xff,0x20,0x20,0xe0,0xff,
    0x20,0x20,0xe0,0xff,0x20,0x20,0xe0,0xff,0x20,0x20,0xe0,0xff,0x40,0x40,0xe0,0xff,
    0x20,0x20,0xe0,0xff,0x20,0x20,0xe0,0xff,0x20,0x20,0xe0,0xff,0x20,0x20,0xe0,0xff,
    0x20,0x00,0xa0,0xff,0x00,0x00,0x40,0xff,0x00,0x00,0x40,0xff,0x20,0x20,0xe0,0xff,
    0x20,0x00,0xa0,0xff,0x00,0x00,0x40,0xff,0x00,0x00,0x40,0xff,0x00,0x00,0x00,0x00,
    0x00,0x00,0x00,0x00,0x00,0x00,0x00,0x00,0x00,0x00,0x00,0x00,0x00,0x00,0x00,0x00,
    0x00,0x00,0x00,0x00,0x00,0x00,0x00,0x00,0x00,0x00,0x00,0x00,0x00,0x00,0x00,0x00,
    0x00,0x00,0x00,0x00,0x00,0x00,0x00,0x00,0x00,0x00,0x00,0x00,0x00,0x00,0x00,0x00,
    0x00,0x00,0x00,0x00,0x00,0x00,0x00,0x00,0x00,0x00,0x00,0x00,0x00,0x00,0x00,0x00,
    0x00,0x00,0x00,0x00,0x00,0x00,0x00,0x00,0x00,0x00,0x00,0x00,0x00,0x00,0x00,0x00,
    0x00,0x00,0x00,0x00,0x00,0x00,0x00,0x00,0x00,0x00,0x00,0x00,0x00,0x00,0x00,0x00,
    0x00,0x00,0x40,0xff,0x00,0x00,0x40,0xff,0x20,0x00,0xa0,0xff,0x20,0x20,0xe0,0xff,
    0x00,0x00,0x40,0xff,0x00,0x00,0x40,0xff,0x20,0x00,0xa0,0xff,0x20,0x20,0xe0,0xff,
    0x20,0x20,0xe0,0xff,0x20,0x20,0xe0,0xff,0x20,0x20,0xe0,0xff,0x40,0x40,0xe0,0xff,
    0x20,0x20,0xe0,0xff,0x20,0x20,0xe0,0xff,0x20,0x20,0xe0,0xff,0x20,0x20,0xe0,0xff,
    0x20,0x00,0xa0,0xff,0x00,0x00,0x40,0xff,0x00,0x00,0x40,0xff,0x20,0x20,0xe0,0xff,
    0x20,0x00,0xa0,0xff,0x00,0x00,0x40,0xff,0x00,0x00,0x40,0xff,0x00,0x00,0x00,0x00,
    0x00,0x00,0x00,0x00,0x00,0x00,0x00,0x00,0x00,0x00,0x00,0x00,0x00,0x00,0x00,0x00,
    0x00,0x00,0x00,0x00,0x00,0x00,0x00,0x00,0x00,0x00,0x00,0x00,0x00,0x00,0x00,0x00,
    0x00,0x00,0x00,0x00,0x00,0x00,0x00,0x00,0x00,0x00,0x00,0x00,0x00,0x00,0x00,0x00,
    0x00,0x00,0x00,0x00,0x00,0x00,0x00,0x00,0x00,0x00,0x00,0x00,0x00,0x00,0x00,0x00,
    0x00,0x00,0x00,0x00,0x00,0x00,0x00,0x00,0x00,0x00,0x00,0x00,0x00,0x00,0x00,0x00,
    0x00,0x00,0x00,0x00,0x00,0x00,0x00,0x00,0x00,0x00,0x00,0x00,0x00,0x00,0x00,0x00,
    0x00,0x00,0x40,0xff,0x00,0x00,0x40,0xff,0x20,0x00,0xa0,0xff,0x40,0x40,0xe0,0xff,
    0x60,0x60,0xa0,0xff,0x20,0x20,0xe0,0xff,0x20,0x20,0xe0,0xff,0x20,0x20,0xe0,0xff,
    0x20,0x20,0xe0,0xff,0x00,0x00,0x40,0xff,0x20,0x00,0xa0,0xff,0x20,0x00,0xa0,0xff,
    0x20,0x20,0xe0,0xff,0x20,0x20,0xe0,0xff,0x40,0x40,0xe0,0xff,0xe0,0xe0,0xe0,0xff,
    0x20,0x20,0xe0,0xff,0x20,0x20,0xe0,0xff,0x00,0x00,0x40,0xff,0x20,0x00,0xa0,0xff,
    0x20,0x00,0xa0,0xff,0x20,0x20,0xe0,0xff,0x40,0x40,0xe0,0xff,0xe0,0xe0,0xe0,0xff,
    0x00,0x00,0x40,0xff,0x00,0x00,0x00,0x00,0x00,0x00,0x00,0x00,0x00,0x00,0x00,0x00,
    0x00,0x00,0x00,0x00,0x00,0x00,0x00,0x00,0x00,0x00,0x00,0x00,0x00,0x00,0x00,0x00,
    0x00,0x00,0x00,0x00,0x00,0x00,0x00,0x00,0x00,0x00,0x00,0x00,0x00,0x00,0x00,0x00,
    0x00,0x00,0x00,0x00,0x00,0x00,0x00,0x00,0x00,0x00,0x00,0x00,0x00,0x00,0x00,0x00,
    0x00,0x00,0x00,0x00,0x00,0x00,0x00,0x00,0x00,0x00,0x00,0x00,0x00,0x00,0x00,0x00,
    0x00,0x00,0x00,0x00,0x00,0x00,0x00,0x00,0x00,0x00,0x00,0x00,0x00,0x00,0x40,0xff,
    0x00,0x00,0x40,0xff,0x20,0x00,0xa0,0xff,0x40,0x40,0xe0,0xff,0x60,0x60,0xa0,0xff,
    0x40,0x40,0xe0,0xff,0x20,0x20,0xe0,0xff,0x20,0x20,0xe0,0xff,0x20,0x20,0xe0,0xff,
    0x20,0x20,0xe0,0xff,0x20,0x00,0xa0,0xff,0x00,0x00,0x40,0xff,0x20,0x00,0xa0,0xff,
    0x20,0x00,0xa0,0xff,0x20,0x00,0xa0,0xff,0x20,0x20,0xe0,0xff,0x40,0x40,0xe0,0xff,
    0xe0,0xe0,0xe0,0xff,0x20,0x20,0xe0,0xff,0x20,0x20,0xe0,0xff,0x00,0x00,0x40,0xff,
    0x00,0x00,0x40,0xff,0x20,0x20,0xe0,0xff,0x20,0x20,0xe0,0xff,0xe0,0xe0,0xe0,0xff,
    0x00,0x00,0x40,0xff,0x00,0x00,0x00,0x00,0x00,0x00,0x00,0x00,0x00,0x00,0x00,0x00,
    0x00,0x00,0x00,0x00,0x00,0x00,0x00,0x00,0x00,0x00,0x00,0x00,0x00,0x00,0x00,0x00,
    0x00,0x00,0x00,0x00,0x00,0x00,0x00,0x00,0x00,0x00,0x00,0x00,0x00,0x00,0x00,0x00,
    0x00,0x00,0x00,0x00,0x00,0x00,0x00,0x00,0x00,0x00,0x00,0x00,0x00,0x00,0x00,0x00,
    0x00,0x00,0x00,0x00,0x00,0x00,0x00,0x00,0x00,0x00,0x00,0x00,0x00,0x00,0x00,0x00,
    0x00,0x00,0x00,0x00,0x00,0x00,0x00,0x00,0x00,0x00,0x00,0x00,0x00,0x00,0x00,0x00,
    0x00,0x00,0x40,0xff,0x00,0x00,0x40,0xff,0x20,0x00,0xa0,0xff,0x40,0x40,0xe0,0xff,
    0x60,0x60,0xa0,0xff,0x20,0x20,0xe0,0xff,0x20,0x20,0xe0,0xff,0x20,0x20,0xe0,0xff,
    0x20,0x20,0xe0,0xff,0x00,0x00,0x40,0xff,0x20,0x00,0xa0,0xff,0x20,0x00,0xa0,0xff,
    0x20,0x20,0xe0,0xff,0x20,0x20,0xe0,0xff,0x40,0x40,0xe0,0xff,0xe0,0xe0,0xe0,0xff,
    0x20,0x20,0xe0,0xff,0x20,0x20,0xe0,0xff,0x00,0x00,0x40,0xff,0x20,0x00,0xa0,0xff,
    0x20,0x00,0xa0,0xff,0x20,0x20,0xe0,0xff,0x40,0x40,0xe0,0xff,0xe0,0xe0,0xe0,0xff,
    0x00,0x00,0x40,0xff,0x00,0x00,0x00,0x00,0x00,0x00,0x00,0x00,0x00,0x00,0x00,0x00,
    0x00,0x00,0x00,0x00,0x00,0x00,0x00,0x00,0x00,0x00,0x00,0x00,0x00,0x00,0x00,0x00,
    0x00,0x00,0x00,0x00,0x00,0x00,0x00,0x00,0x00,0x00,0x00,0x00,0x00,0x00,0x00,0x00,
    0x00,0x00,0x00,0x00,0x00,0x00,0x00,0x00,0x00,0x00,0x00,0x00,0x00,0x00,0x00,0x00,
    0x00,0x00,0x00,0x00,0x00,0x00,0x00,0x00,0x00,0x00,0x00,0x00,0x00,0x00,0x00,0x00,
    0x00,0x00,0x00,0x00,0x00,0x00,0x00,0x00,0x00,0x00,0x00,0x00,0x00,0x00,0x00,0x00,
    0x00,0x00,0x00,0x00,0x00,0x00,0x40,0xff,0x20,0x00,0xa0,0xff,0x20,0x20,0xe0,0xff,
    0x60,0x60,0xa0,0xff,0x40,0x40,0xe0,0xff,0x20,0x20,0xe0,0xff,0x20,0x20,0xe0,0xff,
    0x20,0x20,0xe0,0xff,0x00,0x00,0x40,0xff,0x20,0x00,0xa0,0xff,0x20,0x20,0xe0,0xff,
    0x20,0x20,0xe0,0xff,0x20,0x20,0xe0,0xff,0x40,0x40,0xe0,0xff,0x40,0x40,0xe0,0xff,
    0x20,0x20,0xe0,0xff,0x20,0x20,0xe0,0xff,0x00,0x00,0x40,0xff,0x20,0x20,0xe0,0xff,
    0x20,0x20,0xe0,0xff,0x20,0x20,0xe0,0xff,0x40,0x40,0xe0,0xff,0x60,0x60,0xa0,0xff,
    0x00,0x00,0x40,0xff,0x00,0x00,0x00,0x00,0x00,0x00,0x00,0x00,0x00,0x00,0x00,0x00,
    0x00,0x00,0x00,0x00,0x00,0x00,0x00,0x00,0x00,0x00,0x00,0x00,0x00,0x00,0x00,0x00,
    0x00,0x00,0x00,0x00,0x00,0x00,0x00,0x00,0x00,0x00,0x00,0x00,0x00,0x00,0x00,0x00,
    0x00,0x00,0x00,0x00,0x00,0x00,0x00,0x00,0x00,0x00,0x00,0x00,0x00,0x00,0x00,0x00,
    0x00,0x00,0x00,0x00,0x00,0x00,0x00,0x00,0x00,0x00,0x00,0x00,0x00,0x00,0x00,0x00,
    0x00,0x00,0x00,0x00,0x00,0x00,0x00,0x00,0x00,0x00,0x00,0x00,0x00,0x00,0x00,0x00,
    0x00,0x00,0x40,0xff,0x00,0x00,0x40,0xff,0x20,0x00,0xa0,0xff,0x20,0x20,0xe0,0xff,
    0x00,0x00,0x40,0xff,0x00,0x00,0x40,0xff,0x20,0x00,0xa0,0xff,0x20,0x20,0xe0,0xff,
    0x20,0x20,0xe0,0xff,0x20,0x20,0xe0,0xff,0x20,0x20,0xe0,0xff,0x40,0x40,0xe0,0xff,
    0x20,0x20,0xe0,0xff,0x20,0x20,0xe0,0xff,0x20,0x20,0xe0,0xff,0x20,0x20,0xe0,0xff,
    0x20,0x00,0xa0,0xff,0x00,0x00,0x40,0xff,0x00,0x00,0x40,0xff,0x20,0x20,0xe0,0xff,
    0x20,0x00,0xa0,0xff,0x00,0x00,0x40,0xff,0x00,0x00,0x40,0xff,0x00,0x00,0x00,0x00,
    0x00,0x00,0x00,0x00,0x00,0x00,0x00,0x00,0x00,0x00,0x00,0x00,0x00,0x00,0x00,0x00,
    0x00,0x00,0x00,0x00,0x00,0x00,0x00,0x00,0x00,0x00,0x00,0x00,0x00,0x00,0x00,0x00,
    0x00,0x00,0x00,0x00,0x00,0x00,0x00,0x00,0x00,0x00,0x00,0x00,0x00,0x00,0x00,0x00,
    0x00,0x00,0x00,0x00,0x00,0x00,0x00,0x00,0x00,0x00,0x00,0x00,0x00,0x00,0x00,0x00,
    0x00,0x00,0x00,0x00,0x00,0x00,0x00,0x00,0x00,0x00,0x00,0x00,0x00,0x00,0x00,0x00,
    0x00,0x00,0x00,0x00,0x00,0x00,0x00,0x00,0x00,0x00,0x00,0x00,0x00,0x00,0x40,0xff,
    0x60,0x60,0xa0,0xff,0x40,0x40,0xe0,0xff,0x20,0x20,0xe0,0xff,0x20,0x20,0xe0,0xff,
    0x20,0x20,0xe0,0xff,0x00,0x00,0x40,0xff,0x20,0x20,0xe0,0xff,0x20,0x20,0xe0,0xff,
    0x40,0x40,0xe0,0xff,0x40,0x40,0xe0,0xff,0x20,0x20,0xe0,0xff,0x20,0x20,0xe0,0xff,
    0x20,0x20,0xe0,0xff,0x20,0x00,0xa0,0xff,0x00,0x00,0x40,0xff,0x20,0x20,0xe0,0xff,
    0x20,0x20,0xe0,0xff,0x20,0x20,0xe0,0xff,0x40,0x40,0xe0,0xff,0x60,0x60,0xa0,0xff,
    0x20,0x20,0xe0,0xff,0x20,0x00,0xa0,0xff,0x00,0x00,0x40,0xff,0x00,0x00,0x00,0x00,
    0x00,0x00,0x00,0x00,0x00,0x00,0x00,0x00,0x00,0x00,0x00,0x00,0x00,0x00,0x00,0x00,
    0x00,0x00,0x00,0x00,0x00,0x00,0x00,0x00,0x00,0x00,0x00,0x00,0x00,0x00,0x00,0x00,
    0x00,0x00,0x00,0x00,0x00,0x00,0x00,0x00,0x00,0x00,0x00,0x00,0x00,0x00,0x00,0x00,
    0x00,0x00,0x00,0x00,0x00,0x00,0x00,0x00,0x00,0x00,0x00,0x00,0x00,0x00,0x00,0x00,
    0x00,0x00,0x00,0x00,0x00,0x00,0x00,0x00,0x00,0x00,0x00,0x00,0x00,0x00,0x00,0x00,
    0x00,0x00,0x00,0x00,0x00,0x00,0x00,0x00,0x00,0x00,0x00,0x00,0x00,0x00,0x40,0xff,
    0xe0,0xe0,0xe0,0xff,0x40,0x40,0xe0,0xff,0x20,0x20,0xe0,0xff,0x20,0x00,0xa0,0xff,
    0x20,0x00,0xa0,0xff,0x00,0x00,0x40,0xff,0x20,0x20,0xe0,0xff,0x20,0x20,0xe0,0xff,
    0xe0,0xe0,0xe0,0xff,0x40,0x40,0xe0,0xff,0x20,0x20,0xe0,0xff,0x20,0x20,0xe0,0xff,
    0x20,0x00,0xa0,0xff,0x20,0x00,0xa0,0xff,0x00,0x00,0x40,0xff,0x20,0x20,0xe0,0xff,
    0x20,0x20,0xe0,0xff,0x20,0x20,0xe0,0xff,0x20,0x20,0xe0,0xff,0x60,0x60,0xa0,0xff,
    0x40,0x40,0xe0,0xff,0x20,0x00,0xa0,0xff,0x00,0x00,0x40,0xff,0x00,0x00,0x40,0xff,
    0x00,0x00,0x00,0x00,0x00,0x00,0x00,0x00,0x00,0x00,0x00,0x00,0x00,0x00,0x00,0x00,
    0x00,0x00,0x00,0x00,0x00,0x00,0x00,0x00,0x00,0x00,0x00,0x00,0x00,0x00,0x00,0x00,
    0x00,0x00,0x00,0x00,0x00,0x00,0x00,0x00,0x00,0x00,0x00,0x00,0x00,0x00,0x00,0x00,
    0x00,0x00,0x00,0x00,0x00,0x00,0x00,0x00,0x00,0x00,0x00,0x00,0x00,0x00,0x00,0x00,
    0x00,0x00,0x00,0x00,0x00,0x00,0x00,0x00,0x00,0x00,0x00,0x00,0x00,0x00,0x00,0x00,
    0x00,0x00,0x00,0x00,0x00,0x00,0x40,0xff,0xe0,0xe0,0xe0,0xff,0x20,0x20,0xe0,0xff,
    0x20,0x20,0xe0,0xff,0x00,0x00,0x40,0xff,0x00,0x00,0x40,0xff,0x20,0x20,0xe0,0xff,
    0x20,0x20,0xe0,0xff,0xe0,0xe0,0xe0,0xff,0x40,0x40,0xe0,0xff,0x20,0x20,0xe0,0xff,
    0x20,0x00,0xa0,0xff,0x20,0x00,0xa0,0xff,0x20,0x00,0xa0,0xff,0x00,0x00,0x40,0xff,
    0x20,0x00,0xa0,0xff,0x20,0x20,0xe0,0xff,0x20,0x20,0xe0,0xff,0x20,0x20,0xe0,0xff,
    0x20,0x20,0xe0,0xff,0x40,0x40,0xe0,0xff,0x60,0x60,0xa0,0xff,0x40,0x40,0xe0,0xff,
    0x20,0x00,0xa0,0xff,0x00,0x00,0x40,0xff,0x00,0x00,0x40,0xff,0x00,0x00,0x00,0x00,
    0x00,0x00,0x00,0x00,0x00,0x00,0x00,0x00,0x00,0x00,0x00,0x00,0x00,0x00,0x00,0x00,
    0x00,0x00,0x00,0x00,0x00,0x00,0x00,0x00,0x00,0x00,0x00,0x00,0x00,0x00,0x00,0x00,
    0x00,0x00,0x00,0x00,0x00,0x00,0x00,0x00,0x00,0x00,0x00,0x00,0x00,0x00,0x00,0x00,
    0x00,0x00,0x00,0x00,0x00,0x00,0x00,0x00,0x00,0x00,0x00,0x00,0x00,0x00,0x00,0x00,
    0x00,0x00,0x00,0x00,0x00,0x00,0x00,0x00,0x00,0x00,0x00,0x00,0x00,0x00,0x00,0x00,
    0x00,0x00,0x00,0x00,0x00,0x00,0x00,0x00,0x00,0x00,0x00,0x00,0x00,0x00,0x40,0xff,
    0xe0,0xe0,0xe0,0xff,0x40,0x40,0xe0,0xff,0x20,0x20,0xe0,0xff,0x20,0x00,0xa0,0xff,
    0x20,0x00,0xa0,0xff,0x00,0x00,0x40,0xff,0x20,0x20,0xe0,0xff,0x20,0x20,0xe0,0xff,
    0xe0,0xe0,0xe0,0xff,0x40,0x40,0xe0,0xff,0x20,0x20,0xe0,0xff,0x20,0x20,0xe0,0xff,
    0x20,0x00,0xa0,0xff,0x20,0x00,0xa0,0xff,0x00,0x00,0x40,0xff,0x20,0x20,0xe0,0xff,
    0x20,0x20,0xe0,0xff,0x20,0x20,0xe0,0xff,0x20,0x20,0xe0,0xff,0x60,0x60,0xa0,0xff,
    0x40,0x40,0xe0,0xff,0x20,0x00,0xa0,0xff,0x00,0x00,0x40,0xff,0x00,0x00,0x40,0xff,
    0x00,0x00,0x00,0x00,0x00,0x00,0x00,0x00,0x00,0x00,0x00,0x00,0x00,0x00,0x00,0x00,
    0x00,0x00,0x00,0x00,0x00,0x00,0x00,0x00,0x00,0x00,0x00,0x00,0x00,0x00,0x00,0x00,
    0x00,0x00,0x00,0x00,0x00,0x00,0x00,0x00,0x00,0x00,0x00,0x00,0x00,0x00,0x00,0x00,
    0x00,0x00,0x00,0x00,0x00,0x00,0x00,0x00,0x00,0x00,0x00,0x00,0x00,0x00,0x00,0x00,
    0x00,0x00,0x00,0x00,0x00,0x00,0x00,0x00,0x00,0x00,0x00,0x00,0x00,0x00,0x00,0x00,
    0x00,0x00,0x00,0x00,0x00,0x00,0x00,0x00,0x00,0x00,0x00,0x00,0x00,0x00,0x40,0xff,
    0x60,0x60,0xa0,0xff,0x40,0x40,0xe0,0xff,0x20,0x20,0xe0,0xff,0x20,0x20,0xe0,0xff,
    0x20,0x20,0xe0,0xff,0x00,0x00,0x40,0xff,0x20,0x20,0xe0,0xff,0x20,0x20,0xe0,0xff,
    0x40,0x40,0xe0,0xff,0x40,0x40,0xe0,0xff,0x20,0x20,0xe0,0xff,0x20,0x20,0xe0,0xff,
    0x20,0x20,0xe0,0xff,0x20,0x00,0xa0,0xff,0x00,0x00,0x40,0xff,0x20,0x20,0xe0,0xff,
    0x20,0x20,0xe0,0xff,0x20,0x20,0xe0,0xff,0x40,0x40,0xe0,0xff,0x60,0x60,0xa0,0xff,
    0x20,0x20,0xe0,0xff,0x20,0x00,0xa0,0xff,0x00,0x00,0x40,0xff,0x00,0x00,0x00,0x00,
    0x00,0x00,0x00,0x00,0x00,0x00,0x00,0x00,0x00,0x00,0x00,0x00,0x00,0x00,0x00,0x00,
    0x00,0x00,0x00,0x00,0x00,0x00,0x00,0x00,0x00,0x00,0x00,0x00,0x00,0x00,0x00,0x00,
    0x00,0x00,0x00,0x00,0x00,0x00,0x00,0x00,0x00,0x00,0x00,0x00,0x00,0x00,0x00,0x00,
    0x00,0x00,0x00,0x00,0x00,0x00,0x00,0x00,0x00,0x00,0x00,0x00,0x00,0x00,0x00,0x00,
    0x00,0x00,0x00,0x00,0x00,0x00,0x00,0x00,0x00,0x00,0x00,0x00,0x00,0x00,0x00,0x00,
    0x00,0x00,0x00,0x00,0x00,0x00,0x00,0x00,0x00,0x00,0x00,0x00,0x00,0x00,0x00,0x00,
    0x00,0x00,0x00,0x00,0x00,0x00,0x00,0x00,0x00,0x00,0x00,0x00,0x00,0x00,0x00,0x00,
    0x00,0x00,0x00,0x00,0x00,0x00,0x00,0x00,0x00,0x00,0x00,0x00,0x00,0x00,0x00,0x00,
    0x00,0x00,0x00,0x00,0x00,0x00,0x00,0x00,0x00,0x00,0x00,0x00,0x00,0x00,0x00,0x00,
    0x00,0x00,0x00,0x00,0x00,0x00,0x00,0x00,0x00,0x00,0x00,0x00,0x00,0x00,0x00,0x00,
    0x00,0x00,0x00,0x00,0x00,0x00,0x00,0x00,0x00,0x00,0x00,0x00,0x00,0x00,0x00,0x00,
    0x00,0x00,0x00,0x00,0x00,0x00,0x00,0x00,0x00,0x00,0x00,0x00,0x00,0x00,0x00,0x00,
    0x00,0x00,0x00,0x00,0x00,0x00,0x00,0x00,0x00,0x00,0x00,0x00,0x00,0x00,0x00,0x00,
    0x00,0x00,0x00,0x00,0x00,0x00,0x00,0x00,0x00,0x00,0x00,0x00,0x00,0x00,0x00,0x00,
    0x00,0x00,0x00,0x00,0x00,0x00,0x00,0x00,0x00,0x00,0x00,0x00,0x00,0x00,0x00,0x00,
    0x00,0x00,0x00,0x00,0x00,0x00,0x00,0x00,0x00,0x00,0x00,0x00,0x00,0x00,0x00,0x00,
    0x00,0x00,0x00,0x00,0x00,0x00,0x00,0x00,0x00,0x00,0x00,0x00,0x00,0x00,0x00,0x00,
    0x00,0x00,0x00,0x00,0x00,0x00,0x00,0x00,0x00,0x00,0x00,0x00,0x00,0x00,0x00,0x00,
    0x00,0x00,0x00,0x00,0x00,0x00,0x00,0x00,0x00,0x00,0x00,0x00,0x00,0x00,0x00,0x00,
    0x00,0x00,0x00,0x00,0x00,0x00,0x00,0x00,0x00,0x00,0x00,0x00,0x00,0x00,0x00,0x00,
    0x00,0x00,0x00,0x00,0x00,0x00,0x00,0x00,0x00,0x00,0x00,0x00,0x00,0x00,0x00,0x00,
    0x00,0x00,0x00,0x00,0x00,0x00,0x00,0x00,0x00,0x00,0x00,0x00,0x00,0x00,0x00,0x00,
    0x00,0x00,0x00,0x00,0x00,0x00,0x00,0x00,0x00,0x00,0x00,0x00,0x00,0x00,0x00,0x00,
    0x00,0x00,0x00,0x00,0x00,0x00,0x00,0x00,0x00,0x00,0x00,0x00,0x00,0x00,0x00,0x00,
    0x00,0x00,0x00,0x00,0x00,0x00,0x00,0x00,0x00,0x00,0x00,0x00,0x00,0x00,0x00,0x00,
    0x00,0x00,0x00,0x00,0x00,0x00,0x00,0x00,0x00,0x00,0x00,0x00,0x00,0x00,0x00,0x00,
    0x00,0x00,0x00,0x00,0x00,0x00,0x00,0x00,0x00,0x00,0x00,0x00,0x00,0x00,0x00,0x00,
    0x00,0x00,0x00,0x00,0x00,0x00,0x00,0x00,0x00,0x00,0x00,0x00,0x00,0x00,0x00,0x00,
    0x00,0x00,0x00,0x00,0x00,0x00,0x00,0x00,0x00,0x00,0x00,0x00,0x00,0x00,0x00,0x00,
    0x00,0x00,0x00,0x00,0x00,0x00,0x00,0x00,0x00,0x00,0x00,0x00,0x00,0x00,0x00,0x00,
    0x00,0x00,0x00,0x00,0x00,0x00,0x00,0x00,0x00,0x00,0x00,0x00,0x00,0x00,0x00,0x00,
    0x00,0x00,0x00,0x00,0x00,0x00,0x00,0x00,0x00,0x00,0x00,0x00,0x00,0x00,0x00,0x00,
    0x00,0x00,0x00,0x00,0x00,0x00,0x00,0x00,0x00,0x00,0x00,0x00,0x00,0x00,0x00,0x00,
    0x00,0x00,0x00,0x00,0x00,0x00,0x00,0x00,0x00,0x00,0x00,0x00,0x00,0x00,0x00,0x00,
    0x00,0x00,0x00,0x00,0x00,0x00,0x00,0x00,0x00,0x00,0x00,0x00,0x00,0x00,0x00,0x00,
    0x00,0x00,0x00,0x00,0x00,0x00,0x00,0x00,0x00,0x00,0x00,0x00,0x00,0x00,0x00,0x00,
    0x00,0x00,0x00,0x00,0x00,0x00,0x00,0x00,0x00,0x00,0x00,0x00,0x00,0x00,0x00,0x00,
    0x00,0x00,0x00,0x00,0x00,0x00,0x00,0x00,0x00,0x00,0x00,0x00,0x00,0x00,0x00,0x00,
    0x00,0x00,0x00,0x00,0x00,0x00,0x00,0x00,0x00,0x00,0x00,0x00,0x00,0x00,0x00,0x00,
    0x00,0x00,0x00,0x00,0x00,0x00,0x00,0x00,0x00,0x00,0x00,0x00,0x00,0x00,0x00,0x00,
    0x00,0x00,0x00,0x00,0x00,0x00,0x00,0x00,0x00,0x00,0x00,0x00,0x00,0x00,0x00,0x00,
    0x00,0x00,0x00,0x00,0x00,0x00,0x00,0x00,0x00,0x00,0x00,0x00,0x00,0x00,0x40,0xff,
    0x20,0x20,0xe0,0xff,0x20,0x20,0xe0,0xff,0x60,0x60,0xa0,0xff,0xe0,0xe0,0xe0,0xff,
    0x60,0x60,0xa0,0xff,0x20,0x20,0xe0,0xff,0x00,0x00,0x40,0xff,0x00,0x00,0x40,0xff,
    0x20,0x00,0xa0,0xff,0x20,0x00,0xa0,0xff,0x20,0x20,0xe0,0xff,0x20,0x20,0xe0,0xff,
    0x20,0x20,0xe0,0xff,0x20,0x20,0xe0,0xff,0x20,0x20,0xe0,0xff,0x20,0x00,0xa0,0xff,
    0x20,0x00,0xa0,0xff,0x00,0x00,0x40,0xff,0x00,0x00,0x40,0xff,0x20,0x20,0xe0,0xff,
    0x60,0x60,0xa0,0xff,0xe0,0xe0,0xe0,0xff,0x60,0x60,0xa0,0xff,0x20,0x20,0xe0,0xff,
    0x20,0x20,0xe0,0xff,0x00,0x00,0x40,0xff,0x00,0x00,0x00,0x00,0x00,0x00,0x00,0x00,
    0x00,0x00,0x00,0x00,0x00,0x00,0x00,0x00,0x00,0x00,0x00,0x00,0x00,0x00,0x00,0x00,
    0x00,0x00,0x00,0x00,0x00,0x00,0x00,0x00,0x00,0x00,0x00,0x00,0x00,0x00,0x00,0x00,
    0x00,0x00,0x00,0x00,0x00,0x00,0x00,0x00,0x00,0x00,0x00,0x00,0x00,0x00,0x00,0x00,
    0x00,0x00,0x00,0x00,0x00,0x00,0x00,0x00,0x00,0x00,0x00,0x00,0x00,0x00,0x00,0x00,
    0x00,0x00,0x00,0x00,0x00,0x00,0x00,0x00,0x00,0x00,0x00,0x00,0x00,0x00,0x00,0x00,
    0x00,0x00,0x40,0xff,0x20,0x00,0xa0,0xff,0x20,0x20,0xe0,0xff,0x40,0x40,0xe0,0xff,
    0x20,0x00,0xa0,0xff,0x00,0x00,0x40,0xff,0x20,0x00,0xa0,0xff,0x20,0x00,0xa0,0xff,
    0x20,0x20,0xe0,0xff,0x20,0x20,0xe0,0xff,0x20,0x20,0xe0,0xff,0x40,0x40,0xe0,0xff,
    0x20,0x20,0xe0,0xff,0x20,0x20,0xe0,0xff,0x20,0x20,0xe0,0xff,0x20,0x00,0xa0,0xff,
    0x20,0x00,0xa0,0xff,0x00,0x00,0x40,0xff,0x20,0x00,0xa0,0xff,0x40,0x40,0xe0,0xff,
    0x20,0x20,0xe0,0xff,0x20,0x00,0xa0,0xff,0x00,0x00,0x40,0xff,0x00,0x00,0x00,0x00,
    0x00,0x00,0x00,0x00,0x00,0x00,0x00,0x00,0x00,0x00,0x00,0x00,0x00,0x00,0x00,0x00,
    0x00,0x00,0x00,0x00,0x00,0x00,0x00,0x00,0x00,0x00,0x00,0x00,0x00,0x00,0x00,0x00,
    0x00,0x00,0x00,0x00,0x00,0x00,0x00,0x00,0x00,0x00,0x00,0x00,0x00,0x00,0x00,0x00,
    0x00,0x00,0x00,0x00,0x00,0x00,0x00,0x00,0x00,0x00,0x00,0x00,0x00,0x00,0x00,0x00,
    0x00,0x00,0x00,0x00,0x00,0x00,0x00,0x00,0x00,0x00,0x00,0x00,0x00,0x00,0x00,0x00,
    0x00,0x00,0x00,0x00,0x00,0x00,0x00,0x00,0x00,0x00,0x00,0x00,0x00,0x00,0x00,0x00,
    0x00,0x00,0x40,0xff,0x20,0x00,0xa0,0xff,0x20,0x20,0xe0,0xff,0x40,0x40,0xe0,0xff,
    0x20,0x00,0xa0,0xff,0x00,0x00,0x40,0xff,0x20,0x00,0xa0,0xff,0x20,0x00,0xa0,0xff,
    0x20,0x20,0xe0,0xff,0x20,0x20,0xe0,0xff,0x20,0x20,0xe0,0xff,0x40,0x40,0xe0,0xff,
    0x20,0x20,0xe0,0xff,0x20,0x20,0xe0,0xff,0x20,0x20,0xe0,0xff,0x20,0x00,0xa0,0xff,
    0x20,0x00,0xa0,0xff,0x00,0x00,0x40,0xff,0x20,0x00,0xa0,0xff,0x40,0x40,0xe0,0xff,
    0x20,0x20,0xe0,0xff,0x20,0x00,0xa0,0xff,0x00,0x00,0x40,0xff,0x00,0x00,0x00,0x00,
    0x00,0x00,0x00,0x00,0x00,0x00,0x00,0x00,0x00,0x00,0x00,0x00,0x00,0x00,0x00,0x00,
    0x00,0x00,0x00,0x00,0x00,0x00,0x00,0x00,0x00,0x00,0x00,0x00,0x00,0x00,0x00,0x00,
    0x00,0x00,0x00,0x00,0x00,0x00,0x00,0x00,0x00,0x00,0x00,0x00,0x00,0x00,0x00,0x00,
    0x00,0x00,0x00,0x00,0x00,0x00,0x00,0x00,0x00,0x00,0x00,0x00,0x00,0x00,0x00,0x00,
    0x00,0x00,0x00,0x00,0x00,0x00,0x00,0x00,0x00,0x00,0x00,0x00,0x00,0x00,0x00,0x00,
    0x00,0x00,0x00,0x00,0x00,0x00,0x00,0x00,0x00,0x00,0x00,0x00,0x00,0x00,0x00,0x00,
    0x00,0x00,0x40,0xff,0x00,0x00,0x40,0xff,0x20,0x00,0xa0,0xff,0x60,0x60,0xa0,0xff,
    0x40,0x40,0xe0,0xff,0x20,0x20,0xe0,0xff,0x20,0x20,0xe0,0xff,0x20,0x20,0xe0,0xff,
    0x20,0x20,0xe0,0xff,0x20,0x00,0xa0,0xff,0x00,0x00,0x40,0xff,0x20,0x00,0xa0,0xff,
    0x20,0x00,0xa0,0xff,0x20,0x20,0xe0,0xff,0x40,0x40,0xe0,0xff,0xe0,0xe0,0xe0,0xff,
    0x20,0x20,0xe0,0xff,0x20,0x20,0xe0,0xff,0x00,0x00,0x40,0xff,0x00,0x00,0x40,0xff,
    0x20,0x00,0xa0,0xff,0x20,0x20,0xe0,0xff,0x20,0x20,0xe0,0xff,0xe0,0xe0,0xe0,0xff,
    0x60,0x60,0xa0,0xff,0x00,0x00,0x00,0x00,0x00,0x00,0x00,0x00,0x00,0x00,0x00,0x00,
    0x00,0x00,0x00,0x00,0x00,0x00,0x00,0x00,0x00,0x00,0x00,0x00,0x00,0x00,0x00,0x00,
    0x00,0x00,0x00,0x00,0x00,0x00,0x00,0x00,0x00,0x00,0x00,0x00,0x00,0x00,0x00,0x00,
    0x00,0x00,0x00,0x00,0x00,0x00,0x00,0x00,0x00,0x00,0x00,0x00,0x00,0x00,0x00,0x00,
    0x00,0x00,0x00,0x00,0x00,0x00,0x00,0x00,0x00,0x00,0x00,0x00,0x00,0x00,0x00,0x00,
    0x00,0x00,0x00,0x00,0x00,0x00,0x00,0x00,0x00,0x00,0x00,0x00,0x00,0x00,0x40,0xff,
    0x00,0x00,0x40,0xff,0x20,0x00,0xa0,0xff,0x40,0x40,0xe0,0xff,0x60,0x60,0xa0,0xff,
    0x40,0x40,0xe0,0xff,0x20,0x20,0xe0,0xff,0x20,0x20,0xe0,0xff,0x20,0x20,0xe0,0xff,
    0x20,0x00,0xa0,0xff,0x20,0x00,0xa0,0xff,0x20,0x00,0xa0,0xff,0x00,0x00,0x40,0xff,
    0x20,0x00,0xa0,0xff,0x20,0x00,0xa0,0xff,0x20,0x20,0xe0,0xff,0x40,0x40,0xe0,0xff,
    0x60,0x60,0xa0,0xff,0x20,0x20,0xe0,0xff,0x20,0x00,0xa0,0xff,0x00,0x00,0x40,0xff,
    0x00,0x00,0x40,0xff,0x20,0x20,0xe0,0xff,0x20,0x20,0xe0,0xff,0x40,0x40,0xe0,0xff,
    0x60,0x60,0xa0,0xff,0x00,0x00,0x00,0x00,0x00,0x00,0x00,0x00,0x00,0x00,0x00,0x00,
    0x00,0x00,0x00,0x00,0x00,0x00,0x00,0x00,0x00,0x00,0x00,0x00,0x00,0x00,0x00,0x00,
    0x00,0x00,0x00,0x00,0x00,0x00,0x00,0x00,0x00,0x00,0x00,0x00,0x00,0x00,0x00,0x00,
    0x00,0x00,0x00,0x00,0x00,0x00,0x00,0x00,0x00,0x00,0x00,0x00,0x00,0x00,0x00,0x00,
    0x00,0x00,0x00,0x00,0x00,0x00,0x00,0x00,0x00,0x00,0x00,0x00,0x00,0x00,0x00,0x00,
    0x00,0x00,0x00,0x00,0x00,0x00,0x00,0x00,0x00,0x00,0x00,0x00,0x00,0x00,0x00,0x00,
    0x00,0x00,0x40,0xff,0x00,0x00,0x40,0xff,0x20,0x00,0xa0,0xff,0x60,0x60,0xa0,0xff,
    0x40,0x40,0xe0,0xff,0x20,0x20,0xe0,0xff,0x20,0x20,0xe0,0xff,0x20,0x20,0xe0,0xff,
    0x20,0x20,0xe0,0xff,0x20,0x00,0xa0,0xff,0x00,0x00,0x40,0xff,0x20,0x00,0xa0,0xff,
    0x20,0x00,0xa0,0xff,0x20,0x20,0xe0,0xff,0x40,0x40,0xe0,0xff,0xe0,0xe0,0xe0,0xff,
    0x20,0x20,0xe0,0xff,0x20,0x20,0xe0,0xff,0x00,0x00,0x40,0xff,0x00,0x00,0x40,0xff,
    0x20,0x00,0xa0,0xff,0x20,0x20,0xe0,0xff,0x20,0x20,0xe0,0xff,0xe0,0xe0,0xe0,0xff,
    0x60,0x60,0xa0,0xff,0x00,0x00,0x00,0x00,0x00,0x00,0x00,0x00,0x00,0x00,0x00,0x00,
    0x00,0x00,0x00,0x00,0x00,0x00,0x00,0x00,0x00,0x00,0x00,0x00,0x00,0x00,0x00,0x00,
    0x00,0x00,0x00,0x00,0x00,0x00,0x00,0x00,0x00,0x00,0x00,0x00,0x00,0x00,0x00,0x00,
    0x00,0x00,0x00,0x00,0x00,0x00,0x00,0x00,0x00,0x00,0x00,0x00,0x00,0x00,0x00,0x00,
    0x00,0x00,0x00,0x00,0x00,0x00,0x00,0x00,0x00,0x00,0x00,0x00,0x00,0x00,0x00,0x00,
    0x00,0x00,0x00,0x00,0x00,0x00,0x00,0x00,0x00,0x00,0x00,0x00,0x00,0x00,0x00,0x00,
    0x00,0x00,0x00,0x00,0x00,0x00,0x40,0xff,0x20,0x00,0xa0,0xff,0x20,0x20,0xe0,0xff,
    0x60,0x60,0xa0,0xff,0x20,0x20,0xe0,0xff,0x20,0x20,0xe0,0xff,0x20,0x20,0xe0,0xff,
    0x20,0x20,0xe0,0xff,0x20,0x20,0xe0,0xff,0x00,0x00,0x40,0xff,0x20,0x00,0xa0,0xff,
    0x20,0x20,0xe0,0xff,0x20,0x20,0xe0,0xff,0xe0,0xe0,0xe0,0xff,0x40,0x40,0xe0,0xff,
    0x20,0x20,0xe0,0xff,0x20,0x20,0xe0,0xff,0x00,0x00,0x40,0xff,0x20,0x20,0xe0,0xff,
    0x20,0x20,0xe0,0xff,0x20,0x20,0xe0,0xff,0x40,0x40,0xe0,0xff,0x60,0x60,0xa0,0xff,
    0x40,0x40,0xe0,0xff,0x00,0x00,0x00,0x00,0x00,0x00,0x00,0x00,0x00,0x00,0x00,0x00,
    0x00,0x00,0x00,0x00,0x00,0x00,0x00,0x00,0x00,0x00,0x00,0x00,0x00,0x00,0x00,0x00,
    0x00,0x00,0x00,0x00,0x00,0x00,0x00,0x00,0x00,0x00,0x00,0x00,0x00,0x00,0x00,0x00,
    0x00,0x00,0x00,0x00,0x00,0x00,0x00,0x00,0x00,0x00,0x00,0x00,0x00,0x00,0x00,0x00,
    0x00,0x00,0x00,0x00,0x00,0x00,0x00,0x00,0x00,0x00,0x00,0x00,0x00,0x00,0x00,0x00,
    0x00,0x00,0x00,0x00,0x00,0x00,0x00,0x00,0x00,0x00,0x00,0x00,0x00,0x00,0x00,0x00,
    0x00,0x00,0x40,0xff,0x20,0x00,0xa0,0xff,0x20,0x20,0xe0,0xff,0x40,0x40,0xe0,0xff,
    0x20,0x00,0xa0,0xff,0x00,0x00,0x40,0xff,0x20,0x00,0xa0,0xff,0x20,0x00,0xa0,0xff,
    0x20,0x20,0xe0,0xff,0x20,0x20,0xe0,0xff,0x20,0x20,0xe0,0xff,0x40,0x40,0xe0,0xff,
    0x20,0x20,0xe0,0xff,0x20,0x20,0xe0,0xff,0x20,0x20,0xe0,0xff,0x20,0x00,0xa0,0xff,
    0x20,0x00,0xa0,0xff,0x00,0x00,0x40,0xff,0x20,0x00,0xa0,0xff,0x40,0x40,0xe0,0xff,
    0x20,0x20,0xe0,0xff,0x20,0x00,0xa0,0xff,0x00,0x00,0x40,0xff,0x00,0x00,0x00,0x00,
    0x00,0x00,0x00,0x00,0x00,0x00,0x00,0x00,0x00,0x00,0x00,0x00,0x00,0x00,0x00,0x00,
    0x00,0x00,0x00,0x00,0x00,0x00,0x00,0x00,0x00,0x00,0x00,0x00,0x00,0x00,0x00,0x00,
    0x00,0x00,0x00,0x00,0x00,0x00,0x00,0x00,0x00,0x00,0x00,0x00,0x00,0x00,0x00,0x00,
    0x00,0x00,0x00,0x00,0x00,0x00,0x00,0x00,0x00,0x00,0x00,0x00,0x00,0x00,0x00,0x00,
    0x00,0x00,0x00,0x00,0x00,0x00,0x00,0x00,0x00,0x00,0x00,0x00,0x00,0x00,0x00,0x00,
    0x00,0x00,0x00,0x00,0x00,0x00,0x00,0x00,0x00,0x00,0x00,0x00,0x40,0x40,0xe0,0xff,
    0x60,0x60,0xa0,0xff,0x40,0x40,0xe0,0xff,0x20,0x20,0xe0,0xff,0x20,0x20,0xe0,0xff,
    0x20,0x20,0xe0,0xff,0x00,0x00,0x40,0xff,0x20,0x20,0xe0,0xff,0x20,0x20,0xe0,0xff,
    0x40,0x40,0xe0,0xff,0xe0,0xe0,0xe0,0xff,0x20,0x20,0xe0,0xff,0x20,0x20,0xe0,0xff,
    0x20,0x00,0xa0,0xff,0x00,0x00,0x40,0xff,0x20,0x20,0xe0,0xff,0x20,0x20,0xe0,0xff,
    0x20,0x20,0xe0,0xff,0x20,0x20,0xe0,0xff,0x20,0x20,0xe0,0xff,0x60,0x60,0xa0,0xff,
    0x20,0x20,0xe0,0xff,0x20,0x00,0xa0,0xff,0x00,0x00,0x40,0xff,0x00,0x00,0x00,0x00,
    0x00,0x00,0x00,0x00,0x00,0x00,0x00,0x00,0x00,0x00,0x00,0x00,0x00,0x00,0x00,0x00,
    0x00,0x00,0x00,0x00,0x00,0x00,0x00,0x00,0x00,0x00,0x00,0x00,0x00,0x00,0x00,0x00,
    0x00,0x00,0x00,0x00,0x00,0x00,0x00,0x00,0x00,0x00,0x00,0x00,0x00,0x00,0x00,0x00,
    0x00,0x00,0x00,0x00,0x00,0x00,0x00,0x00,0x00,0x00,0x00,0x00,0x00,0x00,0x00,0x00,
    0x00,0x00,0x00,0x00,0x00,0x00,0x00,0x00,0x00,0x00,0x00,0x00,0x00,0x00,0x00,0x00,
    0x00,0x00,0x00,0x00,0x00,0x00,0x00,0x00,0x00,0x00,0x00,0x00,0x60,0x60,0xa0,0xff,
    0xe0,0xe0,0xe0,0xff,0x20,0x20,0xe0,0xff,0x20,0x20,0xe0,0xff,0x20,0x00,0xa0,0xff,
    0x00,0x00,0x40,0xff,0x00,0x00,0x40,0xff,0x20,0x20,0xe0,0xff,0x20,0x20,0xe0,0xff,
    0xe0,0xe0,0xe0,0xff,0x40,0x40,0xe0,0xff,0x20,0x20,0xe0,0xff,0x20,0x00,0xa0,0xff,
    0x20,0x00,0xa0,0xff,0x00,0x00,0x40,0xff,0x20,0x00,0xa0,0xff,0x20,0x20,0xe0,0xff,
    0x20,0x20,0xe0,0xff,0x20,0x20,0xe0,0xff,0x20,0x20,0xe0,0xff,0x40,0x40,0xe0,0xff,
    0x60,0x60,0xa0,0xff,0x20,0x00,0xa0,0xff,0x00,0x00,0x40,0xff,0x00,0x00,0x40,0xff,
    0x00,0x00,0x00,0x00,0x00,0x00,0x00,0x00,0x00,0x00,0x00,0x00,0x00,0x00,0x00,0x00,
    0x00,0x00,0x00,0x00,0x00,0x00,0x00,0x00,0x00,0x00,0x00,0x00,0x00,0x00,0x00,0x00,
    0x00,0x00,0x00,0x00,0x00,0x00,0x00,0x00,0x00,0x00,0x00,0x00,0x00,0x00,0x00,0x00,
    0x00,0x00,0x00,0x00,0x00,0x00,0x00,0x00,0x00,0x00,0x00,0x00,0x00,0x00,0x00,0x00,
    0x00,0x00,0x00,0x00,0x00,0x00,0x00,0x00,0x00,0x00,0x00,0x00,0x00,0x00,0x00,0x00,
    0x00,0x00,0x00,0x00,0x60,0x60,0xa0,0xff,0x40,0x40,0xe0,0xff,0x20,0x20,0xe0,0xff,
    0x20,0x20,0xe0,0xff,0x00,0x00,0x40,0xff,0x00,0x00,0x40,0xff,0x20,0x00,0xa0,0xff,
    0x20,0x20,0xe0,0xff,0x60,0x60,0xa0,0xff,0x40,0x40,0xe0,0xff,0x20,0x20,0xe0,0xff,
    0x20,0x00,0xa0,0xff,0x20,0x00,0xa0,0xff,0x00,0x00,0x40,0xff,0x20,0x00,0xa0,0xff,
    0x20,0x00,0xa0,0xff,0x20,0x00,0xa0,0xff,0x20,0x20,0xe0,0xff,0x20,0x20,0xe0,0xff,
    0x20,0x20,0xe0,0xff,0x40,0x40,0xe0,0xff,0x60,0x60,0xa0,0xff,0x40,0x40,0xe0,0xff,
    0x20,0x00,0xa0,0xff,0x00,0x00,0x40,0xff,0x00,0x00,0x40,0xff,0x00,0x00,0x00,0x00,
    0x00,0x00,0x00,0x00,0x00,0x00,0x00,0x00,0x00,0x00,0x00,0x00,0x00,0x00,0x00,0x00,
    0x00,0x00,0x00,0x00,0x00,0x00,0x00,0x00,0x00,0x00,0x00,0x00,0x00,0x00,0x00,0x00,
    0x00,0x00,0x00,0x00,0x00,0x00,0x00,0x00,0x00,0x00,0x00,0x00,0x00,0x00,0x00,0x00,
    0x00,0x00,0x00,0x00,0x00,0x00,0x00,0x00,0x00,0x00,0x00,0x00,0x00,0x00,0x00,0x00,
    0x00,0x00,0x00,0x00,0x00,0x00,0x00,0x00,0x00,0x00,0x00,0x00,0x00,0x00,0x00,0x00,
    0x00,0x00,0x00,0x00,0x00,0x00,0x00,0x00,0x00,0x00,0x00,0x00,0x60,0x60,0xa0,0xff,
    0xe0,0xe0,0xe0,0xff,0x20,0x20,0xe0,0xff,0x20,0x20,0xe0,0xff,0x20,0x00,0xa0,0xff,
    0x00,0x00,0x40,0xff,0x00,0x00,0x40,0xff,0x20,0x20,0xe0,0xff,0x20,0x20,0xe0,0xff,
    0xe0,0xe0,0xe0,0xff,0x40,0x40,0xe0,0xff,0x20,0x20,0xe0,0xff,0x20,0x00,0xa0,0xff,
    0x20,0x00,0xa0,0xff,0x00,0x00,0x40,0xff,0x20,0x00,0xa0,0xff,0x20,0x20,0xe0,0xff,
    0x20,0x20,0xe0,0xff,0x20,0x20,0xe0,0xff,0x20,0x20,0xe0,0xff,0x40,0x40,0xe0,0xff,
    0x60,0x60,0xa0,0xff,0x20,0x00,0xa0,0xff,0x00,0x00,0x40,0xff,0x00,0x00,0x40,0xff,
    0x00,0x00,0x00,0x00,0x00,0x00,0x00,0x00,0x00,0x00,0x00,0x00,0x00,0x00,0x00,0x00,
    0x00,0x00,0x00,0x00,0x00,0x00,0x00,0x00,0x00,0x00,0x00,0x00,0x00,0x00,0x00,0x00,
    0x00,0x00,0x00,0x00,0x00,0x00,0x00,0x00,0x00,0x00,0x00,0x00,0x00,0x00,0x00,0x00,
    0x00,0x00,0x00,0x00,0x00,0x00,0x00,0x00,0x00,0x00,0x00,0x00,0x00,0x00,0x00,0x00,
    0x00,0x00,0x00,0x00,0x00,0x00,0x00,0x00,0x00,0x00,0x00,0x00,0x00,0x00,0x00,0x00,
    0x00,0x00,0x00,0x00,0x00,0x00,0x00,0x00,0x00,0x00,0x00,0x00,0x40,0x40,0xe0,0xff,
    0x60,0x60,0xa0,0xff,0x40,0x40,0xe0,0xff,0x20,0x20,0xe0,0xff,0x20,0x20,0xe0,0xff,
    0x20,0x20,0xe0,0xff,0x00,0x00,0x40,0xff,0x20,0x20,0xe0,0xff,0x20,0x20,0xe0,0xff,
    0x40,0x40,0xe0,0xff,0xe0,0xe0,0xe0,0xff,0x20,0x20,0xe0,0xff,0x20,0x20,0xe0,0xff,
    0x20,0x00,0xa0,0xff,0x00,0x00,0x40,0xff,0x20,0x20,0xe0,0xff,0x20,0x20,0xe0,0xff,
    0x20,0x20,0xe0,0xff,0x20,0x20,0xe0,0xff,0x20,0x20,0xe0,0xff,0x60,0x60,0xa0,0xff,
    0x20,0x20,0xe0,0xff,0x20,0x00,0xa0,0xff,0x00,0x00,0x40,0xff,0x00,0x00,0x00,0x00,
    0x00,0x00,0x00,0x00,0x00,0x00,0x00,0x00,0x00,0x00,0x00,0x00,0x00,0x00,0x00,0x00,
    0x00,0x00,0x00,0x00,0x00,0x00,0x00,0x00,0x00,0x00,0x00,0x00,0x00,0x00,0x00,0x00,
    0x00,0x00,0x00,0x00,0x00,0x00,0x00,0x00,0x00,0x00,0x00,0x00,0x00,0x00,0x00,0x00,
    0x00,0x00,0x00,0x00,0x00,0x00,0x00,0x00,0x00,0x00,0x00,0x00,0x00,0x00,0x00,0x00,
    0x00,0x00,0x00,0x00,0x00,0x00,0x00,0x00,0x00,0x00,0x00,0x00,0x00,0x00,0x00,0x00,
    0x00,0x00,0x00,0x00,0x00,0x00,0x00,0x00,0x00,0x00,0x00,0x00,0x00,0x00,0x00,0x00,
    0x00,0x00,0x00,0x00,0x00,0x00,0x00,0x00,0x00,0x00,0x00,0x00,0x00,0x00,0x00,0x00,
    0x00,0x00,0x00,0x00,0x00,0x00,0x00,0x00,0x00,0x00,0x00,0x00,0x00,0x00,0x00,0x00,
    0x00,0x00,0x00,0x00,0x00,0x00,0x00,0x00,0x00,0x00,0x00,0x00,0x00,0x00,0x00,0x00,
    0x00,0x00,0x00,0x00,0x00,0x00,0x00,0x00,0x00,0x00,0x00,0x00,0x00,0x00,0x00,0x00,
    0x00,0x00,0x00,0x00,0x00,0x00,0x00,0x00,0x00,0x00,0x00,0x00,0x00,0x00,0x00,0x00,
    0x00,0x00,0x00,0x00,0x00,0x00,0x00,0x00,0x00,0x00,0x00,0x00,0x00,0x00,0x00,0x00,
    0x00,0x00,0x00,0x00,0x00,0x00,0x00,0x00,0x00,0x00,0x00,0x00,0x00,0x00,0x00,0x00,
    0x00,0x00,0x00,0x00,0x00,0x00,0x00,0x00,0x00,0x00,0x00,0x00,0x00,0x00,0x00,0x00,
    0x00,0x00,0x00,0x00,0x00,0x00,0x00,0x00,0x00,0x00,0x00,0x00,0x00,0x00,0x00,0x00,
    0x00,0x00,0x00,0x00,0x00,0x00,0x00,0x00,0x00,0x00,0x00,0x00,0x00,0x00,0x00,0x00,
    0x00,0x00,0x00,0x00,0x00,0x00,0x00,0x00,0x00,0x00,0x00,0x00,0x00,0x00,0x00,0x00,
    0x00,0x00,0x00,0x00,0x00,0x00,0x00,0x00,0x00,0x00,0x00,0x00,0x00,0x00,0x00,0x00,
    0x00,0x00,0x00,0x00,0x00,0x00,0x00,0x00,0x00,0x00,0x00,0x00,0x00,0x00,0x00,0x00,
    0x00,0x00,0x00,0x00,0x00,0x00,0x00,0x00,0x00,0x00,0x00,0x00,0x00,0x00,0x00,0x00,
    0x00,0x00,0x00,0x00,0x00,0x00,0x00,0x00,0x00,0x00,0x00,0x00,0x00,0x00,0x00,0x00,
    0x00,0x00,0x00,0x00,0x00,0x00,0x00,0x00,0x00,0x00,0x00,0x00,0x00,0x00,0x00,0x00,
    0x00,0x00,0x00,0x00,0x00,0x00,0x00,0x00,0x00,0x00,0x00,0x00,0x00,0x00,0x00,0x00,
    0x00,0x00,0x00,0x00,0x00,0x00,0x00,0x00,0x00,0x00,0x00,0x00,0x00,0x00,0x00,0x00,
    0x00,0x00,0x00,0x00,0x00,0x00,0x00,0x00,0x00,0x00,0x00,0x00,0x00,0x00,0x00,0x00,
    0x00,0x00,0x00,0x00,0x00,0x00,0x00,0x00,0x00,0x00,0x00,0x00,0x00,0x00,0x00,0x00,
    0x00,0x00,0x00,0x00,0x00,0x00,0x00,0x00,0x00,0x00,0x00,0x00,0x00,0x00,0x00,0x00,
    0x00,0x00,0x00,0x00,0x00,0x00,0x00,0x00,0x00,0x00,0x00,0x00,0x00,0x00,0x00,0x00,
    0x00,0x00,0x00,0x00,0x00,0x00,0x00,0x00,0x00,0x00,0x00,0x00,0x00,0x00,0x00,0x00,
    0x00,0x00,0x00,0x00,0x00,0x00,0x00,0x00,0x00,0x00,0x00,0x00,0x00,0x00,0x00,0x00,
    0x00,0x00,0x00,0x00,0x00,0x00,0x00,0x00,0x00,0x00,0x00,0x00,0x00,0x00,0x00,0x00,
    0x00,0x00,0x00,0x00,0x00,0x00,0x00,0x00,0x00,0x00,0x00,0x00,0x00,0x00,0x00,0x00,
    0x00,0x00,0x00,0x00,0x00,0x00,0x00,0x00,0x00,0x00,0x00,0x00,0x00,0x00,0x00,0x00,
    0x00,0x00,0x00,0x00,0x00,0x00,0x00,0x00,0x00,0x00,0x00,0x00,0x00,0x00,0x00,0x00,
    0x00,0x00,0x00,0x00,0x00,0x00,0x00,0x00,0x00,0x00,0x00,0x00,0x00,0x00,0x00,0x00,
    0x00,0x00,0x00,0x00,0x00,0x00,0x00,0x00,0x00,0x00,0x00,0x00,0x00,0x00,0x00,0x00,
    0x00,0x00,0x00,0x00,0x00,0x00,0x00,0x00,0x00,0x00,0x00,0x00,0x00,0x00,0x00,0x00,
    0x00,0x00,0x00,0x00,0x00,0x00,0x00,0x00,0x00,0x00,0x00,0x00,0x00,0x00,0x00,0x00,
    0x00,0x00,0x00,0x00,0x00,0x00,0x00,0x00,0x00,0x00,0x00,0x00,0x00,0x00,0x00,0x00,
    0x00,0x00,0x00,0x00,0x00,0x00,0x00,0x00,0x00,0x00,0x00,0x00,0x00,0x00,0x00,0x00,
    0x00,0x00,0x00,0x00,0x00,0x00,0x00,0x00,0x00,0x00,0x00,0x00,0x00,0x00,0x00,0x00,
    0x00,0x00,0x00,0x00,0x00,0x00,0x00,0x00,0x00,0x00,0x00,0x00,0x00,0x00,0x40,0xff,
    0x20,0x20,0xe0,0xff,0x20,0x20,0xe0,0xff,0x20,0x20,0xe0,0xff,0x60,0x60,0xa0,0xff,
    0xe0,0xe0,0xe0,0xff,0x60,0x60,0xa0,0xff,0x20,0x20,0xe0,0xff,0x20,0x00,0xa0,0xff,
    0x20,0x00,0xa0,0xff,0x20,0x00,0xa0,0xff,0x20,0x20,0xe0,0xff,0x20,0x20,0xe0,0xff,
    0x20,0x20,0xe0,0xff,0x20,0x20,0xe0,0xff,0x20,0x20,0xe0,0xff,0x20,0x00,0xa0,0xff,
    0x20,0x00,0xa0,0xff,0x20,0x00,0xa0,0xff,0x20,0x20,0xe0,0xff,0x60,0x60,0xa0,0xff,
    0xe0,0xe0,0xe0,0xff,0x60,0x60,0xa0,0xff,0x20,0x20,0xe0,0xff,0x20,0x20,0xe0,0xff,
    0x20,0x20,0xe0,0xff,0x00,0x00,0x40,0xff,0x00,0x00,0x00,0x00,0x00,0x00,0x00,0x00,
    0x00,0x00,0x00,0x00,0x00,0x00,0x00,0x00,0x00,0x00,0x00,0x00,0x00,0x00,0x00,0x00,
    0x00,0x00,0x00,0x00,0x00,0x00,0x00,0x00,0x00,0x00,0x00,0x00,0x00,0x00,0x00,0x00,
    0x00,0x00,0x00,0x00,0x00,0x00,0x00,0x00,0x00,0x00,0x00,0x00,0x00,0x00,0x00,0x00,
    0x00,0x00,0x00,0x00,0x00,0x00,0x00,0x00,0x00,0x00,0x00,0x00,0x00,0x00,0x00,0x00,
    0x00,0x00,0x00,0x00,0x00,0x00,0x00,0x00,0x00,0x00,0x00,0x00,0x00,0x00,0x00,0x00,
    0x00,0x00,0x40,0xff,0x20,0x00,0xa0,0xff,0x60,0x60,0xa0,0xff,0x20,0x20,0xe0,0xff,
    0x20,0x20,0xe0,0xff,0x20,0x00,0xa0,0xff,0x00,0x00,0x40,0xff,0x20,0x00,0xa0,0xff,
    0x20,0x20,0xe0,0xff,0x20,0x20,0xe0,0xff,0x40,0x40,0xe0,0xff,0x60,0x60,0xa0,0xff,
    0x40,0x40,0xe0,0xff,0x20,0x20,0xe0,0xff,0x20,0x20,0xe0,0xff,0x20,0x00,0xa0,0xff,
    0x00,0x00,0x40,0xff,0x20,0x00,0xa0,0xff,0x20,0x20,0xe0,0xff,0x20,0x20,0xe0,0xff,
    0x60,0x60,0xa0,0xff,0x20,0x00,0xa0,0xff,0x00,0x00,0x40,0xff,0x00,0x00,0x00,0x00,
    0x00,0x00,0x00,0x00,0x00,0x00,0x00,0x00,0x00,0x00,0x00,0x00,0x00,0x00,0x00,0x00,
    0x00,0x00,0x00,0x00,0x00,0x00,0x00,0x00,0x00,0x00,0x00,0x00,0x00,0x00,0x00,0x00,
    0x00,0x00,0x00,0x00,0x00,0x00,0x00,0x00,0x00,0x00,0x00,0x00,0x00,0x00,0x00,0x00,
    0x00,0x00,0x00,0x00,0x00,0x00,0x00,0x00,0x00,0x00,0x00,0x00,0x00,0x00,0x00,0x00,
    0x00,0x00,0x00,0x00,0x00,0x00,0x00,0x00,0x00,0x00,0x00,0x00,0x00,0x00,0x00,0x00,
    0x00,0x00,0x00,0x00,0x00,0x00,0x00,0x00,0x00,0x00,0x00,0x00,0x00,0x00,0x00,0x00,
    0x00,0x00,0x40,0xff,0x20,0x00,0xa0,0xff,0x60,0x60,0xa0,0xff,0x20,0x20,0xe0,0xff,
    0x20,0x20,0xe0,0xff,0x20,0x00,0xa0,0xff,0x00,0x00,0x40,0xff,0x20,0x00,0xa0,0xff,
    0x20,0x20,0xe0,0xff,0x20,0x20,0xe0,0xff,0x40,0x40,0xe0,0xff,0x60,0x60,0xa0,0xff,
    0x40,0x40,0xe0,0xff,0x20,0x20,0xe0,0xff,0x20,0x20,0xe0,0xff,0x20,0x00,0xa0,0xff,
    0x00,0x00,0x40,0xff,0x20,0x00,0xa0,0xff,0x20,0x20,0xe0,0xff,0x20,0x20,0xe0,0xff,
    0x60,0x60,0xa0,0xff,0x20,0x00,0xa0,0xff,0x00,0x00,0x40,0xff,0x00,0x00,0x00,0x00,
    0x00,0x00,0x00,0x00,0x00,0x00,0x00,0x00,0x00,0x00,0x00,0x00,0x00,0x00,0x00,0x00,
    0x00,0x00,0x00,0x00,0x00,0x00,0x00,0x00,0x00,0x00,0x00,0x00,0x00,0x00,0x00,0x00,
    0x00,0x00,0x00,0x00,0x00,0x00,0x00,0x00,0x00,0x00,0x00,0x00,0x00,0x00,0x00,0x00,
    0x00,0x00,0x00,0x00,0x00,0x00,0x00,0x00,0x00,0x00,0x00,0x00,0x00,0x00,0x00,0x00,
    0x00,0x00,0x00,0x00,0x00,0x00,0x00,0x00,0x00,0x00,0x00,0x00,0x00,0x00,0x00,0x00,
    0x00,0x00,0x00,0x00,0x00,0x00,0x00,0x00,0x00,0x00,0x00,0x00,0x00,0x00,0x00,0x00,
    0x00,0x00,0x40,0xff,0x00,0x00,0x40,0xff,0x20,0x00,0xa0,0xff,0x60,0x60,0xa0,0xff,
    0x40,0x40,0xe0,0xff,0x20,0x20,0xe0,0xff,0x20,0x20,0xe0,0xff,0x20,0x20,0xe0,0xff,
    0x20,0x00,0xa0,0xff,0x20,0x00,0xa0,0xff,0x00,0x00,0x40,0xff,0x20,0x00,0xa0,0xff,
    0x20,0x00,0xa0,0xff,0x20,0x20,0xe0,0xff,0x20,0x20,0xe0,0xff,0x60,0x60,0xa0,0xff,
    0x20,0x20,0xe0,0xff,0x20,0x00,0xa0,0xff,0x00,0x00,0x40,0xff,0x00,0x00,0x40,0xff,
    0x20,0x00,0xa0,0xff,0x20,0x20,0xe0,0xff,0x20,0x20,0xe0,0xff,0x40,0x40,0xe0,0xff,
    0x60,0x60,0xa0,0xff,0x00,0x00,0x40,0xff,0x00,0x00,0x00,0x00,0x00,0x00,0x00,0x00,
    0x00,0x00,0x00,0x00,0x00,0x00,0x00,0x00,0x00,0x00,0x00,0x00,0x00,0x00,0x00,0x00,
    0x00,0x00,0x00,0x00,0x00,0x00,0x00,0x00,0x00,0x00,0x00,0x00,0x00,0x00,0x00,0x00,
    0x00,0x00,0x00,0x00,0x00,0x00,0x00,0x00,0x00,0x00,0x00,0x00,0x00,0x00,0x00,0x00,
    0x00,0x00,0x00,0x00,0x00,0x00,0x00,0x00,0x00,0x00,0x00,0x00,0x00,0x00,0x00,0x00,
    0x00,0x00,0x00,0x00,0x00,0x00,0x00,0x00,0x00,0x00,0x00,0x00,0x00,0x00,0x40,0xff,
    0x00,0x00,0x40,0xff,0x20,0x00,0xa0,0xff,0x60,0x60,0xa0,0xff,0x60,0x60,0xa0,0xff,
    0x60,0x60,0xa0,0xff,0x20,0x20,0xe0,0xff,0x20,0x20,0xe0,0xff,0x20,0x00,0xa0,0xff,
    0x20,0x00,0xa0,0xff,0x20,0x00,0xa0,0xff,0x20,0x00,0xa0,0xff,0x20,0x00,0xa0,0xff,
    0x00,0x00,0x40,0xff,0x20,0x00,0xa0,0xff,0x20,0x00,0xa0,0xff,0x40,0x40,0xe0,0xff,
    0x40,0x40,0xe0,0xff,0x20,0x20,0xe0,0xff,0x20,0x00,0xa0,0xff,0x00,0x00,0x40,0xff,
    0x00,0x00,0x40,0xff,0x20,0x20,0xe0,0xff,0x20,0x20,0xe0,0xff,0x20,0x20,0xe0,0xff,
    0x60,0x60,0xa0,0xff,0x00,0x00,0x40,0xff,0x00,0x00,0x00,0x00,0x00,0x00,0x00,0x00,
    0x00,0x00,0x00,0x00,0x00,0x00,0x00,0x00,0x00,0x00,0x00,0x00,0x00,0x00,0x00,0x00,
    0x00,0x00,0x00,0x00,0x00,0x00,0x00,0x00,0x00,0x00,0x00,0x00,0x00,0x00,0x00,0x00,
    0x00,0x00,0x00,0x00,0x00,0x00,0x00,0x00,0x00,0x00,0x00,0x00,0x00,0x00,0x00,0x00,
    0x00,0x00,0x00,0x00,0x00,0x00,0x00,0x00,0x00,0x00,0x00,0x00,0x00,0x00,0x00,0x00,
    0x00,0x00,0x00,0x00,0x00,0x00,0x00,0x00,0x00,0x00,0x00,0x00,0x00,0x00,0x00,0x00,
    0x00,0x00,0x40,0xff,0x00,0x00,0x40,0xff,0x20,0x00,0xa0,0xff,0x60,0x60,0xa0,0xff,
    0x40,0x40,0xe0,0xff,0x20,0x20,0xe0,0xff,0x20,0x20,0xe0,0xff,0x20,0x20,0xe0,0xff,
    0x20,0x00,0xa0,0xff,0x20,0x00,0xa0,0xff,0x00,0x00,0x40,0xff,0x20,0x00,0xa0,0xff,
    0x20,0x00,0xa0,0xff,0x20,0x20,0xe0,0xff,0x20,0x20,0xe0,0xff,0x60,0x60,0xa0,0xff,
    0x20,0x20,0xe0,0xff,0x20,0x00,0xa0,0xff,0x00,0x00,0x40,0xff,0x00,0x00,0x40,0xff,
    0x20,0x00,0xa0,0xff,0x20,0x20,0xe0,0xff,0x20,0x20,0xe0,0xff,0x40,0x40,0xe0,0xff,
    0x60,0x60,0xa0,0xff,0x00,0x00,0x40,0xff,0x00,0x00,0x00,0x00,0x00,0x00,0x00,0x00,
    0x00,0x00,0x00,0x00,0x00,0x00,0x00,0x00,0x00,0x00,0x00,0x00,0x00,0x00,0x00,0x00,
    0x00,0x00,0x00,0x00,0x00,0x00,0x00,0x00,0x00,0x00,0x00,0x00,0x00,0x00,0x00,0x00,
    0x00,0x00,0x00,0x00,0x00,0x00,0x00,0x00,0x00,0x00,0x00,0x00,0x00,0x00,0x00,0x00,
    0x00,0x00,0x00,0x00,0x00,0x00,0x00,0x00,0x00,0x00,0x00,0x00,0x00,0x00,0x00,0x00,
    0x00,0x00,0x00,0x00,0x00,0x00,0x00,0x00,0x00,0x00,0x00,0x00,0x00,0x00,0x00,0x00,
    0x00,0x00,0x00,0x00,0x00,0x00,0x40,0xff,0x20,0x00,0xa0,0xff,0x60,0x60,0xa0,0xff,
    0x40,0x40,0xe0,0xff,0x20,0x20,0xe0,0xff,0x20,0x20,0xe0,0xff,0x20,0x20,0xe0,0xff,
    0x20,0x20,0xe0,0xff,0x20,0x20,0xe0,0xff,0x00,0x00,0x40,0xff,0x20,0x00,0xa0,0xff,
    0x20,0x20,0xe0,0xff,0x20,0x20,0xe0,0xff,0xe0,0xe0,0xe0,0xff,0x40,0x40,0xe0,0xff,
    0x20,0x20,0xe0,0xff,0x20,0x20,0xe0,0xff,0x00,0x00,0x40,0xff,0x20,0x20,0xe0,0xff,
    0x20,0x20,0xe0,0xff,0x20,0x20,0xe0,0xff,0x20,0x20,0xe0,0xff,0x40,0x40,0xe0,0xff,
    0x60,0x60,0xa0,0xff,0x00,0x00,0x00,0x00,0x00,0x00,0x00,0x00,0x00,0x00,0x00,0x00,
    0x00,0x00,0x00,0x00,0x00,0x00,0x00,0x00,0x00,0x00,0x00,0x00,0x00,0x00,0x00,0x00,
    0x00,0x00,0x00,0x00,0x00,0x00,0x00,0x00,0x00,0x00,0x00,0x00,0x00,0x00,0x00,0x00,
    0x00,0x00,0x00,0x00,0x00,0x00,0x00,0x00,0x00,0x00,0x00,0x00,0x00,0x00,0x00,0x00,
    0x00,0x00,0x00,0x00,0x00,0x00,0x00,0x00,0x00,0x00,0x00,0x00,0x00,0x00,0x00,0x00,
    0x00,0x00,0x00,0x00,0x00,0x00,0x00,0x00,0x00,0x00,0x00,0x00,0x00,0x00,0x00,0x00,
    0x00,0x00,0x40,0xff,0x20,0x00,0xa0,0xff,0x60,0x60,0xa0,0xff,0x20,0x20,0xe0,0xff,
    0x20,0x20,0xe0,0xff,0x20,0x00,0xa0,0xff,0x00,0x00,0x40,0xff,0x20,0x00,0xa0,0xff,
    0x20,0x20,0xe0,0xff,0x20,0x20,0xe0,0xff,0x40,0x40,0xe0,0xff,0x60,0x60,0xa0,0xff,
    0x40,0x40,0xe0,0xff,0x20,0x20,0xe0,0xff,0x20,0x20,0xe0,0xff,0x20,0x00,0xa0,0xff,
    0x00,0x00,0x40,0xff,0x20,0x00,0xa0,0xff,0x20,0x20,0xe0,0xff,0x20,0x20,0xe0,0xff,
    0x60,0x60,0xa0,0xff,0x20,0x00,0xa0,0xff,0x00,0x00,0x40,0xff,0x00,0x00,0x00,0x00,
    0x00,0x00,0x00,0x00,0x00,0x00,0x00,0x00,0x00,0x00,0x00,0x00,0x00,0x00,0x00,0x00,
    0x00,0x00,0x00,0x00,0x00,0x00,0x00,0x00,0x00,0x00,0x00,0x00,0x00,0x00,0x00,0x00,
    0x00,0x00,0x00,0x00,0x00,0x00,0x00,0x00,0x00,0x00,0x00,0x00,0x00,0x00,0x00,0x00,
    0x00,0x00,0x00,0x00,0x00,0x00,0x00,0x00,0x00,0x00,0x00,0x00,0x00,0x00,0x00,0x00,
    0x00,0x00,0x00,0x00,0x00,0x00,0x00,0x00,0x00,0x00,0x00,0x00,0x00,0x00,0x00,0x00,
    0x00,0x00,0x00,0x00,0x00,0x00,0x00,0x00,0x00,0x00,0x00,0x00,0x60,0x60,0xa0,0xff,
    0x40,0x40,0xe0,0xff,0x20,0x20,0xe0,0xff,0x20,0x20,0xe0,0xff,0x20,0x20,0xe0,0xff,
    0x20,0x20,0xe0,0xff,0x00,0x00,0x40,0xff,0x20,0x20,0xe0,0xff,0x20,0x20,0xe0,0xff,
    0x40,0x40,0xe0,0xff,0xe0,0xe0,0xe0,0xff,0x20,0x20,0xe0,0xff,0x20,0x20,0xe0,0xff,
    0x20,0x00,0xa0,0xff,0x00,0x00,0x40,0xff,0x20,0x20,0xe0,0xff,0x20,0x20,0xe0,0xff,
    0x20,0x20,0xe0,0xff,0x20,0x20,0xe0,0xff,0x20,0x20,0xe0,0xff,0x40,0x40,0xe0,0xff,
    0x60,0x60,0xa0,0xff,0x20,0x00,0xa0,0xff,0x00,0x00,0x40,0xff,0x60,0x60,0xa0,0xff,
    0x00,0x00,0x00,0x00,0x00,0x00,0x00,0x00,0x00,0x00,0x00,0x00,0x00,0x00,0x00,0x00,
    0x00,0x00,0x00,0x00,0x00,0x00,0x00,0x00,0x00,0x00,0x00,0x00,0x00,0x00,0x00,0x00,
    0x00,0x00,0x00,0x00,0x00,0x00,0x00,0x00,0x00,0x00,0x00,0x00,0x00,0x00,0x00,0x00,
    0x00,0x00,0x00,0x00,0x00,0x00,0x00,0x00,0x00,0x00,0x00,0x00,0x00,0x00,0x00,0x00,
    0x00,0x00,0x00,0x00,0x00,0x00,0x00,0x00,0x00,0x00,0x00,0x00,0x00,0x00,0x00,0x00,
    0x00,0x00,0x00,0x00,0x00,0x00,0x00,0x00,0x00,0x00,0x40,0xff,0x60,0x60,0xa0,0xff,
    0x40,0x40,0xe0,0xff,0x20,0x20,0xe0,0xff,0x20,0x20,0xe0,0xff,0x20,0x00,0xa0,0xff,
    0x00,0x00,0x40,0xff,0x00,0x00,0x40,0xff,0x20,0x00,0xa0,0xff,0x20,0x20,0xe0,0xff,
    0x60,0x60,0xa0,0xff,0x20,0x20,0xe0,0xff,0x20,0x20,0xe0,0xff,0x20,0x00,0xa0,0xff,
    0x20,0x00,0xa0,0xff,0x00,0x00,0x40,0xff,0x20,0x00,0xa0,0xff,0x20,0x00,0xa0,0xff,
    0x20,0x20,0xe0,0xff,0x20,0x20,0xe0,0xff,0x20,0x20,0xe0,0xff,0x40,0x40,0xe0,0xff,
    0x60,0x60,0xa0,0xff,0x20,0x00,0xa0,0xff,0x00,0x00,0x40,0xff,0x00,0x00,0x40,0xff,
    0x00,0x00,0x00,0x00,0x00,0x00,0x00,0x00,0x00,0x00,0x00,0x00,0x00,0x00,0x00,0x00,
    0x00,0x00,0x00,0x00,0x00,0x00,0x00,0x00,0x00,0x00,0x00,0x00,0x00,0x00,0x00,0x00,
    0x00,0x00,0x00,0x00,0x00,0x00,0x00,0x00,0x00,0x00,0x00,0x00,0x00,0x00,0x00,0x00,
    0x00,0x00,0x00,0x00,0x00,0x00,0x00,0x00,0x00,0x00,0x00,0x00,0x00,0x00,0x00,0x00,
    0x00,0x00,0x00,0x00,0x00,0x00,0x00,0x00,0x00,0x00,0x00,0x00,0x00,0x00,0x00,0x00,
    0x00,0x00,0x40,0xff,0x60,0x60,0xa0,0xff,0x20,0x20,0xe0,0xff,0x20,0x20,0xe0,0xff,
    0x20,0x20,0xe0,0xff,0x00,0x00,0x40,0xff,0x00,0x00,0x40,0xff,0x20,0x00,0xa0,0xff,
    0x20,0x20,0xe0,0xff,0x40,0x40,0xe0,0xff,0x40,0x40,0xe0,0xff,0x20,0x00,0xa0,0xff,
    0x20,0x00,0xa0,0xff,0x00,0x00,0x40,0xff,0x20,0x00,0xa0,0xff,0x20,0x00,0xa0,0xff,
    0x20,0x00,0xa0,0xff,0x20,0x00,0xa0,0xff,0x20,0x00,0xa0,0xff,0x20,0x20,0xe0,0xff,
    0x20,0x20,0xe0,0xff,0x60,0x60,0xa0,0xff,0x60,0x60,0xa0,0xff,0x60,0x60,0xa0,0xff,
    0x20,0x00,0xa0,0xff,0x00,0x00,0x40,0xff,0x00,0x00,0x40,0xff,0x00,0x00,0x00,0x00,
    0x00,0x00,0x00,0x00,0x00,0x00,0x00,0x00,0x00,0x00,0x00,0x00,0x00,0x00,0x00,0x00,
    0x00,0x00,0x00,0x00,0x00,0x00,0x00,0x00,0x00,0x00,0x00,0x00,0x00,0x00,0x00,0x00,
    0x00,0x00,0x00,0x00,0x00,0x00,0x00,0x00,0x00,0x00,0x00,0x00,0x00,0x00,0x00,0x00,
    0x00,0x00,0x00,0x00,0x00,0x00,0x00,0x00,0x00,0x00,0x00,0x00,0x00,0x00,0x00,0x00,
    0x00,0x00,0x00,0x00,0x00,0x00,0x00,0x00,0x00,0x00,0x00,0x00,0x00,0x00,0x00,0x00,
    0x00,0x00,0x00,0x00,0x00,0x00,0x00,0x00,0x00,0x00,0x40,0xff,0x60,0x60,0xa0,0xff,
    0x40,0x40,0xe0,0xff,0x20,0x20,0xe0,0xff,0x20,0x20,0xe0,0xff,0x20,0x00,0xa0,0xff,
    0x00,0x00,0x40,0xff,0x00,0x00,0x40,0xff,0x20,0x00,0xa0,0xff,0x20,0x20,0xe0,0xff,
    0x60,0x60,0xa0,0xff,0x20,0x20,0xe0,0xff,0x20,0x20,0xe0,0xff,0x20,0x00,0xa0,0xff,
    0x20,0x00,0xa0,0xff,0x00,0x00,0x40,0xff,0x20,0x00,0xa0,0xff,0x20,0x00,0xa0,0xff,
    0x20,0x20,0xe0,0xff,0x20,0x20,0xe0,0xff,0x20,0x20,0xe0,0xff,0x40,0x40,0xe0,0xff,
    0x60,0x60,0xa0,0xff,0x20,0x00,0xa0,0xff,0x00,0x00,0x40,0xff,0x00,0x00,0x40,0xff,
    0x00,0x00,0x00,0x00,0x00,0x00,0x00,0x00,0x00,0x00,0x00,0x00,0x00,0x00,0x00,0x00,
    0x00,0x00,0x00,0x00,0x00,0x00,0x00,0x00,0x00,0x00,0x00,0x00,0x00,0x00,0x00,0x00,
    0x00,0x00,0x00,0x00,0x00,0x00,0x00,0x00,0x00,0x00,0x00,0x00,0x00,0x00,0x00,0x00,
    0x00,0x00,0x00,0x00,0x00,0x00,0x00,0x00,0x00,0x00,0x00,0x00,0x00,0x00,0x00,0x00,
    0x00,0x00,0x00,0x00,0x00,0x00,0x00,0x00,0x00,0x00,0x00,0x00,0x00,0x00,0x00,0x00,
    0x00,0x00,0x00,0x00,0x00,0x00,0x00,0x00,0x00,0x00,0x00,0x00,0x60,0x60,0xa0,0xff,
    0x40,0x40,0xe0,0xff,0x20,0x20,0xe0,0xff,0x20,0x20,0xe0,0xff,0x20,0x20,0xe0,0xff,
    0x20,0x20,0xe0,0xff,0x00,0x00,0x40,0xff,0x20,0x20,0xe0,0xff,0x20,0x20,0xe0,0xff,
    0x40,0x40,0xe0,0xff,0xe0,0xe0,0xe0,0xff,0x20,0x20,0xe0,0xff,0x20,0x20,0xe0,0xff,
    0x20,0x00,0xa0,0xff,0x00,0x00,0x40,0xff,0x20,0x20,0xe0,0xff,0x20,0x20,0xe0,0xff,
    0x20,0x20,0xe0,0xff,0x20,0x20,0xe0,0xff,0x20,0x20,0xe0,0xff,0x40,0x40,0xe0,0xff,
    0x60,0x60,0xa0,0xff,0x20,0x00,0xa0,0xff,0x00,0x00,0x40,0xff,0x60,0x60,0xa0,0xff,
    0x00,0x00,0x00,0x00,0x00,0x00,0x00,0x00,0x00,0x00,0x00,0x00,0x00,0x00,0x00,0x00,
    0x00,0x00,0x00,0x00,0x00,0x00,0x00,0x00,0x00,0x00,0x00,0x00,0x00,0x00,0x00,0x00,
    0x00,0x00,0x00,0x00,0x00,0x00,0x00,0x00,0x00,0x00,0x00,0x00,0x00,0x00,0x00,0x00,
    0x00,0x00,0x00,0x00,0x00,0x00,0x00,0x00,0x00,0x00,0x00,0x00,0x00,0x00,0x00,0x00,
    0x00,0x00,0x00,0x00,0x00,0x00,0x00,0x00,0x00,0x00,0x00,0x00,0x00,0x00,0x00,0x00,
    0x00,0x00,0x00,0x00,0x00,0x00,0x00,0x00,0x00,0x00,0x00,0x00,0x00,0x00,0x00,0x00,
    0x00,0x00,0x00,0x00,0x00,0x00,0x00,0x00,0x00,0x00,0x00,0x00,0x00,0x00,0x00,0x00,
    0x00,0x00,0x00,0x00,0x00,0x00,0x00,0x00,0x00,0x00,0x00,0x00,0x00,0x00,0x00,0x00,
    0x00,0x00,0x00,0x00,0x00,0x00,0x00,0x00,0x00,0x00,0x00,0x00,0x00,0x00,0x00,0x00,
    0x00,0x00,0x00,0x00,0x00,0x00,0x00,0x00,0x00,0x00,0x00,0x00,0x00,0x00,0x00,0x00,
    0x00,0x00,0x00,0x00,0x00,0x00,0x00,0x00,0x00,0x00,0x00,0x00,0x00,0x00,0x00,0x00,
    0x00,0x00,0x00,0x00,0x00,0x00,0x00,0x00,0x00,0x00,0x00,0x00,0x00,0x00,0x00,0x00,
    0x00,0x00,0x00,0x00,0x00,0x00,0x00,0x00,0x00,0x00,0x00,0x00,0x00,0x00,0x00,0x00,
    0x00,0x00,0x00,0x00,0x00,0x00,0x00,0x00,0x00,0x00,0x00,0x00,0x00,0x00,0x00,0x00,
    0x00,0x00,0x00,0x00,0x00,0x00,0x00,0x00,0x00,0x00,0x00,0x00,0x00,0x00,0x00,0x00,
    0x00,0x00,0x00,0x00,0x00,0x00,0x00,0x00,0x00,0x00,0x00,0x00,0x00,0x00,0x00,0x00,
    0x00,0x00,0x00,0x00,0x00,0x00,0x00,0x00,0x00,0x00,0x00,0x00,0x00,0x00,0x00,0x00,
    0x00,0x00,0x00,0x00,0x00,0x00,0x00,0x00,0x00,0x00,0x00,0x00,0x00,0x00,0x00,0x00,
    0x00,0x00,0x00,0x00,0x00,0x00,0x00,0x00,0x00,0x00,0x00,0x00,0x00,0x00,0x00,0x00,
    0x00,0x00,0x00,0x00,0x00,0x00,0x00,0x00,0x00,0x00,0x00,0x00,0x00,0x00,0x00,0x00,
    0x00,0x00,0x00,0x00,0x00,0x00,0x00,0x00,0x00,0x00,0x00,0x00,0x00,0x00,0x00,0x00,
    0x00,0x00,0x00,0x00,0x00,0x00,0x00,0x00,0x00,0x00,0x00,0x00,0x00,0x00,0x00,0x00,
    0x00,0x00,0x00,0x00,0x00,0x00,0x00,0x00,0x00,0x00,0x00,0x00,0x00,0x00,0x00,0x00,
    0x00,0x00,0x00,0x00,0x00,0x00,0x00,0x00,0x00,0x00,0x00,0x00,0x00,0x00,0x00,0x00,
    0x00,0x00,0x00,0x00,0x00,0x00,0x00,0x00,0x00,0x00,0x00,0x00,0x00,0x00,0x00,0x00,
    0x00,0x00,0x00,0x00,0x00,0x00,0x00,0x00,0x00,0x00,0x00,0x00,0x00,0x00,0x00,0x00,
    0x00,0x00,0x00,0x00,0x00,0x00,0x00,0x00,0x00,0x00,0x00,0x00,0x00,0x00,0x00,0x00,
    0x00,0x00,0x00,0x00,0x00,0x00,0x00,0x00,0x00,0x00,0x00,0x00,0x00,0x00,0x00,0x00,
    0x00,0x00,0x00,0x00,0x00,0x00,0x00,0x00,0x00,0x00,0x00,0x00,0x00,0x00,0x00,0x00,
    0x00,0x00,0x00,0x00,0x00,0x00,0x00,0x00,0x00,0x00,0x00,0x00,0x00,0x00,0x00,0x00,
    0x00,0x00,0x00,0x00,0x00,0x00,0x00,0x00,0x00,0x00,0x00,0x00,0x00,0x00,0x00,0x00,
    0x00,0x00,0x00,0x00,0x00,0x00,0x00,0x00,0x00,0x00,0x00,0x00,0x00,0x00,0x00,0x00,
    0x00,0x00,0x00,0x00,0x00,0x00,0x00,0x00,0x00,0x00,0x00,0x00,0x00,0x00,0x00,0x00,
    0x00,0x00,0x00,0x00,0x00,0x00,0x00,0x00,0x00,0x00,0x00,0x00,0x00,0x00,0x00,0x00,
    0x00,0x00,0x00,0x00,0x00,0x00,0x00,0x00,0x00,0x00,0x00,0x00,0x00,0x00,0x00,0x00,
    0x00,0x00,0x00,0x00,0x00,0x00,0x00,0x00,0x00,0x00,0x00,0x00,0x00,0x00,0x00,0x00,
    0x00,0x00,0x00,0x00,0x00,0x00,0x00,0x00,0x00,0x00,0x00,0x00,0x00,0x00,0x00,0x00,
    0x00,0x00,0x00,0x00,0x00,0x00,0x00,0x00,0x00,0x00,0x00,0x00,0x00,0x00,0x00,0x00,
    0x00,0x00,0x00,0x00,0x00,0x00,0x00,0x00,0x00,0x00,0x00,0x00,0x00,0x00,0x00,0x00,
    0x00,0x00,0x00,0x00,0x00,0x00,0x00,0x00,0x00,0x00,0x00,0x00,0x00,0x00,0x00,0x00,
    0x00,0x00,0x00,0x00,0x00,0x00,0x00,0x00,0x00,0x00,0x00,0x00,0x00,0x00,0x00,0x00,
    0x00,0x00,0x00,0x00,0x00,0x00,0x00,0x00,0x00,0x00,0x00,0x00,0x00,0x00,0x40,0xff,
    0x20,0x20,0xe0,0xff,0x20,0x20,0xe0,0xff,0x20,0x20,0xe0,0xff,0x20,0x20,0xe0,0xff,
    0x60,0x60,0xa0,0xff,0x60,0x60,0xa0,0xff,0x00,0x00,0x40,0xff,0x20,0x00,0xa0,0xff,
    0x20,0x00,0xa0,0xff,0x20,0x20,0xe0,0xff,0x20,0x20,0xe0,0xff,0x20,0x20,0xe0,0xff,
    0x20,0x20,0xe0,0xff,0x20,0x20,0xe0,0xff,0x20,0x20,0xe0,0xff,0x20,0x20,0xe0,0xff,
    0x20,0x00,0xa0,0xff,0x20,0x00,0xa0,0xff,0x00,0x00,0x40,0xff,0x60,0x60,0xa0,0xff,
    0x60,0x60,0xa0,0xff,0x20,0x20,0xe0,0xff,0x20,0x20,0xe0,0xff,0x20,0x20,0xe0,0xff,
    0x20,0x20,0xe0,0xff,0x00,0x00,0x40,0xff,0x00,0x00,0x00,0x00,0x00,0x00,0x00,0x00,
    0x00,0x00,0x00,0x00,0x00,0x00,0x00,0x00,0x00,0x00,0x00,0x00,0x00,0x00,0x00,0x00,
    0x00,0x00,0x00,0x00,0x00,0x00,0x00,0x00,0x00,0x00,0x00,0x00,0x00,0x00,0x00,0x00,
    0x00,0x00,0x00,0x00,0x00,0x00,0x00,0x00,0x00,0x00,0x00,0x00,0x00,0x00,0x00,0x00,
    0x00,0x00,0x00,0x00,0x00,0x00,0x00,0x00,0x00,0x00,0x00,0x00,0x00,0x00,0x00,0x00,
    0x00,0x00,0x00,0x00,0x00,0x00,0x00,0x00,0x00,0x00,0x00,0x00,0x00,0x00,0x40,0xff,
    0x00,0x00,0x40,0xff,0x60,0x60,0xa0,0xff,0x40,0x40,0xe0,0xff,0x20,0x20,0xe0,0xff,
    0x20,0x20,0xe0,0xff,0x20,0x00,0xa0,0xff,0x00,0x00,0x40,0xff,0x20,0x00,0xa0,0xff,
    0x20,0x00,0xa0,0xff,0x20,0x20,0xe0,0xff,0x40,0x40,0xe0,0xff,0x60,0x60,0xa0,0xff,
    0x40,0x40,0xe0,0xff,0x20,0x20,0xe0,0xff,0x20,0x00,0xa0,0xff,0x20,0x00,0xa0,0xff,
    0x00,0x00,0x40,0xff,0x20,0x00,0xa0,0xff,0x20,0x20,0xe0,0xff,0x20,0x20,0xe0,0xff,
    0x40,0x40,0xe0,0xff,0x60,0x60,0xa0,0xff,0x00,0x00,0x40,0xff,0x00,0x00,0x40,0xff,
    0x00,0x00,0x00,0x00,0x00,0x00,0x00,0x00,0x00,0x00,0x00,0x00,0x00,0x00,0x00,0x00,
    0x00,0x00,0x00,0x00,0x00,0x00,0x00,0x00,0x00,0x00,0x00,0x00,0x00,0x00,0x00,0x00,
    0x00,0x00,0x00,0x00,0x00,0x00,0x00,0x00,0x00,0x00,0x00,0x00,0x00,0x00,0x00,0x00,
    0x00,0x00,0x00,0x00,0x00,0x00,0x00,0x00,0x00,0x00,0x00,0x00,0x00,0x00,0x00,0x00,
    0x00,0x00,0x00,0x00,0x00,0x00,0x00,0x00,0x00,0x00,0x00,0x00,0x00,0x00,0x00,0x00,
    0x00,0x00,0x00,0x00,0x00,0x00,0x00,0x00,0x00,0x00,0x00,0x00,0x00,0x00,0x40,0xff,
    0x00,0x00,0x40,0xff,0x60,0x60,0xa0,0xff,0x40,0x40,0xe0,0xff,0x20,0x20,0xe0,0xff,
    0x20,0x20,0xe0,0xff,0x20,0x00,0xa0,0xff,0x00,0x00,0x40,0xff,0x20,0x00,0xa0,0xff,
    0x20,0x00,0xa0,0xff,0x20,0x20,0xe0,0xff,0x40,0x40,0xe0,0xff,0x60,0x60,0xa0,0xff,
    0x40,0x40,0xe0,0xff,0x20,0x20,0xe0,0xff,0x20,0x00,0xa0,0xff,0x20,0x00,0xa0,0xff,
    0x00,0x00,0x40,0xff,0x20,0x00,0xa0,0xff,0x20,0x20,0xe0,0xff,0x20,0x20,0xe0,0xff,
    0x40,0x40,0xe0,0xff,0x60,0x60,0xa0,0xff,0x00,0x00,0x40,0xff,0x00,0x00,0x40,0xff,
    0x00,0x00,0x00,0x00,0x00,0x00,0x00,0x00,0x00,0x00,0x00,0x00,0x00,0x00,0x00,0x00,
    0x00,0x00,0x00,0x00,0x00,0x00,0x00,0x00,0x00,0x00,0x00,0x00,0x00,0x00,0x00,0x00,
    0x00,0x00,0x00,0x00,0x00,0x00,0x00,0x00,0x00,0x00,0x00,0x00,0x00,0x00,0x00,0x00,
    0x00,0x00,0x00,0x00,0x00,0x00,0x00,0x00,0x00,0x00,0x00,0x00,0x00,0x00,0x00,0x00,
    0x00,0x00,0x00,0x00,0x00,0x00,0x00,0x00,0x00,0x00,0x00,0x00,0x00,0x00,0x00,0x00,
    0x00,0x00,0x00,0x00,0x00,0x00,0x00,0x00,0x00,0x00,0x00,0x00,0x00,0x00,0x00,0x00,
    0x00,0x00,0x00,0x00,0x00,0x00,0x40,0xff,0x20,0x00,0xa0,0xff,0x60,0x60,0xa0,0xff,
    0x40,0x40,0xe0,0xff,0x20,0x20,0xe0,0xff,0x20,0x20,0xe0,0xff,0x20,0x20,0xe0,0xff,
    0x20,0x00,0xa0,0xff,0x20,0x00,0xa0,0xff,0x20,0x00,0xa0,0xff,0x00,0x00,0x40,0xff,
    0x00,0x00,0x40,0xff,0x20,0x00,0xa0,0xff,0x20,0x20,0xe0,0xff,0x60,0x60,0xa0,0xff,
    0x20,0x20,0xe0,0xff,0x00,0x00,0x40,0xff,0x00,0x00,0x40,0xff,0x00,0x00,0x40,0xff,
    0x20,0x00,0xa0,0xff,0x20,0x20,0xe0,0xff,0x20,0x20,0xe0,0xff,0x20,0x20,0xe0,0xff,
    0x60,0x60,0xa0,0xff,0x00,0x00,0x40,0xff,0x00,0x00,0x00,0x00,0x00,0x00,0x00,0x00,
    0x00,0x00,0x00,0x00,0x00,0x00,0x00,0x00,0x00,0x00,0x00,0x00,0x00,0x00,0x00,0x00,
    0x00,0x00,0x00,0x00,0x00,0x00,0x00,0x00,0x00,0x00,0x00,0x00,0x00,0x00,0x00,0x00,
    0x00,0x00,0x00,0x00,0x00,0x00,0x00,0x00,0x00,0x00,0x00,0x00,0x00,0x00,0x00,0x00,
    0x00,0x00,0x00,0x00,0x00,0x00,0x00,0x00,0x00,0x00,0x00,0x00,0x00,0x00,0x00,0x00,
    0x00,0x00,0x00,0x00,0x00,0x00,0x00,0x00,0x00,0x00,0x00,0x00,0x00,0x00,0x40,0xff,
    0x00,0x00,0x40,0xff,0x20,0x00,0xa0,0xff,0x60,0x60,0xa0,0xff,0xe0,0xe0,0xe0,0xff,
    0x60,0x60,0xa0,0xff,0x20,0x20,0xe0,0xff,0x20,0x20,0xe0,0xff,0x00,0x00,0x40,0xff,
    0x00,0x00,0x40,0xff,0x20,0x00,0xa0,0xff,0x20,0x00,0xa0,0xff,0x20,0x00,0xa0,0xff,
    0x20,0x00,0xa0,0xff,0x00,0x00,0x40,0xff,0x00,0x00,0x40,0xff,0x20,0x00,0xa0,0xff,
    0x20,0x00,0xa0,0xff,0x20,0x00,0xa0,0xff,0x00,0x00,0x40,0xff,0x00,0x00,0x40,0xff,
    0x20,0x20,0xe0,0xff,0x20,0x20,0xe0,0xff,0x20,0x20,0xe0,0xff,0x20,0x20,0xe0,0xff,
    0x60,0x60,0xa0,0xff,0x00,0x00,0x40,0xff,0x00,0x00,0x00,0x00,0x00,0x00,0x00,0x00,
    0x00,0x00,0x00,0x00,0x00,0x00,0x00,0x00,0x00,0x00,0x00,0x00,0x00,0x00,0x00,0x00,
    0x00,0x00,0x00,0x00,0x00,0x00,0x00,0x00,0x00,0x00,0x00,0x00,0x00,0x00,0x00,0x00,
    0x00,0x00,0x00,0x00,0x00,0x00,0x00,0x00,0x00,0x00,0x00,0x00,0x00,0x00,0x00,0x00,
    0x00,0x00,0x00,0x00,0x00,0x00,0x00,0x00,0x00,0x00,0x00,0x00,0x00,0x00,0x00,0x00,
    0x00,0x00,0x00,0x00,0x00,0x00,0x00,0x00,0x00,0x00,0x00,0x00,0x00,0x00,0x00,0x00,
    0x00,0x00,0x00,0x00,0x00,0x00,0x40,0xff,0x20,0x00,0xa0,0xff,0x60,0x60,0xa0,0xff,
    0x40,0x40,0xe0,0xff,0x20,0x20,0xe0,0xff,0x20,0x20,0xe0,0xff,0x20,0x20,0xe0,0xff,
    0x20,0x00,0xa0,0xff,0x20,0x00,0xa0,0xff,0x20,0x00,0xa0,0xff,0x00,0x00,0x40,0xff,
    0x00,0x00,0x40,0xff,0x20,0x00,0xa0,0xff,0x20,0x20,0xe0,0xff,0x60,0x60,0xa0,0xff,
    0x20,0x20,0xe0,0xff,0x00,0x00,0x40,0xff,0x00,0x00,0x40,0xff,0x00,0x00,0x40,0xff,
    0x20,0x00,0xa0,0xff,0x20,0x20,0xe0,0xff,0x20,0x20,0xe0,0xff,0x20,0x20,0xe0,0xff,
    0x60,0x60,0xa0,0xff,0x00,0x00,0x40,0xff,0x00,0x00,0x00,0x00,0x00,0x00,0x00,0x00,
    0x00,0x00,0x00,0x00,0x00,0x00,0x00,0x00,0x00,0x00,0x00,0x00,0x00,0x00,0x00,0x00,
    0x00,0x00,0x00,0x00,0x00,0x00,0x00,0x00,0x00,0x00,0x00,0x00,0x00,0x00,0x00,0x00,
    0x00,0x00,0x00,0x00,0x00,0x00,0x00,0x00,0x00,0x00,0x00,0x00,0x00,0x00,0x00,0x00,
    0x00,0x00,0x00,0x00,0x00,0x00,0x00,0x00,0x00,0x00,0x00,0x00,0x00,0x00,0x00,0x00,
    0x00,0x00,0x00,0x00,0x00,0x00,0x00,0x00,0x00,0x00,0x00,0x00,0x60,0x60,0xa0,0xff,
    0xe0,0xe0,0xe0,0xff,0x00,0x00,0x40,0xff,0x20,0x00,0xa0,0xff,0x60,0x60,0xa0,0xff,
    0x20,0x20,0xe0,0xff,0x20,0x20,0xe0,0xff,0x20,0x20,0xe0,0xff,0x20,0x20,0xe0,0xff,
    0x20,0x20,0xe0,0xff,0x20,0x20,0xe0,0xff,0x20,0x20,0xe0,0xff,0x00,0x00,0x40,0xff,
    0x20,0x00,0xa0,0xff,0x20,0x20,0xe0,0xff,0x60,0x60,0xa0,0xff,0x60,0x60,0xa0,0xff,
    0x20,0x20,0xe0,0xff,0x20,0x20,0xe0,0xff,0x00,0x00,0x40,0xff,0x20,0x20,0xe0,0xff,
    0x20,0x20,0xe0,0xff,0x20,0x20,0xe0,0xff,0x20,0x20,0xe0,0xff,0x40,0x40,0xe0,0xff,
    0xe0,0xe0,0xe0,0xff,0x00,0x00,0x40,0xff,0x00,0x00,0x00,0x00,0x00,0x00,0x00,0x00,
    0x00,0x00,0x00,0x00,0x00,0x00,0x00,0x00,0x00,0x00,0x00,0x00,0x00,0x00,0x00,0x00,
    0x00,0x00,0x00,0x00,0x00,0x00,0x00,0x00,0x00,0x00,0x00,0x00,0x00,0x00,0x00,0x00,
    0x00,0x00,0x00,0x00,0x00,0x00,0x00,0x00,0x00,0x00,0x00,0x00,0x00,0x00,0x00,0x00,
    0x00,0x00,0x00,0x00,0x00,0x00,0x00,0x00,0x00,0x00,0x00,0x00,0x00,0x00,0x00,0x00,
    0x00,0x00,0x00,0x00,0x00,0x00,0x00,0x00,0x00,0x00,0x00,0x00,0x00,0x00,0x40,0xff,
    0x00,0x00,0x40,0xff,0x60,0x60,0xa0,0xff,0x40,0x40,0xe0,0xff,0x20,0x20,0xe0,0xff,
    0x20,0x20,0xe0,0xff,0x20,0x00,0xa0,0xff,0x00,0x00,0x40,0xff,0x20,0x00,0xa0,0xff,
    0x20,0x00,0xa0,0xff,0x20,0x20,0xe0,0xff,0x40,0x40,0xe0,0xff,0x60,0x60,0xa0,0xff,
    0x40,0x40,0xe0,0xff,0x20,0x20,0xe0,0xff,0x20,0x00,0xa0,0xff,0x20,0x00,0xa0,0xff,
    0x00,0x00,0x40,0xff,0x20,0x00,0xa0,0xff,0x20,0x20,0xe0,0xff,0x20,0x20,0xe0,0xff,
    0x40,0x40,0xe0,0xff,0x60,0x60,0xa0,0xff,0x00,0x00,0x40,0xff,0x00,0x00,0x40,0xff,
    0x00,0x00,0x00,0x00,0x00,0x00,0x00,0x00,0x00,0x00,0x00,0x00,0x00,0x00,0x00,0x00,
    0x00,0x00,0x00,0x00,0x00,0x00,0x00,0x00,0x00,0x00,0x00,0x00,0x00,0x00,0x00,0x00,
    0x00,0x00,0x00,0x00,0x00,0x00,0x00,0x00,0x00,0x00,0x00,0x00,0x00,0x00,0x00,0x00,
    0x00,0x00,0x00,0x00,0x00,0x00,0x00,0x00,0x00,0x00,0x00,0x00,0x00,0x00,0x00,0x00,
    0x00,0x00,0x00,0x00,0x00,0x00,0x00,0x00,0x00,0x00,0x00,0x00,0x00,0x00,0x00,0x00,
    0x00,0x00,0x00,0x00,0x00,0x00,0x00,0x00,0x00,0x00,0x00,0x00,0xe0,0xe0,0xe0,0xff,
    0x40,0x40,0xe0,0xff,0x20,0x20,0xe0,0xff,0x20,0x20,0xe0,0xff,0x20,0x20,0xe0,0xff,
    0x20,0x20,0xe0,0xff,0x00,0x00,0x40,0xff,0x20,0x20,0xe0,0xff,0x20,0x20,0xe0,0xff,
    0x60,0x60,0xa0,0xff,0x60,0x60,0xa0,0xff,0x20,0x20,0xe0,0xff,0x20,0x00,0xa0,0xff,
    0x00,0x00,0x40,0xff,0x20,0x20,0xe0,0xff,0x20,0x20,0xe0,0xff,0x20,0x20,0xe0,0xff,
    0x20,0x20,0xe0,0xff,0x20,0x20,0xe0,0xff,0x20,0x20,0xe0,0xff,0x20,0x20,0xe0,0xff,
    0x60,0x60,0xa0,0xff,0x20,0x00,0xa0,0xff,0x00,0x00,0x40,0xff,0xe0,0xe0,0xe0,0xff,
    0x60,0x60,0xa0,0xff,0x00,0x00,0x00,0x00,0x00,0x00,0x00,0x00,0x00,0x00,0x00,0x00,
    0x00,0x00,0x00,0x00,0x00,0x00,0x00,0x00,0x00,0x00,0x00,0x00,0x00,0x00,0x00,0x00,
    0x00,0x00,0x00,0x00,0x00,0x00,0x00,0x00,0x00,0x00,0x00,0x00,0x00,0x00,0x00,0x00,
    0x00,0x00,0x00,0x00,0x00,0x00,0x00,0x00,0x00,0x00,0x00,0x00,0x00,0x00,0x00,0x00,
    0x00,0x00,0x00,0x00,0x00,0x00,0x00,0x00,0x00,0x00,0x00,0x00,0x00,0x00,0x00,0x00,
    0x00,0x00,0x00,0x00,0x00,0x00,0x00,0x00,0x00,0x00,0x40,0xff,0x60,0x60,0xa0,0xff,
    0x20,0x20,0xe0,0xff,0x20,0x20,0xe0,0xff,0x20,0x20,0xe0,0xff,0x20,0x00,0xa0,0xff,
    0x00,0x00,0x40,0xff,0x00,0x00,0x40,0xff,0x00,0x00,0x40,0xff,0x20,0x20,0xe0,0xff,
    0x60,0x60,0xa0,0xff,0x20,0x20,0xe0,0xff,0x20,0x00,0xa0,0xff,0x00,0x00,0x40,0xff,
    0x00,0x00,0x40,0xff,0x20,0x00,0xa0,0xff,0x20,0x00,0xa0,0xff,0x20,0x00,0xa0,0xff,
    0x20,0x20,0xe0,0xff,0x20,0x20,0xe0,0xff,0x20,0x20,0xe0,0xff,0x40,0x40,0xe0,0xff,
    0x60,0x60,0xa0,0xff,0x20,0x00,0xa0,0xff,0x00,0x00,0x40,0xff,0x00,0x00,0x00,0x00,
    0x00,0x00,0x00,0x00,0x00,0x00,0x00,0x00,0x00,0x00,0x00,0x00,0x00,0x00,0x00,0x00,
    0x00,0x00,0x00,0x00,0x00,0x00,0x00,0x00,0x00,0x00,0x00,0x00,0x00,0x00,0x00,0x00,
    0x00,0x00,0x00,0x00,0x00,0x00,0x00,0x00,0x00,0x00,0x00,0x00,0x00,0x00,0x00,0x00,
    0x00,0x00,0x00,0x00,0x00,0x00,0x00,0x00,0x00,0x00,0x00,0x00,0x00,0x00,0x00,0x00,
    0x00,0x00,0x00,0x00,0x00,0x00,0x00,0x00,0x00,0x00,0x00,0x00,0x00,0x00,0x00,0x00,
    0x00,0x00,0x40,0xff,0x60,0x60,0xa0,0xff,0x20,0x20,0xe0,0xff,0x20,0x20,0xe0,0xff,
    0x20,0x20,0xe0,0xff,0x20,0x20,0xe0,0xff,0x00,0x00,0x40,0xff,0x00,0x00,0x40,0xff,
    0x20,0x00,0xa0,0xff,0x20,0x00,0xa0,0xff,0x20,0x00,0xa0,0xff,0x00,0x00,0x40,0xff,
    0x00,0x00,0x40,0xff,0x20,0x00,0xa0,0xff,0x20,0x00,0xa0,0xff,0x20,0x00,0xa0,0xff,
    0x20,0x00,0xa0,0xff,0x00,0x00,0x40,0xff,0x00,0x00,0x40,0xff,0x20,0x20,0xe0,0xff,
    0x20,0x20,0xe0,0xff,0x60,0x60,0xa0,0xff,0xe0,0xe0,0xe0,0xff,0x60,0x60,0xa0,0xff,
    0x20,0x00,0xa0,0xff,0x00,0x00,0x40,0xff,0x00,0x00,0x40,0xff,0x00,0x00,0x00,0x00,
    0x00,0x00,0x00,0x00,0x00,0x00,0x00,0x00,0x00,0x00,0x00,0x00,0x00,0x00,0x00,0x00,
    0x00,0x00,0x00,0x00,0x00,0x00,0x00,0x00,0x00,0x00,0x00,0x00,0x00,0x00,0x00,0x00,
    0x00,0x00,0x00,0x00,0x00,0x00,0x00,0x00,0x00,0x00,0x00,0x00,0x00,0x00,0x00,0x00,
    0x00,0x00,0x00,0x00,0x00,0x00,0x00,0x00,0x00,0x00,0x00,0x00,0x00,0x00,0x00,0x00,
    0x00,0x00,0x00,0x00,0x00,0x00,0x00,0x00,0x00,0x00,0x00,0x00,0x00,0x00,0x00,0x00,
    0x00,0x00,0x00,0x00,0x00,0x00,0x00,0x00,0x00,0x00,0x40,0xff,0x60,0x60,0xa0,0xff,
    0x20,0x20,0xe0,0xff,0x20,0x20,0xe0,0xff,0x20,0x20,0xe0,0xff,0x20,0x00,0xa0,0xff,
    0x00,0x00,0x40,0xff,0x00,0x00,0x40,0xff,0x00,0x00,0x40,0xff,0x20,0x20,0xe0,0xff,
    0x60,0x60,0xa0,0xff,0x20,0x20,0xe0,0xff,0x20,0x00,0xa0,0xff,0x00,0x00,0x40,0xff,
    0x00,0x00,0x40,0xff,0x20,0x00,0xa0,0xff,0x20,0x00,0xa0,0xff,0x20,0x00,0xa0,0xff,
    0x20,0x20,0xe0,0xff,0x20,0x20,0xe0,0xff,0x20,0x20,0xe0,0xff,0x40,0x40,0xe0,0xff,
    0x60,0x60,0xa0,0xff,0x20,0x00,0xa0,0xff,0x00,0x00,0x40,0xff,0x00,0x00,0x00,0x00,
    0x00,0x00,0x00,0x00,0x00,0x00,0x00,0x00,0x00,0x00,0x00,0x00,0x00,0x00,0x00,0x00,
    0x00,0x00,0x00,0x00,0x00,0x00,0x00,0x00,0x00,0x00,0x00,0x00,0x00,0x00,0x00,0x00,
    0x00,0x00,0x00,0x00,0x00,0x00,0x00,0x00,0x00,0x00,0x00,0x00,0x00,0x00,0x00,0x00,
    0x00,0x00,0x00,0x00,0x00,0x00,0x00,0x00,0x00,0x00,0x00,0x00,0x00,0x00,0x00,0x00,
    0x00,0x00,0x00,0x00,0x00,0x00,0x00,0x00,0x00,0x00,0x00,0x00,0x00,0x00,0x00,0x00,
    0x00,0x00,0x00,0x00,0x00,0x00,0x00,0x00,0x00,0x00,0x40,0xff,0xe0,0xe0,0xe0,0xff,
    0x40,0x40,0xe0,0xff,0x20,0x20,0xe0,0xff,0x20,0x20,0xe0,0xff,0x20,0x20,0xe0,0xff,
    0x20,0x20,0xe0,0xff,0x00,0x00,0x40,0xff,0x20,0x20,0xe0,0xff,0x20,0x20,0xe0,0xff,
    0x60,0x60,0xa0,0xff,0x60,0x60,0xa0,0xff,0x20,0x20,0xe0,0xff,0x20,0x00,0xa0,0xff,
    0x00,0x00,0x40,0xff,0x20,0x20,0xe0,0xff,0x20,0x20,0xe0,0xff,0x20,0x20,0xe0,0xff,
    0x20,0x20,0xe0,0xff,0x20,0x20,0xe0,0xff,0x20,0x20,0xe0,0xff,0x20,0x20,0xe0,0xff,
    0x60,0x60,0xa0,0xff,0x20,0x00,0xa0,0xff,0x00,0x00,0x40,0xff,0xe0,0xe0,0xe0,0xff,
    0x60,0x60,0xa0,0xff,0x00,0x00,0x00,0x00,0x00,0x00,0x00,0x00,0x00,0x00,0x00,0x00,
    0x00,0x00,0x00,0x00,0x00,0x00,0x00,0x00,0x00,0x00,0x00,0x00,0x00,0x00,0x00,0x00,
    0x00,0x00,0x00,0x00,0x00,0x00,0x00,0x00,0x00,0x00,0x00,0x00,0x00,0x00,0x00,0x00,
    0x00,0x00,0x00,0x00,0x00,0x00,0x00,0x00,0x00,0x00,0x00,0x00,0x00,0x00,0x00,0x00,
    0x00,0x00,0x00,0x00,0x00,0x00,0x00,0x00,0x00,0x00,0x00,0x00,0x00,0x00,0x00,0x00,
    0x00,0x00,0x00,0x00,0x00,0x00,0x00,0x00,0x00,0x00,0x00,0x00,0x00,0x00,0x00,0x00,
    0x00,0x00,0x00,0x00,0x00,0x00,0x00,0x00,0x00,0x00,0x00,0x00,0x00,0x00,0x00,0x00,
    0x00,0x00,0x00,0x00,0x00,0x00,0x00,0x00,0x00,0x00,0x00,0x00,0x00,0x00,0x00,0x00,
    0x00,0x00,0x00,0x00,0x00,0x00,0x00,0x00,0x00,0x00,0x00,0x00,0x00,0x00,0x00,0x00,
    0x00,0x00,0x00,0x00,0x00,0x00,0x00,0x00,0x00,0x00,0x00,0x00,0x00,0x00,0x00,0x00,
    0x00,0x00,0x00,0x00,0x00,0x00,0x00,0x00,0x00,0x00,0x00,0x00,0x00,0x00,0x00,0x00,
    0x00,0x00,0x00,0x00,0x00,0x00,0x00,0x00,0x00,0x00,0x00,0x00,0x00,0x00,0x00,0x00,
    0x00,0x00,0x00,0x00,0x00,0x00,0x00,0x00,0x00,0x00,0x00,0x00,0x00,0x00,0x00,0x00,
    0x00,0x00,0x00,0x00,0x00,0x00,0x00,0x00,0x00,0x00,0x00,0x00,0x00,0x00,0x00,0x00,
    0x00,0x00,0x00,0x00,0x00,0x00,0x00,0x00,0x00,0x00,0x00,0x00,0x00,0x00,0x00,0x00,
    0x00,0x00,0x00,0x00,0x00,0x00,0x00,0x00,0x00,0x00,0x00,0x00,0x00,0x00,0x00,0x00,
    0x00,0x00,0x00,0x00,0x00,0x00,0x00,0x00,0x00,0x00,0x00,0x00,0x00,0x00,0x00,0x00,
    0x00,0x00,0x00,0x00,0x00,0x00,0x00,0x00,0x00,0x00,0x00,0x00,0x00,0x00,0x00,0x00,
    0x00,0x00,0x00,0x00,0x00,0x00,0x00,0x00,0x00,0x00,0x00,0x00,0x00,0x00,0x00,0x00,
    0x00,0x00,0x00,0x00,0x00,0x00,0x00,0x00,0x00,0x00,0x00,0x00,0x00,0x00,0x00,0x00,
    0x00,0x00,0x00,0x00,0x00,0x00,0x00,0x00,0x00,0x00,0x00,0x00,0x00,0x00,0x00,0x00,
    0x00,0x00,0x00,0x00,0x00,0x00,0x00,0x00,0x00,0x00,0x00,0x00,0x00,0x00,0x00,0x00,
    0x00,0x00,0x00,0x00,0x00,0x00,0x00,0x00,0x00,0x00,0x00,0x00,0x00,0x00,0x00,0x00,
    0x00,0x00,0x00,0x00,0x00,0x00,0x00,0x00,0x00,0x00,0x00,0x00,0x00,0x00,0x00,0x00,
    0x00,0x00,0x00,0x00,0x00,0x00,0x00,0x00,0x00,0x00,0x00,0x00,0x00,0x00,0x00,0x00,
    0x00,0x00,0x00,0x00,0x00,0x00,0x00,0x00,0x00,0x00,0x00,0x00,0x00,0x00,0x00,0x00,
    0x00,0x00,0x00,0x00,0x00,0x00,0x00,0x00,0x00,0x00,0x00,0x00,0x00,0x00,0x00,0x00,
    0x00,0x00,0x00,0x00,0x00,0x00,0x00,0x00,0x00,0x00,0x00,0x00,0x00,0x00,0x00,0x00,
    0x00,0x00,0x00,0x00,0x00,0x00,0x00,0x00,0x00,0x00,0x00,0x00,0x00,0x00,0x00,0x00,
    0x00,0x00,0x00,0x00,0x00,0x00,0x00,0x00,0x00,0x00,0x00,0x00,0x00,0x00,0x00,0x00,
    0x00,0x00,0x00,0x00,0x00,0x00,0x00,0x00,0x00,0x00,0x00,0x00,0x00,0x00,0x00,0x00,
    0x00,0x00,0x00,0x00,0x00,0x00,0x00,0x00,0x00,0x00,0x00,0x00,0x00,0x00,0x00,0x00,
    0x00,0x00,0x00,0x00,0x00,0x00,0x00,0x00,0x00,0x00,0x00,0x00,0x00,0x00,0x00,0x00,
    0x00,0x00,0x00,0x00,0x00,0x00,0x00,0x00,0x00,0x00,0x00,0x00,0x00,0x00,0x00,0x00,
    0x00,0x00,0x00,0x00,0x00,0x00,0x00,0x00,0x00,0x00,0x00,0x00,0x00,0x00,0x00,0x00,
    0x00,0x00,0x00,0x00,0x00,0x00,0x00,0x00,0x00,0x00,0x00,0x00,0x00,0x00,0x00,0x00,
    0x00,0x00,0x00,0x00,0x00,0x00,0x00,0x00,0x00,0x00,0x00,0x00,0x00,0x00,0x00,0x00,
    0x00,0x00,0x00,0x00,0x00,0x00,0x00,0x00,0x00,0x00,0x00,0x00,0x00,0x00,0x00,0x00,
    0x00,0x00,0x00,0x00,0x00,0x00,0x00,0x00,0x00,0x00,0x00,0x00,0x00,0x00,0x00,0x00,
    0x00,0x00,0x00,0x00,0x00,0x00,0x00,0x00,0x00,0x00,0x00,0x00,0x00,0x00,0x00,0x00,
    0x00,0x00,0x00,0x00,0x00,0x00,0x00,0x00,0x00,0x00,0x00,0x00,0x00,0x00,0x00,0x00,
    0x00,0x00,0x00,0x00,0x00,0x00,0x00,0x00,0x00,0x00,0x00,0x00,0x00,0x00,0x40,0xff,
    0x20,0x20,0xe0,0xff,0x20,0x20,0xe0,0xff,0x20,0x20,0xe0,0xff,0x20,0x20,0xe0,0xff,
    0x20,0x20,0xe0,0xff,0x20,0x20,0xe0,0xff,0x00,0x00,0x40,0xff,0x20,0x00,0xa0,0xff,
    0x20,0x00,0xa0,0xff,0x20,0x20,0xe0,0xff,0x20,0x20,0xe0,0xff,0x20,0x20,0xe0,0xff,
    0x40,0x40,0xe0,0xff,0x20,0x20,0xe0,0xff,0x20,0x20,0xe0,0xff,0x20,0x20,0xe0,0xff,
    0x20,0x00,0xa0,0xff,0x20,0x00,0xa0,0xff,0x00,0x00,0x40,0xff,0x20,0x20,0xe0,0xff,
    0x20,0x20,0xe0,0xff,0x20,0x20,0xe0,0xff,0x20,0x20,0xe0,0xff,0x20,0x20,0xe0,0xff,
    0x20,0x20,0xe0,0xff,0x00,0x00,0x40,0xff,0x00,0x00,0x00,0x00,0x00,0x00,0x00,0x00,
    0x00,0x00,0x00,0x00,0x00,0x00,0x00,0x00,0x00,0x00,0x00,0x00,0x00,0x00,0x00,0x00,
    0x00,0x00,0x00,0x00,0x00,0x00,0x00,0x00,0x00,0x00,0x00,0x00,0x00,0x00,0x00,0x00,
    0x00,0x00,0x00,0x00,0x00,0x00,0x00,0x00,0x00,0x00,0x00,0x00,0x00,0x00,0x00,0x00,
    0x00,0x00,0x00,0x00,0x00,0x00,0x00,0x00,0x00,0x00,0x00,0x00,0x00,0x00,0x00,0x00,
    0x00,0x00,0x00,0x00,0x00,0x00,0x00,0x00,0x00,0x00,0x00,0x00,0x00,0x00,0x40,0xff,
    0x20,0x20,0xe0,0xff,0x60,0x60,0xa0,0xff,0x20,0x20,0xe0,0xff,0x20,0x20,0xe0,0xff,
    0x20,0x20,0xe0,0xff,0x20,0x20,0xe0,0xff,0x20,0x00,0xa0,0xff,0x00,0x00,0x40,0xff,
    0x20,0x00,0xa0,0xff,0x20,0x20,0xe0,0xff,0x40,0x40,0xe0,0xff,0xe0,0xe0,0xe0,0xff,
    0x40,0x40,0xe0,0xff,0x20,0x20,0xe0,0xff,0x20,0x00,0xa0,0xff,0x00,0x00,0x40,0xff,
    0x20,0x00,0xa0,0xff,0x20,0x20,0xe0,0xff,0x20,0x20,0xe0,0xff,0x20,0x20,0xe0,0xff,
    0x20,0x20,0xe0,0xff,0x60,0x60,0xa0,0xff,0x20,0x20,0xe0,0xff,0x00,0x00,0x40,0xff,
    0x00,0x00,0x00,0x00,0x00,0x00,0x00,0x00,0x00,0x00,0x00,0x00,0x00,0x00,0x00,0x00,
    0x00,0x00,0x00,0x00,0x00,0x00,0x00,0x00,0x00,0x00,0x00,0x00,0x00,0x00,0x00,0x00,
    0x00,0x00,0x00,0x00,0x00,0x00,0x00,0x00,0x00,0x00,0x00,0x00,0x00,0x00,0x00,0x00,
    0x00,0x00,0x00,0x00,0x00,0x00,0x00,0x00,0x00,0x00,0x00,0x00,0x00,0x00,0x00,0x00,
    0x00,0x00,0x00,0x00,0x00,0x00,0x00,0x00,0x00,0x00,0x00,0x00,0x00,0x00,0x00,0x00,
    0x00,0x00,0x00,0x00,0x00,0x00,0x00,0x00,0x00,0x00,0x00,0x00,0x00,0x00,0x40,0xff,
    0x20,0x20,0xe0,0xff,0x60,0x60,0xa0,0xff,0x20,0x20,0xe0,0xff,0x20,0x20,0xe0,0xff,
    0x20,0x20,0xe0,0xff,0x20,0x20,0xe0,0xff,0x20,0x00,0xa0,0xff,0x00,0x00,0x40,0xff,
    0x20,0x00,0xa0,0xff,0x20,0x20,0xe0,0xff,0x40,0x40,0xe0,0xff,0xe0,0xe0,0xe0,0xff,
    0x40,0x40,0xe0,0xff,0x20,0x20,0xe0,0xff,0x20,0x00,0xa0,0xff,0x00,0x00,0x40,0xff,
    0x20,0x00,0xa0,0xff,0x20,0x20,0xe0,0xff,0x20,0x20,0xe0,0xff,0x20,0x20,0xe0,0xff,
    0x20,0x20,0xe0,0xff,0x60,0x60,0xa0,0xff,0x20,0x20,0xe0,0xff,0x00,0x00,0x40,0xff,
    0x00,0x00,0x00,0x00,0x00,0x00,0x00,0x00,0x00,0x00,0x00,0x00,0x00,0x00,0x00,0x00,
    0x00,0x00,0x00,0x00,0x00,0x00,0x00,0x00,0x00,0x00,0x00,0x00,0x00,0x00,0x00,0x00,
    0x00,0x00,0x00,0x00,0x00,0x00,0x00,0x00,0x00,0x00,0x00,0x00,0x00,0x00,0x00,0x00,
    0x00,0x00,0x00,0x00,0x00,0x00,0x00,0x00,0x00,0x00,0x00,0x00,0x00,0x00,0x00,0x00,
    0x00,0x00,0x00,0x00,0x00,0x00,0x00,0x00,0x00,0x00,0x00,0x00,0x00,0x00,0x00,0x00,
    0x00,0x00,0x00,0x00,0x00,0x00,0x00,0x00,0x00,0x00,0x00,0x00,0x00,0x00,0x00,0x00,
    0x00,0x00,0x00,0x00,0x00,0x00,0x40,0xff,0x20,0x00,0xa0,0xff,0xe0,0xe0,0xe0,0xff,
    0x20,0x20,0xe0,0xff,0x20,0x20,0xe0,0xff,0x20,0x20,0xe0,0xff,0x20,0x00,0xa0,0xff,
    0x20,0x00,0xa0,0xff,0x20,0x00,0xa0,0xff,0x20,0x00,0xa0,0xff,0x20,0x00,0xa0,0xff,
    0x20,0x00,0xa0,0xff,0x00,0x00,0x40,0xff,0x00,0x00,0x40,0xff,0x20,0x00,0xa0,0xff,
    0x20,0x00,0xa0,0xff,0x00,0x00,0x40,0xff,0x00,0x00,0x40,0xff,0x00,0x00,0x40,0xff,
    0x20,0x00,0xa0,0xff,0x20,0x20,0xe0,0xff,0x20,0x20,0xe0,0xff,0x20,0x20,0xe0,0xff,
    0x60,0x60,0xa0,0xff,0x00,0x00,0x40,0xff,0x00,0x00,0x00,0x00,0x00,0x00,0x00,0x00,
    0x00,0x00,0x00,0x00,0x00,0x00,0x00,0x00,0x00,0x00,0x00,0x00,0x00,0x00,0x00,0x00,
    0x00,0x00,0x00,0x00,0x00,0x00,0x00,0x00,0x00,0x00,0x00,0x00,0x00,0x00,0x00,0x00,
    0x00,0x00,0x00,0x00,0x00,0x00,0x00,0x00,0x00,0x00,0x00,0x00,0x00,0x00,0x00,0x00,
    0x00,0x00,0x00,0x00,0x00,0x00,0x00,0x00,0x00,0x00,0x00,0x00,0x00,0x00,0x00,0x00,
    0x00,0x00,0x00,0x00,0x00,0x00,0x00,0x00,0x00,0x00,0x00,0x00,0x00,0x00,0x00,0x00,
    0x00,0x00,0x40,0xff,0x20,0x00,0xa0,0xff,0x60,0x60,0xa0,0xff,0xe0,0xe0,0xe0,0xff,
    0x60,0x60,0xa0,0xff,0x20,0x20,0xe0,0xff,0x20,0x00,0xa0,0xff,0x00,0x00,0x40,0xff,
    0x20,0x00,0xa0,0xff,0x20,0x00,0xa0,0xff,0x20,0x00,0xa0,0xff,0x20,0x00,0xa0,0xff,
    0x20,0x00,0xa0,0xff,0x20,0x00,0xa0,0xff,0x00,0x00,0x40,0xff,0x00,0x00,0x40,0xff,
    0x00,0x00,0x40,0xff,0x00,0x00,0x40,0xff,0x00,0x00,0x40,0xff,0x00,0x00,0x40,0xff,
    0x20,0x20,0xe0,0xff,0x20,0x20,0xe0,0xff,0x20,0x20,0xe0,0xff,0x20,0x20,0xe0,0xff,
    0x20,0x20,0xe0,0xff,0x00,0x00,0x40,0xff,0x00,0x00,0x00,0x00,0x00,0x00,0x00,0x00,
    0x00,0x00,0x00,0x00,0x00,0x00,0x00,0x00,0x00,0x00,0x00,0x00,0x00,0x00,0x00,0x00,
    0x00,0x00,0x00,0x00,0x00,0x00,0x00,0x00,0x00,0x00,0x00,0x00,0x00,0x00,0x00,0x00,
    0x00,0x00,0x00,0x00,0x00,0x00,0x00,0x00,0x00,0x00,0x00,0x00,0x00,0x00,0x00,0x00,
    0x00,0x00,0x00,0x00,0x00,0x00,0x00,0x00,0x00,0x00,0x00,0x00,0x00,0x00,0x00,0x00,
    0x00,0x00,0x00,0x00,0x00,0x00,0x00,0x00,0x00,0x00,0x00,0x00,0x00,0x00,0x00,0x00,
    0x00,0x00,0x00,0x00,0x00,0x00,0x40,0xff,0x20,0x00,0xa0,0xff,0xe0,0xe0,0xe0,0xff,
    0x20,0x20,0xe0,0xff,0x20,0x20,0xe0,0xff,0x20,0x20,0xe0,0xff,0x20,0x00,0xa0,0xff,
    0x20,0x00,0xa0,0xff,0x20,0x00,0xa0,0xff,0x20,0x00,0xa0,0xff,0x20,0x00,0xa0,0xff,
    0x20,0x00,0xa0,0xff,0x00,0x00,0x40,0xff,0x00,0x00,0x40,0xff,0x20,0x00,0xa0,0xff,
    0x20,0x00,0xa0,0xff,0x00,0x00,0x40,0xff,0x00,0x00,0x40,0xff,0x00,0x00,0x40,0xff,
    0x20,0x00,0xa0,0xff,0x20,0x20,0xe0,0xff,0x20,0x20,0xe0,0xff,0x20,0x20,0xe0,0xff,
    0x60,0x60,0xa0,0xff,0x00,0x00,0x40,0xff,0x00,0x00,0x00,0x00,0x00,0x00,0x00,0x00,
    0x00,0x00,0x00,0x00,0x00,0x00,0x00,0x00,0x00,0x00,0x00,0x00,0x00,0x00,0x00,0x00,
    0x00,0x00,0x00,0x00,0x00,0x00,0x00,0x00,0x00,0x00,0x00,0x00,0x00,0x00,0x00,0x00,
    0x00,0x00,0x00,0x00,0x00,0x00,0x00,0x00,0x00,0x00,0x00,0x00,0x00,0x00,0x00,0x00,
    0x00,0x00,0x00,0x00,0x00,0x00,0x00,0x00,0x00,0x00,0x00,0x00,0x00,0x00,0x00,0x00,
    0x00,0x00,0x00,0x00,0x00,0x00,0x00,0x00,0x60,0x60,0xa0,0xff,0xe0,0xe0,0xe0,0xff,
    0xe0,0xe0,0xe0,0xff,0x00,0x00,0x40,0xff,0x20,0x00,0xa0,0xff,0xe0,0xe0,0xe0,0xff,
    0x20,0x20,0xe0,0xff,0x20,0x20,0xe0,0xff,0x20,0x20,0xe0,0xff,0x20,0x20,0xe0,0xff,
    0x20,0x20,0xe0,0xff,0x20,0x20,0xe0,0xff,0x20,0x20,0xe0,0xff,0x20,0x20,0xe0,0xff,
    0x00,0x00,0x40,0xff,0x20,0x00,0xa0,0xff,0x60,0x60,0xa0,0xff,0x20,0x20,0xe0,0xff,
    0x20,0x00,0xa0,0xff,0x00,0x00,0x40,0xff,0x20,0x00,0xa0,0xff,0x20,0x00,0xa0,0xff,
    0x20,0x00,0xa0,0xff,0x20,0x20,0xe0,0xff,0x20,0x20,0xe0,0xff,0x20,0x20,0xe0,0xff,
    0xe0,0xe0,0xe0,0xff,0x00,0x00,0x40,0xff,0x00,0x00,0x00,0x00,0x00,0x00,0x00,0x00,
    0x00,0x00,0x00,0x00,0x00,0x00,0x00,0x00,0x00,0x00,0x00,0x00,0x00,0x00,0x00,0x00,
    0x00,0x00,0x00,0x00,0x00,0x00,0x00,0x00,0x00,0x00,0x00,0x00,0x00,0x00,0x00,0x00,
    0x00,0x00,0x00,0x00,0x00,0x00,0x00,0x00,0x00,0x00,0x00,0x00,0x00,0x00,0x00,0x00,
    0x00,0x00,0x00,0x00,0x00,0x00,0x00,0x00,0x00,0x00,0x00,0x00,0x00,0x00,0x00,0x00,
    0x00,0x00,0x00,0x00,0x00,0x00,0x00,0x00,0x00,0x00,0x00,0x00,0x00,0x00,0x40,0xff,
    0x20,0x20,0xe0,0xff,0x60,0x60,0xa0,0xff,0x20,0x20,0xe0,0xff,0x20,0x20,0xe0,0xff,
    0x20,0x20,0xe0,0xff,0x20,0x20,0xe0,0xff,0x20,0x00,0xa0,0xff,0x00,0x00,0x40,0xff,
    0x20,0x00,0xa0,0xff,0x20,0x20,0xe0,0xff,0x40,0x40,0xe0,0xff,0xe0,0xe0,0xe0,0xff,
    0x40,0x40,0xe0,0xff,0x20,0x20,0xe0,0xff,0x20,0x00,0xa0,0xff,0x00,0x00,0x40,0xff,
    0x20,0x00,0xa0,0xff,0x20,0x20,0xe0,0xff,0x20,0x20,0xe0,0xff,0x20,0x20,0xe0,0xff,
    0x20,0x20,0xe0,0xff,0x60,0x60,0xa0,0xff,0x20,0x20,0xe0,0xff,0x00,0x00,0x40,0xff,
    0x00,0x00,0x00,0x00,0x00,0x00,0x00,0x00,0x00,0x00,0x00,0x00,0x00,0x00,0x00,0x00,
    0x00,0x00,0x00,0x00,0x00,0x00,0x00,0x00,0x00,0x00,0x00,0x00,0x00,0x00,0x00,0x00,
    0x00,0x00,0x00,0x00,0x00,0x00,0x00,0x00,0x00,0x00,0x00,0x00,0x00,0x00,0x00,0x00,
    0x00,0x00,0x00,0x00,0x00,0x00,0x00,0x00,0x00,0x00,0x00,0x00,0x00,0x00,0x00,0x00,
    0x00,0x00,0x00,0x00,0x00,0x00,0x00,0x00,0x00,0x00,0x00,0x00,0x00,0x00,0x00,0x00,
    0x00,0x00,0x00,0x00,0x00,0x00,0x00,0x00,0x00,0x00,0x40,0xff,0xe0,0xe0,0xe0,0xff,
    0x20,0x20,0xe0,0xff,0x20,0x20,0xe0,0xff,0x20,0x20,0xe0,0xff,0x20,0x00,0xa0,0xff,
    0x20,0x00,0xa0,0xff,0x20,0x00,0xa0,0xff,0x00,0x00,0x40,0xff,0x20,0x00,0xa0,0xff,
    0x20,0x20,0xe0,0xff,0x60,0x60,0xa0,0xff,0x20,0x00,0xa0,0xff,0x00,0x00,0x40,0xff,
    0x20,0x20,0xe0,0xff,0x20,0x20,0xe0,0xff,0x20,0x20,0xe0,0xff,0x20,0x20,0xe0,0xff,
    0x20,0x20,0xe0,0xff,0x20,0x20,0xe0,0xff,0x20,0x20,0xe0,0xff,0x20,0x20,0xe0,0xff,
    0xe0,0xe0,0xe0,0xff,0x20,0x00,0xa0,0xff,0x00,0x00,0x40,0xff,0xe0,0xe0,0xe0,0xff,
    0xe0,0xe0,0xe0,0xff,0x60,0x60,0xa0,0xff,0x00,0x00,0x00,0x00,0x00,0x00,0x00,0x00,
    0x00,0x00,0x00,0x00,0x00,0x00,0x00,0x00,0x00,0x00,0x00,0x00,0x00,0x00,0x00,0x00,
    0x00,0x00,0x00,0x00,0x00,0x00,0x00,0x00,0x00,0x00,0x00,0x00,0x00,0x00,0x00,0x00,
    0x00,0x00,0x00,0x00,0x00,0x00,0x00,0x00,0x00,0x00,0x00,0x00,0x00,0x00,0x00,0x00,
    0x00,0x00,0x00,0x00,0x00,0x00,0x00,0x00,0x00,0x00,0x00,0x00,0x00,0x00,0x00,0x00,
    0x00,0x00,0x00,0x00,0x00,0x00,0x00,0x00,0x00,0x00,0x40,0xff,0x60,0x60,0xa0,0xff,
    0x20,0x20,0xe0,0xff,0x20,0x20,0xe0,0xff,0x20,0x20,0xe0,0xff,0x20,0x00,0xa0,0xff,
    0x00,0x00,0x40,0xff,0x00,0x00,0x40,0xff,0x00,0x00,0x40,0xff,0x20,0x00,0xa0,0xff,
    0x20,0x00,0xa0,0xff,0x00,0x00,0x40,0xff,0x00,0x00,0x40,0xff,0x20,0x00,0xa0,0xff,
    0x20,0x00,0xa0,0xff,0x20,0x00,0xa0,0xff,0x20,0x00,0xa0,0xff,0x20,0x00,0xa0,0xff,
    0x20,0x00,0xa0,0xff,0x20,0x20,0xe0,0xff,0x20,0x20,0xe0,0xff,0x20,0x20,0xe0,0xff,
    0xe0,0xe0,0xe0,0xff,0x20,0x00,0xa0,0xff,0x00,0x00,0x40,0xff,0x00,0x00,0x00,0x00,
    0x00,0x00,0x00,0x00,0x00,0x00,0x00,0x00,0x00,0x00,0x00,0x00,0x00,0x00,0x00,0x00,
    0x00,0x00,0x00,0x00,0x00,0x00,0x00,0x00,0x00,0x00,0x00,0x00,0x00,0x00,0x00,0x00,
    0x00,0x00,0x00,0x00,0x00,0x00,0x00,0x00,0x00,0x00,0x00,0x00,0x00,0x00,0x00,0x00,
    0x00,0x00,0x00,0x00,0x00,0x00,0x00,0x00,0x00,0x00,0x00,0x00,0x00,0x00,0x00,0x00,
    0x00,0x00,0x00,0x00,0x00,0x00,0x00,0x00,0x00,0x00,0x00,0x00,0x00,0x00,0x00,0x00,
    0x00,0x00,0x40,0xff,0x20,0x20,0xe0,0xff,0x20,0x20,0xe0,0xff,0x20,0x20,0xe0,0xff,
    0x20,0x20,0xe0,0xff,0x20,0x20,0xe0,0xff,0x00,0x00,0x40,0xff,0x00,0x00,0x40,0xff,
    0x00,0x00,0x40,0xff,0x00,0x00,0x40,0xff,0x00,0x00,0x40,0xff,0x00,0x00,0x40,0xff,
    0x20,0x00,0xa0,0xff,0x20,0x00,0xa0,0xff,0x20,0x00,0xa0,0xff,0x20,0x00,0xa0,0xff,
    0x20,0x00,0xa0,0xff,0x20,0x00,0xa0,0xff,0x00,0x00,0x40,0xff,0x20,0x00,0xa0,0xff,
    0x20,0x20,0xe0,0xff,0x60,0x60,0xa0,0xff,0xe0,0xe0,0xe0,0xff,0x60,0x60,0xa0,0xff,
    0x20,0x00,0xa0,0xff,0x00,0x00,0x40,0xff,0x00,0x00,0x00,0x00,0x00,0x00,0x00,0x00,
    0x00,0x00,0x00,0x00,0x00,0x00,0x00,0x00,0x00,0x00,0x00,0x00,0x00,0x00,0x00,0x00,
    0x00,0x00,0x00,0x00,0x00,0x00,0x00,0x00,0x00,0x00,0x00,0x00,0x00,0x00,0x00,0x00,
    0x00,0x00,0x00,0x00,0x00,0x00,0x00,0x00,0x00,0x00,0x00,0x00,0x00,0x00,0x00,0x00,
    0x00,0x00,0x00,0x00,0x00,0x00,0x00,0x00,0x00,0x00,0x00,0x00,0x00,0x00,0x00,0x00,
    0x00,0x00,0x00,0x00,0x00,0x00,0x00,0x00,0x00,0x00,0x00,0x00,0x00,0x00,0x00,0x00,
    0x00,0x00,0x00,0x00,0x00,0x00,0x00,0x00,0x00,0x00,0x40,0xff,0x60,0x60,0xa0,0xff,
    0x20,0x20,0xe0,0xff,0x20,0x20,0xe0,0xff,0x20,0x20,0xe0,0xff,0x20,0x00,0xa0,0xff,
    0x00,0x00,0x40,0xff,0x00,0x00,0x40,0xff,0x00,0x00,0x40,0xff,0x20,0x00,0xa0,0xff,
    0x20,0x00,0xa0,0xff,0x00,0x00,0x40,0xff,0x00,0x00,0x40,0xff,0x20,0x00,0xa0,0xff,
    0x20,0x00,0xa0,0xff,0x20,0x00,0xa0,0xff,0x20,0x00,0xa0,0xff,0x20,0x00,0xa0,0xff,
    0x20,0x00,0xa0,0xff,0x20,0x20,0xe0,0xff,0x20,0x20,0xe0,0xff,0x20,0x20,0xe0,0xff,
    0xe0,0xe0,0xe0,0xff,0x20,0x00,0xa0,0xff,0x00,0x00,0x40,0xff,0x00,0x00,0x00,0x00,
    0x00,0x00,0x00,0x00,0x00,0x00,0x00,0x00,0x00,0x00,0x00,0x00,0x00,0x00,0x00,0x00,
    0x00,0x00,0x00,0x00,0x00,0x00,0x00,0x00,0x00,0x00,0x00,0x00,0x00,0x00,0x00,0x00,
    0x00,0x00,0x00,0x00,0x00,0x00,0x00,0x00,0x00,0x00,0x00,0x00,0x00,0x00,0x00,0x00,
    0x00,0x00,0x00,0x00,0x00,0x00,0x00,0x00,0x00,0x00,0x00,0x00,0x00,0x00,0x00,0x00,
    0x00,0x00,0x00,0x00,0x00,0x00,0x00,0x00,0x00,0x00,0x00,0x00,0x00,0x00,0x00,0x00,
    0x00,0x00,0x00,0x00,0x00,0x00,0x00,0x00,0x00,0x00,0x40,0xff,0xe0,0xe0,0xe0,0xff,
    0x20,0x20,0xe0,0xff,0x20,0x20,0xe0,0xff,0x20,0x20,0xe0,0xff,0x20,0x00,0xa0,0xff,
    0x20,0x00,0xa0,0xff,0x20,0x00,0xa0,0xff,0x00,0x00,0x40,0xff,0x20,0x00,0xa0,0xff,
    0x20,0x20,0xe0,0xff,0x60,0x60,0xa0,0xff,0x20,0x00,0xa0,0xff,0x00,0x00,0x40,0xff,
    0x20,0x20,0xe0,0xff,0x20,0x20,0xe0,0xff,0x20,0x20,0xe0,0xff,0x20,0x20,0xe0,0xff,
    0x20,0x20,0xe0,0xff,0x20,0x20,0xe0,0xff,0x20,0x20,0xe0,0xff,0x20,0x20,0xe0,0xff,
    0xe0,0xe0,0xe0,0xff,0x20,0x00,0xa0,0xff,0x00,0x00,0x40,0xff,0xe0,0xe0,0xe0,0xff,
    0xe0,0xe0,0xe0,0xff,0x60,0x60,0xa0,0xff,0x00,0x00,0x00,0x00,0x00,0x00,0x00,0x00,
    0x00,0x00,0x00,0x00,0x00,0x00,0x00,0x00,0x00,0x00,0x00,0x00,0x00,0x00,0x00,0x00,
    0x00,0x00,0x00,0x00,0x00,0x00,0x00,0x00,0x00,0x00,0x00,0x00,0x00,0x00,0x00,0x00,
    0x00,0x00,0x00,0x00,0x00,0x00,0x00,0x00,0x00,0x00,0x00,0x00,0x00,0x00,0x00,0x00,
    0x00,0x00,0x00,0x00,0x00,0x00,0x00,0x00,0x00,0x00,0x00,0x00,0x00,0x00,0x00,0x00,
    0x00,0x00,0x00,0x00,0x00,0x00,0x00,0x00,0x00,0x00,0x00,0x00,0x00,0x00,0x00,0x00,
    0x00,0x00,0x00,0x00,0x00,0x00,0x00,0x00,0x00,0x00,0x00,0x00,0x00,0x00,0x00,0x00,
    0x00,0x00,0x00,0x00,0x00,0x00,0x00,0x00,0x00,0x00,0x00,0x00,0x00,0x00,0x00,0x00,
    0x00,0x00,0x00,0x00,0x00,0x00,0x00,0x00,0x00,0x00,0x00,0x00,0x00,0x00,0x00,0x00,
    0x00,0x00,0x00,0x00,0x00,0x00,0x00,0x00,0x00,0x00,0x00,0x00,0x00,0x00,0x00,0x00,
    0x00,0x00,0x00,0x00,0x00,0x00,0x00,0x00,0x00,0x00,0x00,0x00,0x00,0x00,0x00,0x00,
    0x00,0x00,0x00,0x00,0x00,0x00,0x00,0x00,0x00,0x00,0x00,0x00,0x00,0x00,0x00,0x00,
    0x00,0x00,0x00,0x00,0x00,0x00,0x00,0x00,0x00,0x00,0x00,0x00,0x00,0x00,0x00,0x00,
    0x00,0x00,0x00,0x00,0x00,0x00,0x00,0x00,0x00,0x00,0x00,0x00,0x00,0x00,0x00,0x00,
    0x00,0x00,0x00,0x00,0x00,0x00,0x00,0x00,0x00,0x00,0x00,0x00,0x00,0x00,0x00,0x00,
    0x00,0x00,0x00,0x00,0x00,0x00,0x00,0x00,0x00,0x00,0x00,0x00,0x00,0x00,0x00,0x00,
    0x00,0x00,0x00,0x00,0x00,0x00,0x00,0x00,0x00,0x00,0x00,0x00,0x00,0x00,0x00,0x00,
    0x00,0x00,0x00,0x00,0x00,0x00,0x00,0x00,0x00,0x00,0x00,0x00,0x00,0x00,0x00,0x00,
    0x00,0x00,0x00,0x00,0x00,0x00,0x00,0x00,0x00,0x00,0x00,0x00,0x00,0x00,0x00,0x00,
    0x00,0x00,0x00,0x00,0x00,0x00,0x00,0x00,0x00,0x00,0x00,0x00,0x00,0x00,0x00,0x00,
    0x00,0x00,0x00,0x00,0x00,0x00,0x00,0x00,0x00,0x00,0x00,0x00,0x00,0x00,0x00,0x00,
    0x00,0x00,0x00,0x00,0x00,0x00,0x00,0x00,0x00,0x00,0x00,0x00,0x00,0x00,0x00,0x00,
    0x00,0x00,0x00,0x00,0x00,0x00,0x00,0x00,0x00,0x00,0x00,0x00,0x00,0x00,0x00,0x00,
    0x00,0x00,0x00,0x00,0x00,0x00,0x00,0x00,0x00,0x00,0x00,0x00,0x00,0x00,0x00,0x00,
    0x00,0x00,0x00,0x00,0x00,0x00,0x00,0x00,0x00,0x00,0x00,0x00,0x00,0x00,0x00,0x00,
    0x00,0x00,0x00,0x00,0x00,0x00,0x00,0x00,0x00,0x00,0x00,0x00,0x00,0x00,0x00,0x00,
    0x00,0x00,0x00,0x00,0x00,0x00,0x00,0x00,0x00,0x00,0x00,0x00,0x00,0x00,0x00,0x00,
    0x00,0x00,0x00,0x00,0x00,0x00,0x00,0x00,0x00,0x00,0x00,0x00,0x00,0x00,0x00,0x00,
    0x00,0x00,0x00,0x00,0x00,0x00,0x00,0x00,0x00,0x00,0x00,0x00,0x00,0x00,0x00,0x00,
    0x00,0x00,0x00,0x00,0x00,0x00,0x00,0x00,0x00,0x00,0x00,0x00,0x00,0x00,0x00,0x00,
    0x00,0x00,0x00,0x00,0x00,0x00,0x00,0x00,0x00,0x00,0x00,0x00,0x00,0x00,0x00,0x00,
    0x00,0x00,0x00,0x00,0x00,0x00,0x00,0x00,0x00,0x00,0x00,0x00,0x00,0x00,0x00,0x00,
    0x00,0x00,0x00,0x00,0x00,0x00,0x00,0x00,0x00,0x00,0x00,0x00,0x00,0x00,0x00,0x00,
    0x00,0x00,0x00,0x00,0x00,0x00,0x00,0x00,0x00,0x00,0x00,0x00,0x00,0x00,0x00,0x00,
    0x00,0x00,0x00,0x00,0x00,0x00,0x00,0x00,0x00,0x00,0x00,0x00,0x00,0x00,0x00,0x00,
    0x00,0x00,0x00,0x00,0x00,0x00,0x00,0x00,0x00,0x00,0x00,0x00,0x00,0x00,0x00,0x00,
    0x00,0x00,0x00,0x00,0x00,0x00,0x00,0x00,0x00,0x00,0x00,0x00,0x00,0x00,0x00,0x00,
    0x00,0x00,0x00,0x00,0x00,0x00,0x00,0x00,0x00,0x00,0x00,0x00,0x00,0x00,0x00,0x00,
    0x00,0x00,0x00,0x00,0x00,0x00,0x00,0x00,0x00,0x00,0x00,0x00,0x00,0x00,0x00,0x00,
    0x00,0x00,0x00,0x00,0x00,0x00,0x00,0x00,0x00,0x00,0x00,0x00,0x00,0x00,0x00,0x00,
    0x00,0x00,0x00,0x00,0x00,0x00,0x00,0x00,0x00,0x00,0x00,0x00,0x00,0x00,0x00,0x00,
    0x00,0x00,0x00,0x00,0x00,0x00,0x00,0x00,0x00,0x00,0x00,0x00,0x00,0x00,0x40,0xff,
    0x20,0x20,0xe0,0xff,0x20,0x20,0xe0,0xff,0x20,0x20,0xe0,0xff,0x20,0x20,0xe0,0xff,
    0x20,0x20,0xe0,0xff,0x00,0x00,0x40,0xff,0x00,0x00,0x40,0xff,0x20,0x00,0xa0,0xff,
    0x20,0x00,0xa0,0xff,0x20,0x20,0xe0,0xff,0x20,0x20,0xe0,0xff,0x20,0x20,0xe0,0xff,
    0x40,0x40,0xe0,0xff,0x20,0x20,0xe0,0xff,0x20,0x20,0xe0,0xff,0x20,0x20,0xe0,0xff,
    0x20,0x00,0xa0,0xff,0x20,0x00,0xa0,0xff,0x00,0x00,0x40,0xff,0x00,0x00,0x40,0xff,
    0x20,0x20,0xe0,0xff,0x20,0x20,0xe0,0xff,0x20,0x20,0xe0,0xff,0x20,0x20,0xe0,0xff,
    0x20,0x20,0xe0,0xff,0x00,0x00,0x40,0xff,0x00,0x00,0x00,0x00,0x00,0x00,0x00,0x00,
    0x00,0x00,0x00,0x00,0x00,0x00,0x00,0x00,0x00,0x00,0x00,0x00,0x00,0x00,0x00,0x00,
    0x00,0x00,0x00,0x00,0x00,0x00,0x00,0x00,0x00,0x00,0x00,0x00,0x00,0x00,0x00,0x00,
    0x00,0x00,0x00,0x00,0x00,0x00,0x00,0x00,0x00,0x00,0x00,0x00,0x00,0x00,0x00,0x00,
    0x00,0x00,0x00,0x00,0x00,0x00,0x00,0x00,0x00,0x00,0x00,0x00,0x00,0x00,0x00,0x00,
    0x00,0x00,0x00,0x00,0x00,0x00,0x00,0x00,0x00,0x00,0x00,0x00,0x00,0x00,0x40,0xff,
    0x60,0x60,0xa0,0xff,0x40,0x40,0xe0,0xff,0x20,0x20,0xe0,0xff,0x20,0x20,0xe0,0xff,
    0x20,0x20,0xe0,0xff,0x20,0x20,0xe0,0xff,0x20,0x20,0xe0,0xff,0x20,0x00,0xa0,0xff,
    0x00,0x00,0x40,0xff,0x20,0x00,0xa0,0xff,0x40,0x40,0xe0,0xff,0xe0,0xe0,0xe0,0xff,
    0x40,0x40,0xe0,0xff,0x20,0x00,0xa0,0xff,0x00,0x00,0x40,0xff,0x20,0x00,0xa0,0xff,
    0x20,0x20,0xe0,0xff,0x20,0x20,0xe0,0xff,0x20,0x20,0xe0,0xff,0x20,0x20,0xe0,0xff,
    0x20,0x20,0xe0,0xff,0x40,0x40,0xe0,0xff,0x60,0x60,0xa0,0xff,0x00,0x00,0x40,0xff,
    0x00,0x00,0x00,0x00,0x00,0x00,0x00,0x00,0x00,0x00,0x00,0x00,0x00,0x00,0x00,0x00,
    0x00,0x00,0x00,0x00,0x00,0x00,0x00,0x00,0x00,0x00,0x00,0x00,0x00,0x00,0x00,0x00,
    0x00,0x00,0x00,0x00,0x00,0x00,0x00,0x00,0x00,0x00,0x00,0x00,0x00,0x00,0x00,0x00,
    0x00,0x00,0x00,0x00,0x00,0x00,0x00,0x00,0x00,0x00,0x00,0x00,0x00,0x00,0x00,0x00,
    0x00,0x00,0x00,0x00,0x00,0x00,0x00,0x00,0x00,0x00,0x00,0x00,0x00,0x00,0x00,0x00,
    0x00,0x00,0x00,0x00,0x00,0x00,0x00,0x00,0x00,0x00,0x00,0x00,0x00,0x00,0x40,0xff,
    0x60,0x60,0xa0,0xff,0x40,0x40,0xe0,0xff,0x20,0x20,0xe0,0xff,0x20,0x20,0xe0,0xff,
    0x20,0x20,0xe0,0xff,0x20,0x20,0xe0,0xff,0x20,0x20,0xe0,0xff,0x20,0x00,0xa0,0xff,
    0x00,0x00,0x40,0xff,0x20,0x00,0xa0,0xff,0x40,0x40,0xe0,0xff,0xe0,0xe0,0xe0,0xff,
    0x40,0x40,0xe0,0xff,0x20,0x00,0xa0,0xff,0x00,0x00,0x40,0xff,0x20,0x00,0xa0,0xff,
    0x20,0x20,0xe0,0xff,0x20,0x20,0xe0,0xff,0x20,0x20,0xe0,0xff,0x20,0x20,0xe0,0xff,
    0x20,0x20,0xe0,0xff,0x40,0x40,0xe0,0xff,0x60,0x60,0xa0,0xff,0x00,0x00,0x40,0xff,
    0x00,0x00,0x00,0x00,0x00,0x00,0x00,0x00,0x00,0x00,0x00,0x00,0x00,0x00,0x00,0x00,
    0x00,0x00,0x00,0x00,0x00,0x00,0x00,0x00,0x00,0x00,0x00,0x00,0x00,0x00,0x00,0x00,
    0x00,0x00,0x00,0x00,0x00,0x00,0x00,0x00,0x00,0x00,0x00,0x00,0x00,0x00,0x00,0x00,
    0x00,0x00,0x00,0x00,0x00,0x00,0x00,0x00,0x00,0x00,0x00,0x00,0x00,0x00,0x00,0x00,
    0x00,0x00,0x00,0x00,0x00,0x00,0x00,0x00,0x00,0x00,0x00,0x00,0x00,0x00,0x00,0x00,
    0x00,0x00,0x00,0x00,0x00,0x00,0x00,0x00,0x00,0x00,0x00,0x00,0x00,0x00,0x00,0x00,
    0x00,0x00,0x00,0x00,0x00,0x00,0x40,0xff,0x20,0x00,0xa0,0xff,0xe0,0xe0,0xe0,0xff,
    0x20,0x20,0xe0,0xff,0x20,0x20,0xe0,0xff,0x20,0x00,0xa0,0xff,0x00,0x00,0x40,0xff,
    0x20,0x00,0xa0,0xff,0x20,0x00,0xa0,0xff,0x20,0x00,0xa0,0xff,0x20,0x00,0xa0,0xff,
    0x20,0x00,0xa0,0xff,0x20,0x00,0xa0,0xff,0x00,0x00,0x40,0xff,0x00,0x00,0x40,0xff,
    0x00,0x00,0x40,0xff,0x00,0x00,0x40,0xff,0x00,0x00,0x40,0xff,0x00,0x00,0x40,0xff,
    0x20,0x00,0xa0,0xff,0x20,0x20,0xe0,0xff,0x20,0x20,0xe0,0xff,0x20,0x20,0xe0,0xff,
    0x60,0x60,0xa0,0xff,0x20,0x20,0xe0,0xff,0x00,0x00,0x40,0xff,0x00,0x00,0x00,0x00,
    0x00,0x00,0x00,0x00,0x00,0x00,0x00,0x00,0x00,0x00,0x00,0x00,0x00,0x00,0x00,0x00,
    0x00,0x00,0x00,0x00,0x00,0x00,0x00,0x00,0x00,0x00,0x00,0x00,0x00,0x00,0x00,0x00,
    0x00,0x00,0x00,0x00,0x00,0x00,0x00,0x00,0x00,0x00,0x00,0x00,0x00,0x00,0x00,0x00,
    0x00,0x00,0x00,0x00,0x00,0x00,0x00,0x00,0x00,0x00,0x00,0x00,0x00,0x00,0x00,0x00,
    0x00,0x00,0x00,0x00,0x00,0x00,0x00,0x00,0x00,0x00,0x00,0x00,0x00,0x00,0x00,0x00,
    0x00,0x00,0x40,0xff,0x20,0x00,0xa0,0xff,0x60,0x60,0xa0,0xff,0xe0,0xe0,0xe0,0xff,
    0x60,0x60,0xa0,0xff,0x20,0x00,0xa0,0xff,0x20,0x00,0xa0,0xff,0x00,0x00,0x40,0xff,
    0x20,0x00,0xa0,0xff,0x20,0x00,0xa0,0xff,0x20,0x00,0xa0,0xff,0x20,0x00,0xa0,0xff,
    0x20,0x20,0xe0,0xff,0x20,0x20,0xe0,0xff,0x20,0x00,0xa0,0xff,0x00,0x00,0x40,0xff,
    0x00,0x00,0x40,0xff,0x00,0x00,0x40,0xff,0x00,0x00,0x40,0xff,0x00,0x00,0x40,0xff,
    0x00,0x00,0x40,0xff,0x20,0x20,0xe0,0xff,0x20,0x20,0xe0,0xff,0x20,0x20,0xe0,0xff,
    0x20,0x20,0xe0,0xff,0x20,0x00,0xa0,0xff,0x00,0x00,0x40,0xff,0x00,0x00,0x00,0x00,
    0x00,0x00,0x00,0x00,0x00,0x00,0x00,0x00,0x00,0x00,0x00,0x00,0x00,0x00,0x00,0x00,
    0x00,0x00,0x00,0x00,0x00,0x00,0x00,0x00,0x00,0x00,0x00,0x00,0x00,0x00,0x00,0x00,
    0x00,0x00,0x00,0x00,0x00,0x00,0x00,0x00,0x00,0x00,0x00,0x00,0x00,0x00,0x00,0x00,
    0x00,0x00,0x00,0x00,0x00,0x00,0x00,0x00,0x00,0x00,0x00,0x00,0x00,0x00,0x00,0x00,
    0x00,0x00,0x00,0x00,0x00,0x00,0x00,0x00,0x00,0x00,0x00,0x00,0x00,0x00,0x00,0x00,
    0x00,0x00,0x00,0x00,0x00,0x00,0x40,0xff,0x20,0x00,0xa0,0xff,0xe0,0xe0,0xe0,0xff,
    0x20,0x20,0xe0,0xff,0x20,0x20,0xe0,0xff,0x20,0x00,0xa0,0xff,0x00,0x00,0x40,0xff,
    0x20,0x00,0xa0,0xff,0x20,0x00,0xa0,0xff,0x20,0x00,0xa0,0xff,0x20,0x00,0xa0,0xff,
    0x20,0x00,0xa0,0xff,0x20,0x00,0xa0,0xff,0x00,0x00,0x40,0xff,0x00,0x00,0x40,0xff,
    0x00,0x00,0x40,0xff,0x00,0x00,0x40,0xff,0x00,0x00,0x40,0xff,0x00,0x00,0x40,0xff,
    0x20,0x00,0xa0,0xff,0x20,0x20,0xe0,0xff,0x20,0x20,0xe0,0xff,0x20,0x20,0xe0,0xff,
    0x60,0x60,0xa0,0xff,0x20,0x20,0xe0,0xff,0x00,0x00,0x40,0xff,0x00,0x00,0x00,0x00,
    0x00,0x00,0x00,0x00,0x00,0x00,0x00,0x00,0x00,0x00,0x00,0x00,0x00,0x00,0x00,0x00,
    0x00,0x00,0x00,0x00,0x00,0x00,0x00,0x00,0x00,0x00,0x00,0x00,0x00,0x00,0x00,0x00,
    0x00,0x00,0x00,0x00,0x00,0x00,0x00,0x00,0x00,0x00,0x00,0x00,0x00,0x00,0x00,0x00,
    0x00,0x00,0x00,0x00,0x00,0x00,0x00,0x00,0x00,0x00,0x00,0x00,0x00,0x00,0x00,0x00,
    0x00,0x00,0x00,0x00,0x00,0x00,0x00,0x00,0x60,0x60,0xa0,0xff,0xe0,0xe0,0xe0,0xff,
    0xe0,0xe0,0xe0,0xff,0x00,0x00,0x40,0xff,0x20,0x00,0xa0,0xff,0xe0,0xe0,0xe0,0xff,
    0x20,0x20,0xe0,0xff,0x20,0x20,0xe0,0xff,0x20,0x20,0xe0,0xff,0x20,0x00,0xa0,0xff,
    0x20,0x00,0xa0,0xff,0x20,0x00,0xa0,0xff,0x20,0x00,0xa0,0xff,0x20,0x20,0xe0,0xff,
    0x20,0x20,0xe0,0xff,0x00,0x00,0x40,0xff,0x60,0x60,0xa0,0xff,0x20,0x20,0xe0,0xff,
    0x20,0x00,0xa0,0xff,0x00,0x00,0x40,0xff,0x20,0x00,0xa0,0xff,0x20,0x00,0xa0,0xff,
    0x00,0x00,0x40,0xff,0x20,0x00,0xa0,0xff,0x20,0x20,0xe0,0xff,0x20,0x20,0xe0,0xff,
    0x60,0x60,0xa0,0xff,0x00,0x00,0x40,0xff,0x00,0x00,0x00,0x00,0x00,0x00,0x00,0x00,
    0x00,0x00,0x00,0x00,0x00,0x00,0x00,0x00,0x00,0x00,0x00,0x00,0x00,0x00,0x00,0x00,
    0x00,0x00,0x00,0x00,0x00,0x00,0x00,0x00,0x00,0x00,0x00,0x00,0x00,0x00,0x00,0x00,
    0x00,0x00,0x00,0x00,0x00,0x00,0x00,0x00,0x00,0x00,0x00,0x00,0x00,0x00,0x00,0x00,
    0x00,0x00,0x00,0x00,0x00,0x00,0x00,0x00,0x00,0x00,0x00,0x00,0x00,0x00,0x00,0x00,
    0x00,0x00,0x00,0x00,0x00,0x00,0x00,0x00,0x00,0x00,0x00,0x00,0x00,0x00,0x40,0xff,
    0x60,0x60,0xa0,0xff,0x40,0x40,0xe0,0xff,0x20,0x20,0xe0,0xff,0x20,0x20,0xe0,0xff,
    0x20,0x20,0xe0,0xff,0x20,0x20,0xe0,0xff,0x20,0x20,0xe0,0xff,0x20,0x00,0xa0,0xff,
    0x00,0x00,0x40,0xff,0x20,0x00,0xa0,0xff,0x40,0x40,0xe0,0xff,0xe0,0xe0,0xe0,0xff,
    0x40,0x40,0xe0,0xff,0x20,0x00,0xa0,0xff,0x00,0x00,0x40,0xff,0x20,0x00,0xa0,0xff,
    0x20,0x20,0xe0,0xff,0x20,0x20,0xe0,0xff,0x20,0x20,0xe0,0xff,0x20,0x20,0xe0,0xff,
    0x20,0x20,0xe0,0xff,0x40,0x40,0xe0,0xff,0x60,0x60,0xa0,0xff,0x00,0x00,0x40,0xff,
    0x00,0x00,0x00,0x00,0x00,0x00,0x00,0x00,0x00,0x00,0x00,0x00,0x00,0x00,0x00,0x00,
    0x00,0x00,0x00,0x00,0x00,0x00,0x00,0x00,0x00,0x00,0x00,0x00,0x00,0x00,0x00,0x00,
    0x00,0x00,0x00,0x00,0x00,0x00,0x00,0x00,0x00,0x00,0x00,0x00,0x00,0x00,0x00,0x00,
    0x00,0x00,0x00,0x00,0x00,0x00,0x00,0x00,0x00,0x00,0x00,0x00,0x00,0x00,0x00,0x00,
    0x00,0x00,0x00,0x00,0x00,0x00,0x00,0x00,0x00,0x00,0x00,0x00,0x00,0x00,0x00,0x00,
    0x00,0x00,0x00,0x00,0x00,0x00,0x00,0x00,0x00,0x00,0x40,0xff,0x60,0x60,0xa0,0xff,
    0x20,0x20,0xe0,0xff,0x20,0x20,0xe0,0xff,0x20,0x00,0xa0,0xff,0x00,0x00,0x40,0xff,
    0x20,0x00,0xa0,0xff,0x20,0x00,0xa0,0xff,0x00,0x00,0x40,0xff,0x20,0x00,0xa0,0xff,
    0x20,0x20,0xe0,0xff,0x60,0x60,0xa0,0xff,0x00,0x00,0x40,0xff,0x20,0x20,0xe0,0xff,
    0x20,0x20,0xe0,0xff,0x20,0x00,0xa0,0xff,0x20,0x00,0xa0,0xff,0x20,0x00,0xa0,0xff,
    0x20,0x00,0xa0,0xff,0x20,0x20,0xe0,0xff,0x20,0x20,0xe0,0xff,0x20,0x20,0xe0,0xff,
    0xe0,0xe0,0xe0,0xff,0x20,0x00,0xa0,0xff,0x00,0x00,0x40,0xff,0xe0,0xe0,0xe0,0xff,
    0xe0,0xe0,0xe0,0xff,0x60,0x60,0xa0,0xff,0x00,0x00,0x00,0x00,0x00,0x00,0x00,0x00,
    0x00,0x00,0x00,0x00,0x00,0x00,0x00,0x00,0x00,0x00,0x00,0x00,0x00,0x00,0x00,0x00,
    0x00,0x00,0x00,0x00,0x00,0x00,0x00,0x00,0x00,0x00,0x00,0x00,0x00,0x00,0x00,0x00,
    0x00,0x00,0x00,0x00,0x00,0x00,0x00,0x00,0x00,0x00,0x00,0x00,0x00,0x00,0x00,0x00,
    0x00,0x00,0x00,0x00,0x00,0x00,0x00,0x00,0x00,0x00,0x00,0x00,0x00,0x00,0x00,0x00,
    0x00,0x00,0x00,0x00,0x00,0x00,0x40,0xff,0x20,0x20,0xe0,0xff,0x60,0x60,0xa0,0xff,
    0x20,0x20,0xe0,0xff,0x20,0x20,0xe0,0xff,0x20,0x20,0xe0,0xff,0x20,0x00,0xa0,0xff,
    0x00,0x00,0x40,0xff,0x00,0x00,0x40,0xff,0x00,0x00,0x40,0xff,0x00,0x00,0x40,0xff,
    0x00,0x00,0x40,0xff,0x00,0x00,0x40,0xff,0x20,0x00,0xa0,0xff,0x20,0x00,0xa0,0xff,
    0x20,0x00,0xa0,0xff,0x20,0x00,0xa0,0xff,0x20,0x00,0xa0,0xff,0x20,0x00,0xa0,0xff,
    0x00,0x00,0x40,0xff,0x20,0x00,0xa0,0xff,0x20,0x20,0xe0,0xff,0x20,0x20,0xe0,0xff,
    0xe0,0xe0,0xe0,0xff,0x20,0x00,0xa0,0xff,0x00,0x00,0x40,0xff,0x00,0x00,0x00,0x00,
    0x00,0x00,0x00,0x00,0x00,0x00,0x00,0x00,0x00,0x00,0x00,0x00,0x00,0x00,0x00,0x00,
    0x00,0x00,0x00,0x00,0x00,0x00,0x00,0x00,0x00,0x00,0x00,0x00,0x00,0x00,0x00,0x00,
    0x00,0x00,0x00,0x00,0x00,0x00,0x00,0x00,0x00,0x00,0x00,0x00,0x00,0x00,0x00,0x00,
    0x00,0x00,0x00,0x00,0x00,0x00,0x00,0x00,0x00,0x00,0x00,0x00,0x00,0x00,0x00,0x00,
    0x00,0x00,0x00,0x00,0x00,0x00,0x00,0x00,0x00,0x00,0x00,0x00,0x00,0x00,0x40,0xff,
    0x20,0x00,0xa0,0xff,0x20,0x20,0xe0,0xff,0x20,0x20,0xe0,0xff,0x20,0x20,0xe0,0xff,
    0x20,0x20,0xe0,0xff,0x00,0x00,0x40,0xff,0x00,0x00,0x40,0xff,0x00,0x00,0x40,0xff,
    0x00,0x00,0x40,0xff,0x00,0x00,0x40,0xff,0x00,0x00,0x40,0xff,0x20,0x00,0xa0,0xff,
    0x20,0x20,0xe0,0xff,0x20,0x20,0xe0,0xff,0x20,0x00,0xa0,0xff,0x20,0x00,0xa0,0xff,
    0x20,0x00,0xa0,0xff,0x20,0x00,0xa0,0xff,0x00,0x00,0x40,0xff,0x20,0x00,0xa0,0xff,
    0x20,0x00,0xa0,0xff,0x60,0x60,0xa0,0xff,0xe0,0xe0,0xe0,0xff,0x60,0x60,0xa0,0xff,
    0x20,0x00,0xa0,0xff,0x00,0x00,0x40,0xff,0x00,0x00,0x00,0x00,0x00,0x00,0x00,0x00,
    0x00,0x00,0x00,0x00,0x00,0x00,0x00,0x00,0x00,0x00,0x00,0x00,0x00,0x00,0x00,0x00,
    0x00,0x00,0x00,0x00,0x00,0x00,0x00,0x00,0x00,0x00,0x00,0x00,0x00,0x00,0x00,0x00,
    0x00,0x00,0x00,0x00,0x00,0x00,0x00,0x00,0x00,0x00,0x00,0x00,0x00,0x00,0x00,0x00,
    0x00,0x00,0x00,0x00,0x00,0x00,0x00,0x00,0x00,0x00,0x00,0x00,0x00,0x00,0x00,0x00,
    0x00,0x00,0x00,0x00,0x00,0x00,0x00,0x00,0x00,0x00,0x00,0x00,0x00,0x00,0x00,0x00,
    0x00,0x00,0x00,0x00,0x00,0x00,0x40,0xff,0x20,0x20,0xe0,0xff,0x60,0x60,0xa0,0xff,
    0x20,0x20,0xe0,0xff,0x20,0x20,0xe0,0xff,0x20,0x20,0xe0,0xff,0x20,0x00,0xa0,0xff,
    0x00,0x00,0x40,0xff,0x00,0x00,0x40,0xff,0x00,0x00,0x40,0xff,0x00,0x00,0x40,0xff,
    0x00,0x00,0x40,0xff,0x00,0x00,0x40,0xff,0x20,0x00,0xa0,0xff,0x20,0x00,0xa0,0xff,
    0x20,0x00,0xa0,0xff,0x20,0x00,0xa0,0xff,0x20,0x00,0xa0,0xff,0x20,0x00,0xa0,0xff,
    0x00,0x00,0x40,0xff,0x20,0x00,0xa0,0xff,0x20,0x20,0xe0,0xff,0x20,0x20,0xe0,0xff,
    0xe0,0xe0,0xe0,0xff,0x20,0x00,0xa0,0xff,0x00,0x00,0x40,0xff,0x00,0x00,0x00,0x00,
    0x00,0x00,0x00,0x00,0x00,0x00,0x00,0x00,0x00,0x00,0x00,0x00,0x00,0x00,0x00,0x00,
    0x00,0x00,0x00,0x00,0x00,0x00,0x00,0x00,0x00,0x00,0x00,0x00,0x00,0x00,0x00,0x00,
    0x00,0x00,0x00,0x00,0x00,0x00,0x00,0x00,0x00,0x00,0x00,0x00,0x00,0x00,0x00,0x00,
    0x00,0x00,0x00,0x00,0x00,0x00,0x00,0x00,0x00,0x00,0x00,0x00,0x00,0x00,0x00,0x00,
    0x00,0x00,0x00,0x00,0x00,0x00,0x00,0x00,0x00,0x00,0x00,0x00,0x00,0x00,0x00,0x00,
    0x00,0x00,0x00,0x00,0x00,0x00,0x00,0x00,0x00,0x00,0x40,0xff,0x60,0x60,0xa0,0xff,
    0x20,0x20,0xe0,0xff,0x20,0x20,0xe0,0xff,0x20,0x00,0xa0,0xff,0x00,0x00,0x40,0xff,
    0x20,0x00,0xa0,0xff,0x20,0x00,0xa0,0xff,0x00,0x00,0x40,0xff,0x20,0x00,0xa0,0xff,
    0x20,0x20,0xe0,0xff,0x60,0x60,0xa0,0xff,0x00,0x00,0x40,0xff,0x20,0x20,0xe0,0xff,
    0x20,0x20,0xe0,0xff,0x20,0x00,0xa0,0xff,0x20,0x00,0xa0,0xff,0x20,0x00,0xa0,0xff,
    0x20,0x00,0xa0,0xff,0x20,0x20,0xe0,0xff,0x20,0x20,0xe0,0xff,0x20,0x20,0xe0,0xff,
    0xe0,0xe0,0xe0,0xff,0x20,0x00,0xa0,0xff,0x00,0x00,0x40,0xff,0xe0,0xe0,0xe0,0xff,
    0xe0,0xe0,0xe0,0xff,0x60,0x60,0xa0,0xff,0x00,0x00,0x00,0x00,0x00,0x00,0x00,0x00,
    0x00,0x00,0x00,0x00,0x00,0x00,0x00,0x00,0x00,0x00,0x00,0x00,0x00,0x00,0x00,0x00,
    0x00,0x00,0x00,0x00,0x00,0x00,0x00,0x00,0x00,0x00,0x00,0x00,0x00,0x00,0x00,0x00,
    0x00,0x00,0x00,0x00,0x00,0x00,0x00,0x00,0x00,0x00,0x00,0x00,0x00,0x00,0x00,0x00,
    0x00,0x00,0x00,0x00,0x00,0x00,0x00,0x00,0x00,0x00,0x00,0x00,0x00,0x00,0x00,0x00,
    0x00,0x00,0x00,0x00,0x00,0x00,0x00,0x00,0x00,0x00,0x00,0x00,0x00,0x00,0x00,0x00,
    0x00,0x00,0x00,0x00,0x00,0x00,0x00,0x00,0x00,0x00,0x00,0x00,0x00,0x00,0x00,0x00,
    0x00,0x00,0x00,0x00,0x00,0x00,0x00,0x00,0x00,0x00,0x00,0x00,0x00,0x00,0x00,0x00,
    0x00,0x00,0x00,0x00,0x00,0x00,0x00,0x00,0x00,0x00,0x00,0x00,0x00,0x00,0x00,0x00,
    0x00,0x00,0x00,0x00,0x00,0x00,0x00,0x00,0x00,0x00,0x00,0x00,0x00,0x00,0x00,0x00,
    0x00,0x00,0x00,0x00,0x00,0x00,0x00,0x00,0x00,0x00,0x00,0x00,0x00,0x00,0x00,0x00,
    0x00,0x00,0x00,0x00,0x00,0x00,0x00,0x00,0x00,0x00,0x00,0x00,0x00,0x00,0x00,0x00,
    0x00,0x00,0x00,0x00,0x00,0x00,0x00,0x00,0x00,0x00,0x00,0x00,0x00,0x00,0x00,0x00,
    0x00,0x00,0x00,0x00,0x00,0x00,0x00,0x00,0x00,0x00,0x00,0x00,0x00,0x00,0x00,0x00,
    0x00,0x00,0x00,0x00,0x00,0x00,0x00,0x00,0x00,0x00,0x00,0x00,0x00,0x00,0x00,0x00,
    0x00,0x00,0x00,0x00,0x00,0x00,0x00,0x00,0x00,0x00,0x00,0x00,0x00,0x00,0x00,0x00,
    0x00,0x00,0x00,0x00,0x00,0x00,0x00,0x00,0x00,0x00,0x00,0x00,0x00,0x00,0x00,0x00,
    0x00,0x00,0x00,0x00,0x00,0x00,0x00,0x00,0x00,0x00,0x00,0x00,0x00,0x00,0x00,0x00,
    0x00,0x00,0x00,0x00,0x00,0x00,0x00,0x00,0x00,0x00,0x00,0x00,0x00,0x00,0x00,0x00,
    0x00,0x00,0x00,0x00,0x00,0x00,0x00,0x00,0x00,0x00,0x00,0x00,0x00,0x00,0x00,0x00,
    0x00,0x00,0x00,0x00,0x00,0x00,0x00,0x00,0x00,0x00,0x00,0x00,0x00,0x00,0x00,0x00,
    0x00,0x00,0x00,0x00,0x00,0x00,0x00,0x00,0x00,0x00,0x00,0x00,0x00,0x00,0x00,0x00,
    0x00,0x00,0x00,0x00,0x00,0x00,0x00,0x00,0x00,0x00,0x00,0x00,0x00,0x00,0x00,0x00,
    0x00,0x00,0x00,0x00,0x00,0x00,0x00,0x00,0x00,0x00,0x00,0x00,0x00,0x00,0x00,0x00,
    0x00,0x00,0x00,0x00,0x00,0x00,0x00,0x00,0x00,0x00,0x00,0x00,0x00,0x00,0x00,0x00,
    0x00,0x00,0x00,0x00,0x00,0x00,0x00,0x00,0x00,0x00,0x00,0x00,0x00,0x00,0x00,0x00,
    0x00,0x00,0x00,0x00,0x00,0x00,0x00,0x00,0x00,0x00,0x00,0x00,0x00,0x00,0x00,0x00,
    0x00,0x00,0x00,0x00,0x00,0x00,0x00,0x00,0x00,0x00,0x00,0x00,0x00,0x00,0x00,0x00,
    0x00,0x00,0x00,0x00,0x00,0x00,0x00,0x00,0x00,0x00,0x00,0x00,0x00,0x00,0x00,0x00,
    0x00,0x00,0x00,0x00,0x00,0x00,0x00,0x00,0x00,0x00,0x00,0x00,0x00,0x00,0x00,0x00,
    0x00,0x00,0x00,0x00,0x00,0x00,0x00,0x00,0x00,0x00,0x00,0x00,0x00,0x00,0x00,0x00,
    0x00,0x00,0x00,0x00,0x00,0x00,0x00,0x00,0x00,0x00,0x00,0x00,0x00,0x00,0x00,0x00,
    0x00,0x00,0x00,0x00,0x00,0x00,0x00,0x00,0x00,0x00,0x00,0x00,0x00,0x00,0x00,0x00,
    0x00,0x00,0x00,0x00,0x00,0x00,0x00,0x00,0x00,0x00,0x00,0x00,0x00,0x00,0x00,0x00,
    0x00,0x00,0x00,0x00,0x00,0x00,0x00,0x00,0x00,0x00,0x00,0x00,0x00,0x00,0x00,0x00,
    0x00,0x00,0x00,0x00,0x00,0x00,0x00,0x00,0x00,0x00,0x00,0x00,0x00,0x00,0x00,0x00,
    0x00,0x00,0x00,0x00,0x00,0x00,0x00,0x00,0x00,0x00,0x00,0x00,0x00,0x00,0x00,0x00,
    0x00,0x00,0x00,0x00,0x00,0x00,0x00,0x00,0x00,0x00,0x00,0x00,0x00,0x00,0x00,0x00,
    0x00,0x00,0x00,0x00,0x00,0x00,0x00,0x00,0x00,0x00,0x00,0x00,0x00,0x00,0x00,0x00,
    0x00,0x00,0x00,0x00,0x00,0x00,0x00,0x00,0x00,0x00,0x00,0x00,0x00,0x00,0x00,0x00,
    0x00,0x00,0x00,0x00,0x00,0x00,0x00,0x00,0x00,0x00,0x00,0x00,0x00,0x00,0x00,0x00,
    0x00,0x00,0x00,0x00,0x00,0x00,0x00,0x00,0x00,0x00,0x00,0x00,0x00,0x00,0x40,0xff,
    0x20,0x20,0xe0,0xff,0x20,0x20,0xe0,0xff,0x20,0x20,0xe0,0xff,0x00,0x00,0x40,0xff,
    0x00,0x00,0x40,0xff,0x00,0x00,0x40,0xff,0x20,0x00,0xa0,0xff,0x20,0x00,0xa0,0xff,
    0x20,0x20,0xe0,0xff,0x20,0x20,0xe0,0xff,0x20,0x20,0xe0,0xff,0x40,0x40,0xe0,0xff,
    0x60,0x60,0xa0,0xff,0x40,0x40,0xe0,0xff,0x20,0x20,0xe0,0xff,0x20,0x20,0xe0,0xff,
    0x20,0x20,0xe0,0xff,0x20,0x00,0xa0,0xff,0x20,0x00,0xa0,0xff,0x00,0x00,0x40,0xff,
    0x00,0x00,0x40,0xff,0x00,0x00,0x40,0xff,0x20,0x20,0xe0,0xff,0x20,0x20,0xe0,0xff,
    0x20,0x20,0xe0,0xff,0x00,0x00,0x40,0xff,0x00,0x00,0x00,0x00,0x00,0x00,0x00,0x00,
    0x00,0x00,0x00,0x00,0x00,0x00,0x00,0x00,0x00,0x00,0x00,0x00,0x00,0x00,0x00,0x00,
    0x00,0x00,0x00,0x00,0x00,0x00,0x00,0x00,0x00,0x00,0x00,0x00,0x00,0x00,0x00,0x00,
    0x00,0x00,0x00,0x00,0x00,0x00,0x00,0x00,0x00,0x00,0x00,0x00,0x00,0x00,0x00,0x00,
    0x00,0x00,0x00,0x00,0x00,0x00,0x00,0x00,0x00,0x00,0x00,0x00,0x00,0x00,0x00,0x00,
    0x00,0x00,0x00,0x00,0x00,0x00,0x00,0x00,0x00,0x00,0x00,0x00,0x00,0x00,0x40,0xff,
    0x60,0x60,0xa0,0xff,0x20,0x20,0xe0,0xff,0x20,0x20,0xe0,0xff,0x20,0x20,0xe0,0xff,
    0x20,0x20,0xe0,0xff,0x20,0x00,0xa0,0xff,0x20,0x20,0xe0,0xff,0x20,0x20,0xe0,0xff,
    0x20,0x00,0xa0,0xff,0x20,0x00,0xa0,0xff,0x40,0x40,0xe0,0xff,0x60,0x60,0xa0,0xff,
    0x40,0x40,0xe0,0xff,0x20,0x00,0xa0,0xff,0x20,0x00,0xa0,0xff,0x20,0x20,0xe0,0xff,
    0x20,0x20,0xe0,0xff,0x20,0x00,0xa0,0xff,0x20,0x20,0xe0,0xff,0x20,0x20,0xe0,0xff,
    0x20,0x20,0xe0,0xff,0x20,0x20,0xe0,0xff,0x60,0x60,0xa0,0xff,0x00,0x00,0x40,0xff,
    0x00,0x00,0x00,0x00,0x00,0x00,0x00,0x00,0x00,0x00,0x00,0x00,0x00,0x00,0x00,0x00,
    0x00,0x00,0x00,0x00,0x00,0x00,0x00,0x00,0x00,0x00,0x00,0x00,0x00,0x00,0x00,0x00,
    0x00,0x00,0x00,0x00,0x00,0x00,0x00,0x00,0x00,0x00,0x00,0x00,0x00,0x00,0x00,0x00,
    0x00,0x00,0x00,0x00,0x00,0x00,0x00,0x00,0x00,0x00,0x00,0x00,0x00,0x00,0x00,0x00,
    0x00,0x00,0x00,0x00,0x00,0x00,0x00,0x00,0x00,0x00,0x00,0x00,0x00,0x00,0x00,0x00,
    0x00,0x00,0x00,0x00,0x00,0x00,0x00,0x00,0x00,0x00,0x00,0x00,0x00,0x00,0x40,0xff,
    0x60,0x60,0xa0,0xff,0x20,0x20,0xe0,0xff,0x20,0x20,0xe0,0xff,0x20,0x20,0xe0,0xff,
    0x20,0x20,0xe0,0xff,0x20,0x00,0xa0,0xff,0x20,0x20,0xe0,0xff,0x20,0x20,0xe0,0xff,
    0x20,0x00,0xa0,0xff,0x20,0x00,0xa0,0xff,0x40,0x40,0xe0,0xff,0x60,0x60,0xa0,0xff,
    0x40,0x40,0xe0,0xff,0x20,0x00,0xa0,0xff,0x20,0x00,0xa0,0xff,0x20,0x20,0xe0,0xff,
    0x20,0x20,0xe0,0xff,0x20,0x00,0xa0,0xff,0x20,0x20,0xe0,0xff,0x20,0x20,0xe0,0xff,
    0x20,0x20,0xe0,0xff,0x20,0x20,0xe0,0xff,0x60,0x60,0xa0,0xff,0x00,0x00,0x40,0xff,
    0x00,0x00,0x00,0x00,0x00,0x00,0x00,0x00,0x00,0x00,0x00,0x00,0x00,0x00,0x00,0x00,
    0x00,0x00,0x00,0x00,0x00,0x00,0x00,0x00,0x00,0x00,0x00,0x00,0x00,0x00,0x00,0x00,
    0x00,0x00,0x00,0x00,0x00,0x00,0x00,0x00,0x00,0x00,0x00,0x00,0x00,0x00,0x00,0x00,
    0x00,0x00,0x00,0x00,0x00,0x00,0x00,0x00,0x00,0x00,0x00,0x00,0x00,0x00,0x00,0x00,
    0x00,0x00,0x00,0x00,0x00,0x00,0x00,0x00,0x00,0x00,0x00,0x00,0x00,0x00,0x00,0x00,
    0x00,0x00,0x00,0x00,0x00,0x00,0x00,0x00,0x00,0x00,0x00,0x00,0x00,0x00,0x00,0x00,
    0x80,0x40,0x20,0xff,0x00,0x00,0x40,0xff,0x20,0x00,0xa0,0xff,0xe0,0xe0,0xe0,0xff,
    0x20,0x20,0xe0,0xff,0x20,0x00,0xa0,0xff,0x00,0x00,0x40,0xff,0x00,0x00,0x40,0xff,
    0x20,0x00,0xa0,0xff,0x20,0x00,0xa0,0xff,0x20,0x00,0xa0,0xff,0x20,0x00,0xa0,0xff,
    0x20,0x00,0xa0,0xff,0x20,0x00,0xa0,0xff,0x20,0x00,0xa0,0xff,0x20,0x00,0xa0,0xff,
    0x00,0x00,0x40,0xff,0x00,0x00,0x40,0xff,0x00,0x00,0x40,0xff,0x00,0x00,0x40,0xff,
    0x00,0x00,0x40,0xff,0x20,0x00,0xa0,0xff,0x20,0x20,0xe0,0xff,0x20,0x20,0xe0,0xff,
    0x20,0x20,0xe0,0xff,0x20,0x20,0xe0,0xff,0x00,0x00,0x40,0xff,0x00,0x00,0x00,0x00,
    0x00,0x00,0x00,0x00,0x00,0x00,0x00,0x00,0x00,0x00,0x00,0x00,0x00,0x00,0x00,0x00,
    0x00,0x00,0x00,0x00,0x00,0x00,0x00,0x00,0x00,0x00,0x00,0x00,0x00,0x00,0x00,0x00,
    0x00,0x00,0x00,0x00,0x00,0x00,0x00,0x00,0x00,0x00,0x00,0x00,0x00,0x00,0x00,0x00,
    0x00,0x00,0x00,0x00,0x00,0x00,0x00,0x00,0x00,0x00,0x00,0x00,0x00,0x00,0x00,0x00,
    0x00,0x00,0x00,0x00,0x00,0x00,0x00,0x00,0x00,0x00,0x00,0x00,0x00,0x00,0x00,0x00,
    0x00,0x00,0x40,0xff,0x00,0x00,0x40,0xff,0x40,0x40,0xe0,0xff,0x60,0x60,0xa0,0xff,
    0x40,0x40,0xe0,0xff,0x20,0x00,0xa0,0xff,0x00,0x00,0x40,0xff,0x20,0x00,0xa0,0xff,
    0x20,0x00,0xa0,0xff,0x20,0x00,0xa0,0xff,0x20,0x00,0xa0,0xff,0x20,0x20,0xe0,0xff,
    0x20,0x20,0xe0,0xff,0x40,0x40,0xe0,0xff,0x40,0x40,0xe0,0xff,0x00,0x00,0x40,0xff,
    0x00,0x00,0x40,0xff,0x20,0x00,0xa0,0xff,0x20,0x00,0xa0,0xff,0x20,0x00,0xa0,0xff,
    0x20,0x00,0xa0,0xff,0x20,0x00,0xa0,0xff,0x20,0x20,0xe0,0xff,0x20,0x20,0xe0,0xff,
    0x20,0x20,0xe0,0xff,0x20,0x00,0xa0,0xff,0x00,0x00,0x40,0xff,0x00,0x00,0x00,0x00,
    0x00,0x00,0x00,0x00,0x00,0x00,0x00,0x00,0x00,0x00,0x00,0x00,0x00,0x00,0x00,0x00,
    0x00,0x00,0x00,0x00,0x00,0x00,0x00,0x00,0x00,0x00,0x00,0x00,0x00,0x00,0x00,0x00,
    0x00,0x00,0x00,0x00,0x00,0x00,0x00,0x00,0x00,0x00,0x00,0x00,0x00,0x00,0x00,0x00,
    0x00,0x00,0x00,0x00,0x00,0x00,0x00,0x00,0x00,0x00,0x00,0x00,0x00,0x00,0x00,0x00,
    0x00,0x00,0x00,0x00,0x00,0x00,0x00,0x00,0x00,0x00,0x00,0x00,0x00,0x00,0x00,0x00,
    0x80,0x40,0x20,0xff,0x00,0x00,0x40,0xff,0x20,0x00,0xa0,0xff,0xe0,0xe0,0xe0,0xff,
    0x20,0x20,0xe0,0xff,0x20,0x00,0xa0,0xff,0x00,0x00,0x40,0xff,0x00,0x00,0x40,0xff,
    0x20,0x00,0xa0,0xff,0x20,0x00,0xa0,0xff,0x20,0x00,0xa0,0xff,0x20,0x00,0xa0,0xff,
    0x20,0x00,0xa0,0xff,0x20,0x00,0xa0,0xff,0x20,0x00,0xa0,0xff,0x20,0x00,0xa0,0xff,
    0x00,0x00,0x40,0xff,0x00,0x00,0x40,0xff,0x00,0x00,0x40,0xff,0x00,0x00,0x40,0xff,
    0x00,0x00,0x40,0xff,0x20,0x00,0xa0,0xff,0x20,0x20,0xe0,0xff,0x20,0x20,0xe0,0xff,
    0x20,0x20,0xe0,0xff,0x20,0x20,0xe0,0xff,0x00,0x00,0x40,0xff,0x00,0x00,0x00,0x00,
    0x00,0x00,0x00,0x00,0x00,0x00,0x00,0x00,0x00,0x00,0x00,0x00,0x00,0x00,0x00,0x00,
    0x00,0x00,0x00,0x00,0x00,0x00,0x00,0x00,0x00,0x00,0x00,0x00,0x00,0x00,0x00,0x00,
    0x00,0x00,0x00,0x00,0x00,0x00,0x00,0x00,0x00,0x00,0x00,0x00,0x00,0x00,0x00,0x00,
    0x00,0x00,0x00,0x00,0x00,0x00,0x00,0x00,0x00,0x00,0x00,0x00,0x00,0x00,0x00,0x00,
    0x00,0x00,0x00,0x00,0x00,0x00,0x00,0x00,0x60,0x60,0xa0,0xff,0xe0,0xe0,0xe0,0xff,
    0xe0,0xe0,0xe0,0xff,0x00,0x00,0x40,0xff,0x20,0x00,0xa0,0xff,0x60,0x60,0xa0,0xff,
    0x20,0x20,0xe0,0xff,0x20,0x20,0xe0,0xff,0x20,0x00,0xa0,0xff,0x00,0x00,0x40,0xff,
    0x00,0x00,0x40,0xff,0x20,0x00,0xa0,0xff,0x20,0x00,0xa0,0xff,0x20,0x00,0xa0,0xff,
    0x20,0x00,0xa0,0xff,0x20,0x20,0xe0,0xff,0x00,0x00,0x40,0xff,0x20,0x00,0xa0,0xff,
    0x00,0x00,0x40,0xff,0x20,0x00,0xa0,0xff,0x20,0x00,0xa0,0xff,0x00,0x00,0x40,0xff,
    0x00,0x00,0x40,0xff,0x20,0x00,0xa0,0xff,0x20,0x00,0xa0,0xff,0x20,0x20,0xe0,0xff,
    0x60,0x60,0xa0,0xff,0x00,0x00,0x40,0xff,0x00,0x00,0x00,0x00,0x00,0x00,0x00,0x00,
    0x00,0x00,0x00,0x00,0x00,0x00,0x00,0x00,0x00,0x00,0x00,0x00,0x00,0x00,0x00,0x00,
    0x00,0x00,0x00,0x00,0x00,0x00,0x00,0x00,0x00,0x00,0x00,0x00,0x00,0x00,0x00,0x00,
    0x00,0x00,0x00,0x00,0x00,0x00,0x00,0x00,0x00,0x00,0x00,0x00,0x00,0x00,0x00,0x00,
    0x00,0x00,0x00,0x00,0x00,0x00,0x00,0x00,0x00,0x00,0x00,0x00,0x00,0x00,0x00,0x00,
    0x00,0x00,0x00,0x00,0x00,0x00,0x00,0x00,0x00,0x00,0x00,0x00,0x00,0x00,0x40,0xff,
    0x60,0x60,0xa0,0xff,0x20,0x20,0xe0,0xff,0x20,0x20,0xe0,0xff,0x20,0x20,0xe0,0xff,
    0x20,0x20,0xe0,0xff,0x20,0x00,0xa0,0xff,0x20,0x20,0xe0,0xff,0x20,0x20,0xe0,0xff,
    0x20,0x00,0xa0,0xff,0x20,0x00,0xa0,0xff,0x40,0x40,0xe0,0xff,0x60,0x60,0xa0,0xff,
    0x40,0x40,0xe0,0xff,0x20,0x00,0xa0,0xff,0x20,0x00,0xa0,0xff,0x20,0x20,0xe0,0xff,
    0x20,0x20,0xe0,0xff,0x20,0x00,0xa0,0xff,0x20,0x20,0xe0,0xff,0x20,0x20,0xe0,0xff,
    0x20,0x20,0xe0,0xff,0x20,0x20,0xe0,0xff,0x60,0x60,0xa0,0xff,0x00,0x00,0x40,0xff,
    0x00,0x00,0x00,0x00,0x00,0x00,0x00,0x00,0x00,0x00,0x00,0x00,0x00,0x00,0x00,0x00,
    0x00,0x00,0x00,0x00,0x00,0x00,0x00,0x00,0x00,0x00,0x00,0x00,0x00,0x00,0x00,0x00,
    0x00,0x00,0x00,0x00,0x00,0x00,0x00,0x00,0x00,0x00,0x00,0x00,0x00,0x00,0x00,0x00,
    0x00,0x00,0x00,0x00,0x00,0x00,0x00,0x00,0x00,0x00,0x00,0x00,0x00,0x00,0x00,0x00,
    0x00,0x00,0x00,0x00,0x00,0x00,0x00,0x00,0x00,0x00,0x00,0x00,0x00,0x00,0x00,0x00,
    0x00,0x00,0x00,0x00,0x00,0x00,0x00,0x00,0x00,0x00,0x40,0xff,0x60,0x60,0xa0,0xff,
    0x20,0x20,0xe0,0xff,0x20,0x00,0xa0,0xff,0x20,0x00,0xa0,0xff,0x00,0x00,0x40,0xff,
    0x00,0x00,0x40,0xff,0x20,0x00,0xa0,0xff,0x20,0x00,0xa0,0xff,0x00,0x00,0x40,0xff,
    0x20,0x00,0xa0,0xff,0x00,0x00,0x40,0xff,0x20,0x20,0xe0,0xff,0x20,0x00,0xa0,0xff,
    0x20,0x00,0xa0,0xff,0x20,0x00,0xa0,0xff,0x20,0x00,0xa0,0xff,0x00,0x00,0x40,0xff,
    0x00,0x00,0x40,0xff,0x20,0x00,0xa0,0xff,0x20,0x20,0xe0,0xff,0x20,0x20,0xe0,0xff,
    0x60,0x60,0xa0,0xff,0x20,0x00,0xa0,0xff,0x00,0x00,0x40,0xff,0xe0,0xe0,0xe0,0xff,
    0xe0,0xe0,0xe0,0xff,0x60,0x60,0xa0,0xff,0x00,0x00,0x00,0x00,0x00,0x00,0x00,0x00,
    0x00,0x00,0x00,0x00,0x00,0x00,0x00,0x00,0x00,0x00,0x00,0x00,0x00,0x00,0x00,0x00,
    0x00,0x00,0x00,0x00,0x00,0x00,0x00,0x00,0x00,0x00,0x00,0x00,0x00,0x00,0x00,0x00,
    0x00,0x00,0x00,0x00,0x00,0x00,0x00,0x00,0x00,0x00,0x00,0x00,0x00,0x00,0x00,0x00,
    0x00,0x00,0x00,0x00,0x00,0x00,0x00,0x00,0x00,0x00,0x00,0x00,0x00,0x00,0x00,0x00,
    0x00,0x00,0x00,0x00,0x00,0x00,0x40,0xff,0x20,0x20,0xe0,0xff,0x20,0x20,0xe0,0xff,
    0x20,0x20,0xe0,0xff,0x20,0x20,0xe0,0xff,0x20,0x00,0xa0,0xff,0x00,0x00,0x40,0xff,
    0x00,0x00,0x40,0xff,0x00,0x00,0x40,0xff,0x00,0x00,0x40,0xff,0x00,0x00,0x40,0xff,
    0x20,0x00,0xa0,0xff,0x20,0x00,0xa0,0xff,0x20,0x00,0xa0,0xff,0x20,0x00,0xa0,0xff,
    0x20,0x00,0xa0,0xff,0x20,0x00,0xa0,0xff,0x20,0x00,0xa0,0xff,0x20,0x00,0xa0,0xff,
    0x00,0x00,0x40,0xff,0x00,0x00,0x40,0xff,0x20,0x00,0xa0,0xff,0x20,0x20,0xe0,0xff,
    0xe0,0xe0,0xe0,0xff,0x20,0x00,0xa0,0xff,0x00,0x00,0x40,0xff,0x80,0x40,0x20,0xff,
    0x00,0x00,0x00,0x00,0x00,0x00,0x00,0x00,0x00,0x00,0x00,0x00,0x00,0x00,0x00,0x00,
    0x00,0x00,0x00,0x00,0x00,0x00,0x00,0x00,0x00,0x00,0x00,0x00,0x00,0x00,0x00,0x00,
    0x00,0x00,0x00,0x00,0x00,0x00,0x00,0x00,0x00,0x00,0x00,0x00,0x00,0x00,0x00,0x00,
    0x00,0x00,0x00,0x00,0x00,0x00,0x00,0x00,0x00,0x00,0x00,0x00,0x00,0x00,0x00,0x00,
    0x00,0x00,0x00,0x00,0x00,0x00,0x00,0x00,0x00,0x00,0x00,0x00,0x00,0x00,0x40,0xff,
    0x20,0x00,0xa0,0xff,0x20,0x20,0xe0,0xff,0x20,0x20,0xe0,0xff,0x20,0x20,0xe0,0xff,
    0x20,0x00,0xa0,0xff,0x20,0x00,0xa0,0xff,0x20,0x00,0xa0,0xff,0x20,0x00,0xa0,0xff,
    0x20,0x00,0xa0,0xff,0x00,0x00,0x40,0xff,0x00,0x00,0x40,0xff,0x40,0x40,0xe0,0xff,
    0x40,0x40,0xe0,0xff,0x20,0x20,0xe0,0xff,0x20,0x20,0xe0,0xff,0x20,0x00,0xa0,0xff,
    0x20,0x00,0xa0,0xff,0x20,0x00,0xa0,0xff,0x20,0x00,0xa0,0xff,0x00,0x00,0x40,0xff,
    0x20,0x00,0xa0,0xff,0x40,0x40,0xe0,0xff,0x60,0x60,0xa0,0xff,0x40,0x40,0xe0,0xff,
    0x00,0x00,0x40,0xff,0x00,0x00,0x40,0xff,0x00,0x00,0x00,0x00,0x00,0x00,0x00,0x00,
    0x00,0x00,0x00,0x00,0x00,0x00,0x00,0x00,0x00,0x00,0x00,0x00,0x00,0x00,0x00,0x00,
    0x00,0x00,0x00,0x00,0x00,0x00,0x00,0x00,0x00,0x00,0x00,0x00,0x00,0x00,0x00,0x00,
    0x00,0x00,0x00,0x00,0x00,0x00,0x00,0x00,0x00,0x00,0x00,0x00,0x00,0x00,0x00,0x00,
    0x00,0x00,0x00,0x00,0x00,0x00,0x00,0x00,0x00,0x00,0x00,0x00,0x00,0x00,0x00,0x00,
    0x00,0x00,0x00,0x00,0x00,0x00,0x00,0x00,0x00,0x00,0x00,0x00,0x00,0x00,0x00,0x00,
    0x00,0x00,0x00,0x00,0x00,0x00,0x40,0xff,0x20,0x20,0xe0,0xff,0x20,0x20,0xe0,0xff,
    0x20,0x20,0xe0,0xff,0x20,0x20,0xe0,0xff,0x20,0x00,0xa0,0xff,0x00,0x00,0x40,0xff,
    0x00,0x00,0x40,0xff,0x00,0x00,0x40,0xff,0x00,0x00,0x40,0xff,0x00,0x00,0x40,0xff,
    0x20,0x00,0xa0,0xff,0x20,0x00,0xa0,0xff,0x20,0x00,0xa0,0xff,0x20,0x00,0xa0,0xff,
    0x20,0x00,0xa0,0xff,0x20,0x00,0xa0,0xff,0x20,0x00,0xa0,0xff,0x20,0x00,0xa0,0xff,
    0x00,0x00,0x40,0xff,0x00,0x00,0x40,0xff,0x20,0x00,0xa0,0xff,0x20,0x20,0xe0,0xff,
    0xe0,0xe0,0xe0,0xff,0x20,0x00,0xa0,0xff,0x00,0x00,0x40,0xff,0x80,0x40,0x20,0xff,
    0x00,0x00,0x00,0x00,0x00,0x00,0x00,0x00,0x00,0x00,0x00,0x00,0x00,0x00,0x00,0x00,
    0x00,0x00,0x00,0x00,0x00,0x00,0x00,0x00,0x00,0x00,0x00,0x00,0x00,0x00,0x00,0x00,
    0x00,0x00,0x00,0x00,0x00,0x00,0x00,0x00,0x00,0x00,0x00,0x00,0x00,0x00,0x00,0x00,
    0x00,0x00,0x00,0x00,0x00,0x00,0x00,0x00,0x00,0x00,0x00,0x00,0x00,0x00,0x00,0x00,
    0x00,0x00,0x00,0x00,0x00,0x00,0x00,0x00,0x00,0x00,0x00,0x00,0x00,0x00,0x00,0x00,
    0x00,0x00,0x00,0x00,0x00,0x00,0x00,0x00,0x00,0x00,0x40,0xff,0x60,0x60,0xa0,0xff,
    0x20,0x20,0xe0,0xff,0x20,0x00,0xa0,0xff,0x20,0x00,0xa0,0xff,0x00,0x00,0x40,0xff,
    0x00,0x00,0x40,0xff,0x20,0x00,0xa0,0xff,0x20,0x00,0xa0,0xff,0x00,0x00,0x40,0xff,
    0x20,0x00,0xa0,0xff,0x00,0x00,0x40,0xff,0x20,0x20,0xe0,0xff,0x20,0x00,0xa0,0xff,
    0x20,0x00,0xa0,0xff,0x20,0x00,0xa0,0xff,0x20,0x00,0xa0,0xff,0x00,0x00,0x40,0xff,
    0x00,0x00,0x40,0xff,0x20,0x00,0xa0,0xff,0x20,0x20,0xe0,0xff,0x20,0x20,0xe0,0xff,
    0x60,0x60,0xa0,0xff,0x20,0x00,0xa0,0xff,0x00,0x00,0x40,0xff,0xe0,0xe0,0xe0,0xff,
    0xe0,0xe0,0xe0,0xff,0x60,0x60,0xa0,0xff,0x00,0x00,0x00,0x00,0x00,0x00,0x00,0x00,
    0x00,0x00,0x00,0x00,0x00,0x00,0x00,0x00,0x00,0x00,0x00,0x00,0x00,0x00,0x00,0x00,
    0x00,0x00,0x00,0x00,0x00,0x00,0x00,0x00,0x00,0x00,0x00,0x00,0x00,0x00,0x00,0x00,
    0x00,0x00,0x00,0x00,0x00,0x00,0x00,0x00,0x00,0x00,0x00,0x00,0x00,0x00,0x00,0x00,
    0x00,0x00,0x00,0x00,0x00,0x00,0x00,0x00,0x00,0x00,0x00,0x00,0x00,0x00,0x00,0x00,
    0x00,0x00,0x00,0x00,0x00,0x00,0x00,0x00,0x00,0x00,0x00,0x00,0x00,0x00,0x00,0x00,
    0x00,0x00,0x00,0x00,0x00,0x00,0x00,0x00,0x00,0x00,0x00,0x00,0x00,0x00,0x00,0x00,
    0x00,0x00,0x00,0x00,0x00,0x00,0x00,0x00,0x00,0x00,0x00,0x00,0x00,0x00,0x00,0x00,
    0x00,0x00,0x00,0x00,0x00,0x00,0x00,0x00,0x00,0x00,0x00,0x00,0x00,0x00,0x00,0x00,
    0x00,0x00,0x00,0x00,0x00,0x00,0x00,0x00,0x00,0x00,0x00,0x00,0x00,0x00,0x00,0x00,
    0x00,0x00,0x00,0x00,0x00,0x00,0x00,0x00,0x00,0x00,0x00,0x00,0x00,0x00,0x00,0x00,
    0x00,0x00,0x00,0x00,0x00,0x00,0x00,0x00,0x00,0x00,0x00,0x00,0x00,0x00,0x00,0x00,
    0x00,0x00,0x00,0x00,0x00,0x00,0x00,0x00,0x00,0x00,0x00,0x00,0x00,0x00,0x00,0x00,
    0x00,0x00,0x00,0x00,0x00,0x00,0x00,0x00,0x00,0x00,0x00,0x00,0x00,0x00,0x00,0x00,
    0x00,0x00,0x00,0x00,0x00,0x00,0x00,0x00,0x00,0x00,0x00,0x00,0x00,0x00,0x00,0x00,
    0x00,0x00,0x00,0x00,0x00,0x00,0x00,0x00,0x00,0x00,0x00,0x00,0x00,0x00,0x00,0x00,
    0x00,0x00,0x00,0x00,0x00,0x00,0x00,0x00,0x00,0x00,0x00,0x00,0x00,0x00,0x00,0x00,
    0x00,0x00,0x00,0x00,0x00,0x00,0x00,0x00,0x00,0x00,0x00,0x00,0x00,0x00,0x00,0x00,
    0x00,0x00,0x00,0x00,0x00,0x00,0x00,0x00,0x00,0x00,0x00,0x00,0x00,0x00,0x00,0x00,
    0x00,0x00,0x00,0x00,0x00,0x00,0x00,0x00,0x00,0x00,0x00,0x00,0x00,0x00,0x00,0x00,
    0x20,0x00,0xa0,0xff,0x20,0x00,0xa0,0xff,0x20,0x00,0xa0,0xff,0x20,0x00,0xa0,0xff,
    0x20,0x00,0xa0,0xff,0x20,0x00,0xa0,0xff,0x00,0x00,0x00,0x00,0x00,0x00,0x00,0x00,
    0x00,0x00,0x00,0x00,0x00,0x00,0x00,0x00,0x00,0x00,0x00,0x00,0x00,0x00,0x00,0x00,
    0x00,0x00,0x00,0x00,0x00,0x00,0x00,0x00,0x00,0x00,0x00,0x00,0x00,0x00,0x00,0x00,
    0x00,0x00,0x00,0x00,0x00,0x00,0x00,0x00,0x00,0x00,0x00,0x00,0x00,0x00,0x00,0x00,
    0x00,0x00,0x00,0x00,0x00,0x00,0x00,0x00,0x00,0x00,0x00,0x00,0x00,0x00,0x00,0x00,
    0x00,0x00,0x00,0x00,0x00,0x00,0x00,0x00,0x00,0x00,0x00,0x00,0x00,0x00,0x00,0x00,
    0x00,0x00,0x00,0x00,0x00,0x00,0x00,0x00,0x00,0x00,0x00,0x00,0x00,0x00,0x00,0x00,
    0x00,0x00,0x00,0x00,0x00,0x00,0x00,0x00,0x00,0x00,0x00,0x00,0x00,0x00,0x00,0x00,
    0x00,0x00,0x00,0x00,0x00,0x00,0x00,0x00,0x00,0x00,0x00,0x00,0x00,0x00,0x00,0x00,
    0x00,0x00,0x00,0x00,0x00,0x00,0x00,0x00,0x00,0x00,0x00,0x00,0x00,0x00,0x00,0x00,
    0x00,0x00,0x00,0x00,0x00,0x00,0x00,0x00,0x00,0x00,0x00,0x00,0x00,0x00,0x00,0x00,
    0x00,0x00,0x40,0xff,0x00,0x00,0x40,0xff,0x00,0x00,0x40,0xff,0x00,0x00,0x40,0xff,
    0x00,0x00,0x40,0xff,0x00,0x00,0x40,0xff,0x00,0x00,0x00,0x00,0x00,0x00,0x00,0x00,
    0x00,0x00,0x00,0x00,0x00,0x00,0x00,0x00,0x00,0x00,0x00,0x00,0x00,0x00,0x00,0x00,
    0x00,0x00,0x00,0x00,0x00,0x00,0x00,0x00,0x00,0x00,0x00,0x00,0x00,0x00,0x00,0x00,
    0x00,0x00,0x00,0x00,0x00,0x00,0x00,0x00,0x00,0x00,0x00,0x00,0x00,0x00,0x00,0x00,
    0x00,0x00,0x00,0x00,0x00,0x00,0x00,0x00,0x00,0x00,0x00,0x00,0x00,0x00,0x00,0x00,
    0x00,0x00,0x00,0x00,0x00,0x00,0x00,0x00,0x00,0x00,0x00,0x00,0x00,0x00,0x00,0x00,
    0x00,0x00,0x00,0x00,0x00,0x00,0x00,0x00,0x00,0x00,0x00,0x00,0x00,0x00,0x00,0x00,
    0x00,0x00,0x00,0x00,0x00,0x00,0x00,0x00,0x00,0x00,0x00,0x00,0x00,0x00,0x00,0x00,
    0x00,0x00,0x00,0x00,0x00,0x00,0x00,0x00,0x00,0x00,0x00,0x00,0x00,0x00,0x00,0x00,
    0x00,0x00,0x40,0xff,0x20,0x20,0xe0,0xff,0x00,0x00,0x40,0xff,0x00,0x00,0x40,0xff,
    0x00,0x00,0x40,0xff,0x00,0x00,0x40,0xff,0x20,0x00,0xa0,0xff,0x20,0x00,0xa0,0xff,
    0x20,0x20,0xe0,0xff,0x20,0x20,0xe0,0xff,0x20,0x20,0xe0,0xff,0x40,0x40,0xe0,0xff,
    0x60,0x60,0xa0,0xff,0x40,0x40,0xe0,0xff,0x20,0x20,0xe0,0xff,0x20,0x20,0xe0,0xff,
    0x20,0x20,0xe0,0xff,0x20,0x00,0xa0,0xff,0x20,0x00,0xa0,0xff,0x00,0x00,0x40,0xff,
    0x00,0x00,0x40,0xff,0x00,0x00,0x40,0xff,0x00,0x00,0x40,0xff,0x20,0x20,0xe0,0xff,
    0x00,0x00,0x40,0xff,0x00,0x00,0x00,0x00,0x00,0x00,0x00,0x00,0x00,0x00,0x00,0x00,
    0x00,0x00,0x00,0x00,0x00,0x00,0x00,0x00,0x00,0x00,0x00,0x00,0x00,0x00,0x00,0x00,
    0x00,0x00,0x00,0x00,0x00,0x00,0x00,0x00,0x00,0x00,0x00,0x00,0x00,0x00,0x00,0x00,
    0x00,0x00,0x00,0x00,0x00,0x00,0x00,0x00,0x00,0x00,0x00,0x00,0x00,0x00,0x00,0x00,
    0x00,0x00,0x00,0x00,0x00,0x00,0x00,0x00,0x00,0x00,0x00,0x00,0x00,0x00,0x00,0x00,
    0x00,0x00,0x00,0x00,0x00,0x00,0x00,0x00,0x00,0x00,0x00,0x00,0x00,0x00,0x40,0xff,
    0xe0,0xe0,0xe0,0xff,0x20,0x20,0xe0,0xff,0x20,0x20,0xe0,0xff,0x20,0x20,0xe0,0xff,
    0x20,0x00,0xa0,0xff,0x20,0x00,0xa0,0xff,0x20,0x00,0xa0,0xff,0x20,0x20,0xe0,0xff,
    0x20,0x20,0xe0,0xff,0x20,0x00,0xa0,0xff,0x40,0x40,0xe0,0xff,0x60,0x60,0xa0,0xff,
    0x40,0x40,0xe0,0xff,0x20,0x00,0xa0,0xff,0x20,0x20,0xe0,0xff,0x20,0x20,0xe0,0xff,
    0x20,0x00,0xa0,0xff,0x20,0x00,0xa0,0xff,0x20,0x00,0xa0,0xff,0x20,0x20,0xe0,0xff,
    0x20,0x20,0xe0,0xff,0x20,0x20,0xe0,0xff,0xe0,0xe0,0xe0,0xff,0x00,0x00,0x40,0xff,
    0x00,0x00,0x00,0x00,0x00,0x00,0x00,0x00,0x00,0x00,0x00,0x00,0x00,0x00,0x00,0x00,
    0x00,0x00,0x00,0x00,0x00,0x00,0x00,0x00,0x00,0x00,0x00,0x00,0x00,0x00,0x00,0x00,
    0x00,0x00,0x00,0x00,0x00,0x00,0x00,0x00,0x00,0x00,0x00,0x00,0x00,0x00,0x00,0x00,
    0x00,0x00,0x00,0x00,0x00,0x00,0x00,0x00,0x00,0x00,0x00,0x00,0x00,0x00,0x00,0x00,
    0x00,0x00,0x00,0x00,0x00,0x00,0x00,0x00,0x00,0x00,0x00,0x00,0x00,0x00,0x00,0x00,
    0x00,0x00,0x00,0x00,0x00,0x00,0x00,0x00,0x00,0x00,0x00,0x00,0x00,0x00,0x40,0xff,
    0xe0,0xe0,0xe0,0xff,0x20,0x20,0xe0,0xff,0x20,0x20,0xe0,0xff,0x20,0x20,0xe0,0xff,
    0x20,0x00,0xa0,0xff,0x20,0x00,0xa0,0xff,0x20,0x00,0xa0,0xff,0x20,0x20,0xe0,0xff,
    0x20,0x20,0xe0,0xff,0x20,0x00,0xa0,0xff,0x40,0x40,0xe0,0xff,0x60,0x60,0xa0,0xff,
    0x40,0x40,0xe0,0xff,0x20,0x00,0xa0,0xff,0x20,0x20,0xe0,0xff,0x20,0x20,0xe0,0xff,
    0x20,0x00,0xa0,0xff,0x20,0x00,0xa0,0xff,0x20,0x00,0xa0,0xff,0x20,0x20,0xe0,0xff,
    0x20,0x20,0xe0,0xff,0x20,0x20,0xe0,0xff,0xe0,0xe0,0xe0,0xff,0x00,0x00,0x40,0xff,
    0x00,0x00,0x00,0x00,0x00,0x00,0x00,0x00,0x00,0x00,0x00,0x00,0x00,0x00,0x00,0x00,
    0x00,0x00,0x00,0x00,0x00,0x00,0x00,0x00,0x00,0x00,0x00,0x00,0x00,0x00,0x00,0x00,
    0x00,0x00,0x00,0x00,0x00,0x00,0x00,0x00,0x00,0x00,0x00,0x00,0x00,0x00,0x00,0x00,
    0x00,0x00,0x00,0x00,0x00,0x00,0x00,0x00,0x00,0x00,0x00,0x00,0x00,0x00,0x00,0x00,
    0x00,0x00,0x00,0x00,0x00,0x00,0x00,0x00,0x00,0x00,0x00,0x00,0x00,0x00,0x00,0x00,
    0x00,0x00,0x00,0x00,0x00,0x00,0x00,0x00,0x00,0x00,0x00,0x00,0x00,0x00,0x00,0x00,
    0x80,0x40,0x20,0xff,0xe0,0xa0,0x80,0xff,0x20,0x00,0xa0,0xff,0x60,0x60,0xa0,0xff,
    0x20,0x00,0xa0,0xff,0x00,0x00,0x40,0xff,0x00,0x00,0x40,0xff,0x20,0x00,0xa0,0xff,
    0x20,0x00,0xa0,0xff,0x20,0x00,0xa0,0xff,0x20,0x00,0xa0,0xff,0x20,0x00,0xa0,0xff,
    0x20,0x00,0xa0,0xff,0x20,0x20,0xe0,0xff,0x20,0x20,0xe0,0xff,0x20,0x20,0xe0,0xff,
    0x20,0x00,0xa0,0xff,0x00,0x00,0x40,0xff,0x20,0x00,0xa0,0xff,0x20,0x00,0xa0,0xff,
    0x20,0x00,0xa0,0xff,0x00,0x00,0x40,0xff,0x20,0x00,0xa0,0xff,0x20,0x20,0xe0,0xff,
    0x20,0x20,0xe0,0xff,0x20,0x20,0xe0,0xff,0x00,0x00,0x40,0xff,0x00,0x00,0x00,0x00,
    0x00,0x00,0x00,0x00,0x00,0x00,0x00,0x00,0x00,0x00,0x00,0x00,0x00,0x00,0x00,0x00,
    0x00,0x00,0x00,0x00,0x00,0x00,0x00,0x00,0x00,0x00,0x00,0x00,0x00,0x00,0x00,0x00,
    0x00,0x00,0x00,0x00,0x00,0x00,0x00,0x00,0x00,0x00,0x00,0x00,0x00,0x00,0x00,0x00,
    0x00,0x00,0x00,0x00,0x00,0x00,0x00,0x00,0x00,0x00,0x00,0x00,0x00,0x00,0x00,0x00,
    0x00,0x00,0x00,0x00,0x00,0x00,0x00,0x00,0x00,0x00,0x00,0x00,0xe0,0xa0,0x80,0xff,
    0x00,0x00,0x40,0xff,0x00,0x00,0x40,0xff,0x20,0x00,0xa0,0xff,0x60,0x60,0xa0,0xff,
    0x20,0x00,0xa0,0xff,0x20,0x00,0xa0,0xff,0x00,0x00,0x40,0xff,0x20,0x00,0xa0,0xff,
    0x20,0x00,0xa0,0xff,0x20,0x00,0xa0,0xff,0x20,0x00,0xa0,0xff,0x20,0x20,0xe0,0xff,
    0x40,0x40,0xe0,0xff,0x40,0x40,0xe0,0xff,0x40,0x40,0xe0,0xff,0x40,0x40,0xe0,0xff,
    0x20,0x00,0xa0,0xff,0x20,0x20,0xe0,0xff,0x20,0x20,0xe0,0xff,0x20,0x20,0xe0,0xff,
    0x20,0x20,0xe0,0xff,0x20,0x00,0xa0,0xff,0x20,0x00,0xa0,0xff,0x20,0x00,0xa0,0xff,
    0x20,0x00,0xa0,0xff,0x20,0x00,0xa0,0xff,0x00,0x00,0x40,0xff,0x00,0x00,0x00,0x00,
    0x00,0x00,0x00,0x00,0x00,0x00,0x00,0x00,0x00,0x00,0x00,0x00,0x00,0x00,0x00,0x00,
    0x00,0x00,0x00,0x00,0x00,0x00,0x00,0x00,0x00,0x00,0x00,0x00,0x00,0x00,0x00,0x00,
    0x00,0x00,0x00,0x00,0x00,0x00,0x00,0x00,0x00,0x00,0x00,0x00,0x00,0x00,0x00,0x00,
    0x00,0x00,0x00,0x00,0x00,0x00,0x00,0x00,0x00,0x00,0x00,0x00,0x00,0x00,0x00,0x00,
    0x00,0x00,0x00,0x00,0x00,0x00,0x00,0x00,0x00,0x00,0x00,0x00,0x00,0x00,0x00,0x00,
    0x80,0x40,0x20,0xff,0xe0,0xa0,0x80,0xff,0x20,0x00,0xa0,0xff,0x60,0x60,0xa0,0xff,
    0x20,0x00,0xa0,0xff,0x00,0x00,0x40,0xff,0x00,0x00,0x40,0xff,0x20,0x00,0xa0,0xff,
    0x20,0x00,0xa0,0xff,0x20,0x00,0xa0,0xff,0x20,0x00,0xa0,0xff,0x20,0x00,0xa0,0xff,
    0x20,0x00,0xa0,0xff,0x20,0x20,0xe0,0xff,0x20,0x20,0xe0,0xff,0x20,0x20,0xe0,0xff,
    0x20,0x00,0xa0,0xff,0x00,0x00,0x40,0xff,0x20,0x00,0xa0,0xff,0x20,0x00,0xa0,0xff,
    0x20,0x00,0xa0,0xff,0x00,0x00,0x40,0xff,0x20,0x00,0xa0,0xff,0x20,0x20,0xe0,0xff,
    0x20,0x20,0xe0,0xff,0x20,0x20,0xe0,0xff,0x00,0x00,0x40,0xff,0x00,0x00,0x00,0x00,
    0x00,0x00,0x00,0x00,0x00,0x00,0x00,0x00,0x00,0x00,0x00,0x00,0x00,0x00,0x00,0x00,
    0x00,0x00,0x00,0x00,0x00,0x00,0x00,0x00,0x00,0x00,0x00,0x00,0x00,0x00,0x00,0x00,
    0x00,0x00,0x00,0x00,0x00,0x00,0x00,0x00,0x00,0x00,0x00,0x00,0x00,0x00,0x00,0x00,
    0x00,0x00,0x00,0x00,0x00,0x00,0x00,0x00,0x00,0x00,0x00,0x00,0x00,0x00,0x00,0x00,
    0x00,0x00,0x00,0x00,0x00,0x00,0x00,0x00,0x60,0x60,0xa0,0xff,0xe0,0xe0,0xe0,0xff,
    0xe0,0xe0,0xe0,0xff,0x00,0x00,0x40,0xff,0x20,0x00,0xa0,0xff,0x20,0x20,0xe0,0xff,
    0x20,0x20,0xe0,0xff,0x20,0x00,0xa0,0xff,0x00,0x00,0x40,0xff,0x00,0x00,0x40,0xff,
    0x20,0x00,0xa0,0xff,0x20,0x00,0xa0,0xff,0x20,0x00,0xa0,0xff,0x20,0x00,0xa0,0xff,
    0x20,0x00,0xa0,0xff,0x20,0x00,0xa0,0xff,0x20,0x00,0xa0,0xff,0x00,0x00,0x40,0xff,
    0x20,0x00,0xa0,0xff,0x20,0x00,0xa0,0xff,0x20,0x00,0xa0,0xff,0x00,0x00,0x40,0xff,
    0x00,0x00,0x40,0xff,0x00,0x00,0x40,0xff,0x20,0x00,0xa0,0xff,0x20,0x20,0xe0,0xff,
    0x60,0x60,0xa0,0xff,0x00,0x00,0x40,0xff,0x00,0x00,0x00,0x00,0x00,0x00,0x00,0x00,
    0x00,0x00,0x00,0x00,0x00,0x00,0x00,0x00,0x00,0x00,0x00,0x00,0x00,0x00,0x00,0x00,
    0x00,0x00,0x00,0x00,0x00,0x00,0x00,0x00,0x00,0x00,0x00,0x00,0x00,0x00,0x00,0x00,
    0x00,0x00,0x00,0x00,0x00,0x00,0x00,0x00,0x00,0x00,0x00,0x00,0x00,0x00,0x00,0x00,
    0x00,0x00,0x00,0x00,0x00,0x00,0x00,0x00,0x00,0x00,0x00,0x00,0x00,0x00,0x00,0x00,
    0x00,0x00,0x00,0x00,0x00,0x00,0x00,0x00,0x00,0x00,0x00,0x00,0x00,0x00,0x40,0xff,
    0xe0,0xe0,0xe0,0xff,0x20,0x20,0xe0,0xff,0x20,0x20,0xe0,0xff,0x20,0x20,0xe0,0xff,
    0x20,0x00,0xa0,0xff,0x20,0x00,0xa0,0xff,0x20,0x00,0xa0,0xff,0x20,0x20,0xe0,0xff,
    0x20,0x20,0xe0,0xff,0x20,0x00,0xa0,0xff,0x40,0x40,0xe0,0xff,0x60,0x60,0xa0,0xff,
    0x40,0x40,0xe0,0xff,0x20,0x00,0xa0,0xff,0x20,0x20,0xe0,0xff,0x20,0x20,0xe0,0xff,
    0x20,0x00,0xa0,0xff,0x20,0x00,0xa0,0xff,0x20,0x00,0xa0,0xff,0x20,0x20,0xe0,0xff,
    0x20,0x20,0xe0,0xff,0x20,0x20,0xe0,0xff,0xe0,0xe0,0xe0,0xff,0x00,0x00,0x40,0xff,
    0x00,0x00,0x00,0x00,0x00,0x00,0x00,0x00,0x00,0x00,0x00,0x00,0x00,0x00,0x00,0x00,
    0x00,0x00,0x00,0x00,0x00,0x00,0x00,0x00,0x00,0x00,0x00,0x00,0x00,0x00,0x00,0x00,
    0x00,0x00,0x00,0x00,0x00,0x00,0x00,0x00,0x00,0x00,0x00,0x00,0x00,0x00,0x00,0x00,
    0x00,0x00,0x00,0x00,0x00,0x00,0x00,0x00,0x00,0x00,0x00,0x00,0x00,0x00,0x00,0x00,
    0x00,0x00,0x00,0x00,0x00,0x00,0x00,0x00,0x00,0x00,0x00,0x00,0x00,0x00,0x00,0x00,
    0x00,0x00,0x00,0x00,0x00,0x00,0x00,0x00,0x00,0x00,0x40,0xff,0x60,0x60,0xa0,0xff,
    0x20,0x20,0xe0,0xff,0x20,0x00,0xa0,0xff,0x00,0x00,0x40,0xff,0x00,0x00,0x40,0xff,
    0x00,0x00,0x40,0xff,0x20,0x00,0xa0,0xff,0x20,0x00,0xa0,0xff,0x20,0x00,0xa0,0xff,
    0x00,0x00,0x40,0xff,0x20,0x00,0xa0,0xff,0x20,0x00,0xa0,0xff,0x20,0x00,0xa0,0xff,
    0x20,0x00,0xa0,0xff,0x20,0x00,0xa0,0xff,0x20,0x00,0xa0,0xff,0x20,0x00,0xa0,0xff,
    0x00,0x00,0x40,0xff,0x00,0x00,0x40,0xff,0x20,0x00,0xa0,0xff,0x20,0x20,0xe0,0xff,
    0x20,0x20,0xe0,0xff,0x20,0x00,0xa0,0xff,0x00,0x00,0x40,0xff,0xe0,0xe0,0xe0,0xff,
    0xe0,0xe0,0xe0,0xff,0x60,0x60,0xa0,0xff,0x00,0x00,0x00,0x00,0x00,0x00,0x00,0x00,
    0x00,0x00,0x00,0x00,0x00,0x00,0x00,0x00,0x00,0x00,0x00,0x00,0x00,0x00,0x00,0x00,
    0x00,0x00,0x00,0x00,0x00,0x00,0x00,0x00,0x00,0x00,0x00,0x00,0x00,0x00,0x00,0x00,
    0x00,0x00,0x00,0x00,0x00,0x00,0x00,0x00,0x00,0x00,0x00,0x00,0x00,0x00,0x00,0x00,
    0x00,0x00,0x00,0x00,0x00,0x00,0x00,0x00,0x00,0x00,0x00,0x00,0x00,0x00,0x00,0x00,
    0x00,0x00,0x00,0x00,0x00,0x00,0x40,0xff,0x20,0x20,0xe0,0xff,0x20,0x20,0xe0,0xff,
    0x20,0x20,0xe0,0xff,0x20,0x00,0xa0,0xff,0x00,0x00,0x40,0xff,0x20,0x00,0xa0,0xff,
    0x20,0x00,0xa0,0xff,0x20,0x00,0xa0,0xff,0x00,0x00,0x40,0xff,0x20,0x00,0xa0,0xff,
    0x20,0x20,0xe0,0xff,0x20,0x20,0xe0,0xff,0x20,0x20,0xe0,0xff,0x20,0x00,0xa0,0xff,
    0x20,0x00,0xa0,0xff,0x20,0x00,0xa0,0xff,0x20,0x00,0xa0,0xff,0x20,0x00,0xa0,0xff,
    0x20,0x00,0xa0,0xff,0x00,0x00,0x40,0xff,0x00,0x00,0x40,0xff,0x20,0x00,0xa0,0xff,
    0x60,0x60,0xa0,0xff,0x20,0x00,0xa0,0xff,0xe0,0xa0,0x80,0xff,0x80,0x40,0x20,0xff,
    0x00,0x00,0x00,0x00,0x00,0x00,0x00,0x00,0x00,0x00,0x00,0x00,0x00,0x00,0x00,0x00,
    0x00,0x00,0x00,0x00,0x00,0x00,0x00,0x00,0x00,0x00,0x00,0x00,0x00,0x00,0x00,0x00,
    0x00,0x00,0x00,0x00,0x00,0x00,0x00,0x00,0x00,0x00,0x00,0x00,0x00,0x00,0x00,0x00,
    0x00,0x00,0x00,0x00,0x00,0x00,0x00,0x00,0x00,0x00,0x00,0x00,0x00,0x00,0x00,0x00,
    0x00,0x00,0x00,0x00,0x00,0x00,0x00,0x00,0x00,0x00,0x00,0x00,0x00,0x00,0x40,0xff,
    0x20,0x00,0xa0,0xff,0x20,0x00,0xa0,0xff,0x20,0x00,0xa0,0xff,0x20,0x00,0xa0,0xff,
    0x20,0x00,0xa0,0xff,0x20,0x20,0xe0,0xff,0x20,0x20,0xe0,0xff,0x20,0x20,0xe0,0xff,
    0x20,0x20,0xe0,0xff,0x20,0x00,0xa0,0xff,0x40,0x40,0xe0,0xff,0x40,0x40,0xe0,0xff,
    0x40,0x40,0xe0,0xff,0x40,0x40,0xe0,0xff,0x20,0x20,0xe0,0xff,0x20,0x00,0xa0,0xff,
    0x20,0x00,0xa0,0xff,0x20,0x00,0xa0,0xff,0x20,0x00,0xa0,0xff,0x00,0x00,0x40,0xff,
    0x20,0x00,0xa0,0xff,0x20,0x00,0xa0,0xff,0x60,0x60,0xa0,0xff,0x20,0x00,0xa0,0xff,
    0x00,0x00,0x40,0xff,0x00,0x00,0x40,0xff,0xe0,0xa0,0x80,0xff,0x00,0x00,0x00,0x00,
    0x00,0x00,0x00,0x00,0x00,0x00,0x00,0x00,0x00,0x00,0x00,0x00,0x00,0x00,0x00,0x00,
    0x00,0x00,0x00,0x00,0x00,0x00,0x00,0x00,0x00,0x00,0x00,0x00,0x00,0x00,0x00,0x00,
    0x00,0x00,0x00,0x00,0x00,0x00,0x00,0x00,0x00,0x00,0x00,0x00,0x00,0x00,0x00,0x00,
    0x00,0x00,0x00,0x00,0x00,0x00,0x00,0x00,0x00,0x00,0x00,0x00,0x00,0x00,0x00,0x00,
    0x00,0x00,0x00,0x00,0x00,0x00,0x00,0x00,0x00,0x00,0x00,0x00,0x00,0x00,0x00,0x00,
    0x00,0x00,0x00,0x00,0x00,0x00,0x40,0xff,0x20,0x20,0xe0,0xff,0x20,0x20,0xe0,0xff,
    0x20,0x20,0xe0,0xff,0x20,0x00,0xa0,0xff,0x00,0x00,0x40,0xff,0x20,0x00,0xa0,0xff,
    0x20,0x00,0xa0,0xff,0x20,0x00,0xa0,0xff,0x00,0x00,0x40,0xff,0x20,0x00,0xa0,0xff,
    0x20,0x20,0xe0,0xff,0x20,0x20,0xe0,0xff,0x20,0x20,0xe0,0xff,0x20,0x00,0xa0,0xff,
    0x20,0x00,0xa0,0xff,0x20,0x00,0xa0,0xff,0x20,0x00,0xa0,0xff,0x20,0x00,0xa0,0xff,
    0x20,0x00,0xa0,0xff,0x00,0x00,0x40,0xff,0x00,0x00,0x40,0xff,0x20,0x00,0xa0,0xff,
    0x60,0x60,0xa0,0xff,0x20,0x00,0xa0,0xff,0xe0,0xa0,0x80,0xff,0x80,0x40,0x20,0xff,
    0x00,0x00,0x00,0x00,0x00,0x00,0x00,0x00,0x00,0x00,0x00,0x00,0x00,0x00,0x00,0x00,
    0x00,0x00,0x00,0x00,0x00,0x00,0x00,0x00,0x00,0x00,0x00,0x00,0x00,0x00,0x00,0x00,
    0x00,0x00,0x00,0x00,0x00,0x00,0x00,0x00,0x00,0x00,0x00,0x00,0x00,0x00,0x00,0x00,
    0x00,0x00,0x00,0x00,0x00,0x00,0x00,0x00,0x00,0x00,0x00,0x00,0x00,0x00,0x00,0x00,
    0x00,0x00,0x00,0x00,0x00,0x00,0x00,0x00,0x00,0x00,0x00,0x00,0x00,0x00,0x00,0x00,
    0x00,0x00,0x00,0x00,0x00,0x00,0x00,0x00,0x00,0x00,0x40,0xff,0x60,0x60,0xa0,0xff,
    0x20,0x20,0xe0,0xff,0x20,0x00,0xa0,0xff,0x00,0x00,0x40,0xff,0x00,0x00,0x40,0xff,
    0x00,0x00,0x40,0xff,0x20,0x00,0xa0,0xff,0x20,0x00,0xa0,0xff,0x20,0x00,0xa0,0xff,
    0x00,0x00,0x40,0xff,0x20,0x00,0xa0,0xff,0x20,0x00,0xa0,0xff,0x20,0x00,0xa0,0xff,
    0x20,0x00,0xa0,0xff,0x20,0x00,0xa0,0xff,0x20,0x00,0xa0,0xff,0x20,0x00,0xa0,0xff,
    0x00,0x00,0x40,0xff,0x00,0x00,0x40,0xff,0x20,0x00,0xa0,0xff,0x20,0x20,0xe0,0xff,
    0x20,0x20,0xe0,0xff,0x20,0x00,0xa0,0xff,0x00,0x00,0x40,0xff,0xe0,0xe0,0xe0,0xff,
    0xe0,0xe0,0xe0,0xff,0x60,0x60,0xa0,0xff,0x00,0x00,0x00,0x00,0x00,0x00,0x00,0x00,
    0x00,0x00,0x00,0x00,0x00,0x00,0x00,0x00,0x00,0x00,0x00,0x00,0x00,0x00,0x00,0x00,
    0x00,0x00,0x00,0x00,0x00,0x00,0x00,0x00,0x00,0x00,0x00,0x00,0x00,0x00,0x00,0x00,
    0x00,0x00,0x00,0x00,0x00,0x00,0x00,0x00,0x00,0x00,0x00,0x00,0x00,0x00,0x00,0x00,
    0x00,0x00,0x00,0x00,0x00,0x00,0x00,0x00,0x00,0x00,0x00,0x00,0x00,0x00,0x00,0x00,
    0x00,0x00,0x00,0x00,0x00,0x00,0x00,0x00,0x00,0x00,0x00,0x00,0x00,0x00,0x00,0x00,
    0x00,0x00,0x00,0x00,0x00,0x00,0x00,0x00,0x00,0x00,0x00,0x00,0x00,0x00,0x00,0x00,
    0x00,0x00,0x00,0x00,0x00,0x00,0x00,0x00,0x00,0x00,0x00,0x00,0x00,0x00,0x00,0x00,
    0x20,0x20,0xe0,0xff,0x20,0x20,0xe0,0xff,0x20,0x20,0xe0,0xff,0x20,0x20,0xe0,0xff,
    0x20,0x20,0xe0,0xff,0x20,0x20,0xe0,0xff,0x00,0x00,0x00,0x00,0x00,0x00,0x00,0x00,
    0x00,0x00,0x00,0x00,0x00,0x00,0x00,0x00,0x00,0x00,0x00,0x00,0x00,0x00,0x00,0x00,
    0x00,0x00,0x00,0x00,0x00,0x00,0x00,0x00,0x00,0x00,0x00,0x00,0x00,0x00,0x00,0x00,
    0x00,0x00,0x00,0x00,0x00,0x00,0x00,0x00,0x00,0x00,0x00,0x00,0x00,0x00,0x00,0x00,
    0x00,0x00,0x00,0x00,0x00,0x00,0x00,0x00,0x00,0x00,0x00,0x00,0x00,0x00,0x00,0x00,
    0x00,0x00,0x00,0x00,0x00,0x00,0x00,0x00,0x00,0x00,0x00,0x00,0x00,0x00,0x00,0x00,
    0x00,0x00,0x00,0x00,0x00,0x00,0x00,0x00,0x00,0x00,0x00,0x00,0x00,0x00,0x00,0x00,
    0x00,0x00,0x00,0x00,0x00,0x00,0x00,0x00,0x00,0x00,0x00,0x00,0x00,0x00,0x00,0x00,
    0x00,0x00,0x00,0x00,0x00,0x00,0x00,0x00,0x00,0x00,0x00,0x00,0x00,0x00,0x00,0x00,
    0x00,0x00,0x00,0x00,0x00,0x00,0x00,0x00,0x00,0x00,0x00,0x00,0x00,0x00,0x00,0x00,
    0x00,0x00,0x00,0x00,0x20,0x20,0xe0,0xff,0x20,0x00,0xa0,0xff,0x20,0x00,0xa0,0xff,
    0x20,0x00,0xa0,0xff,0x20,0x00,0xa0,0xff,0x20,0x20,0xe0,0xff,0x20,0x20,0xe0,0xff,
    0x20,0x20,0xe0,0xff,0x20,0x20,0xe0,0xff,0x20,0x00,0xa0,0xff,0x20,0x00,0xa0,0xff,
    0x20,0x00,0xa0,0xff,0x00,0x00,0x00,0x00,0x00,0x00,0x00,0x00,0x00,0x00,0x00,0x00,
    0x00,0x00,0x00,0x00,0x00,0x00,0x00,0x00,0x00,0x00,0x00,0x00,0x00,0x00,0x00,0x00,
    0x00,0x00,0x00,0x00,0x00,0x00,0x00,0x00,0x00,0x00,0x00,0x00,0x00,0x00,0x00,0x00,
    0x00,0x00,0x00,0x00,0x00,0x00,0x00,0x00,0x00,0x00,0x00,0x00,0x00,0x00,0x00,0x00,
    0x00,0x00,0x00,0x00,0x00,0x00,0x00,0x00,0x00,0x00,0x00,0x00,0x00,0x00,0x00,0x00,
    0x00,0x00,0x00,0x00,0x00,0x00,0x00,0x00,0x00,0x00,0x00,0x00,0x00,0x00,0x00,0x00,
    0x00,0x00,0x00,0x00,0x00,0x00,0x00,0x00,0x00,0x00,0x00,0x00,0x00,0x00,0x00,0x00,
    0x00,0x00,0x00,0x00,0x00,0x00,0x00,0x00,0x00,0x00,0x00,0x00,0x00,0x00,0x00,0x00,
    0x00,0x00,0x00,0x00,0x00,0x00,0x00,0x00,0x00,0x00,0x00,0x00,0x00,0x00,0x00,0x00,
    0x00,0x00,0x00,0x00,0x20,0x00,0xa0,0xff,0x00,0x00,0x40,0xff,0x00,0x00,0x40,0xff,
    0x00,0x00,0x40,0xff,0x00,0x00,0x40,0xff,0x00,0x00,0x40,0xff,0x00,0x00,0x40,0xff,
    0x00,0x00,0x40,0xff,0x00,0x00,0x40,0xff,0x00,0x00,0x40,0xff,0x00,0x00,0x40,0xff,
    0x00,0x00,0x40,0xff,0x00,0x00,0x00,0x00,0x00,0x00,0x00,0x00,0x00,0x00,0x00,0x00,
    0x00,0x00,0x00,0x00,0x00,0x00,0x00,0x00,0x00,0x00,0x00,0x00,0x00,0x00,0x00,0x00,
    0x00,0x00,0x00,0x00,0x00,0x00,0x00,0x00,0x00,0x00,0x00,0x00,0x00,0x00,0x00,0x00,
    0x00,0x00,0x00,0x00,0x00,0x00,0x00,0x00,0x00,0x00,0x00,0x00,0x00,0x00,0x00,0x00,
    0x00,0x00,0x00,0x00,0x00,0x00,0x00,0x00,0x00,0x00,0x00,0x00,0x00,0x00,0x00,0x00,
    0x00,0x00,0x00,0x00,0x00,0x00,0x00,0x00,0x00,0x00,0x00,0x00,0x00,0x00,0x00,0x00,
    0x00,0x00,0x00,0x00,0x00,0x00,0x00,0x00,0x00,0x00,0x00,0x00,0x00,0x00,0x00,0x00,
    0x00,0x00,0x00,0x00,0x00,0x00,0x00,0x00,0x00,0x00,0x00,0x00,0x00,0x00,0x00,0x00,
    0x00,0x00,0x40,0xff,0x00,0x00,0x40,0xff,0x00,0x00,0x40,0xff,0x00,0x00,0x40,0xff,
    0x20,0x20,0xe0,0xff,0x00,0x00,0x40,0xff,0x20,0x00,0xa0,0xff,0x20,0x00,0xa0,0xff,
    0x20,0x20,0xe0,0xff,0x20,0x20,0xe0,0xff,0x40,0x40,0xe0,0xff,0x40,0x40,0xe0,0xff,
    0xe0,0xe0,0xe0,0xff,0x40,0x40,0xe0,0xff,0x40,0x40,0xe0,0xff,0x20,0x20,0xe0,0xff,
    0x20,0x20,0xe0,0xff,0x20,0x00,0xa0,0xff,0x20,0x00,0xa0,0xff,0x00,0x00,0x40,0xff,
    0x20,0x20,0xe0,0xff,0x00,0x00,0x40,0xff,0x00,0x00,0x40,0xff,0x00,0x00,0x40,0xff,
    0x00,0x00,0x40,0xff,0x00,0x00,0x00,0x00,0x00,0x00,0x00,0x00,0x00,0x00,0x00,0x00,
    0x00,0x00,0x00,0x00,0x00,0x00,0x00,0x00,0x00,0x00,0x00,0x00,0x00,0x00,0x00,0x00,
    0x00,0x00,0x00,0x00,0x00,0x00,0x00,0x00,0x00,0x00,0x00,0x00,0x00,0x00,0x00,0x00,
    0x00,0x00,0x00,0x00,0x00,0x00,0x00,0x00,0x00,0x00,0x00,0x00,0x00,0x00,0x00,0x00,
    0x00,0x00,0x00,0x00,0x00,0x00,0x00,0x00,0x00,0x00,0x00,0x00,0x00,0x00,0x00,0x00,
    0x00,0x00,0x00,0x00,0x00,0x00,0x00,0x00,0x00,0x00,0x00,0x00,0x00,0x00,0x40,0xff,
    0xe0,0xe0,0xe0,0xff,0x20,0x20,0xe0,0xff,0x20,0x20,0xe0,0xff,0x20,0x00,0xa0,0xff,
    0x00,0x00,0x40,0xff,0x20,0x00,0xa0,0xff,0x20,0x00,0xa0,0xff,0x20,0x00,0xa0,0xff,
    0x20,0x00,0xa0,0xff,0x20,0x00,0xa0,0xff,0x20,0x00,0xa0,0xff,0x60,0x60,0xa0,0xff,
    0x20,0x00,0xa0,0xff,0x20,0x00,0xa0,0xff,0x20,0x00,0xa0,0xff,0x20,0x00,0xa0,0xff,
    0x20,0x00,0xa0,0xff,0x20,0x00,0xa0,0xff,0x00,0x00,0x40,0xff,0x20,0x00,0xa0,0xff,
    0x20,0x20,0xe0,0xff,0x20,0x20,0xe0,0xff,0xe0,0xe0,0xe0,0xff,0x00,0x00,0x40,0xff,
    0x00,0x00,0x00,0x00,0x00,0x00,0x00,0x00,0x00,0x00,0x00,0x00,0x00,0x00,0x00,0x00,
    0x00,0x00,0x00,0x00,0x00,0x00,0x00,0x00,0x00,0x00,0x00,0x00,0x00,0x00,0x00,0x00,
    0x00,0x00,0x00,0x00,0x00,0x00,0x00,0x00,0x00,0x00,0x00,0x00,0x00,0x00,0x00,0x00,
    0x00,0x00,0x00,0x00,0x00,0x00,0x00,0x00,0x00,0x00,0x00,0x00,0x00,0x00,0x00,0x00,
    0x00,0x00,0x00,0x00,0x00,0x00,0x00,0x00,0x00,0x00,0x00,0x00,0x00,0x00,0x00,0x00,
    0x00,0x00,0x00,0x00,0x00,0x00,0x00,0x00,0x00,0x00,0x00,0x00,0x00,0x00,0x40,0xff,
    0xe0,0xe0,0xe0,0xff,0x20,0x20,0xe0,0xff,0x20,0x20,0xe0,0xff,0x20,0x00,0xa0,0xff,
    0x00,0x00,0x40,0xff,0x20,0x00,0xa0,0xff,0x20,0x00,0xa0,0xff,0x20,0x00,0xa0,0xff,
    0x20,0x00,0xa0,0xff,0x20,0x00,0xa0,0xff,0x20,0x00,0xa0,0xff,0x60,0x60,0xa0,0xff,
    0x20,0x00,0xa0,0xff,0x20,0x00,0xa0,0xff,0x20,0x00,0xa0,0xff,0x20,0x00,0xa0,0xff,
    0x20,0x00,0xa0,0xff,0x20,0x00,0xa0,0xff,0x00,0x00,0x40,0xff,0x20,0x00,0xa0,0xff,
    0x20,0x20,0xe0,0xff,0x20,0x20,0xe0,0xff,0xe0,0xe0,0xe0,0xff,0x00,0x00,0x40,0xff,
    0x00,0x00,0x00,0x00,0x00,0x00,0x00,0x00,0x00,0x00,0x00,0x00,0x00,0x00,0x00,0x00,
    0x00,0x00,0x00,0x00,0x00,0x00,0x00,0x00,0x00,0x00,0x00,0x00,0x00,0x00,0x00,0x00,
    0x00,0x00,0x00,0x00,0x00,0x00,0x00,0x00,0x00,0x00,0x00,0x00,0x00,0x00,0x00,0x00,
    0x00,0x00,0x00,0x00,0x00,0x00,0x00,0x00,0x00,0x00,0x00,0x00,0x00,0x00,0x00,0x00,
    0x00,0x00,0x00,0x00,0x00,0x00,0x00,0x00,0x00,0x00,0x00,0x00,0x00,0x00,0x00,0x00,
    0x00,0x00,0x00,0x00,0x00,0x00,0x00,0x00,0x00,0x00,0x00,0x00,0x00,0x00,0x00,0x00,
    0xe0,0xa0,0x80,0xff,0x80,0x40,0x20,0xff,0x20,0x00,0xa0,0xff,0x40,0x40,0xe0,0xff,
    0x20,0x00,0xa0,0xff,0x00,0x00,0x40,0xff,0x20,0x00,0xa0,0xff,0x20,0x20,0xe0,0xff,
    0x20,0x20,0xe0,0xff,0x20,0x20,0xe0,0xff,0x20,0x00,0xa0,0xff,0x20,0x00,0xa0,0xff,
    0x20,0x20,0xe0,0xff,0x20,0x20,0xe0,0xff,0x40,0x40,0xe0,0xff,0x40,0x40,0xe0,0xff,
    0x20,0x20,0xe0,0xff,0x20,0x00,0xa0,0xff,0x20,0x20,0xe0,0xff,0x20,0x20,0xe0,0xff,
    0x20,0x20,0xe0,0xff,0x20,0x00,0xa0,0xff,0x00,0x00,0x40,0xff,0x00,0x00,0x40,0xff,
    0x20,0x20,0xe0,0xff,0x20,0x20,0xe0,0xff,0x20,0x00,0xa0,0xff,0x00,0x00,0x00,0x00,
    0x00,0x00,0x00,0x00,0x00,0x00,0x00,0x00,0x00,0x00,0x00,0x00,0x00,0x00,0x00,0x00,
    0x00,0x00,0x00,0x00,0x00,0x00,0x00,0x00,0x00,0x00,0x00,0x00,0x00,0x00,0x00,0x00,
    0x00,0x00,0x00,0x00,0x00,0x00,0x00,0x00,0x00,0x00,0x00,0x00,0x00,0x00,0x00,0x00,
    0x00,0x00,0x00,0x00,0x00,0x00,0x00,0x00,0x00,0x00,0x00,0x00,0x00,0x00,0x00,0x00,
    0x00,0x00,0x00,0x00,0x00,0x00,0x00,0x00,0x80,0x40,0x20,0xff,0xe0,0xa0,0x80,0xff,
    0x00,0x00,0x40,0xff,0x20,0x00,0xa0,0xff,0x00,0x00,0x40,0xff,0x20,0x00,0xa0,0xff,
    0x20,0x00,0xa0,0xff,0x00,0x00,0x40,0xff,0x20,0x00,0xa0,0xff,0x20,0x00,0xa0,0xff,
    0x20,0x00,0xa0,0xff,0x20,0x00,0xa0,0xff,0x20,0x00,0xa0,0xff,0x20,0x20,0xe0,0xff,
    0x40,0x40,0xe0,0xff,0x40,0x40,0xe0,0xff,0x40,0x40,0xe0,0xff,0x40,0x40,0xe0,0xff,
    0x20,0x20,0xe0,0xff,0x20,0x20,0xe0,0xff,0x40,0x40,0xe0,0xff,0x40,0x40,0xe0,0xff,
    0x40,0x40,0xe0,0xff,0x20,0x20,0xe0,0xff,0x20,0x00,0xa0,0xff,0x00,0x00,0x40,0xff,
    0x00,0x00,0x40,0xff,0x00,0x00,0x40,0xff,0x00,0x00,0x40,0xff,0x00,0x00,0x00,0x00,
    0x00,0x00,0x00,0x00,0x00,0x00,0x00,0x00,0x00,0x00,0x00,0x00,0x00,0x00,0x00,0x00,
    0x00,0x00,0x00,0x00,0x00,0x00,0x00,0x00,0x00,0x00,0x00,0x00,0x00,0x00,0x00,0x00,
    0x00,0x00,0x00,0x00,0x00,0x00,0x00,0x00,0x00,0x00,0x00,0x00,0x00,0x00,0x00,0x00,
    0x00,0x00,0x00,0x00,0x00,0x00,0x00,0x00,0x00,0x00,0x00,0x00,0x00,0x00,0x00,0x00,
    0x00,0x00,0x00,0x00,0x00,0x00,0x00,0x00,0x00,0x00,0x00,0x00,0x00,0x00,0x00,0x00,
    0xe0,0xa0,0x80,0xff,0x80,0x40,0x20,0xff,0x20,0x00,0xa0,0xff,0x40,0x40,0xe0,0xff,
    0x20,0x00,0xa0,0xff,0x00,0x00,0x40,0xff,0x20,0x00,0xa0,0xff,0x20,0x20,0xe0,0xff,
    0x20,0x20,0xe0,0xff,0x20,0x20,0xe0,0xff,0x20,0x00,0xa0,0xff,0x20,0x00,0xa0,0xff,
    0x20,0x20,0xe0,0xff,0x20,0x20,0xe0,0xff,0x40,0x40,0xe0,0xff,0x40,0x40,0xe0,0xff,
    0x20,0x20,0xe0,0xff,0x20,0x00,0xa0,0xff,0x20,0x20,0xe0,0xff,0x20,0x20,0xe0,0xff,
    0x20,0x20,0xe0,0xff,0x20,0x00,0xa0,0xff,0x00,0x00,0x40,0xff,0x00,0x00,0x40,0xff,
    0x20,0x20,0xe0,0xff,0x20,0x20,0xe0,0xff,0x20,0x00,0xa0,0xff,0x00,0x00,0x00,0x00,
    0x00,0x00,0x00,0x00,0x00,0x00,0x00,0x00,0x00,0x00,0x00,0x00,0x00,0x00,0x00,0x00,
    0x00,0x00,0x00,0x00,0x00,0x00,0x00,0x00,0x00,0x00,0x00,0x00,0x00,0x00,0x00,0x00,
    0x00,0x00,0x00,0x00,0x00,0x00,0x00,0x00,0x00,0x00,0x00,0x00,0x00,0x00,0x00,0x00,
    0x00,0x00,0x00,0x00,0x00,0x00,0x00,0x00,0x00,0x00,0x00,0x00,0x00,0x00,0x00,0x00,
    0x00,0x00,0x00,0x00,0x00,0x00,0x00,0x00,0x00,0x00,0x00,0x00,0x60,0x60,0xa0,0xff,
    0xe0,0xe0,0xe0,0xff,0x00,0x00,0x40,0xff,0x20,0x00,0xa0,0xff,0x20,0x20,0xe0,0xff,
    0x20,0x00,0xa0,0xff,0x00,0x00,0x40,0xff,0x00,0x00,0x40,0xff,0x20,0x00,0xa0,0xff,
    0x20,0x00,0xa0,0xff,0x20,0x00,0xa0,0xff,0x00,0x00,0x40,0xff,0x20,0x00,0xa0,0xff,
    0x20,0x00,0xa0,0xff,0x20,0x20,0xe0,0xff,0x20,0x20,0xe0,0xff,0x20,0x20,0xe0,0xff,
    0x20,0x00,0xa0,0xff,0x20,0x00,0xa0,0xff,0x20,0x00,0xa0,0xff,0x20,0x00,0xa0,0xff,
    0x00,0x00,0x40,0xff,0x00,0x00,0x40,0xff,0x20,0x00,0xa0,0xff,0x20,0x20,0xe0,0xff,
    0x60,0x60,0xa0,0xff,0x00,0x00,0x40,0xff,0x00,0x00,0x00,0x00,0x00,0x00,0x00,0x00,
    0x00,0x00,0x00,0x00,0x00,0x00,0x00,0x00,0x00,0x00,0x00,0x00,0x00,0x00,0x00,0x00,
    0x00,0x00,0x00,0x00,0x00,0x00,0x00,0x00,0x00,0x00,0x00,0x00,0x00,0x00,0x00,0x00,
    0x00,0x00,0x00,0x00,0x00,0x00,0x00,0x00,0x00,0x00,0x00,0x00,0x00,0x00,0x00,0x00,
    0x00,0x00,0x00,0x00,0x00,0x00,0x00,0x00,0x00,0x00,0x00,0x00,0x00,0x00,0x00,0x00,
    0x00,0x00,0x00,0x00,0x00,0x00,0x00,0x00,0x00,0x00,0x00,0x00,0x00,0x00,0x40,0xff,
    0xe0,0xe0,0xe0,0xff,0x20,0x20,0xe0,0xff,0x20,0x20,0xe0,0xff,0x20,0x00,0xa0,0xff,
    0x00,0x00,0x40,0xff,0x20,0x00,0xa0,0xff,0x20,0x00,0xa0,0xff,0x20,0x00,0xa0,0xff,
    0x20,0x00,0xa0,0xff,0x20,0x00,0xa0,0xff,0x20,0x00,0xa0,0xff,0x60,0x60,0xa0,0xff,
    0x20,0x00,0xa0,0xff,0x20,0x00,0xa0,0xff,0x20,0x00,0xa0,0xff,0x20,0x00,0xa0,0xff,
    0x20,0x00,0xa0,0xff,0x20,0x00,0xa0,0xff,0x00,0x00,0x40,0xff,0x20,0x00,0xa0,0xff,
    0x20,0x20,0xe0,0xff,0x20,0x20,0xe0,0xff,0xe0,0xe0,0xe0,0xff,0x00,0x00,0x40,0xff,
    0x00,0x00,0x00,0x00,0x00,0x00,0x00,0x00,0x00,0x00,0x00,0x00,0x00,0x00,0x00,0x00,
    0x00,0x00,0x00,0x00,0x00,0x00,0x00,0x00,0x00,0x00,0x00,0x00,0x00,0x00,0x00,0x00,
    0x00,0x00,0x00,0x00,0x00,0x00,0x00,0x00,0x00,0x00,0x00,0x00,0x00,0x00,0x00,0x00,
    0x00,0x00,0x00,0x00,0x00,0x00,0x00,0x00,0x00,0x00,0x00,0x00,0x00,0x00,0x00,0x00,
    0x00,0x00,0x00,0x00,0x00,0x00,0x00,0x00,0x00,0x00,0x00,0x00,0x00,0x00,0x00,0x00,
    0x00,0x00,0x00,0x00,0x00,0x00,0x00,0x00,0x00,0x00,0x40,0xff,0x60,0x60,0xa0,0xff,
    0x20,0x20,0xe0,0xff,0x20,0x00,0xa0,0xff,0x00,0x00,0x40,0xff,0x00,0x00,0x40,0xff,
    0x20,0x00,0xa0,0xff,0x20,0x00,0xa0,0xff,0x20,0x00,0xa0,0xff,0x20,0x00,0xa0,0xff,
    0x20,0x20,0xe0,0xff,0x20,0x20,0xe0,0xff,0x20,0x20,0xe0,0xff,0x20,0x00,0xa0,0xff,
    0x20,0x00,0xa0,0xff,0x00,0x00,0x40,0xff,0x20,0x00,0xa0,0xff,0x20,0x00,0xa0,0xff,
    0x20,0x00,0xa0,0xff,0x00,0x00,0x40,0xff,0x00,0x00,0x40,0xff,0x20,0x00,0xa0,0xff,
    0x20,0x20,0xe0,0xff,0x20,0x00,0xa0,0xff,0x00,0x00,0x40,0xff,0xe0,0xe0,0xe0,0xff,
    0x60,0x60,0xa0,0xff,0x00,0x00,0x00,0x00,0x00,0x00,0x00,0x00,0x00,0x00,0x00,0x00,
    0x00,0x00,0x00,0x00,0x00,0x00,0x00,0x00,0x00,0x00,0x00,0x00,0x00,0x00,0x00,0x00,
    0x00,0x00,0x00,0x00,0x00,0x00,0x00,0x00,0x00,0x00,0x00,0x00,0x00,0x00,0x00,0x00,
    0x00,0x00,0x00,0x00,0x00,0x00,0x00,0x00,0x00,0x00,0x00,0x00,0x00,0x00,0x00,0x00,
    0x00,0x00,0x00,0x00,0x00,0x00,0x00,0x00,0x00,0x00,0x00,0x00,0x00,0x00,0x00,0x00,
    0x00,0x00,0x00,0x00,0x20,0x00,0xa0,0xff,0x20,0x20,0xe0,0xff,0x20,0x20,0xe0,0xff,
    0x00,0x00,0x40,0xff,0x00,0x00,0x40,0xff,0x20,0x00,0xa0,0xff,0x20,0x20,0xe0,0xff,
    0x20,0x20,0xe0,0xff,0x20,0x20,0xe0,0xff,0x20,0x00,0xa0,0xff,0x20,0x20,0xe0,0xff,
    0x40,0x40,0xe0,0xff,0x40,0x40,0xe0,0xff,0x20,0x20,0xe0,0xff,0x20,0x20,0xe0,0xff,
    0x20,0x00,0xa0,0xff,0x20,0x00,0xa0,0xff,0x20,0x20,0xe0,0xff,0x20,0x20,0xe0,0xff,
    0x20,0x20,0xe0,0xff,0x20,0x00,0xa0,0xff,0x00,0x00,0x40,0xff,0x20,0x00,0xa0,0xff,
    0x40,0x40,0xe0,0xff,0x20,0x00,0xa0,0xff,0x80,0x40,0x20,0xff,0xe0,0xa0,0x80,0xff,
    0x00,0x00,0x00,0x00,0x00,0x00,0x00,0x00,0x00,0x00,0x00,0x00,0x00,0x00,0x00,0x00,
    0x00,0x00,0x00,0x00,0x00,0x00,0x00,0x00,0x00,0x00,0x00,0x00,0x00,0x00,0x00,0x00,
    0x00,0x00,0x00,0x00,0x00,0x00,0x00,0x00,0x00,0x00,0x00,0x00,0x00,0x00,0x00,0x00,
    0x00,0x00,0x00,0x00,0x00,0x00,0x00,0x00,0x00,0x00,0x00,0x00,0x00,0x00,0x00,0x00,
    0x00,0x00,0x00,0x00,0x00,0x00,0x00,0x00,0x00,0x00,0x00,0x00,0x00,0x00,0x40,0xff,
    0x00,0x00,0x40,0xff,0x00,0x00,0x40,0xff,0x00,0x00,0x40,0xff,0x20,0x00,0xa0,0xff,
    0x20,0x20,0xe0,0xff,0x40,0x40,0xe0,0xff,0x40,0x40,0xe0,0xff,0x40,0x40,0xe0,0xff,
    0x20,0x20,0xe0,0xff,0x20,0x20,0xe0,0xff,0x40,0x40,0xe0,0xff,0x40,0x40,0xe0,0xff,
    0x40,0x40,0xe0,0xff,0x40,0x40,0xe0,0xff,0x20,0x20,0xe0,0xff,0x20,0x00,0xa0,0xff,
    0x20,0x00,0xa0,0xff,0x20,0x00,0xa0,0xff,0x20,0x00,0xa0,0xff,0x20,0x00,0xa0,0xff,
    0x00,0x00,0x40,0xff,0x20,0x00,0xa0,0xff,0x20,0x00,0xa0,0xff,0x00,0x00,0x40,0xff,
    0x20,0x00,0xa0,0xff,0x00,0x00,0x40,0xff,0xe0,0xa0,0x80,0xff,0x80,0x40,0x20,0xff,
    0x00,0x00,0x00,0x00,0x00,0x00,0x00,0x00,0x00,0x00,0x00,0x00,0x00,0x00,0x00,0x00,
    0x00,0x00,0x00,0x00,0x00,0x00,0x00,0x00,0x00,0x00,0x00,0x00,0x00,0x00,0x00,0x00,
    0x00,0x00,0x00,0x00,0x00,0x00,0x00,0x00,0x00,0x00,0x00,0x00,0x00,0x00,0x00,0x00,
    0x00,0x00,0x00,0x00,0x00,0x00,0x00,0x00,0x00,0x00,0x00,0x00,0x00,0x00,0x00,0x00,
    0x00,0x00,0x00,0x00,0x00,0x00,0x00,0x00,0x00,0x00,0x00,0x00,0x00,0x00,0x00,0x00,
    0x00,0x00,0x00,0x00,0x20,0x00,0xa0,0xff,0x20,0x20,0xe0,0xff,0x20,0x20,0xe0,0xff,
    0x00,0x00,0x40,0xff,0x00,0x00,0x40,0xff,0x20,0x00,0xa0,0xff,0x20,0x20,0xe0,0xff,
    0x20,0x20,0xe0,0xff,0x20,0x20,0xe0,0xff,0x20,0x00,0xa0,0xff,0x20,0x20,0xe0,0xff,
    0x40,0x40,0xe0,0xff,0x40,0x40,0xe0,0xff,0x20,0x20,0xe0,0xff,0x20,0x20,0xe0,0xff,
    0x20,0x00,0xa0,0xff,0x20,0x00,0xa0,0xff,0x20,0x20,0xe0,0xff,0x20,0x20,0xe0,0xff,
    0x20,0x20,0xe0,0xff,0x20,0x00,0xa0,0xff,0x00,0x00,0x40,0xff,0x20,0x00,0xa0,0xff,
    0x40,0x40,0xe0,0xff,0x20,0x00,0xa0,0xff,0x80,0x40,0x20,0xff,0xe0,0xa0,0x80,0xff,
    0x00,0x00,0x00,0x00,0x00,0x00,0x00,0x00,0x00,0x00,0x00,0x00,0x00,0x00,0x00,0x00,
    0x00,0x00,0x00,0x00,0x00,0x00,0x00,0x00,0x00,0x00,0x00,0x00,0x00,0x00,0x00,0x00,
    0x00,0x00,0x00,0x00,0x00,0x00,0x00,0x00,0x00,0x00,0x00,0x00,0x00,0x00,0x00,0x00,
    0x00,0x00,0x00,0x00,0x00,0x00,0x00,0x00,0x00,0x00,0x00,0x00,0x00,0x00,0x00,0x00,
    0x00,0x00,0x00,0x00,0x00,0x00,0x00,0x00,0x00,0x00,0x00,0x00,0x00,0x00,0x00,0x00,
    0x00,0x00,0x00,0x00,0x00,0x00,0x00,0x00,0x00,0x00,0x40,0xff,0x60,0x60,0xa0,0xff,
    0x20,0x20,0xe0,0xff,0x20,0x00,0xa0,0xff,0x00,0x00,0x40,0xff,0x00,0x00,0x40,0xff,
    0x20,0x00,0xa0,0xff,0x20,0x00,0xa0,0xff,0x20,0x00,0xa0,0xff,0x20,0x00,0xa0,0xff,
    0x20,0x20,0xe0,0xff,0x20,0x20,0xe0,0xff,0x20,0x20,0xe0,0xff,0x20,0x00,0xa0,0xff,
    0x20,0x00,0xa0,0xff,0x00,0x00,0x40,0xff,0x20,0x00,0xa0,0xff,0x20,0x00,0xa0,0xff,
    0x20,0x00,0xa0,0xff,0x00,0x00,0x40,0xff,0x00,0x00,0x40,0xff,0x20,0x00,0xa0,0xff,
    0x20,0x20,0xe0,0xff,0x20,0x00,0xa0,0xff,0x00,0x00,0x40,0xff,0xe0,0xe0,0xe0,0xff,
    0x60,0x60,0xa0,0xff,0x00,0x00,0x00,0x00,0x00,0x00,0x00,0x00,0x00,0x00,0x00,0x00,
    0x00,0x00,0x00,0x00,0x00,0x00,0x00,0x00,0x00,0x00,0x00,0x00,0x00,0x00,0x00,0x00,
    0x00,0x00,0x00,0x00,0x00,0x00,0x00,0x00,0x00,0x00,0x00,0x00,0x00,0x00,0x00,0x00,
    0x00,0x00,0x00,0x00,0x00,0x00,0x00,0x00,0x00,0x00,0x00,0x00,0x00,0x00,0x00,0x00,
    0x00,0x00,0x00,0x00,0x00,0x00,0x00,0x00,0x00,0x00,0x00,0x00,0x00,0x00,0x00,0x00,
    0x00,0x00,0x00,0x00,0x00,0x00,0x00,0x00,0x00,0x00,0x00,0x00,0x00,0x00,0x00,0x00,
    0x00,0x00,0x00,0x00,0x00,0x00,0x00,0x00,0x00,0x00,0x00,0x00,0x00,0x00,0x00,0x00,
    0x00,0x00,0x00,0x00,0x20,0x20,0xe0,0xff,0x20,0x20,0xe0,0xff,0x20,0x20,0xe0,0xff,
    0x20,0x20,0xe0,0xff,0x20,0x20,0xe0,0xff,0x20,0x20,0xe0,0xff,0x20,0x20,0xe0,0xff,
    0x20,0x20,0xe0,0xff,0x20,0x20,0xe0,0xff,0x20,0x20,0xe0,0xff,0x20,0x20,0xe0,0xff,
    0x20,0x20,0xe0,0xff,0x00,0x00,0x00,0x00,0x00,0x00,0x00,0x00,0x00,0x00,0x00,0x00,
    0x00,0x00,0x00,0x00,0x00,0x00,0x00,0x00,0x00,0x00,0x00,0x00,0x00,0x00,0x00,0x00,
    0x00,0x00,0x00,0x00,0x00,0x00,0x00,0x00,0x00,0x00,0x00,0x00,0x00,0x00,0x00,0x00,
    0x00,0x00,0x00,0x00,0x00,0x00,0x00,0x00,0x00,0x00,0x00,0x00,0x00,0x00,0x00,0x00,
    0x00,0x00,0x00,0x00,0x00,0x00,0x00,0x00,0x00,0x00,0x00,0x00,0x00,0x00,0x00,0x00,
    0x00,0x00,0x00,0x00,0x00,0x00,0x00,0x00,0x00,0x00,0x00,0x00,0x00,0x00,0x00,0x00,
    0x00,0x00,0x00,0x00,0x00,0x00,0x00,0x00,0x00,0x00,0x00,0x00,0x00,0x00,0x00,0x00,
    0x00,0x00,0x00,0x00,0x00,0x00,0x00,0x00,0x00,0x00,0x00,0x00,0x00,0x00,0x00,0x00,
    0x00,0x00,0x00,0x00,0x00,0x00,0x00,0x00,0x00,0x00,0x00,0x00,0x20,0x20,0xe0,0xff,
    0x20,0x20,0xe0,0xff,0x20,0x20,0xe0,0xff,0x20,0x20,0xe0,0xff,0x20,0x00,0xa0,0xff,
    0x20,0x00,0xa0,0xff,0x20,0x00,0xa0,0xff,0x20,0x20,0xe0,0xff,0x60,0x60,0xa0,0xff,
    0x20,0x20,0xe0,0xff,0x20,0x20,0xe0,0xff,0x20,0x00,0xa0,0xff,0x20,0x00,0xa0,0xff,
    0x20,0x20,0xe0,0xff,0x20,0x20,0xe0,0xff,0x20,0x20,0xe0,0xff,0x00,0x00,0x00,0x00,
    0x00,0x00,0x00,0x00,0x00,0x00,0x00,0x00,0x00,0x00,0x00,0x00,0x00,0x00,0x00,0x00,
    0x00,0x00,0x00,0x00,0x00,0x00,0x00,0x00,0x00,0x00,0x00,0x00,0x00,0x00,0x00,0x00,
    0x00,0x00,0x00,0x00,0x00,0x00,0x00,0x00,0x00,0x00,0x00,0x00,0x00,0x00,0x00,0x00,
    0x00,0x00,0x00,0x00,0x00,0x00,0x00,0x00,0x00,0x00,0x00,0x00,0x00,0x00,0x00,0x00,
    0x00,0x00,0x00,0x00,0x00,0x00,0x00,0x00,0x00,0x00,0x00,0x00,0x00,0x00,0x00,0x00,
    0x00,0x00,0x00,0x00,0x00,0x00,0x00,0x00,0x00,0x00,0x00,0x00,0x00,0x00,0x00,0x00,
    0x00,0x00,0x00,0x00,0x00,0x00,0x00,0x00,0x00,0x00,0x00,0x00,0x00,0x00,0x00,0x00,
    0x00,0x00,0x00,0x00,0x00,0x00,0x00,0x00,0x00,0x00,0x00,0x00,0x00,0x00,0x40,0xff,
    0x20,0x20,0xe0,0xff,0x20,0x20,0xe0,0xff,0x20,0x00,0xa0,0xff,0x00,0x00,0x40,0xff,
    0x20,0x00,0xa0,0xff,0x20,0x00,0xa0,0xff,0x20,0x00,0xa0,0xff,0x20,0x00,0xa0,0xff,
    0x20,0x00,0xa0,0xff,0x20,0x00,0xa0,0xff,0x20,0x00,0xa0,0xff,0x20,0x00,0xa0,0xff,
    0x20,0x00,0xa0,0xff,0x20,0x20,0xe0,0xff,0x20,0x20,0xe0,0xff,0x00,0x00,0x00,0x00,
    0x00,0x00,0x00,0x00,0x00,0x00,0x00,0x00,0x00,0x00,0x00,0x00,0x00,0x00,0x00,0x00,
    0x00,0x00,0x00,0x00,0x00,0x00,0x00,0x00,0x00,0x00,0x00,0x00,0x00,0x00,0x00,0x00,
    0x00,0x00,0x00,0x00,0x00,0x00,0x00,0x00,0x00,0x00,0x00,0x00,0x00,0x00,0x00,0x00,
    0x00,0x00,0x00,0x00,0x00,0x00,0x00,0x00,0x00,0x00,0x00,0x00,0x00,0x00,0x00,0x00,
    0x00,0x00,0x00,0x00,0x00,0x00,0x00,0x00,0x00,0x00,0x00,0x00,0x00,0x00,0x00,0x00,
    0x00,0x00,0x00,0x00,0x00,0x00,0x00,0x00,0x00,0x00,0x00,0x00,0x00,0x00,0x00,0x00,
    0x00,0x00,0x00,0x00,0x00,0x00,0x00,0x00,0x00,0x00,0x00,0x00,0x00,0x00,0x00,0x00,
    0x00,0x00,0x40,0xff,0x00,0x00,0x40,0xff,0x00,0x00,0x40,0xff,0x20,0x20,0xe0,0xff,
    0x20,0x20,0xe0,0xff,0x20,0x00,0xa0,0xff,0x00,0x00,0x40,0xff,0x20,0x00,0xa0,0xff,
    0x20,0x20,0xe0,0xff,0x20,0x20,0xe0,0xff,0x40,0x40,0xe0,0xff,0x60,0x60,0xa0,0xff,
    0xe0,0xe0,0xe0,0xff,0x60,0x60,0xa0,0xff,0x40,0x40,0xe0,0xff,0x20,0x20,0xe0,0xff,
    0x20,0x20,0xe0,0xff,0x20,0x00,0xa0,0xff,0x00,0x00,0x40,0xff,0x20,0x00,0xa0,0xff,
    0x20,0x20,0xe0,0xff,0x20,0x20,0xe0,0xff,0x00,0x00,0x40,0xff,0x00,0x00,0x40,0xff,
    0x00,0x00,0x40,0xff,0x00,0x00,0x00,0x00,0x00,0x00,0x00,0x00,0x00,0x00,0x00,0x00,
    0x00,0x00,0x00,0x00,0x00,0x00,0x00,0x00,0x00,0x00,0x00,0x00,0x00,0x00,0x00,0x00,
    0x00,0x00,0x00,0x00,0x00,0x00,0x00,0x00,0x00,0x00,0x00,0x00,0x00,0x00,0x00,0x00,
    0x00,0x00,0x00,0x00,0x00,0x00,0x00,0x00,0x00,0x00,0x00,0x00,0x00,0x00,0x00,0x00,
    0x00,0x00,0x00,0x00,0x00,0x00,0x00,0x00,0x00,0x00,0x00,0x00,0x00,0x00,0x00,0x00,
    0x00,0x00,0x00,0x00,0x00,0x00,0x00,0x00,0x00,0x00,0x00,0x00,0x00,0x00,0x40,0xff,
    0x60,0x60,0xa0,0xff,0x20,0x20,0xe0,0xff,0x20,0x20,0xe0,0xff,0x00,0x00,0x40,0xff,
    0x00,0x00,0x40,0xff,0x20,0x00,0xa0,0xff,0x20,0x00,0xa0,0xff,0x20,0x00,0xa0,0xff,
    0x00,0x00,0x40,0xff,0x20,0x00,0xa0,0xff,0x20,0x00,0xa0,0xff,0x20,0x20,0xe0,0xff,
    0x20,0x00,0xa0,0xff,0x20,0x00,0xa0,0xff,0x00,0x00,0x40,0xff,0x20,0x00,0xa0,0xff,
    0x20,0x00,0xa0,0xff,0x20,0x00,0xa0,0xff,0x00,0x00,0x40,0xff,0x00,0x00,0x40,0xff,
    0x20,0x20,0xe0,0xff,0x20,0x20,0xe0,0xff,0x60,0x60,0xa0,0xff,0x00,0x00,0x40,0xff,
    0x00,0x00,0x00,0x00,0x00,0x00,0x00,0x00,0x00,0x00,0x00,0x00,0x00,0x00,0x00,0x00,
    0x00,0x00,0x00,0x00,0x00,0x00,0x00,0x00,0x00,0x00,0x00,0x00,0x00,0x00,0x00,0x00,
    0x00,0x00,0x00,0x00,0x00,0x00,0x00,0x00,0x00,0x00,0x00,0x00,0x00,0x00,0x00,0x00,
    0x00,0x00,0x00,0x00,0x00,0x00,0x00,0x00,0x00,0x00,0x00,0x00,0x00,0x00,0x00,0x00,
    0x00,0x00,0x00,0x00,0x00,0x00,0x00,0x00,0x00,0x00,0x00,0x00,0x00,0x00,0x00,0x00,
    0x00,0x00,0x00,0x00,0x00,0x00,0x00,0x00,0x00,0x00,0x00,0x00,0x00,0x00,0x40,0xff,
    0x60,0x60,0xa0,0xff,0x20,0x20,0xe0,0xff,0x20,0x20,0xe0,0xff,0x00,0x00,0x40,0xff,
    0x00,0x00,0x40,0xff,0x20,0x00,0xa0,0xff,0x20,0x00,0xa0,0xff,0x20,0x00,0xa0,0xff,
    0x00,0x00,0x40,0xff,0x20,0x00,0xa0,0xff,0x20,0x00,0xa0,0xff,0x20,0x20,0xe0,0xff,
    0x20,0x00,0xa0,0xff,0x20,0x00,0xa0,0xff,0x00,0x00,0x40,0xff,0x20,0x00,0xa0,0xff,
    0x20,0x00,0xa0,0xff,0x20,0x00,0xa0,0xff,0x00,0x00,0x40,0xff,0x00,0x00,0x40,0xff,
    0x20,0x20,0xe0,0xff,0x20,0x20,0xe0,0xff,0x60,0x60,0xa0,0xff,0x00,0x00,0x40,0xff,
    0x00,0x00,0x00,0x00,0x00,0x00,0x00,0x00,0x00,0x00,0x00,0x00,0x00,0x00,0x00,0x00,
    0x00,0x00,0x00,0x00,0x00,0x00,0x00,0x00,0x00,0x00,0x00,0x00,0x00,0x00,0x00,0x00,
    0x00,0x00,0x00,0x00,0x00,0x00,0x00,0x00,0x00,0x00,0x00,0x00,0x00,0x00,0x00,0x00,
    0x00,0x00,0x00,0x00,0x00,0x00,0x00,0x00,0x00,0x00,0x00,0x00,0x00,0x00,0x00,0x00,
    0x00,0x00,0x00,0x00,0x00,0x00,0x00,0x00,0x00,0x00,0x00,0x00,0x00,0x00,0x00,0x00,
    0x00,0x00,0x00,0x00,0x00,0x00,0x00,0x00,0x00,0x00,0x00,0x00,0x60,0x60,0xa0,0xff,
    0x60,0x60,0xa0,0xff,0x60,0x60,0xa0,0xff,0x20,0x00,0xa0,0xff,0x00,0x00,0x40,0xff,
    0x00,0x00,0x40,0xff,0x20,0x00,0xa0,0xff,0x20,0x20,0xe0,0xff,0x20,0x20,0xe0,0xff,
    0x20,0x20,0xe0,0xff,0x20,0x20,0xe0,0xff,0x20,0x00,0xa0,0xff,0x20,0x00,0xa0,0xff,
    0x20,0x20,0xe0,0xff,0x40,0x40,0xe0,0xff,0x40,0x40,0xe0,0xff,0x40,0x40,0xe0,0xff,
    0x40,0x40,0xe0,0xff,0x20,0x20,0xe0,0xff,0x40,0x40,0xe0,0xff,0x40,0x40,0xe0,0xff,
    0x40,0x40,0xe0,0xff,0x20,0x20,0xe0,0xff,0x20,0x00,0xa0,0xff,0x00,0x00,0x40,0xff,
    0x00,0x00,0x40,0xff,0x20,0x00,0xa0,0xff,0x20,0x00,0xa0,0xff,0x00,0x00,0x00,0x00,
    0x00,0x00,0x00,0x00,0x00,0x00,0x00,0x00,0x00,0x00,0x00,0x00,0x00,0x00,0x00,0x00,
    0x00,0x00,0x00,0x00,0x00,0x00,0x00,0x00,0x00,0x00,0x00,0x00,0x00,0x00,0x00,0x00,
    0x00,0x00,0x00,0x00,0x00,0x00,0x00,0x00,0x00,0x00,0x00,0x00,0x00,0x00,0x00,0x00,
    0x00,0x00,0x00,0x00,0x00,0x00,0x00,0x00,0x00,0x00,0x00,0x00,0x00,0x00,0x00,0x00,
    0x00,0x00,0x00,0x00,0x00,0x00,0x00,0x00,0xe0,0xa0,0x80,0xff,0xe0,0xa0,0x80,0xff,
    0x00,0x00,0x40,0xff,0x20,0x00,0xa0,0xff,0x20,0x20,0xe0,0xff,0x00,0x00,0x40,0xff,
    0x00,0x00,0x40,0xff,0x40,0x40,0xe0,0xff,0x40,0x40,0xe0,0xff,0x40,0x40,0xe0,0xff,
    0x20,0x20,0xe0,0xff,0x20,0x00,0xa0,0xff,0x20,0x00,0xa0,0xff,0x20,0x00,0xa0,0xff,
    0x20,0x20,0xe0,0xff,0x40,0x40,0xe0,0xff,0x40,0x40,0xe0,0xff,0x40,0x40,0xe0,0xff,
    0x20,0x20,0xe0,0xff,0x20,0x20,0xe0,0xff,0x40,0x40,0xe0,0xff,0x40,0x40,0xe0,0xff,
    0x40,0x40,0xe0,0xff,0x40,0x40,0xe0,0xff,0x20,0x00,0xa0,0xff,0x20,0x00,0xa0,0xff,
    0x00,0x00,0x40,0xff,0x00,0x00,0x00,0x00,0x00,0x00,0x00,0x00,0x00,0x00,0x00,0x00,
    0x00,0x00,0x00,0x00,0x00,0x00,0x00,0x00,0x00,0x00,0x00,0x00,0x00,0x00,0x00,0x00,
    0x00,0x00,0x00,0x00,0x00,0x00,0x00,0x00,0x00,0x00,0x00,0x00,0x00,0x00,0x00,0x00,
    0x00,0x00,0x00,0x00,0x00,0x00,0x00,0x00,0x00,0x00,0x00,0x00,0x00,0x00,0x00,0x00,
    0x00,0x00,0x00,0x00,0x00,0x00,0x00,0x00,0x00,0x00,0x00,0x00,0x00,0x00,0x00,0x00,
    0x00,0x00,0x00,0x00,0x00,0x00,0x00,0x00,0x00,0x00,0x00,0x00,0x60,0x60,0xa0,0xff,
    0x60,0x60,0xa0,0xff,0x60,0x60,0xa0,0xff,0x20,0x00,0xa0,0xff,0x00,0x00,0x40,0xff,
    0x00,0x00,0x40,0xff,0x20,0x00,0xa0,0xff,0x20,0x20,0xe0,0xff,0x20,0x20,0xe0,0xff,
    0x20,0x20,0xe0,0xff,0x20,0x20,0xe0,0xff,0x20,0x00,0xa0,0xff,0x20,0x00,0xa0,0xff,
    0x20,0x20,0xe0,0xff,0x40,0x40,0xe0,0xff,0x40,0x40,0xe0,0xff,0x40,0x40,0xe0,0xff,
    0x40,0x40,0xe0,0xff,0x20,0x20,0xe0,0xff,0x40,0x40,0xe0,0xff,0x40,0x40,0xe0,0xff,
    0x40,0x40,0xe0,0xff,0x20,0x20,0xe0,0xff,0x20,0x00,0xa0,0xff,0x00,0x00,0x40,0xff,
    0x00,0x00,0x40,0xff,0x20,0x00,0xa0,0xff,0x20,0x00,0xa0,0xff,0x00,0x00,0x00,0x00,
    0x00,0x00,0x00,0x00,0x00,0x00,0x00,0x00,0x00,0x00,0x00,0x00,0x00,0x00,0x00,0x00,
    0x00,0x00,0x00,0x00,0x00,0x00,0x00,0x00,0x00,0x00,0x00,0x00,0x00,0x00,0x00,0x00,
    0x00,0x00,0x00,0x00,0x00,0x00,0x00,0x00,0x00,0x00,0x00,0x00,0x00,0x00,0x00,0x00,
    0x00,0x00,0x00,0x00,0x00,0x00,0x00,0x00,0x00,0x00,0x00,0x00,0x00,0x00,0x00,0x00,
    0x00,0x00,0x00,0x00,0x00,0x00,0x00,0x00,0x00,0x00,0x00,0x00,0x00,0x00,0x00,0x00,
    0x60,0x60,0xa0,0xff,0x00,0x00,0x40,0xff,0x20,0x00,0xa0,0xff,0x20,0x20,0xe0,0xff,
    0x00,0x00,0x40,0xff,0x00,0x00,0x40,0xff,0x20,0x00,0xa0,0xff,0x20,0x00,0xa0,0xff,
    0x20,0x00,0xa0,0xff,0x20,0x00,0xa0,0xff,0x00,0x00,0x40,0xff,0x20,0x00,0xa0,0xff,
    0x20,0x20,0xe0,0xff,0x20,0x20,0xe0,0xff,0x40,0x40,0xe0,0xff,0x40,0x40,0xe0,0xff,
    0x20,0x20,0xe0,0xff,0x20,0x00,0xa0,0xff,0x20,0x00,0xa0,0xff,0x20,0x00,0xa0,0xff,
    0x20,0x00,0xa0,0xff,0x00,0x00,0x40,0xff,0x00,0x00,0x40,0xff,0x20,0x00,0xa0,0xff,
    0x20,0x20,0xe0,0xff,0x00,0x00,0x40,0xff,0x00,0x00,0x00,0x00,0x00,0x00,0x00,0x00,
    0x00,0x00,0x00,0x00,0x00,0x00,0x00,0x00,0x00,0x00,0x00,0x00,0x00,0x00,0x00,0x00,
    0x00,0x00,0x00,0x00,0x00,0x00,0x00,0x00,0x00,0x00,0x00,0x00,0x00,0x00,0x00,0x00,
    0x00,0x00,0x00,0x00,0x00,0x00,0x00,0x00,0x00,0x00,0x00,0x00,0x00,0x00,0x00,0x00,
    0x00,0x00,0x00,0x00,0x00,0x00,0x00,0x00,0x00,0x00,0x00,0x00,0x00,0x00,0x00,0x00,
    0x00,0x00,0x00,0x00,0x00,0x00,0x00,0x00,0x00,0x00,0x00,0x00,0x00,0x00,0x40,0xff,
    0x60,0x60,0xa0,0xff,0x20,0x20,0xe0,0xff,0x20,0x20,0xe0,0xff,0x00,0x00,0x40,0xff,
    0x00,0x00,0x40,0xff,0x20,0x00,0xa0,0xff,0x20,0x00,0xa0,0xff,0x20,0x00,0xa0,0xff,
    0x00,0x00,0x40,0xff,0x20,0x00,0xa0,0xff,0x20,0x00,0xa0,0xff,0x20,0x20,0xe0,0xff,
    0x20,0x00,0xa0,0xff,0x20,0x00,0xa0,0xff,0x00,0x00,0x40,0xff,0x20,0x00,0xa0,0xff,
    0x20,0x00,0xa0,0xff,0x20,0x00,0xa0,0xff,0x00,0x00,0x40,0xff,0x00,0x00,0x40,0xff,
    0x20,0x20,0xe0,0xff,0x20,0x20,0xe0,0xff,0x60,0x60,0xa0,0xff,0x00,0x00,0x40,0xff,
    0x00,0x00,0x00,0x00,0x00,0x00,0x00,0x00,0x00,0x00,0x00,0x00,0x00,0x00,0x00,0x00,
    0x00,0x00,0x00,0x00,0x00,0x00,0x00,0x00,0x00,0x00,0x00,0x00,0x00,0x00,0x00,0x00,
    0x00,0x00,0x00,0x00,0x00,0x00,0x00,0x00,0x00,0x00,0x00,0x00,0x00,0x00,0x00,0x00,
    0x00,0x00,0x00,0x00,0x00,0x00,0x00,0x00,0x00,0x00,0x00,0x00,0x00,0x00,0x00,0x00,
    0x00,0x00,0x00,0x00,0x00,0x00,0x00,0x00,0x00,0x00,0x00,0x00,0x00,0x00,0x00,0x00,
    0x00,0x00,0x00,0x00,0x00,0x00,0x00,0x00,0x00,0x00,0x40,0xff,0x20,0x20,0xe0,0xff,
    0x20,0x00,0xa0,0xff,0x00,0x00,0x40,0xff,0x00,0x00,0x40,0xff,0x20,0x00,0xa0,0xff,
    0x20,0x00,0xa0,0xff,0x20,0x00,0xa0,0xff,0x20,0x00,0xa0,0xff,0x20,0x20,0xe0,0xff,
    0x40,0x40,0xe0,0xff,0x40,0x40,0xe0,0xff,0x20,0x20,0xe0,0xff,0x20,0x20,0xe0,0xff,
    0x20,0x00,0xa0,0xff,0x00,0x00,0x40,0xff,0x20,0x00,0xa0,0xff,0x20,0x00,0xa0,0xff,
    0x20,0x00,0xa0,0xff,0x20,0x00,0xa0,0xff,0x00,0x00,0x40,0xff,0x00,0x00,0x40,0xff,
    0x20,0x20,0xe0,0xff,0x20,0x00,0xa0,0xff,0x00,0x00,0x40,0xff,0x60,0x60,0xa0,0xff,
    0x00,0x00,0x00,0x00,0x00,0x00,0x00,0x00,0x00,0x00,0x00,0x00,0x00,0x00,0x00,0x00,
    0x00,0x00,0x00,0x00,0x00,0x00,0x00,0x00,0x00,0x00,0x00,0x00,0x00,0x00,0x00,0x00,
    0x00,0x00,0x00,0x00,0x00,0x00,0x00,0x00,0x00,0x00,0x00,0x00,0x00,0x00,0x00,0x00,
    0x00,0x00,0x00,0x00,0x00,0x00,0x00,0x00,0x00,0x00,0x00,0x00,0x00,0x00,0x00,0x00,
    0x00,0x00,0x00,0x00,0x00,0x00,0x00,0x00,0x00,0x00,0x00,0x00,0x00,0x00,0x00,0x00,
    0x00,0x00,0x00,0x00,0x00,0x00,0x00,0x00,0x20,0x00,0xa0,0xff,0x00,0x00,0x40,0xff,
    0x00,0x00,0x40,0xff,0x20,0x00,0xa0,0xff,0x20,0x20,0xe0,0xff,0x40,0x40,0xe0,0xff,
    0x40,0x40,0xe0,0xff,0x40,0x40,0xe0,0xff,0x20,0x20,0xe0,0xff,0x40,0x40,0xe0,0xff,
    0x40,0x40,0xe0,0xff,0x40,0x40,0xe0,0xff,0x40,0x40,0xe0,0xff,0x20,0x20,0xe0,0xff,
    0x20,0x00,0xa0,0xff,0x20,0x00,0xa0,0xff,0x20,0x20,0xe0,0xff,0x20,0x20,0xe0,0xff,
    0x20,0x20,0xe0,0xff,0x20,0x20,0xe0,0xff,0x20,0x00,0xa0,0xff,0x00,0x00,0x40,0xff,
    0x00,0x00,0x40,0xff,0x20,0x00,0xa0,0xff,0x60,0x60,0xa0,0xff,0x60,0x60,0xa0,0xff,
    0x60,0x60,0xa0,0xff,0x00,0x00,0x00,0x00,0x00,0x00,0x00,0x00,0x00,0x00,0x00,0x00,
    0x00,0x00,0x00,0x00,0x00,0x00,0x00,0x00,0x00,0x00,0x00,0x00,0x00,0x00,0x00,0x00,
    0x00,0x00,0x00,0x00,0x00,0x00,0x00,0x00,0x00,0x00,0x00,0x00,0x00,0x00,0x00,0x00,
    0x00,0x00,0x00,0x00,0x00,0x00,0x00,0x00,0x00,0x00,0x00,0x00,0x00,0x00,0x00,0x00,
    0x00,0x00,0x00,0x00,0x00,0x00,0x00,0x00,0x00,0x00,0x00,0x00,0x00,0x00,0x00,0x00,
    0x00,0x00,0x00,0x00,0x00,0x00,0x40,0xff,0x20,0x00,0xa0,0xff,0x20,0x00,0xa0,0xff,
    0x40,0x40,0xe0,0xff,0x40,0x40,0xe0,0xff,0x40,0x40,0xe0,0xff,0x40,0x40,0xe0,0xff,
    0x20,0x20,0xe0,0xff,0x20,0x20,0xe0,0xff,0x40,0x40,0xe0,0xff,0x40,0x40,0xe0,0xff,
    0x40,0x40,0xe0,0xff,0x20,0x20,0xe0,0xff,0x20,0x00,0xa0,0xff,0x20,0x00,0xa0,0xff,
    0x20,0x00,0xa0,0xff,0x20,0x20,0xe0,0xff,0x40,0x40,0xe0,0xff,0x40,0x40,0xe0,0xff,
    0x40,0x40,0xe0,0xff,0x00,0x00,0x40,0xff,0x00,0x00,0x40,0xff,0x20,0x20,0xe0,0xff,
    0x20,0x00,0xa0,0xff,0x00,0x00,0x40,0xff,0xe0,0xa0,0x80,0xff,0xe0,0xa0,0x80,0xff,
    0x00,0x00,0x00,0x00,0x00,0x00,0x00,0x00,0x00,0x00,0x00,0x00,0x00,0x00,0x00,0x00,
    0x00,0x00,0x00,0x00,0x00,0x00,0x00,0x00,0x00,0x00,0x00,0x00,0x00,0x00,0x00,0x00,
    0x00,0x00,0x00,0x00,0x00,0x00,0x00,0x00,0x00,0x00,0x00,0x00,0x00,0x00,0x00,0x00,
    0x00,0x00,0x00,0x00,0x00,0x00,0x00,0x00,0x00,0x00,0x00,0x00,0x00,0x00,0x00,0x00,
    0x00,0x00,0x00,0x00,0x00,0x00,0x00,0x00,0x00,0x00,0x00,0x00,0x00,0x00,0x00,0x00,
    0x00,0x00,0x00,0x00,0x20,0x00,0xa0,0xff,0x20,0x00,0xa0,0xff,0x00,0x00,0x40,0xff,
    0x00,0x00,0x40,0xff,0x20,0x00,0xa0,0xff,0x20,0x20,0xe0,0xff,0x40,0x40,0xe0,0xff,
    0x40,0x40,0xe0,0xff,0x40,0x40,0xe0,0xff,0x20,0x20,0xe0,0xff,0x40,0x40,0xe0,0xff,
    0x40,0x40,0xe0,0xff,0x40,0x40,0xe0,0xff,0x40,0x40,0xe0,0xff,0x20,0x20,0xe0,0xff,
    0x20,0x00,0xa0,0xff,0x20,0x00,0xa0,0xff,0x20,0x20,0xe0,0xff,0x20,0x20,0xe0,0xff,
    0x20,0x20,0xe0,0xff,0x20,0x20,0xe0,0xff,0x20,0x00,0xa0,0xff,0x00,0x00,0x40,0xff,
    0x00,0x00,0x40,0xff,0x20,0x00,0xa0,0xff,0x60,0x60,0xa0,0xff,0x60,0x60,0xa0,0xff,
    0x60,0x60,0xa0,0xff,0x00,0x00,0x00,0x00,0x00,0x00,0x00,0x00,0x00,0x00,0x00,0x00,
    0x00,0x00,0x00,0x00,0x00,0x00,0x00,0x00,0x00,0x00,0x00,0x00,0x00,0x00,0x00,0x00,
    0x00,0x00,0x00,0x00,0x00,0x00,0x00,0x00,0x00,0x00,0x00,0x00,0x00,0x00,0x00,0x00,
    0x00,0x00,0x00,0x00,0x00,0x00,0x00,0x00,0x00,0x00,0x00,0x00,0x00,0x00,0x00,0x00,
    0x00,0x00,0x00,0x00,0x00,0x00,0x00,0x00,0x00,0x00,0x00,0x00,0x00,0x00,0x00,0x00,
    0x00,0x00,0x00,0x00,0x00,0x00,0x00,0x00,0x00,0x00,0x40,0xff,0x20,0x20,0xe0,0xff,
    0x20,0x00,0xa0,0xff,0x00,0x00,0x40,0xff,0x00,0x00,0x40,0xff,0x20,0x00,0xa0,0xff,
    0x20,0x00,0xa0,0xff,0x20,0x00,0xa0,0xff,0x20,0x00,0xa0,0xff,0x20,0x20,0xe0,0xff,
    0x40,0x40,0xe0,0xff,0x40,0x40,0xe0,0xff,0x20,0x20,0xe0,0xff,0x20,0x20,0xe0,0xff,
    0x20,0x00,0xa0,0xff,0x00,0x00,0x40,0xff,0x20,0x00,0xa0,0xff,0x20,0x00,0xa0,0xff,
    0x20,0x00,0xa0,0xff,0x20,0x00,0xa0,0xff,0x00,0x00,0x40,0xff,0x00,0x00,0x40,0xff,
    0x20,0x20,0xe0,0xff,0x20,0x00,0xa0,0xff,0x00,0x00,0x40,0xff,0x60,0x60,0xa0,0xff,
    0x00,0x00,0x00,0x00,0x00,0x00,0x00,0x00,0x00,0x00,0x00,0x00,0x00,0x00,0x00,0x00,
    0x00,0x00,0x00,0x00,0x00,0x00,0x00,0x00,0x00,0x00,0x00,0x00,0x00,0x00,0x00,0x00,
    0x00,0x00,0x00,0x00,0x00,0x00,0x00,0x00,0x00,0x00,0x00,0x00,0x00,0x00,0x00,0x00,
    0x00,0x00,0x00,0x00,0x00,0x00,0x00,0x00,0x00,0x00,0x00,0x00,0x00,0x00,0x00,0x00,
    0x00,0x00,0x00,0x00,0x00,0x00,0x00,0x00,0x00,0x00,0x00,0x00,0x00,0x00,0x00,0x00,
    0x00,0x00,0x00,0x00,0x00,0x00,0x00,0x00,0x00,0x00,0x00,0x00,0x00,0x00,0x00,0x00,
    0x00,0x00,0x00,0x00,0x00,0x00,0x00,0x00,0x00,0x00,0x00,0x00,0x20,0x20,0xe0,0xff,
    0x20,0x20,0xe0,0xff,0x20,0x20,0xe0,0xff,0x20,0x20,0xe0,0xff,0x20,0x20,0xe0,0xff,
    0x20,0x20,0xe0,0xff,0x40,0x40,0xe0,0xff,0x40,0x40,0xe0,0xff,0x40,0x40,0xe0,0xff,
    0x40,0x40,0xe0,0xff,0x20,0x20,0xe0,0xff,0x20,0x20,0xe0,0xff,0x20,0x20,0xe0,0xff,
    0x20,0x20,0xe0,0xff,0x20,0x20,0xe0,0xff,0x20,0x20,0xe0,0xff,0x00,0x00,0x00,0x00,
    0x00,0x00,0x00,0x00,0x00,0x00,0x00,0x00,0x00,0x00,0x00,0x00,0x00,0x00,0x00,0x00,
    0x00,0x00,0x00,0x00,0x00,0x00,0x00,0x00,0x00,0x00,0x00,0x00,0x00,0x00,0x00,0x00,
    0x00,0x00,0x00,0x00,0x00,0x00,0x00,0x00,0x00,0x00,0x00,0x00,0x00,0x00,0x00,0x00,
    0x00,0x00,0x00,0x00,0x00,0x00,0x00,0x00,0x00,0x00,0x00,0x00,0x00,0x00,0x00,0x00,
    0x00,0x00,0x00,0x00,0x00,0x00,0x00,0x00,0x00,0x00,0x00,0x00,0x00,0x00,0x00,0x00,
    0x00,0x00,0x00,0x00,0x00,0x00,0x00,0x00,0x00,0x00,0x00,0x00,0x00,0x00,0x00,0x00,
    0x00,0x00,0x00,0x00,0x00,0x00,0x00,0x00,0x00,0x00,0x00,0x00,0x00,0x00,0x00,0x00,
    0x00,0x00,0x00,0x00,0x00,0x00,0x00,0x00,0x20,0x20,0xe0,0xff,0x20,0x20,0xe0,0xff,
    0x20,0x20,0xe0,0xff,0x20,0x20,0xe0,0xff,0x20,0x00,0xa0,0xff,0x20,0x00,0xa0,0xff,
    0x20,0x00,0xa0,0xff,0x20,0x20,0xe0,0xff,0x60,0x60,0xa0,0xff,0xe0,0xe0,0xe0,0xff,
    0x60,0x60,0xa0,0xff,0x20,0x20,0xe0,0xff,0x20,0x20,0xe0,0xff,0x20,0x00,0xa0,0xff,
    0x20,0x00,0xa0,0xff,0x20,0x20,0xe0,0xff,0x20,0x20,0xe0,0xff,0x20,0x20,0xe0,0xff,
    0x00,0x00,0x00,0x00,0x00,0x00,0x00,0x00,0x00,0x00,0x00,0x00,0x00,0x00,0x00,0x00,
    0x00,0x00,0x00,0x00,0x00,0x00,0x00,0x00,0x00,0x00,0x00,0x00,0x00,0x00,0x00,0x00,
    0x00,0x00,0x00,0x00,0x00,0x00,0x00,0x00,0x00,0x00,0x00,0x00,0x00,0x00,0x00,0x00,
    0x00,0x00,0x00,0x00,0x00,0x00,0x00,0x00,0x00,0x00,0x00,0x00,0x00,0x00,0x00,0x00,
    0x00,0x00,0x00,0x00,0x00,0x00,0x00,0x00,0x00,0x00,0x00,0x00,0x00,0x00,0x00,0x00,
    0x00,0x00,0x00,0x00,0x00,0x00,0x00,0x00,0x00,0x00,0x00,0x00,0x00,0x00,0x00,0x00,
    0x00,0x00,0x00,0x00,0x00,0x00,0x00,0x00,0x00,0x00,0x00,0x00,0x00,0x00,0x00,0x00,
    0x00,0x00,0x00,0x00,0x00,0x00,0x00,0x00,0x00,0x00,0x40,0xff,0x20,0x20,0xe0,0xff,
    0x20,0x20,0xe0,0xff,0x20,0x20,0xe0,0xff,0x20,0x00,0xa0,0xff,0x20,0x00,0xa0,0xff,
    0x20,0x00,0xa0,0xff,0x20,0x00,0xa0,0xff,0x20,0x20,0xe0,0xff,0x20,0x20,0xe0,0xff,
    0x20,0x20,0xe0,0xff,0x20,0x20,0xe0,0xff,0x20,0x00,0xa0,0xff,0x20,0x00,0xa0,0xff,
    0x20,0x00,0xa0,0xff,0x20,0x20,0xe0,0xff,0x20,0x20,0xe0,0xff,0x20,0x20,0xe0,0xff,
    0x00,0x00,0x00,0x00,0x00,0x00,0x00,0x00,0x00,0x00,0x00,0x00,0x00,0x00,0x00,0x00,
    0x00,0x00,0x00,0x00,0x00,0x00,0x00,0x00,0x00,0x00,0x00,0x00,0x00,0x00,0x00,0x00,
    0x00,0x00,0x00,0x00,0x00,0x00,0x00,0x00,0x00,0x00,0x00,0x00,0x00,0x00,0x00,0x00,
    0x00,0x00,0x00,0x00,0x00,0x00,0x00,0x00,0x00,0x00,0x00,0x00,0x00,0x00,0x00,0x00,
    0x00,0x00,0x00,0x00,0x00,0x00,0x00,0x00,0x00,0x00,0x00,0x00,0x00,0x00,0x00,0x00,
    0x00,0x00,0x00,0x00,0x00,0x00,0x00,0x00,0x00,0x00,0x00,0x00,0x00,0x00,0x00,0x00,
    0x00,0x00,0x00,0x00,0x00,0x00,0x00,0x00,0x00,0x00,0x00,0x00,0x00,0x00,0x00,0x00,
    0x00,0x00,0x40,0xff,0x00,0x00,0x40,0xff,0x00,0x00,0x40,0xff,0x20,0x20,0xe0,0xff,
    0x60,0x60,0xa0,0xff,0x20,0x20,0xe0,0xff,0x20,0x00,0xa0,0xff,0x20,0x00,0xa0,0xff,
    0x20,0x20,0xe0,0xff,0x20,0x20,0xe0,0xff,0x40,0x40,0xe0,0xff,0x60,0x60,0xa0,0xff,
    0xe0,0xe0,0xe0,0xff,0x60,0x60,0xa0,0xff,0x40,0x40,0xe0,0xff,0x20,0x20,0xe0,0xff,
    0x20,0x20,0xe0,0xff,0x20,0x00,0xa0,0xff,0x20,0x00,0xa0,0xff,0x20,0x20,0xe0,0xff,
    0x60,0x60,0xa0,0xff,0x20,0x20,0xe0,0xff,0x00,0x00,0x40,0xff,0x00,0x00,0x40,0xff,
    0x00,0x00,0x40,0xff,0x00,0x00,0x00,0x00,0x00,0x00,0x00,0x00,0x00,0x00,0x00,0x00,
    0x00,0x00,0x00,0x00,0x00,0x00,0x00,0x00,0x00,0x00,0x00,0x00,0x00,0x00,0x00,0x00,
    0x00,0x00,0x00,0x00,0x00,0x00,0x00,0x00,0x00,0x00,0x00,0x00,0x00,0x00,0x00,0x00,
    0x00,0x00,0x00,0x00,0x00,0x00,0x00,0x00,0x00,0x00,0x00,0x00,0x00,0x00,0x00,0x00,
    0x00,0x00,0x00,0x00,0x00,0x00,0x00,0x00,0x00,0x00,0x00,0x00,0x00,0x00,0x00,0x00,
    0x00,0x00,0x00,0x00,0x00,0x00,0x00,0x00,0x00,0x00,0x00,0x00,0x00,0x00,0x40,0xff,
    0x60,0x60,0xa0,0xff,0x20,0x20,0xe0,0xff,0x20,0x00,0xa0,0xff,0x00,0x00,0x40,0xff,
    0x00,0x00,0x40,0xff,0x20,0x00,0xa0,0xff,0x20,0x00,0xa0,0xff,0x00,0x00,0x40,0xff,
    0x20,0x00,0xa0,0xff,0x20,0x20,0xe0,0xff,0x20,0x20,0xe0,0xff,0x20,0x20,0xe0,0xff,
    0x20,0x20,0xe0,0xff,0x20,0x20,0xe0,0xff,0x20,0x00,0xa0,0xff,0x00,0x00,0x40,0xff,
    0x20,0x00,0xa0,0xff,0x20,0x00,0xa0,0xff,0x00,0x00,0x40,0xff,0x00,0x00,0x40,0xff,
    0x20,0x00,0xa0,0xff,0x20,0x20,0xe0,0xff,0x60,0x60,0xa0,0xff,0x00,0x00,0x40,0xff,
    0x00,0x00,0x00,0x00,0x00,0x00,0x00,0x00,0x00,0x00,0x00,0x00,0x00,0x00,0x00,0x00,
    0x00,0x00,0x00,0x00,0x00,0x00,0x00,0x00,0x00,0x00,0x00,0x00,0x00,0x00,0x00,0x00,
    0x00,0x00,0x00,0x00,0x00,0x00,0x00,0x00,0x00,0x00,0x00,0x00,0x00,0x00,0x00,0x00,
    0x00,0x00,0x00,0x00,0x00,0x00,0x00,0x00,0x00,0x00,0x00,0x00,0x00,0x00,0x00,0x00,
    0x00,0x00,0x00,0x00,0x00,0x00,0x00,0x00,0x00,0x00,0x00,0x00,0x00,0x00,0x00,0x00,
    0x00,0x00,0x00,0x00,0x00,0x00,0x00,0x00,0x00,0x00,0x00,0x00,0x00,0x00,0x40,0xff,
    0x60,0x60,0xa0,0xff,0x20,0x20,0xe0,0xff,0x20,0x00,0xa0,0xff,0x00,0x00,0x40,0xff,
    0x00,0x00,0x40,0xff,0x20,0x00,0xa0,0xff,0x20,0x00,0xa0,0xff,0x00,0x00,0x40,0xff,
    0x20,0x00,0xa0,0xff,0x20,0x20,0xe0,0xff,0x20,0x20,0xe0,0xff,0x20,0x20,0xe0,0xff,
    0x20,0x20,0xe0,0xff,0x20,0x20,0xe0,0xff,0x20,0x00,0xa0,0xff,0x00,0x00,0x40,0xff,
    0x20,0x00,0xa0,0xff,0x20,0x00,0xa0,0xff,0x00,0x00,0x40,0xff,0x00,0x00,0x40,0xff,
    0x20,0x00,0xa0,0xff,0x20,0x20,0xe0,0xff,0x60,0x60,0xa0,0xff,0x00,0x00,0x40,0xff,
    0x00,0x00,0x00,0x00,0x00,0x00,0x00,0x00,0x00,0x00,0x00,0x00,0x00,0x00,0x00,0x00,
    0x00,0x00,0x00,0x00,0x00,0x00,0x00,0x00,0x00,0x00,0x00,0x00,0x00,0x00,0x00,0x00,
    0x00,0x00,0x00,0x00,0x00,0x00,0x00,0x00,0x00,0x00,0x00,0x00,0x00,0x00,0x00,0x00,
    0x00,0x00,0x00,0x00,0x00,0x00,0x00,0x00,0x00,0x00,0x00,0x00,0x00,0x00,0x00,0x00,
    0x00,0x00,0x00,0x00,0x00,0x00,0x00,0x00,0x00,0x00,0x00,0x00,0x00,0x00,0x00,0x00,
    0x00,0x00,0x00,0x00,0x00,0x00,0x00,0x00,0x60,0x60,0xa0,0xff,0xe0,0xe0,0xe0,0xff,
    0xe0,0xe0,0xe0,0xff,0x60,0x60,0xa0,0xff,0x20,0x00,0xa0,0xff,0x00,0x00,0x40,0xff,
    0x20,0x00,0xa0,0xff,0x20,0x20,0xe0,0xff,0x40,0x40,0xe0,0xff,0x40,0x40,0xe0,0xff,
    0x20,0x20,0xe0,0xff,0x20,0x00,0xa0,0xff,0x00,0x00,0x40,0xff,0x20,0x00,0xa0,0xff,
    0x20,0x20,0xe0,0xff,0x40,0x40,0xe0,0xff,0x40,0x40,0xe0,0xff,0x40,0x40,0xe0,0xff,
    0x40,0x40,0xe0,0xff,0x20,0x20,0xe0,0xff,0x20,0x20,0xe0,0xff,0x40,0x40,0xe0,0xff,
    0x40,0x40,0xe0,0xff,0x40,0x40,0xe0,0xff,0x20,0x20,0xe0,0xff,0x20,0x00,0xa0,0xff,
    0x00,0x00,0x40,0xff,0x00,0x00,0x40,0xff,0x00,0x00,0x00,0x00,0x00,0x00,0x00,0x00,
    0x00,0x00,0x00,0x00,0x00,0x00,0x00,0x00,0x00,0x00,0x00,0x00,0x00,0x00,0x00,0x00,
    0x00,0x00,0x00,0x00,0x00,0x00,0x00,0x00,0x00,0x00,0x00,0x00,0x00,0x00,0x00,0x00,
    0x00,0x00,0x00,0x00,0x00,0x00,0x00,0x00,0x00,0x00,0x00,0x00,0x00,0x00,0x00,0x00,
    0x00,0x00,0x00,0x00,0x00,0x00,0x00,0x00,0x00,0x00,0x00,0x00,0x00,0x00,0x00,0x00,
    0x00,0x00,0x00,0x00,0x80,0x40,0x20,0xff,0xe0,0xa0,0x80,0xff,0xe0,0xa0,0x80,0xff,
    0x00,0x00,0x40,0xff,0x20,0x00,0xa0,0xff,0x20,0x20,0xe0,0xff,0x20,0x20,0xe0,0xff,
    0x40,0x40,0xe0,0xff,0x40,0x40,0xe0,0xff,0x40,0x40,0xe0,0xff,0x20,0x20,0xe0,0xff,
    0x20,0x00,0xa0,0xff,0x00,0x00,0x40,0xff,0x20,0x00,0xa0,0xff,0x20,0x00,0xa0,0xff,
    0x20,0x20,0xe0,0xff,0x40,0x40,0xe0,0xff,0x40,0x40,0xe0,0xff,0x40,0x40,0xe0,0xff,
    0x20,0x20,0xe0,0xff,0x20,0x00,0xa0,0xff,0x20,0x20,0xe0,0xff,0x40,0x40,0xe0,0xff,
    0x40,0x40,0xe0,0xff,0x40,0x40,0xe0,0xff,0x40,0x40,0xe0,0xff,0x20,0x00,0xa0,0xff,
    0x00,0x00,0x40,0xff,0x00,0x00,0x00,0x00,0x00,0x00,0x00,0x00,0x00,0x00,0x00,0x00,
    0x00,0x00,0x00,0x00,0x00,0x00,0x00,0x00,0x00,0x00,0x00,0x00,0x00,0x00,0x00,0x00,
    0x00,0x00,0x00,0x00,0x00,0x00,0x00,0x00,0x00,0x00,0x00,0x00,0x00,0x00,0x00,0x00,
    0x00,0x00,0x00,0x00,0x00,0x00,0x00,0x00,0x00,0x00,0x00,0x00,0x00,0x00,0x00,0x00,
    0x00,0x00,0x00,0x00,0x00,0x00,0x00,0x00,0x00,0x00,0x00,0x00,0x00,0x00,0x00,0x00,
    0x00,0x00,0x00,0x00,0x00,0x00,0x00,0x00,0x60,0x60,0xa0,0xff,0xe0,0xe0,0xe0,0xff,
    0xe0,0xe0,0xe0,0xff,0x60,0x60,0xa0,0xff,0x20,0x00,0xa0,0xff,0x00,0x00,0x40,0xff,
    0x20,0x00,0xa0,0xff,0x20,0x20,0xe0,0xff,0x40,0x40,0xe0,0xff,0x40,0x40,0xe0,0xff,
    0x20,0x20,0xe0,0xff,0x20,0x00,0xa0,0xff,0x00,0x00,0x40,0xff,0x20,0x00,0xa0,0xff,
    0x20,0x20,0xe0,0xff,0x40,0x40,0xe0,0xff,0x40,0x40,0xe0,0xff,0x40,0x40,0xe0,0xff,
    0x40,0x40,0xe0,0xff,0x20,0x20,0xe0,0xff,0x20,0x20,0xe0,0xff,0x40,0x40,0xe0,0xff,
    0x40,0x40,0xe0,0xff,0x40,0x40,0xe0,0xff,0x20,0x20,0xe0,0xff,0x20,0x00,0xa0,0xff,
    0x00,0x00,0x40,0xff,0x00,0x00,0x40,0xff,0x00,0x00,0x00,0x00,0x00,0x00,0x00,0x00,
    0x00,0x00,0x00,0x00,0x00,0x00,0x00,0x00,0x00,0x00,0x00,0x00,0x00,0x00,0x00,0x00,
    0x00,0x00,0x00,0x00,0x00,0x00,0x00,0x00,0x00,0x00,0x00,0x00,0x00,0x00,0x00,0x00,
    0x00,0x00,0x00,0x00,0x00,0x00,0x00,0x00,0x00,0x00,0x00,0x00,0x00,0x00,0x00,0x00,
    0x00,0x00,0x00,0x00,0x00,0x00,0x00,0x00,0x00,0x00,0x00,0x00,0x00,0x00,0x00,0x00,
    0x00,0x00,0x00,0x00,0x00,0x00,0x00,0x00,0x00,0x00,0x00,0x00,0x00,0x00,0x00,0x00,
    0x00,0x00,0x00,0x00,0x00,0x00,0x40,0xff,0x00,0x00,0x40,0xff,0x20,0x00,0xa0,0xff,
    0x00,0x00,0x40,0xff,0x20,0x00,0xa0,0xff,0x20,0x20,0xe0,0xff,0x20,0x20,0xe0,0xff,
    0x20,0x00,0xa0,0xff,0x20,0x00,0xa0,0xff,0x00,0x00,0x40,0xff,0x20,0x00,0xa0,0xff,
    0x20,0x20,0xe0,0xff,0x40,0x40,0xe0,0xff,0x40,0x40,0xe0,0xff,0x40,0x40,0xe0,0xff,
    0x20,0x20,0xe0,0xff,0x20,0x20,0xe0,0xff,0x20,0x20,0xe0,0xff,0x20,0x20,0xe0,0xff,
    0x20,0x20,0xe0,0xff,0x20,0x20,0xe0,0xff,0x00,0x00,0x40,0xff,0x20,0x00,0xa0,0xff,
    0x20,0x20,0xe0,0xff,0x00,0x00,0x40,0xff,0x00,0x00,0x00,0x00,0x00,0x00,0x00,0x00,
    0x00,0x00,0x00,0x00,0x00,0x00,0x00,0x00,0x00,0x00,0x00,0x00,0x00,0x00,0x00,0x00,
    0x00,0x00,0x00,0x00,0x00,0x00,0x00,0x00,0x00,0x00,0x00,0x00,0x00,0x00,0x00,0x00,
    0x00,0x00,0x00,0x00,0x00,0x00,0x00,0x00,0x00,0x00,0x00,0x00,0x00,0x00,0x00,0x00,
    0x00,0x00,0x00,0x00,0x00,0x00,0x00,0x00,0x00,0x00,0x00,0x00,0x00,0x00,0x00,0x00,
    0x00,0x00,0x00,0x00,0x00,0x00,0x00,0x00,0x00,0x00,0x00,0x00,0x00,0x00,0x40,0xff,
    0x60,0x60,0xa0,0xff,0x20,0x20,0xe0,0xff,0x20,0x00,0xa0,0xff,0x00,0x00,0x40,0xff,
    0x00,0x00,0x40,0xff,0x20,0x00,0xa0,0xff,0x20,0x00,0xa0,0xff,0x00,0x00,0x40,0xff,
    0x20,0x00,0xa0,0xff,0x20,0x20,0xe0,0xff,0x20,0x20,0xe0,0xff,0x20,0x20,0xe0,0xff,
    0x20,0x20,0xe0,0xff,0x20,0x20,0xe0,0xff,0x20,0x00,0xa0,0xff,0x00,0x00,0x40,0xff,
    0x20,0x00,0xa0,0xff,0x20,0x00,0xa0,0xff,0x00,0x00,0x40,0xff,0x00,0x00,0x40,0xff,
    0x20,0x00,0xa0,0xff,0x20,0x20,0xe0,0xff,0x60,0x60,0xa0,0xff,0x00,0x00,0x40,0xff,
    0x00,0x00,0x00,0x00,0x00,0x00,0x00,0x00,0x00,0x00,0x00,0x00,0x00,0x00,0x00,0x00,
    0x00,0x00,0x00,0x00,0x00,0x00,0x00,0x00,0x00,0x00,0x00,0x00,0x00,0x00,0x00,0x00,
    0x00,0x00,0x00,0x00,0x00,0x00,0x00,0x00,0x00,0x00,0x00,0x00,0x00,0x00,0x00,0x00,
    0x00,0x00,0x00,0x00,0x00,0x00,0x00,0x00,0x00,0x00,0x00,0x00,0x00,0x00,0x00,0x00,
    0x00,0x00,0x00,0x00,0x00,0x00,0x00,0x00,0x00,0x00,0x00,0x00,0x00,0x00,0x00,0x00,
    0x00,0x00,0x00,0x00,0x00,0x00,0x00,0x00,0x00,0x00,0x40,0xff,0x20,0x20,0xe0,0xff,
    0x20,0x00,0xa0,0xff,0x00,0x00,0x40,0xff,0x20,0x20,0xe0,0xff,0x20,0x20,0xe0,0xff,
    0x20,0x20,0xe0,0xff,0x20,0x20,0xe0,0xff,0x20,0x20,0xe0,0xff,0x20,0x20,0xe0,0xff,
    0x40,0x40,0xe0,0xff,0x40,0x40,0xe0,0xff,0x40,0x40,0xe0,0xff,0x20,0x20,0xe0,0xff,
    0x20,0x00,0xa0,0xff,0x00,0x00,0x40,0xff,0x20,0x00,0xa0,0xff,0x20,0x00,0xa0,0xff,
    0x20,0x20,0xe0,0xff,0x20,0x20,0xe0,0xff,0x20,0x00,0xa0,0xff,0x00,0x00,0x40,0xff,
    0x20,0x00,0xa0,0xff,0x00,0x00,0x40,0xff,0x00,0x00,0x40,0xff,0x00,0x00,0x00,0x00,
    0x00,0x00,0x00,0x00,0x00,0x00,0x00,0x00,0x00,0x00,0x00,0x00,0x00,0x00,0x00,0x00,
    0x00,0x00,0x00,0x00,0x00,0x00,0x00,0x00,0x00,0x00,0x00,0x00,0x00,0x00,0x00,0x00,
    0x00,0x00,0x00,0x00,0x00,0x00,0x00,0x00,0x00,0x00,0x00,0x00,0x00,0x00,0x00,0x00,
    0x00,0x00,0x00,0x00,0x00,0x00,0x00,0x00,0x00,0x00,0x00,0x00,0x00,0x00,0x00,0x00,
    0x00,0x00,0x00,0x00,0x00,0x00,0x00,0x00,0x00,0x00,0x00,0x00,0x00,0x00,0x00,0x00,
    0x00,0x00,0x00,0x00,0x00,0x00,0x00,0x00,0x00,0x00,0x40,0xff,0x00,0x00,0x40,0xff,
    0x20,0x00,0xa0,0xff,0x20,0x20,0xe0,0xff,0x40,0x40,0xe0,0xff,0x40,0x40,0xe0,0xff,
    0x40,0x40,0xe0,0xff,0x20,0x20,0xe0,0xff,0x20,0x20,0xe0,0xff,0x40,0x40,0xe0,0xff,
    0x40,0x40,0xe0,0xff,0x40,0x40,0xe0,0xff,0x40,0x40,0xe0,0xff,0x20,0x20,0xe0,0xff,
    0x20,0x00,0xa0,0xff,0x00,0x00,0x40,0xff,0x20,0x00,0xa0,0xff,0x20,0x20,0xe0,0xff,
    0x40,0x40,0xe0,0xff,0x40,0x40,0xe0,0xff,0x20,0x20,0xe0,0xff,0x20,0x00,0xa0,0xff,
    0x00,0x00,0x40,0xff,0x20,0x00,0xa0,0xff,0x60,0x60,0xa0,0xff,0xe0,0xe0,0xe0,0xff,
    0xe0,0xe0,0xe0,0xff,0x60,0x60,0xa0,0xff,0x00,0x00,0x00,0x00,0x00,0x00,0x00,0x00,
    0x00,0x00,0x00,0x00,0x00,0x00,0x00,0x00,0x00,0x00,0x00,0x00,0x00,0x00,0x00,0x00,
    0x00,0x00,0x00,0x00,0x00,0x00,0x00,0x00,0x00,0x00,0x00,0x00,0x00,0x00,0x00,0x00,
    0x00,0x00,0x00,0x00,0x00,0x00,0x00,0x00,0x00,0x00,0x00,0x00,0x00,0x00,0x00,0x00,
    0x00,0x00,0x00,0x00,0x00,0x00,0x00,0x00,0x00,0x00,0x00,0x00,0x00,0x00,0x00,0x00,
    0x00,0x00,0x00,0x00,0x00,0x00,0x40,0xff,0x20,0x00,0xa0,0xff,0x40,0x40,0xe0,0xff,
    0x40,0x40,0xe0,0xff,0x40,0x40,0xe0,0xff,0x40,0x40,0xe0,0xff,0x20,0x20,0xe0,0xff,
    0x20,0x00,0xa0,0xff,0x20,0x20,0xe0,0xff,0x40,0x40,0xe0,0xff,0x40,0x40,0xe0,0xff,
    0x40,0x40,0xe0,0xff,0x20,0x20,0xe0,0xff,0x20,0x00,0xa0,0xff,0x20,0x00,0xa0,0xff,
    0x00,0x00,0x40,0xff,0x20,0x00,0xa0,0xff,0x20,0x20,0xe0,0xff,0x40,0x40,0xe0,0xff,
    0x40,0x40,0xe0,0xff,0x40,0x40,0xe0,0xff,0x20,0x20,0xe0,0xff,0x20,0x20,0xe0,0xff,
    0x20,0x00,0xa0,0xff,0x00,0x00,0x40,0xff,0xe0,0xa0,0x80,0xff,0xe0,0xa0,0x80,0xff,
    0x80,0x40,0x20,0xff,0x00,0x00,0x00,0x00,0x00,0x00,0x00,0x00,0x00,0x00,0x00,0x00,
    0x00,0x00,0x00,0x00,0x00,0x00,0x00,0x00,0x00,0x00,0x00,0x00,0x00,0x00,0x00,0x00,
    0x00,0x00,0x00,0x00,0x00,0x00,0x00,0x00,0x00,0x00,0x00,0x00,0x00,0x00,0x00,0x00,
    0x00,0x00,0x00,0x00,0x00,0x00,0x00,0x00,0x00,0x00,0x00,0x00,0x00,0x00,0x00,0x00,
    0x00,0x00,0x00,0x00,0x00,0x00,0x00,0x00,0x00,0x00,0x00,0x00,0x00,0x00,0x00,0x00,
    0x00,0x00,0x00,0x00,0x00,0x00,0x00,0x00,0x00,0x00,0x40,0xff,0x00,0x00,0x40,0xff,
    0x20,0x00,0xa0,0xff,0x20,0x20,0xe0,0xff,0x40,0x40,0xe0,0xff,0x40,0x40,0xe0,0xff,
    0x40,0x40,0xe0,0xff,0x20,0x20,0xe0,0xff,0x20,0x20,0xe0,0xff,0x40,0x40,0xe0,0xff,
    0x40,0x40,0xe0,0xff,0x40,0x40,0xe0,0xff,0x40,0x40,0xe0,0xff,0x20,0x20,0xe0,0xff,
    0x20,0x00,0xa0,0xff,0x00,0x00,0x40,0xff,0x20,0x00,0xa0,0xff,0x20,0x20,0xe0,0xff,
    0x40,0x40,0xe0,0xff,0x40,0x40,0xe0,0xff,0x20,0x20,0xe0,0xff,0x20,0x00,0xa0,0xff,
    0x00,0x00,0x40,0xff,0x20,0x00,0xa0,0xff,0x60,0x60,0xa0,0xff,0xe0,0xe0,0xe0,0xff,
    0xe0,0xe0,0xe0,0xff,0x60,0x60,0xa0,0xff,0x00,0x00,0x00,0x00,0x00,0x00,0x00,0x00,
    0x00,0x00,0x00,0x00,0x00,0x00,0x00,0x00,0x00,0x00,0x00,0x00,0x00,0x00,0x00,0x00,
    0x00,0x00,0x00,0x00,0x00,0x00,0x00,0x00,0x00,0x00,0x00,0x00,0x00,0x00,0x00,0x00,
    0x00,0x00,0x00,0x00,0x00,0x00,0x00,0x00,0x00,0x00,0x00,0x00,0x00,0x00,0x00,0x00,
    0x00,0x00,0x00,0x00,0x00,0x00,0x00,0x00,0x00,0x00,0x00,0x00,0x00,0x00,0x00,0x00,
    0x00,0x00,0x00,0x00,0x00,0x00,0x00,0x00,0x00,0x00,0x40,0xff,0x20,0x20,0xe0,0xff,
    0x20,0x00,0xa0,0xff,0x00,0x00,0x40,0xff,0x20,0x20,0xe0,0xff,0x20,0x20,0xe0,0xff,
    0x20,0x20,0xe0,0xff,0x20,0x20,0xe0,0xff,0x20,0x20,0xe0,0xff,0x20,0x20,0xe0,0xff,
    0x40,0x40,0xe0,0xff,0x40,0x40,0xe0,0xff,0x40,0x40,0xe0,0xff,0x20,0x20,0xe0,0xff,
    0x20,0x00,0xa0,0xff,0x00,0x00,0x40,0xff,0x20,0x00,0xa0,0xff,0x20,0x00,0xa0,0xff,
    0x20,0x20,0xe0,0xff,0x20,0x20,0xe0,0xff,0x20,0x00,0xa0,0xff,0x00,0x00,0x40,0xff,
    0x20,0x00,0xa0,0xff,0x00,0x00,0x40,0xff,0x00,0x00,0x40,0xff,0x00,0x00,0x00,0x00,
    0x00,0x00,0x00,0x00,0x00,0x00,0x00,0x00,0x00,0x00,0x00,0x00,0x00,0x00,0x00,0x00,
    0x00,0x00,0x00,0x00,0x00,0x00,0x00,0x00,0x00,0x00,0x00,0x00,0x00,0x00,0x00,0x00,
    0x00,0x00,0x00,0x00,0x00,0x00,0x00,0x00,0x00,0x00,0x00,0x00,0x00,0x00,0x00,0x00,
    0x00,0x00,0x00,0x00,0x00,0x00,0x00,0x00,0x00,0x00,0x00,0x00,0x00,0x00,0x00,0x00,
    0x00,0x00,0x00,0x00,0x00,0x00,0x00,0x00,0x00,0x00,0x00,0x00,0x00,0x00,0x00,0x00,
    0x00,0x00,0x00,0x00,0x00,0x00,0x00,0x00,0x00,0x00,0x00,0x00,0x00,0x00,0x00,0x00,
    0x00,0x00,0x00,0x00,0x00,0x00,0x00,0x00,0x20,0x20,0xe0,0xff,0x20,0x20,0xe0,0xff,
    0x20,0x20,0xe0,0xff,0x20,0x20,0xe0,0xff,0x20,0x20,0xe0,0xff,0x20,0x20,0xe0,0xff,
    0x40,0x40,0xe0,0xff,0x40,0x40,0xe0,0xff,0xe0,0xe0,0xe0,0xff,0xe0,0xe0,0xe0,0xff,
    0x40,0x40,0xe0,0xff,0x40,0x40,0xe0,0xff,0x20,0x20,0xe0,0xff,0x20,0x20,0xe0,0xff,
    0x20,0x20,0xe0,0xff,0x20,0x20,0xe0,0xff,0x20,0x20,0xe0,0xff,0x20,0x20,0xe0,0xff,
    0x00,0x00,0x00,0x00,0x00,0x00,0x00,0x00,0x00,0x00,0x00,0x00,0x00,0x00,0x00,0x00,
    0x00,0x00,0x00,0x00,0x00,0x00,0x00,0x00,0x00,0x00,0x00,0x00,0x00,0x00,0x00,0x00,
    0x00,0x00,0x00,0x00,0x00,0x00,0x00,0x00,0x00,0x00,0x00,0x00,0x00,0x00,0x00,0x00,
    0x00,0x00,0x00,0x00,0x00,0x00,0x00,0x00,0x00,0x00,0x00,0x00,0x00,0x00,0x00,0x00,
    0x00,0x00,0x00,0x00,0x00,0x00,0x00,0x00,0x00,0x00,0x00,0x00,0x00,0x00,0x00,0x00,
    0x00,0x00,0x00,0x00,0x00,0x00,0x00,0x00,0x00,0x00,0x00,0x00,0x00,0x00,0x00,0x00,
    0x00,0x00,0x00,0x00,0x00,0x00,0x00,0x00,0x00,0x00,0x00,0x00,0x00,0x00,0x00,0x00,
    0x00,0x00,0x00,0x00,0x00,0x00,0x40,0xff,0x20,0x20,0xe0,0xff,0x20,0x20,0xe0,0xff,
    0x20,0x20,0xe0,0xff,0x20,0x00,0xa0,0xff,0x20,0x00,0xa0,0xff,0x20,0x00,0xa0,0xff,
    0x20,0x00,0xa0,0xff,0x20,0x20,0xe0,0xff,0x60,0x60,0xa0,0xff,0xe0,0xe0,0xe0,0xff,
    0x60,0x60,0xa0,0xff,0x20,0x20,0xe0,0xff,0x20,0x20,0xe0,0xff,0x20,0x00,0xa0,0xff,
    0x20,0x00,0xa0,0xff,0x20,0x00,0xa0,0xff,0x20,0x20,0xe0,0xff,0x20,0x20,0xe0,0xff,
    0x20,0x20,0xe0,0xff,0x00,0x00,0x00,0x00,0x00,0x00,0x00,0x00,0x00,0x00,0x00,0x00,
    0x00,0x00,0x00,0x00,0x00,0x00,0x00,0x00,0x00,0x00,0x00,0x00,0x00,0x00,0x00,0x00,
    0x00,0x00,0x00,0x00,0x00,0x00,0x00,0x00,0x00,0x00,0x00,0x00,0x00,0x00,0x00,0x00,
    0x00,0x00,0x00,0x00,0x00,0x00,0x00,0x00,0x00,0x00,0x00,0x00,0x00,0x00,0x00,0x00,
    0x00,0x00,0x00,0x00,0x00,0x00,0x00,0x00,0x00,0x00,0x00,0x00,0x00,0x00,0x00,0x00,
    0x00,0x00,0x00,0x00,0x00,0x00,0x00,0x00,0x00,0x00,0x00,0x00,0x00,0x00,0x00,0x00,
    0x00,0x00,0x00,0x00,0x00,0x00,0x00,0x00,0x00,0x00,0x00,0x00,0x00,0x00,0x00,0x00,
    0x00,0x00,0x00,0x00,0x00,0x00,0x40,0xff,0x20,0x20,0xe0,0xff,0x20,0x20,0xe0,0xff,
    0x20,0x20,0xe0,0xff,0x20,0x00,0xa0,0xff,0x20,0x00,0xa0,0xff,0x20,0x00,0xa0,0xff,
    0x20,0x00,0xa0,0xff,0x20,0x20,0xe0,0xff,0x20,0x20,0xe0,0xff,0x20,0x20,0xe0,0xff,
    0x20,0x20,0xe0,0xff,0x20,0x20,0xe0,0xff,0x20,0x20,0xe0,0xff,0x20,0x00,0xa0,0xff,
    0x20,0x00,0xa0,0xff,0x20,0x00,0xa0,0xff,0x20,0x20,0xe0,0xff,0x20,0x20,0xe0,0xff,
    0x00,0x00,0x40,0xff,0x00,0x00,0x00,0x00,0x00,0x00,0x00,0x00,0x00,0x00,0x00,0x00,
    0x00,0x00,0x00,0x00,0x00,0x00,0x00,0x00,0x00,0x00,0x00,0x00,0x00,0x00,0x00,0x00,
    0x00,0x00,0x00,0x00,0x00,0x00,0x00,0x00,0x00,0x00,0x00,0x00,0x00,0x00,0x00,0x00,
    0x00,0x00,0x00,0x00,0x00,0x00,0x00,0x00,0x00,0x00,0x00,0x00,0x00,0x00,0x00,0x00,
    0x00,0x00,0x00,0x00,0x00,0x00,0x00,0x00,0x00,0x00,0x00,0x00,0x00,0x00,0x00,0x00,
    0x00,0x00,0x00,0x00,0x00,0x00,0x00,0x00,0x00,0x00,0x00,0x00,0x00,0x00,0x00,0x00,
    0x00,0x00,0x00,0x00,0x00,0x00,0x00,0x00,0x00,0x00,0x00,0x00,0x00,0x00,0x00,0x00,
    0x00,0x00,0x40,0xff,0x00,0x00,0x40,0xff,0x20,0x20,0xe0,0xff,0x60,0x60,0xa0,0xff,
    0x60,0x60,0xa0,0xff,0x20,0x20,0xe0,0xff,0x20,0x20,0xe0,0xff,0x20,0x00,0xa0,0xff,
    0x20,0x00,0xa0,0xff,0x20,0x20,0xe0,0xff,0x40,0x40,0xe0,0xff,0x60,0x60,0xa0,0xff,
    0xe0,0xe0,0xe0,0xff,0x60,0x60,0xa0,0xff,0x40,0x40,0xe0,0xff,0x20,0x20,0xe0,0xff,
    0x20,0x00,0xa0,0xff,0x20,0x00,0xa0,0xff,0x20,0x20,0xe0,0xff,0x20,0x20,0xe0,0xff,
    0x60,0x60,0xa0,0xff,0x60,0x60,0xa0,0xff,0x20,0x20,0xe0,0xff,0x00,0x00,0x40,0xff,
    0x00,0x00,0x40,0xff,0x00,0x00,0x00,0x00,0x00,0x00,0x00,0x00,0x00,0x00,0x00,0x00,
    0x00,0x00,0x00,0x00,0x00,0x00,0x00,0x00,0x00,0x00,0x00,0x00,0x00,0x00,0x00,0x00,
    0x00,0x00,0x00,0x00,0x00,0x00,0x00,0x00,0x00,0x00,0x00,0x00,0x00,0x00,0x00,0x00,
    0x00,0x00,0x00,0x00,0x00,0x00,0x00,0x00,0x00,0x00,0x00,0x00,0x00,0x00,0x00,0x00,
    0x00,0x00,0x00,0x00,0x00,0x00,0x00,0x00,0x00,0x00,0x00,0x00,0x00,0x00,0x00,0x00,
    0x00,0x00,0x00,0x00,0x00,0x00,0x00,0x00,0x00,0x00,0x00,0x00,0x00,0x00,0x40,0xff,
    0x20,0x20,0xe0,0xff,0x20,0x20,0xe0,0xff,0x00,0x00,0x40,0xff,0x00,0x00,0x40,0xff,
    0x00,0x00,0x40,0xff,0x20,0x00,0xa0,0xff,0x20,0x00,0xa0,0xff,0x00,0x00,0x40,0xff,
    0x20,0x00,0xa0,0xff,0x20,0x20,0xe0,0xff,0x20,0x20,0xe0,0xff,0x40,0x40,0xe0,0xff,
    0x20,0x20,0xe0,0xff,0x20,0x20,0xe0,0xff,0x20,0x00,0xa0,0xff,0x00,0x00,0x40,0xff,
    0x20,0x00,0xa0,0xff,0x20,0x00,0xa0,0xff,0x00,0x00,0x40,0xff,0x00,0x00,0x40,0xff,
    0x00,0x00,0x40,0xff,0x20,0x20,0xe0,0xff,0x20,0x20,0xe0,0xff,0x00,0x00,0x40,0xff,
    0x00,0x00,0x00,0x00,0x00,0x00,0x00,0x00,0x00,0x00,0x00,0x00,0x00,0x00,0x00,0x00,
    0x00,0x00,0x00,0x00,0x00,0x00,0x00,0x00,0x00,0x00,0x00,0x00,0x00,0x00,0x00,0x00,
    0x00,0x00,0x00,0x00,0x00,0x00,0x00,0x00,0x00,0x00,0x00,0x00,0x00,0x00,0x00,0x00,
    0x00,0x00,0x00,0x00,0x00,0x00,0x00,0x00,0x00,0x00,0x00,0x00,0x00,0x00,0x00,0x00,
    0x00,0x00,0x00,0x00,0x00,0x00,0x00,0x00,0x00,0x00,0x00,0x00,0x00,0x00,0x00,0x00,
    0x00,0x00,0x00,0x00,0x00,0x00,0x00,0x00,0x00,0x00,0x00,0x00,0x00,0x00,0x40,0xff,
    0x20,0x20,0xe0,0xff,0x20,0x20,0xe0,0xff,0x00,0x00,0x40,0xff,0x00,0x00,0x40,0xff,
    0x00,0x00,0x40,0xff,0x20,0x00,0xa0,0xff,0x20,0x00,0xa0,0xff,0x00,0x00,0x40,0xff,
    0x20,0x00,0xa0,0xff,0x20,0x20,0xe0,0xff,0x20,0x20,0xe0,0xff,0x40,0x40,0xe0,0xff,
    0x20,0x20,0xe0,0xff,0x20,0x20,0xe0,0xff,0x20,0x00,0xa0,0xff,0x00,0x00,0x40,0xff,
    0x20,0x00,0xa0,0xff,0x20,0x00,0xa0,0xff,0x00,0x00,0x40,0xff,0x00,0x00,0x40,0xff,
    0x00,0x00,0x40,0xff,0x20,0x20,0xe0,0xff,0x20,0x20,0xe0,0xff,0x00,0x00,0x40,0xff,
    0x00,0x00,0x00,0x00,0x00,0x00,0x00,0x00,0x00,0x00,0x00,0x00,0x00,0x00,0x00,0x00,
    0x00,0x00,0x00,0x00,0x00,0x00,0x00,0x00,0x00,0x00,0x00,0x00,0x00,0x00,0x00,0x00,
    0x00,0x00,0x00,0x00,0x00,0x00,0x00,0x00,0x00,0x00,0x00,0x00,0x00,0x00,0x00,0x00,
    0x00,0x00,0x00,0x00,0x00,0x00,0x00,0x00,0x00,0x00,0x00,0x00,0x00,0x00,0x00,0x00,
    0x00,0x00,0x00,0x00,0x00,0x00,0x00,0x00,0x00,0x00,0x00,0x00,0x00,0x00,0x00,0x00,
    0x00,0x00,0x00,0x00,0x60,0x60,0xa0,0xff,0xe0,0xe0,0xe0,0xff,0xe0,0xe0,0xe0,0xff,
    0xe0,0xe0,0xe0,0xff,0xe0,0xe0,0xe0,0xff,0x20,0x00,0xa0,0xff,0x00,0x00,0x40,0xff,
    0x20,0x20,0xe0,0xff,0x40,0x40,0xe0,0xff,0x40,0x40,0xe0,0xff,0x40,0x40,0xe0,0xff,
    0x20,0x20,0xe0,0xff,0x20,0x00,0xa0,0xff,0x00,0x00,0x40,0xff,0x20,0x00,0xa0,0xff,
    0x20,0x20,0xe0,0xff,0x40,0x40,0xe0,0xff,0x40,0x40,0xe0,0xff,0x40,0x40,0xe0,0xff,
    0x40,0x40,0xe0,0xff,0x20,0x20,0xe0,0xff,0x20,0x20,0xe0,0xff,0x40,0x40,0xe0,0xff,
    0x40,0x40,0xe0,0xff,0x40,0x40,0xe0,0xff,0x40,0x40,0xe0,0xff,0x20,0x00,0xa0,0xff,
    0x00,0x00,0x40,0xff,0x00,0x00,0x40,0xff,0x00,0x00,0x00,0x00,0x00,0x00,0x00,0x00,
    0x00,0x00,0x00,0x00,0x00,0x00,0x00,0x00,0x00,0x00,0x00,0x00,0x00,0x00,0x00,0x00,
    0x00,0x00,0x00,0x00,0x00,0x00,0x00,0x00,0x00,0x00,0x00,0x00,0x00,0x00,0x00,0x00,
    0x00,0x00,0x00,0x00,0x00,0x00,0x00,0x00,0x00,0x00,0x00,0x00,0x00,0x00,0x00,0x00,
    0x00,0x00,0x00,0x00,0x00,0x00,0x00,0x00,0x00,0x00,0x00,0x00,0x00,0x00,0x00,0x00,
    0x00,0x00,0x00,0x00,0xe0,0xa0,0x80,0xff,0xe0,0xa0,0x80,0xff,0x80,0x40,0x20,0xff,
    0x00,0x00,0x40,0xff,0x20,0x00,0xa0,0xff,0x20,0x20,0xe0,0xff,0x40,0x40,0xe0,0xff,
    0x40,0x40,0xe0,0xff,0x40,0x40,0xe0,0xff,0x20,0x20,0xe0,0xff,0x20,0x00,0xa0,0xff,
    0x00,0x00,0x40,0xff,0x00,0x00,0x40,0xff,0x00,0x00,0x40,0xff,0x20,0x00,0xa0,0xff,
    0x20,0x20,0xe0,0xff,0x20,0x20,0xe0,0xff,0x40,0x40,0xe0,0xff,0x40,0x40,0xe0,0xff,
    0x20,0x20,0xe0,0xff,0x00,0x00,0x40,0xff,0x20,0x00,0xa0,0xff,0x20,0x00,0xa0,0xff,
    0x20,0x20,0xe0,0xff,0x40,0x40,0xe0,0xff,0x40,0x40,0xe0,0xff,0x20,0x00,0xa0,0xff,
    0x00,0x00,0x40,0xff,0x00,0x00,0x00,0x00,0x00,0x00,0x00,0x00,0x00,0x00,0x00,0x00,
    0x00,0x00,0x00,0x00,0x00,0x00,0x00,0x00,0x00,0x00,0x00,0x00,0x00,0x00,0x00,0x00,
    0x00,0x00,0x00,0x00,0x00,0x00,0x00,0x00,0x00,0x00,0x00,0x00,0x00,0x00,0x00,0x00,
    0x00,0x00,0x00,0x00,0x00,0x00,0x00,0x00,0x00,0x00,0x00,0x00,0x00,0x00,0x00,0x00,
    0x00,0x00,0x00,0x00,0x00,0x00,0x00,0x00,0x00,0x00,0x00,0x00,0x00,0x00,0x00,0x00,
    0x00,0x00,0x00,0x00,0x60,0x60,0xa0,0xff,0xe0,0xe0,0xe0,0xff,0xe0,0xe0,0xe0,0xff,
    0xe0,0xe0,0xe0,0xff,0xe0,0xe0,0xe0,0xff,0x20,0x00,0xa0,0xff,0x00,0x00,0x40,0xff,
    0x20,0x20,0xe0,0xff,0x40,0x40,0xe0,0xff,0x40,0x40,0xe0,0xff,0x40,0x40,0xe0,0xff,
    0x20,0x20,0xe0,0xff,0x20,0x00,0xa0,0xff,0x00,0x00,0x40,0xff,0x20,0x00,0xa0,0xff,
    0x20,0x20,0xe0,0xff,0x40,0x40,0xe0,0xff,0x40,0x40,0xe0,0xff,0x40,0x40,0xe0,0xff,
    0x40,0x40,0xe0,0xff,0x20,0x20,0xe0,0xff,0x20,0x20,0xe0,0xff,0x40,0x40,0xe0,0xff,
    0x40,0x40,0xe0,0xff,0x40,0x40,0xe0,0xff,0x40,0x40,0xe0,0xff,0x20,0x00,0xa0,0xff,
    0x00,0x00,0x40,0xff,0x00,0x00,0x40,0xff,0x00,0x00,0x00,0x00,0x00,0x00,0x00,0x00,
    0x00,0x00,0x00,0x00,0x00,0x00,0x00,0x00,0x00,0x00,0x00,0x00,0x00,0x00,0x00,0x00,
    0x00,0x00,0x00,0x00,0x00,0x00,0x00,0x00,0x00,0x00,0x00,0x00,0x00,0x00,0x00,0x00,
    0x00,0x00,0x00,0x00,0x00,0x00,0x00,0x00,0x00,0x00,0x00,0x00,0x00,0x00,0x00,0x00,
    0x00,0x00,0x00,0x00,0x00,0x00,0x00,0x00,0x00,0x00,0x00,0x00,0x00,0x00,0x00,0x00,
    0x00,0x00,0x00,0x00,0x00,0x00,0x00,0x00,0x00,0x00,0x00,0x00,0x00,0x00,0x00,0x00,
    0x00,0x00,0x00,0x00,0x00,0x00,0x40,0xff,0x00,0x00,0x40,0xff,0x00,0x00,0x40,0xff,
    0x20,0x00,0xa0,0xff,0x20,0x20,0xe0,0xff,0x40,0x40,0xe0,0xff,0x40,0x40,0xe0,0xff,
    0x20,0x20,0xe0,0xff,0x20,0x00,0xa0,0xff,0x00,0x00,0x40,0xff,0x20,0x00,0xa0,0xff,
    0x20,0x20,0xe0,0xff,0x40,0x40,0xe0,0xff,0x40,0x40,0xe0,0xff,0x40,0x40,0xe0,0xff,
    0x40,0x40,0xe0,0xff,0x20,0x20,0xe0,0xff,0x20,0x20,0xe0,0xff,0x40,0x40,0xe0,0xff,
    0x40,0x40,0xe0,0xff,0x40,0x40,0xe0,0xff,0x40,0x40,0xe0,0xff,0x00,0x00,0x40,0xff,
    0x20,0x00,0xa0,0xff,0x00,0x00,0x40,0xff,0x00,0x00,0x00,0x00,0x00,0x00,0x00,0x00,
    0x00,0x00,0x00,0x00,0x00,0x00,0x00,0x00,0x00,0x00,0x00,0x00,0x00,0x00,0x00,0x00,
    0x00,0x00,0x00,0x00,0x00,0x00,0x00,0x00,0x00,0x00,0x00,0x00,0x00,0x00,0x00,0x00,
    0x00,0x00,0x00,0x00,0x00,0x00,0x00,0x00,0x00,0x00,0x00,0x00,0x00,0x00,0x00,0x00,
    0x00,0x00,0x00,0x00,0x00,0x00,0x00,0x00,0x00,0x00,0x00,0x00,0x00,0x00,0x00,0x00,
    0x00,0x00,0x00,0x00,0x00,0x00,0x00,0x00,0x00,0x00,0x00,0x00,0x00,0x00,0x40,0xff,
    0x20,0x20,0xe0,0xff,0x20,0x20,0xe0,0xff,0x00,0x00,0x40,0xff,0x00,0x00,0x40,0xff,
    0x00,0x00,0x40,0xff,0x20,0x00,0xa0,0xff,0x20,0x00,0xa0,0xff,0x00,0x00,0x40,0xff,
    0x20,0x00,0xa0,0xff,0x20,0x20,0xe0,0xff,0x20,0x20,0xe0,0xff,0x40,0x40,0xe0,0xff,
    0x20,0x20,0xe0,0xff,0x20,0x20,0xe0,0xff,0x20,0x00,0xa0,0xff,0x00,0x00,0x40,0xff,
    0x20,0x00,0xa0,0xff,0x20,0x00,0xa0,0xff,0x00,0x00,0x40,0xff,0x00,0x00,0x40,0xff,
    0x00,0x00,0x40,0xff,0x20,0x20,0xe0,0xff,0x20,0x20,0xe0,0xff,0x00,0x00,0x40,0xff,
    0x00,0x00,0x00,0x00,0x00,0x00,0x00,0x00,0x00,0x00,0x00,0x00,0x00,0x00,0x00,0x00,
    0x00,0x00,0x00,0x00,0x00,0x00,0x00,0x00,0x00,0x00,0x00,0x00,0x00,0x00,0x00,0x00,
    0x00,0x00,0x00,0x00,0x00,0x00,0x00,0x00,0x00,0x00,0x00,0x00,0x00,0x00,0x00,0x00,
    0x00,0x00,0x00,0x00,0x00,0x00,0x00,0x00,0x00,0x00,0x00,0x00,0x00,0x00,0x00,0x00,
    0x00,0x00,0x00,0x00,0x00,0x00,0x00,0x00,0x00,0x00,0x00,0x00,0x00,0x00,0x00,0x00,
    0x00,0x00,0x00,0x00,0x00,0x00,0x00,0x00,0x00,0x00,0x40,0xff,0x20,0x00,0xa0,0xff,
    0x00,0x00,0x40,0xff,0x40,0x40,0xe0,0xff,0x40,0x40,0xe0,0xff,0x40,0x40,0xe0,0xff,
    0x40,0x40,0xe0,0xff,0x20,0x20,0xe0,0xff,0x20,0x20,0xe0,0xff,0x40,0x40,0xe0,0xff,
    0x40,0x40,0xe0,0xff,0x40,0x40,0xe0,0xff,0x40,0x40,0xe0,0xff,0x20,0x20,0xe0,0xff,
    0x20,0x00,0xa0,0xff,0x00,0x00,0x40,0xff,0x20,0x00,0xa0,0xff,0x20,0x20,0xe0,0xff,
    0x40,0x40,0xe0,0xff,0x40,0x40,0xe0,0xff,0x20,0x20,0xe0,0xff,0x20,0x00,0xa0,0xff,
    0x00,0x00,0x40,0xff,0x00,0x00,0x40,0xff,0x00,0x00,0x40,0xff,0x00,0x00,0x00,0x00,
    0x00,0x00,0x00,0x00,0x00,0x00,0x00,0x00,0x00,0x00,0x00,0x00,0x00,0x00,0x00,0x00,
    0x00,0x00,0x00,0x00,0x00,0x00,0x00,0x00,0x00,0x00,0x00,0x00,0x00,0x00,0x00,0x00,
    0x00,0x00,0x00,0x00,0x00,0x00,0x00,0x00,0x00,0x00,0x00,0x00,0x00,0x00,0x00,0x00,
    0x00,0x00,0x00,0x00,0x00,0x00,0x00,0x00,0x00,0x00,0x00,0x00,0x00,0x00,0x00,0x00,
    0x00,0x00,0x00,0x00,0x00,0x00,0x00,0x00,0x00,0x00,0x00,0x00,0x00,0x00,0x00,0x00,
    0x00,0x00,0x00,0x00,0x00,0x00,0x00,0x00,0x00,0x00,0x40,0xff,0x00,0x00,0x40,0xff,
    0x20,0x00,0xa0,0xff,0x40,0x40,0xe0,0xff,0x40,0x40,0xe0,0xff,0x40,0x40,0xe0,0xff,
    0x40,0x40,0xe0,0xff,0x20,0x20,0xe0,0xff,0x20,0x20,0xe0,0xff,0x40,0x40,0xe0,0xff,
    0x40,0x40,0xe0,0xff,0x40,0x40,0xe0,0xff,0x40,0x40,0xe0,0xff,0x20,0x20,0xe0,0xff,
    0x20,0x00,0xa0,0xff,0x00,0x00,0x40,0xff,0x20,0x00,0xa0,0xff,0x20,0x20,0xe0,0xff,
    0x40,0x40,0xe0,0xff,0x40,0x40,0xe0,0xff,0x40,0x40,0xe0,0xff,0x20,0x20,0xe0,0xff,
    0x00,0x00,0x40,0xff,0x20,0x00,0xa0,0xff,0xe0,0xe0,0xe0,0xff,0xe0,0xe0,0xe0,0xff,
    0xe0,0xe0,0xe0,0xff,0xe0,0xe0,0xe0,0xff,0x60,0x60,0xa0,0xff,0x00,0x00,0x00,0x00,
    0x00,0x00,0x00,0x00,0x00,0x00,0x00,0x00,0x00,0x00,0x00,0x00,0x00,0x00,0x00,0x00,
    0x00,0x00,0x00,0x00,0x00,0x00,0x00,0x00,0x00,0x00,0x00,0x00,0x00,0x00,0x00,0x00,
    0x00,0x00,0x00,0x00,0x00,0x00,0x00,0x00,0x00,0x00,0x00,0x00,0x00,0x00,0x00,0x00,
    0x00,0x00,0x00,0x00,0x00,0x00,0x00,0x00,0x00,0x00,0x00,0x00,0x00,0x00,0x00,0x00,
    0x00,0x00,0x00,0x00,0x00,0x00,0x40,0xff,0x20,0x00,0xa0,0xff,0x40,0x40,0xe0,0xff,
    0x40,0x40,0xe0,0xff,0x20,0x20,0xe0,0xff,0x20,0x00,0xa0,0xff,0x20,0x00,0xa0,0xff,
    0x00,0x00,0x40,0xff,0x20,0x20,0xe0,0xff,0x40,0x40,0xe0,0xff,0x40,0x40,0xe0,0xff,
    0x20,0x20,0xe0,0xff,0x20,0x20,0xe0,0xff,0x20,0x00,0xa0,0xff,0x00,0x00,0x40,0xff,
    0x00,0x00,0x40,0xff,0x00,0x00,0x40,0xff,0x20,0x00,0xa0,0xff,0x20,0x20,0xe0,0xff,
    0x40,0x40,0xe0,0xff,0x40,0x40,0xe0,0xff,0x40,0x40,0xe0,0xff,0x20,0x20,0xe0,0xff,
    0x20,0x00,0xa0,0xff,0x00,0x00,0x40,0xff,0x80,0x40,0x20,0xff,0xe0,0xa0,0x80,0xff,
    0xe0,0xa0,0x80,0xff,0x00,0x00,0x00,0x00,0x00,0x00,0x00,0x00,0x00,0x00,0x00,0x00,
    0x00,0x00,0x00,0x00,0x00,0x00,0x00,0x00,0x00,0x00,0x00,0x00,0x00,0x00,0x00,0x00,
    0x00,0x00,0x00,0x00,0x00,0x00,0x00,0x00,0x00,0x00,0x00,0x00,0x00,0x00,0x00,0x00,
    0x00,0x00,0x00,0x00,0x00,0x00,0x00,0x00,0x00,0x00,0x00,0x00,0x00,0x00,0x00,0x00,
    0x00,0x00,0x00,0x00,0x00,0x00,0x00,0x00,0x00,0x00,0x00,0x00,0x00,0x00,0x00,0x00,
    0x00,0x00,0x00,0x00,0x00,0x00,0x00,0x00,0x00,0x00,0x40,0xff,0x00,0x00,0x40,0xff,
    0x20,0x00,0xa0,0xff,0x40,0x40,0xe0,0xff,0x40,0x40,0xe0,0xff,0x40,0x40,0xe0,0xff,
    0x40,0x40,0xe0,0xff,0x20,0x20,0xe0,0xff,0x20,0x20,0xe0,0xff,0x40,0x40,0xe0,0xff,
    0x40,0x40,0xe0,0xff,0x40,0x40,0xe0,0xff,0x40,0x40,0xe0,0xff,0x20,0x20,0xe0,0xff,
    0x20,0x00,0xa0,0xff,0x00,0x00,0x40,0xff,0x20,0x00,0xa0,0xff,0x20,0x20,0xe0,0xff,
    0x40,0x40,0xe0,0xff,0x40,0x40,0xe0,0xff,0x40,0x40,0xe0,0xff,0x20,0x20,0xe0,0xff,
    0x00,0x00,0x40,0xff,0x20,0x00,0xa0,0xff,0xe0,0xe0,0xe0,0xff,0xe0,0xe0,0xe0,0xff,
    0xe0,0xe0,0xe0,0xff,0xe0,0xe0,0xe0,0xff,0x60,0x60,0xa0,0xff,0x00,0x00,0x00,0x00,
    0x00,0x00,0x00,0x00,0x00,0x00,0x00,0x00,0x00,0x00,0x00,0x00,0x00,0x00,0x00,0x00,
    0x00,0x00,0x00,0x00,0x00,0x00,0x00,0x00,0x00,0x00,0x00,0x00,0x00,0x00,0x00,0x00,
    0x00,0x00,0x00,0x00,0x00,0x00,0x00,0x00,0x00,0x00,0x00,0x00,0x00,0x00,0x00,0x00,
    0x00,0x00,0x00,0x00,0x00,0x00,0x00,0x00,0x00,0x00,0x00,0x00,0x00,0x00,0x00,0x00,
    0x00,0x00,0x00,0x00,0x00,0x00,0x00,0x00,0x00,0x00,0x40,0xff,0x20,0x00,0xa0,0xff,
    0x00,0x00,0x40,0xff,0x40,0x40,0xe0,0xff,0x40,0x40,0xe0,0xff,0x40,0x40,0xe0,0xff,
    0x40,0x40,0xe0,0xff,0x20,0x20,0xe0,0xff,0x20,0x20,0xe0,0xff,0x40,0x40,0xe0,0xff,
    0x40,0x40,0xe0,0xff,0x40,0x40,0xe0,0xff,0x40,0x40,0xe0,0xff,0x20,0x20,0xe0,0xff,
    0x20,0x00,0xa0,0xff,0x00,0x00,0x40,0xff,0x20,0x00,0xa0,0xff,0x20,0x20,0xe0,0xff,
    0x40,0x40,0xe0,0xff,0x40,0x40,0xe0,0xff,0x20,0x20,0xe0,0xff,0x20,0x00,0xa0,0xff,
    0x00,0x00,0x40,0xff,0x00,0x00,0x40,0xff,0x00,0x00,0x40,0xff,0x00,0x00,0x00,0x00,
    0x00,0x00,0x00,0x00,0x00,0x00,0x00,0x00,0x00,0x00,0x00,0x00,0x00,0x00,0x00,0x00,
    0x00,0x00,0x00,0x00,0x00,0x00,0x00,0x00,0x00,0x00,0x00,0x00,0x00,0x00,0x00,0x00,
    0x00,0x00,0x00,0x00,0x00,0x00,0x00,0x00,0x00,0x00,0x00,0x00,0x00,0x00,0x00,0x00,
    0x00,0x00,0x00,0x00,0x00,0x00,0x00,0x00,0x00,0x00,0x00,0x00,0x00,0x00,0x00,0x00,
    0x00,0x00,0x00,0x00,0x00,0x00,0x00,0x00,0x00,0x00,0x00,0x00,0x00,0x00,0x00,0x00,
    0x00,0x00,0x00,0x00,0x00,0x00,0x00,0x00,0x00,0x00,0x00,0x00,0x00,0x00,0x00,0x00,
    0x00,0x00,0x00,0x00,0x20,0x20,0xe0,0xff,0x20,0x20,0xe0,0xff,0x20,0x20,0xe0,0xff,
    0x20,0x20,0xe0,0xff,0x20,0x20,0xe0,0xff,0x20,0x20,0xe0,0xff,0x40,0x40,0xe0,0xff,
    0x40,0x40,0xe0,0xff,0xe0,0xe0,0xe0,0xff,0xe0,0xe0,0xe0,0xff,0xe0,0xe0,0xe0,0xff,
    0xe0,0xe0,0xe0,0xff,0x40,0x40,0xe0,0xff,0x40,0x40,0xe0,0xff,0x20,0x20,0xe0,0xff,
    0x20,0x20,0xe0,0xff,0x20,0x20,0xe0,0xff,0x20,0x20,0xe0,0xff,0x20,0x20,0xe0,0xff,
    0x20,0x20,0xe0,0xff,0x00,0x00,0x00,0x00,0x00,0x00,0x00,0x00,0x00,0x00,0x00,0x00,
    0x00,0x00,0x00,0x00,0x00,0x00,0x00,0x00,0x00,0x00,0x00,0x00,0x00,0x00,0x00,0x00,
    0x00,0x00,0x00,0x00,0x00,0x00,0x00,0x00,0x00,0x00,0x00,0x00,0x00,0x00,0x00,0x00,
    0x00,0x00,0x00,0x00,0x00,0x00,0x00,0x00,0x00,0x00,0x00,0x00,0x00,0x00,0x00,0x00,
    0x00,0x00,0x00,0x00,0x00,0x00,0x00,0x00,0x00,0x00,0x00,0x00,0x00,0x00,0x00,0x00,
    0x00,0x00,0x00,0x00,0x00,0x00,0x00,0x00,0x00,0x00,0x00,0x00,0x00,0x00,0x00,0x00,
    0x00,0x00,0x00,0x00,0x00,0x00,0x00,0x00,0x00,0x00,0x00,0x00,0x00,0x00,0x00,0x00,
    0x00,0x00,0x40,0xff,0x20,0x20,0xe0,0xff,0x20,0x20,0xe0,0xff,0x20,0x20,0xe0,0xff,
    0x20,0x00,0xa0,0xff,0x20,0x00,0xa0,0xff,0x20,0x00,0xa0,0xff,0x20,0x00,0xa0,0xff,
    0x20,0x20,0xe0,0xff,0x20,0x20,0xe0,0xff,0x60,0x60,0xa0,0xff,0xe0,0xe0,0xe0,0xff,
    0x60,0x60,0xa0,0xff,0x20,0x20,0xe0,0xff,0x20,0x20,0xe0,0xff,0x20,0x20,0xe0,0xff,
    0x20,0x00,0xa0,0xff,0x20,0x00,0xa0,0xff,0x20,0x00,0xa0,0xff,0x20,0x00,0xa0,0xff,
    0x20,0x20,0xe0,0xff,0x20,0x20,0xe0,0xff,0x00,0x00,0x00,0x00,0x00,0x00,0x00,0x00,
    0x00,0x00,0x00,0x00,0x00,0x00,0x00,0x00,0x00,0x00,0x00,0x00,0x00,0x00,0x00,0x00,
    0x00,0x00,0x00,0x00,0x00,0x00,0x00,0x00,0x00,0x00,0x00,0x00,0x00,0x00,0x00,0x00,
    0x00,0x00,0x00,0x00,0x00,0x00,0x00,0x00,0x00,0x00,0x00,0x00,0x00,0x00,0x00,0x00,
    0x00,0x00,0x00,0x00,0x00,0x00,0x00,0x00,0x00,0x00,0x00,0x00,0x00,0x00,0x00,0x00,
    0x00,0x00,0x00,0x00,0x00,0x00,0x00,0x00,0x00,0x00,0x00,0x00,0x00,0x00,0x00,0x00,
    0x00,0x00,0x00,0x00,0x00,0x00,0x00,0x00,0x00,0x00,0x00,0x00,0x00,0x00,0x00,0x00,
    0x00,0x00,0x40,0xff,0x00,0x00,0x40,0xff,0x20,0x20,0xe0,0xff,0x20,0x20,0xe0,0xff,
    0x20,0x00,0xa0,0xff,0x20,0x00,0xa0,0xff,0x20,0x00,0xa0,0xff,0x20,0x00,0xa0,0xff,
    0x20,0x20,0xe0,0xff,0x20,0x20,0xe0,0xff,0x20,0x20,0xe0,0xff,0x20,0x20,0xe0,0xff,
    0x20,0x20,0xe0,0xff,0x20,0x20,0xe0,0xff,0x20,0x20,0xe0,0xff,0x20,0x20,0xe0,0xff,
    0x20,0x00,0xa0,0xff,0x20,0x00,0xa0,0xff,0x20,0x00,0xa0,0xff,0x20,0x00,0xa0,0xff,
    0x20,0x20,0xe0,0xff,0x00,0x00,0x40,0xff,0x00,0x00,0x00,0x00,0x00,0x00,0x00,0x00,
    0x00,0x00,0x00,0x00,0x00,0x00,0x00,0x00,0x00,0x00,0x00,0x00,0x00,0x00,0x00,0x00,
    0x00,0x00,0x00,0x00,0x00,0x00,0x00,0x00,0x00,0x00,0x00,0x00,0x00,0x00,0x00,0x00,
    0x00,0x00,0x00,0x00,0x00,0x00,0x00,0x00,0x00,0x00,0x00,0x00,0x00,0x00,0x00,0x00,
    0x00,0x00,0x00,0x00,0x00,0x00,0x00,0x00,0x00,0x00,0x00,0x00,0x00,0x00,0x00,0x00,
    0x00,0x00,0x00,0x00,0x00,0x00,0x00,0x00,0x00,0x00,0x00,0x00,0x00,0x00,0x00,0x00,
    0x00,0x00,0x00,0x00,0x00,0x00,0x00,0x00,0x00,0x00,0x00,0x00,0x00,0x00,0x00,0x00,
    0x00,0x00,0x40,0xff,0x00,0x00,0x40,0xff,0x20,0x20,0xe0,0xff,0xe0,0xe0,0xe0,0xff,
    0x40,0x40,0xe0,0xff,0x20,0x20,0xe0,0xff,0x20,0x20,0xe0,0xff,0x20,0x00,0xa0,0xff,
    0x20,0x00,0xa0,0xff,0x20,0x20,0xe0,0xff,0x20,0x20,0xe0,0xff,0x60,0x60,0xa0,0xff,
    0x60,0x60,0xa0,0xff,0x60,0x60,0xa0,0xff,0x20,0x20,0xe0,0xff,0x20,0x20,0xe0,0xff,
    0x20,0x00,0xa0,0xff,0x20,0x00,0xa0,0xff,0x20,0x20,0xe0,0xff,0x20,0x20,0xe0,0xff,
    0x40,0x40,0xe0,0xff,0xe0,0xe0,0xe0,0xff,0x20,0x20,0xe0,0xff,0x00,0x00,0x40,0xff,
    0x00,0x00,0x40,0xff,0x00,0x00,0x00,0x00,0x00,0x00,0x00,0x00,0x00,0x00,0x00,0x00,
    0x00,0x00,0x00,0x00,0x00,0x00,0x00,0x00,0x00,0x00,0x00,0x00,0x00,0x00,0x00,0x00,
    0x00,0x00,0x00,0x00,0x00,0x00,0x00,0x00,0x00,0x00,0x00,0x00,0x00,0x00,0x00,0x00,
    0x00,0x00,0x00,0x00,0x00,0x00,0x00,0x00,0x00,0x00,0x00,0x00,0x00,0x00,0x00,0x00,
    0x00,0x00,0x00,0x00,0x00,0x00,0x00,0x00,0x00,0x00,0x00,0x00,0x00,0x00,0x00,0x00,
    0x00,0x00,0x00,0x00,0x00,0x00,0x00,0x00,0x00,0x00,0x00,0x00,0x00,0x00,0x40,0xff,
    0x20,0x20,0xe0,0xff,0x20,0x00,0xa0,0xff,0x00,0x00,0x40,0xff,0x20,0x00,0xa0,0xff,
    0x20,0x00,0xa0,0xff,0x20,0x00,0xa0,0xff,0x00,0x00,0x40,0xff,0x00,0x00,0x40,0xff,
    0x20,0x00,0xa0,0xff,0x20,0x20,0xe0,0xff,0x40,0x40,0xe0,0xff,0x40,0x40,0xe0,0xff,
    0x40,0x40,0xe0,0xff,0x20,0x20,0xe0,0xff,0x20,0x00,0xa0,0xff,0x00,0x00,0x40,0xff,
    0x00,0x00,0x40,0xff,0x20,0x00,0xa0,0xff,0x20,0x00,0xa0,0xff,0x20,0x00,0xa0,0xff,
    0x00,0x00,0x40,0xff,0x20,0x00,0xa0,0xff,0x20,0x20,0xe0,0xff,0x00,0x00,0x40,0xff,
    0x00,0x00,0x00,0x00,0x00,0x00,0x00,0x00,0x00,0x00,0x00,0x00,0x00,0x00,0x00,0x00,
    0x00,0x00,0x00,0x00,0x00,0x00,0x00,0x00,0x00,0x00,0x00,0x00,0x00,0x00,0x00,0x00,
    0x00,0x00,0x00,0x00,0x00,0x00,0x00,0x00,0x00,0x00,0x00,0x00,0x00,0x00,0x00,0x00,
    0x00,0x00,0x00,0x00,0x00,0x00,0x00,0x00,0x00,0x00,0x00,0x00,0x00,0x00,0x00,0x00,
    0x00,0x00,0x00,0x00,0x00,0x00,0x00,0x00,0x00,0x00,0x00,0x00,0x00,0x00,0x00,0x00,
    0x00,0x00,0x00,0x00,0x00,0x00,0x00,0x00,0x00,0x00,0x00,0x00,0x00,0x00,0x40,0xff,
    0x20,0x20,0xe0,0xff,0x20,0x00,0xa0,0xff,0x00,0x00,0x40,0xff,0x20,0x00,0xa0,0xff,
    0x20,0x00,0xa0,0xff,0x20,0x00,0xa0,0xff,0x00,0x00,0x40,0xff,0x00,0x00,0x40,0xff,
    0x20,0x00,0xa0,0xff,0x20,0x20,0xe0,0xff,0x40,0x40,0xe0,0xff,0x40,0x40,0xe0,0xff,
    0x40,0x40,0xe0,0xff,0x20,0x20,0xe0,0xff,0x20,0x00,0xa0,0xff,0x00,0x00,0x40,0xff,
    0x00,0x00,0x40,0xff,0x20,0x00,0xa0,0xff,0x20,0x00,0xa0,0xff,0x20,0x00,0xa0,0xff,
    0x00,0x00,0x40,0xff,0x20,0x00,0xa0,0xff,0x20,0x20,0xe0,0xff,0x00,0x00,0x40,0xff,
    0x00,0x00,0x00,0x00,0x00,0x00,0x00,0x00,0x00,0x00,0x00,0x00,0x00,0x00,0x00,0x00,
    0x00,0x00,0x00,0x00,0x00,0x00,0x00,0x00,0x00,0x00,0x00,0x00,0x00,0x00,0x00,0x00,
    0x00,0x00,0x00,0x00,0x00,0x00,0x00,0x00,0x00,0x00,0x00,0x00,0x00,0x00,0x00,0x00,
    0x00,0x00,0x00,0x00,0x00,0x00,0x00,0x00,0x00,0x00,0x00,0x00,0x00,0x00,0x00,0x00,
    0x00,0x00,0x00,0x00,0x00,0x00,0x00,0x00,0x00,0x00,0x00,0x00,0x00,0x00,0x00,0x00,
    0x00,0x00,0x00,0x00,0x60,0x60,0xa0,0xff,0xe0,0xe0,0xe0,0xff,0xe0,0xe0,0xe0,0xff,
    0xe0,0xe0,0xe0,0xff,0xe0,0xe0,0xe0,0xff,0x60,0x60,0xa0,0xff,0x00,0x00,0x40,0xff,
    0x40,0x40,0xe0,0xff,0x40,0x40,0xe0,0xff,0x40,0x40,0xe0,0xff,0x20,0x20,0xe0,0xff,
    0x20,0x00,0xa0,0xff,0x20,0x00,0xa0,0xff,0x00,0x00,0x40,0xff,0x20,0x00,0xa0,0xff,
    0x20,0x20,0xe0,0xff,0x20,0x20,0xe0,0xff,0x40,0x40,0xe0,0xff,0x40,0x40,0xe0,0xff,
    0x40,0x40,0xe0,0xff,0x20,0x20,0xe0,0xff,0x20,0x00,0xa0,0xff,0x20,0x20,0xe0,0xff,
    0x40,0x40,0xe0,0xff,0x40,0x40,0xe0,0xff,0x40,0x40,0xe0,0xff,0x40,0x40,0xe0,0xff,
    0x20,0x00,0xa0,0xff,0x00,0x00,0x40,0xff,0x00,0x00,0x00,0x00,0x00,0x00,0x00,0x00,
    0x00,0x00,0x00,0x00,0x00,0x00,0x00,0x00,0x00,0x00,0x00,0x00,0x00,0x00,0x00,0x00,
    0x00,0x00,0x00,0x00,0x00,0x00,0x00,0x00,0x00,0x00,0x00,0x00,0x00,0x00,0x00,0x00,
    0x00,0x00,0x00,0x00,0x00,0x00,0x00,0x00,0x00,0x00,0x00,0x00,0x00,0x00,0x00,0x00,
    0x00,0x00,0x00,0x00,0x00,0x00,0x00,0x00,0x00,0x00,0x00,0x00,0x00,0x00,0x00,0x00,
    0x00,0x00,0x00,0x00,0xe0,0xa0,0x80,0xff,0xe0,0xa0,0x80,0xff,0x80,0x40,0x20,0xff,
    0x00,0x00,0x40,0xff,0x20,0x00,0xa0,0xff,0x20,0x20,0xe0,0xff,0x40,0x40,0xe0,0xff,
    0x40,0x40,0xe0,0xff,0x20,0x20,0xe0,0xff,0x20,0x00,0xa0,0xff,0x00,0x00,0x40,0xff,
    0x00,0x00,0x40,0xff,0x20,0x20,0xe0,0xff,0x00,0x00,0x40,0xff,0x00,0x00,0x40,0xff,
    0x20,0x00,0xa0,0xff,0x20,0x20,0xe0,0xff,0x40,0x40,0xe0,0xff,0x20,0x20,0xe0,0xff,
    0x20,0x20,0xe0,0xff,0x20,0x00,0xa0,0xff,0x00,0x00,0x40,0xff,0x00,0x00,0x40,0xff,
    0x20,0x00,0xa0,0xff,0x20,0x20,0xe0,0xff,0x40,0x40,0xe0,0xff,0x20,0x00,0xa0,0xff,
    0x00,0x00,0x40,0xff,0x00,0x00,0x00,0x00,0x00,0x00,0x00,0x00,0x00,0x00,0x00,0x00,
    0x00,0x00,0x00,0x00,0x00,0x00,0x00,0x00,0x00,0x00,0x00,0x00,0x00,0x00,0x00,0x00,
    0x00,0x00,0x00,0x00,0x00,0x00,0x00,0x00,0x00,0x00,0x00,0x00,0x00,0x00,0x00,0x00,
    0x00,0x00,0x00,0x00,0x00,0x00,0x00,0x00,0x00,0x00,0x00,0x00,0x00,0x00,0x00,0x00,
    0x00,0x00,0x00,0x00,0x00,0x00,0x00,0x00,0x00,0x00,0x00,0x00,0x00,0x00,0x00,0x00,
    0x00,0x00,0x00,0x00,0x60,0x60,0xa0,0xff,0xe0,0xe0,0xe0,0xff,0xe0,0xe0,0xe0,0xff,
    0xe0,0xe0,0xe0,0xff,0xe0,0xe0,0xe0,0xff,0x60,0x60,0xa0,0xff,0x00,0x00,0x40,0xff,
    0x40,0x40,0xe0,0xff,0x40,0x40,0xe0,0xff,0x40,0x40,0xe0,0xff,0x20,0x20,0xe0,0xff,
    0x20,0x00,0xa0,0xff,0x20,0x00,0xa0,0xff,0x00,0x00,0x40,0xff,0x20,0x00,0xa0,0xff,
    0x20,0x20,0xe0,0xff,0x20,0x20,0xe0,0xff,0x40,0x40,0xe0,0xff,0x40,0x40,0xe0,0xff,
    0x40,0x40,0xe0,0xff,0x20,0x20,0xe0,0xff,0x20,0x00,0xa0,0xff,0x20,0x20,0xe0,0xff,
    0x40,0x40,0xe0,0xff,0x40,0x40,0xe0,0xff,0x40,0x40,0xe0,0xff,0x40,0x40,0xe0,0xff,
    0x20,0x00,0xa0,0xff,0x00,0x00,0x40,0xff,0x00,0x00,0x00,0x00,0x00,0x00,0x00,0x00,
    0x00,0x00,0x00,0x00,0x00,0x00,0x00,0x00,0x00,0x00,0x00,0x00,0x00,0x00,0x00,0x00,
    0x00,0x00,0x00,0x00,0x00,0x00,0x00,0x00,0x00,0x00,0x00,0x00,0x00,0x00,0x00,0x00,
    0x00,0x00,0x00,0x00,0x00,0x00,0x00,0x00,0x00,0x00,0x00,0x00,0x00,0x00,0x00,0x00,
    0x00,0x00,0x00,0x00,0x00,0x00,0x00,0x00,0x00,0x00,0x00,0x00,0x00,0x00,0x00,0x00,
    0x00,0x00,0x00,0x00,0x00,0x00,0x00,0x00,0x00,0x00,0x00,0x00,0x00,0x00,0x00,0x00,
    0x00,0x00,0x00,0x00,0x00,0x00,0x00,0x00,0x00,0x00,0x00,0x00,0x00,0x00,0x40,0xff,
    0x20,0x00,0xa0,0xff,0x40,0x40,0xe0,0xff,0x40,0x40,0xe0,0xff,0x40,0x40,0xe0,0xff,
    0x20,0x20,0xe0,0xff,0x20,0x00,0xa0,0xff,0x00,0x00,0x40,0xff,0x20,0x00,0xa0,0xff,
    0x20,0x20,0xe0,0xff,0x40,0x40,0xe0,0xff,0x40,0x40,0xe0,0xff,0x40,0x40,0xe0,0xff,
    0x40,0x40,0xe0,0xff,0x20,0x20,0xe0,0xff,0x20,0x00,0xa0,0xff,0x20,0x00,0xa0,0xff,
    0x40,0x40,0xe0,0xff,0x40,0x40,0xe0,0xff,0x40,0x40,0xe0,0xff,0x40,0x40,0xe0,0xff,
    0x20,0x20,0xe0,0xff,0x00,0x00,0x40,0xff,0x00,0x00,0x00,0x00,0x00,0x00,0x00,0x00,
    0x00,0x00,0x00,0x00,0x00,0x00,0x00,0x00,0x00,0x00,0x00,0x00,0x00,0x00,0x00,0x00,
    0x00,0x00,0x00,0x00,0x00,0x00,0x00,0x00,0x00,0x00,0x00,0x00,0x00,0x00,0x00,0x00,
    0x00,0x00,0x00,0x00,0x00,0x00,0x00,0x00,0x00,0x00,0x00,0x00,0x00,0x00,0x00,0x00,
    0x00,0x00,0x00,0x00,0x00,0x00,0x00,0x00,0x00,0x00,0x00,0x00,0x00,0x00,0x00,0x00,
    0x00,0x00,0x00,0x00,0x00,0x00,0x00,0x00,0x00,0x00,0x00,0x00,0x00,0x00,0x40,0xff,
    0x20,0x20,0xe0,0xff,0x20,0x00,0xa0,0xff,0x00,0x00,0x40,0xff,0x20,0x00,0xa0,0xff,
    0x20,0x00,0xa0,0xff,0x20,0x00,0xa0,0xff,0x00,0x00,0x40,0xff,0x00,0x00,0x40,0xff,
    0x20,0x00,0xa0,0xff,0x20,0x20,0xe0,0xff,0x40,0x40,0xe0,0xff,0x40,0x40,0xe0,0xff,
    0x40,0x40,0xe0,0xff,0x20,0x20,0xe0,0xff,0x20,0x00,0xa0,0xff,0x00,0x00,0x40,0xff,
    0x00,0x00,0x40,0xff,0x20,0x00,0xa0,0xff,0x20,0x00,0xa0,0xff,0x20,0x00,0xa0,0xff,
    0x00,0x00,0x40,0xff,0x20,0x00,0xa0,0xff,0x20,0x20,0xe0,0xff,0x00,0x00,0x40,0xff,
    0x00,0x00,0x00,0x00,0x00,0x00,0x00,0x00,0x00,0x00,0x00,0x00,0x00,0x00,0x00,0x00,
    0x00,0x00,0x00,0x00,0x00,0x00,0x00,0x00,0x00,0x00,0x00,0x00,0x00,0x00,0x00,0x00,
    0x00,0x00,0x00,0x00,0x00,0x00,0x00,0x00,0x00,0x00,0x00,0x00,0x00,0x00,0x00,0x00,
    0x00,0x00,0x00,0x00,0x00,0x00,0x00,0x00,0x00,0x00,0x00,0x00,0x00,0x00,0x00,0x00,
    0x00,0x00,0x00,0x00,0x00,0x00,0x00,0x00,0x00,0x00,0x00,0x00,0x00,0x00,0x00,0x00,
    0x00,0x00,0x00,0x00,0x00,0x00,0x00,0x00,0x00,0x00,0x40,0xff,0x20,0x20,0xe0,0xff,
    0x40,0x40,0xe0,0xff,0x40,0x40,0xe0,0xff,0x40,0x40,0xe0,0xff,0x40,0x40,0xe0,0xff,
    0x20,0x00,0xa0,0xff,0x20,0x00,0xa0,0xff,0x20,0x20,0xe0,0xff,0x40,0x40,0xe0,0xff,
    0x40,0x40,0xe0,0xff,0x40,0x40,0xe0,0xff,0x40,0x40,0xe0,0xff,0x20,0x20,0xe0,0xff,
    0x20,0x00,0xa0,0xff,0x00,0x00,0x40,0xff,0x20,0x00,0xa0,0xff,0x20,0x20,0xe0,0xff,
    0x40,0x40,0xe0,0xff,0x40,0x40,0xe0,0xff,0x40,0x40,0xe0,0xff,0x20,0x00,0xa0,0xff,
    0x00,0x00,0x40,0xff,0x00,0x00,0x00,0x00,0x00,0x00,0x00,0x00,0x00,0x00,0x00,0x00,
    0x00,0x00,0x00,0x00,0x00,0x00,0x00,0x00,0x00,0x00,0x00,0x00,0x00,0x00,0x00,0x00,
    0x00,0x00,0x00,0x00,0x00,0x00,0x00,0x00,0x00,0x00,0x00,0x00,0x00,0x00,0x00,0x00,
    0x00,0x00,0x00,0x00,0x00,0x00,0x00,0x00,0x00,0x00,0x00,0x00,0x00,0x00,0x00,0x00,
    0x00,0x00,0x00,0x00,0x00,0x00,0x00,0x00,0x00,0x00,0x00,0x00,0x00,0x00,0x00,0x00,
    0x00,0x00,0x00,0x00,0x00,0x00,0x00,0x00,0x00,0x00,0x00,0x00,0x00,0x00,0x00,0x00,
    0x00,0x00,0x00,0x00,0x00,0x00,0x00,0x00,0x00,0x00,0x40,0xff,0x20,0x00,0xa0,0xff,
    0x40,0x40,0xe0,0xff,0x40,0x40,0xe0,0xff,0x40,0x40,0xe0,0xff,0x40,0x40,0xe0,0xff,
    0x20,0x20,0xe0,0xff,0x20,0x00,0xa0,0xff,0x20,0x20,0xe0,0xff,0x40,0x40,0xe0,0xff,
    0x40,0x40,0xe0,0xff,0x40,0x40,0xe0,0xff,0x20,0x20,0xe0,0xff,0x20,0x20,0xe0,0xff,
    0x20,0x00,0xa0,0xff,0x00,0x00,0x40,0xff,0x20,0x00,0xa0,0xff,0x20,0x00,0xa0,0xff,
    0x20,0x20,0xe0,0xff,0x40,0x40,0xe0,0xff,0x40,0x40,0xe0,0xff,0x40,0x40,0xe0,0xff,
    0x00,0x00,0x40,0xff,0x60,0x60,0xa0,0xff,0xe0,0xe0,0xe0,0xff,0xe0,0xe0,0xe0,0xff,
    0xe0,0xe0,0xe0,0xff,0xe0,0xe0,0xe0,0xff,0x60,0x60,0xa0,0xff,0x00,0x00,0x00,0x00,
    0x00,0x00,0x00,0x00,0x00,0x00,0x00,0x00,0x00,0x00,0x00,0x00,0x00,0x00,0x00,0x00,
    0x00,0x00,0x00,0x00,0x00,0x00,0x00,0x00,0x00,0x00,0x00,0x00,0x00,0x00,0x00,0x00,
    0x00,0x00,0x00,0x00,0x00,0x00,0x00,0x00,0x00,0x00,0x00,0x00,0x00,0x00,0x00,0x00,
    0x00,0x00,0x00,0x00,0x00,0x00,0x00,0x00,0x00,0x00,0x00,0x00,0x00,0x00,0x00,0x00,
    0x00,0x00,0x00,0x00,0x00,0x00,0x40,0xff,0x20,0x00,0xa0,0xff,0x40,0x40,0xe0,0xff,
    0x20,0x20,0xe0,0xff,0x20,0x00,0xa0,0xff,0x00,0x00,0x40,0xff,0x00,0x00,0x40,0xff,
    0x20,0x00,0xa0,0xff,0x20,0x20,0xe0,0xff,0x20,0x20,0xe0,0xff,0x40,0x40,0xe0,0xff,
    0x20,0x20,0xe0,0xff,0x20,0x00,0xa0,0xff,0x00,0x00,0x40,0xff,0x00,0x00,0x40,0xff,
    0x20,0x20,0xe0,0xff,0x00,0x00,0x40,0xff,0x00,0x00,0x40,0xff,0x20,0x00,0xa0,0xff,
    0x20,0x20,0xe0,0xff,0x40,0x40,0xe0,0xff,0x40,0x40,0xe0,0xff,0x20,0x20,0xe0,0xff,
    0x20,0x00,0xa0,0xff,0x00,0x00,0x40,0xff,0x80,0x40,0x20,0xff,0xe0,0xa0,0x80,0xff,
    0xe0,0xa0,0x80,0xff,0x00,0x00,0x00,0x00,0x00,0x00,0x00,0x00,0x00,0x00,0x00,0x00,
    0x00,0x00,0x00,0x00,0x00,0x00,0x00,0x00,0x00,0x00,0x00,0x00,0x00,0x00,0x00,0x00,
    0x00,0x00,0x00,0x00,0x00,0x00,0x00,0x00,0x00,0x00,0x00,0x00,0x00,0x00,0x00,0x00,
    0x00,0x00,0x00,0x00,0x00,0x00,0x00,0x00,0x00,0x00,0x00,0x00,0x00,0x00,0x00,0x00,
    0x00,0x00,0x00,0x00,0x00,0x00,0x00,0x00,0x00,0x00,0x00,0x00,0x00,0x00,0x00,0x00,
    0x00,0x00,0x00,0x00,0x00,0x00,0x00,0x00,0x00,0x00,0x40,0xff,0x20,0x00,0xa0,0xff,
    0x40,0x40,0xe0,0xff,0x40,0x40,0xe0,0xff,0x40,0x40,0xe0,0xff,0x40,0x40,0xe0,0xff,
    0x20,0x20,0xe0,0xff,0x20,0x00,0xa0,0xff,0x20,0x20,0xe0,0xff,0x40,0x40,0xe0,0xff,
    0x40,0x40,0xe0,0xff,0x40,0x40,0xe0,0xff,0x20,0x20,0xe0,0xff,0x20,0x20,0xe0,0xff,
    0x20,0x00,0xa0,0xff,0x00,0x00,0x40,0xff,0x20,0x00,0xa0,0xff,0x20,0x00,0xa0,0xff,
    0x20,0x20,0xe0,0xff,0x40,0x40,0xe0,0xff,0x40,0x40,0xe0,0xff,0x40,0x40,0xe0,0xff,
    0x00,0x00,0x40,0xff,0x60,0x60,0xa0,0xff,0xe0,0xe0,0xe0,0xff,0xe0,0xe0,0xe0,0xff,
    0xe0,0xe0,0xe0,0xff,0xe0,0xe0,0xe0,0xff,0x60,0x60,0xa0,0xff,0x00,0x00,0x00,0x00,
    0x00,0x00,0x00,0x00,0x00,0x00,0x00,0x00,0x00,0x00,0x00,0x00,0x00,0x00,0x00,0x00,
    0x00,0x00,0x00,0x00,0x00,0x00,0x00,0x00,0x00,0x00,0x00,0x00,0x00,0x00,0x00,0x00,
    0x00,0x00,0x00,0x00,0x00,0x00,0x00,0x00,0x00,0x00,0x00,0x00,0x00,0x00,0x00,0x00,
    0x00,0x00,0x00,0x00,0x00,0x00,0x00,0x00,0x00,0x00,0x00,0x00,0x00,0x00,0x00,0x00,
    0x00,0x00,0x00,0x00,0x00,0x00,0x00,0x00,0x00,0x00,0x40,0xff,0x20,0x20,0xe0,0xff,
    0x40,0x40,0xe0,0xff,0x40,0x40,0xe0,0xff,0x40,0x40,0xe0,0xff,0x40,0x40,0xe0,0xff,
    0x20,0x00,0xa0,0xff,0x20,0x00,0xa0,0xff,0x20,0x20,0xe0,0xff,0x40,0x40,0xe0,0xff,
    0x40,0x40,0xe0,0xff,0x40,0x40,0xe0,0xff,0x40,0x40,0xe0,0xff,0x20,0x20,0xe0,0xff,
    0x20,0x00,0xa0,0xff,0x00,0x00,0x40,0xff,0x20,0x00,0xa0,0xff,0x20,0x20,0xe0,0xff,
    0x40,0x40,0xe0,0xff,0x40,0x40,0xe0,0xff,0x40,0x40,0xe0,0xff,0x20,0x00,0xa0,0xff,
    0x00,0x00,0x40,0xff,0x00,0x00,0x00,0x00,0x00,0x00,0x00,0x00,0x00,0x00,0x00,0x00,
    0x00,0x00,0x00,0x00,0x00,0x00,0x00,0x00,0x00,0x00,0x00,0x00,0x00,0x00,0x00,0x00,
    0x00,0x00,0x00,0x00,0x00,0x00,0x00,0x00,0x00,0x00,0x00,0x00,0x00,0x00,0x00,0x00,
    0x00,0x00,0x00,0x00,0x00,0x00,0x00,0x00,0x00,0x00,0x00,0x00,0x00,0x00,0x00,0x00,
    0x00,0x00,0x00,0x00,0x00,0x00,0x00,0x00,0x00,0x00,0x00,0x00,0x00,0x00,0x00,0x00,
    0x00,0x00,0x00,0x00,0x00,0x00,0x00,0x00,0x00,0x00,0x00,0x00,0x00,0x00,0x00,0x00,
    0x00,0x00,0x00,0x00,0x00,0x00,0x00,0x00,0x00,0x00,0x00,0x00,0x00,0x00,0x00,0x00,
    0x20,0x20,0xe0,0xff,0x20,0x20,0xe0,0xff,0x20,0x20,0xe0,0xff,0x20,0x20,0xe0,0xff,
    0x20,0x20,0xe0,0xff,0x20,0x20,0xe0,0xff,0x20,0x20,0xe0,0xff,0x40,0x40,0xe0,0xff,
    0x40,0x40,0xe0,0xff,0xe0,0xe0,0xe0,0xff,0xe0,0xe0,0xe0,0xff,0xe0,0xe0,0xe0,0xff,
    0xe0,0xe0,0xe0,0xff,0x40,0x40,0xe0,0xff,0x40,0x40,0xe0,0xff,0x20,0x20,0xe0,0xff,
    0x20,0x20,0xe0,0xff,0x20,0x20,0xe0,0xff,0x20,0x20,0xe0,0xff,0x20,0x20,0xe0,0xff,
    0x20,0x20,0xe0,0xff,0x20,0x20,0xe0,0xff,0x00,0x00,0x00,0x00,0x00,0x00,0x00,0x00,
    0x00,0x00,0x00,0x00,0x00,0x00,0x00,0x00,0x00,0x00,0x00,0x00,0x00,0x00,0x00,0x00,
    0x00,0x00,0x00,0x00,0x00,0x00,0x00,0x00,0x00,0x00,0x00,0x00,0x00,0x00,0x00,0x00,
    0x00,0x00,0x00,0x00,0x00,0x00,0x00,0x00,0x00,0x00,0x00,0x00,0x00,0x00,0x00,0x00,
    0x00,0x00,0x00,0x00,0x00,0x00,0x00,0x00,0x00,0x00,0x00,0x00,0x00,0x00,0x00,0x00,
    0x00,0x00,0x00,0x00,0x00,0x00,0x00,0x00,0x00,0x00,0x00,0x00,0x00,0x00,0x00,0x00,
    0x00,0x00,0x00,0x00,0x00,0x00,0x00,0x00,0x00,0x00,0x00,0x00,0x00,0x00,0x00,0x00,
    0x00,0x00,0x40,0xff,0x20,0x00,0xa0,0xff,0x20,0x20,0xe0,0xff,0x20,0x00,0xa0,0xff,
    0x20,0x00,0xa0,0xff,0x20,0x20,0xe0,0xff,0x20,0x00,0xa0,0xff,0x20,0x00,0xa0,0xff,
    0x20,0x20,0xe0,0xff,0x20,0x20,0xe0,0xff,0x60,0x60,0xa0,0xff,0xe0,0xe0,0xe0,0xff,
    0x60,0x60,0xa0,0xff,0x20,0x20,0xe0,0xff,0x20,0x20,0xe0,0xff,0x20,0x20,0xe0,0xff,
    0x20,0x00,0xa0,0xff,0x20,0x00,0xa0,0xff,0x20,0x20,0xe0,0xff,0x20,0x00,0xa0,0xff,
    0x20,0x00,0xa0,0xff,0x20,0x00,0xa0,0xff,0x00,0x00,0x00,0x00,0x00,0x00,0x00,0x00,
    0x00,0x00,0x00,0x00,0x00,0x00,0x00,0x00,0x00,0x00,0x00,0x00,0x00,0x00,0x00,0x00,
    0x00,0x00,0x00,0x00,0x00,0x00,0x00,0x00,0x00,0x00,0x00,0x00,0x00,0x00,0x00,0x00,
    0x00,0x00,0x00,0x00,0x00,0x00,0x00,0x00,0x00,0x00,0x00,0x00,0x00,0x00,0x00,0x00,
    0x00,0x00,0x00,0x00,0x00,0x00,0x00,0x00,0x00,0x00,0x00,0x00,0x00,0x00,0x00,0x00,
    0x00,0x00,0x00,0x00,0x00,0x00,0x00,0x00,0x00,0x00,0x00,0x00,0x00,0x00,0x00,0x00,
    0x00,0x00,0x00,0x00,0x00,0x00,0x00,0x00,0x00,0x00,0x00,0x00,0x00,0x00,0x00,0x00,
    0x00,0x00,0x40,0xff,0x20,0x00,0xa0,0xff,0x20,0x20,0xe0,0xff,0x20,0x00,0xa0,0xff,
    0x20,0x00,0xa0,0xff,0x20,0x00,0xa0,0xff,0x20,0x00,0xa0,0xff,0x20,0x00,0xa0,0xff,
    0x20,0x20,0xe0,0xff,0x20,0x20,0xe0,0xff,0x20,0x20,0xe0,0xff,0x20,0x20,0xe0,0xff,
    0x20,0x20,0xe0,0xff,0x20,0x20,0xe0,0xff,0x20,0x20,0xe0,0xff,0x20,0x20,0xe0,0xff,
    0x20,0x00,0xa0,0xff,0x20,0x00,0xa0,0xff,0x20,0x00,0xa0,0xff,0x20,0x00,0xa0,0xff,
    0x20,0x00,0xa0,0xff,0x00,0x00,0x40,0xff,0x00,0x00,0x00,0x00,0x00,0x00,0x00,0x00,
    0x00,0x00,0x00,0x00,0x00,0x00,0x00,0x00,0x00,0x00,0x00,0x00,0x00,0x00,0x00,0x00,
    0x00,0x00,0x00,0x00,0x00,0x00,0x00,0x00,0x00,0x00,0x00,0x00,0x00,0x00,0x00,0x00,
    0x00,0x00,0x00,0x00,0x00,0x00,0x00,0x00,0x00,0x00,0x00,0x00,0x00,0x00,0x00,0x00,
    0x00,0x00,0x00,0x00,0x00,0x00,0x00,0x00,0x00,0x00,0x00,0x00,0x00,0x00,0x00,0x00,
    0x00,0x00,0x00,0x00,0x00,0x00,0x00,0x00,0x00,0x00,0x00,0x00,0x00,0x00,0x00,0x00,
    0x00,0x00,0x00,0x00,0x00,0x00,0x00,0x00,0x00,0x00,0x00,0x00,0x00,0x00,0x00,0x00,
    0x00,0x00,0x40,0xff,0x00,0x00,0x40,0xff,0x60,0x60,0xa0,0xff,0xe0,0xe0,0xe0,0xff,
    0x40,0x40,0xe0,0xff,0x20,0x20,0xe0,0xff,0x20,0x20,0xe0,0xff,0x20,0x20,0xe0,0xff,
    0x20,0x00,0xa0,0xff,0x20,0x20,0xe0,0xff,0x20,0x20,0xe0,0xff,0x60,0x60,0xa0,0xff,
    0x60,0x60,0xa0,0xff,0x60,0x60,0xa0,0xff,0x20,0x20,0xe0,0xff,0x20,0x20,0xe0,0xff,
    0x20,0x00,0xa0,0xff,0x20,0x20,0xe0,0xff,0x20,0x20,0xe0,0xff,0x20,0x20,0xe0,0xff,
    0x40,0x40,0xe0,0xff,0xe0,0xe0,0xe0,0xff,0x60,0x60,0xa0,0xff,0x00,0x00,0x40,0xff,
    0x00,0x00,0x40,0xff,0x00,0x00,0x00,0x00,0x00,0x00,0x00,0x00,0x00,0x00,0x00,0x00,
    0x00,0x00,0x00,0x00,0x00,0x00,0x00,0x00,0x00,0x00,0x00,0x00,0x00,0x00,0x00,0x00,
    0x00,0x00,0x00,0x00,0x00,0x00,0x00,0x00,0x00,0x00,0x00,0x00,0x00,0x00,0x00,0x00,
    0x00,0x00,0x00,0x00,0x00,0x00,0x00,0x00,0x00,0x00,0x00,0x00,0x00,0x00,0x00,0x00,
    0x00,0x00,0x00,0x00,0x00,0x00,0x00,0x00,0x00,0x00,0x00,0x00,0x00,0x00,0x00,0x00,
    0x00,0x00,0x00,0x00,0x00,0x00,0x00,0x00,0x00,0x00,0x00,0x00,0x20,0x00,0xa0,0xff,
    0x20,0x20,0xe0,0xff,0x00,0x00,0x40,0xff,0x20,0x00,0xa0,0xff,0x20,0x20,0xe0,0xff,
    0x20,0x20,0xe0,0xff,0x00,0x00,0x40,0xff,0x00,0x00,0x40,0xff,0x00,0x00,0x40,0xff,
    0x20,0x00,0xa0,0xff,0x20,0x20,0xe0,0xff,0x40,0x40,0xe0,0xff,0x40,0x40,0xe0,0xff,
    0x40,0x40,0xe0,0xff,0x20,0x20,0xe0,0xff,0x20,0x00,0xa0,0xff,0x00,0x00,0x40,0xff,
    0x00,0x00,0x40,0xff,0x00,0x00,0x40,0xff,0x20,0x20,0xe0,0xff,0x20,0x20,0xe0,0xff,
    0x20,0x00,0xa0,0xff,0x00,0x00,0x40,0xff,0x20,0x20,0xe0,0xff,0x20,0x00,0xa0,0xff,
    0x00,0x00,0x00,0x00,0x00,0x00,0x00,0x00,0x00,0x00,0x00,0x00,0x00,0x00,0x00,0x00,
    0x00,0x00,0x00,0x00,0x00,0x00,0x00,0x00,0x00,0x00,0x00,0x00,0x00,0x00,0x00,0x00,
    0x00,0x00,0x00,0x00,0x00,0x00,0x00,0x00,0x00,0x00,0x00,0x00,0x00,0x00,0x00,0x00,
    0x00,0x00,0x00,0x00,0x00,0x00,0x00,0x00,0x00,0x00,0x00,0x00,0x00,0x00,0x00,0x00,
    0x00,0x00,0x00,0x00,0x00,0x00,0x00,0x00,0x00,0x00,0x00,0x00,0x00,0x00,0x00,0x00,
    0x00,0x00,0x00,0x00,0x00,0x00,0x00,0x00,0x00,0x00,0x00,0x00,0x20,0x00,0xa0,0xff,
    0x20,0x20,0xe0,0xff,0x00,0x00,0x40,0xff,0x20,0x00,0xa0,0xff,0x20,0x20,0xe0,0xff,
    0x20,0x20,0xe0,0xff,0x00,0x00,0x40,0xff,0x00,0x00,0x40,0xff,0x00,0x00,0x40,0xff,
    0x20,0x00,0xa0,0xff,0x20,0x20,0xe0,0xff,0x40,0x40,0xe0,0xff,0x40,0x40,0xe0,0xff,
    0x40,0x40,0xe0,0xff,0x20,0x20,0xe0,0xff,0x20,0x00,0xa0,0xff,0x00,0x00,0x40,0xff,
    0x00,0x00,0x40,0xff,0x00,0x00,0x40,0xff,0x20,0x20,0xe0,0xff,0x20,0x20,0xe0,0xff,
    0x20,0x00,0xa0,0xff,0x00,0x00,0x40,0xff,0x20,0x20,0xe0,0xff,0x20,0x00,0xa0,0xff,
    0x00,0x00,0x00,0x00,0x00,0x00,0x00,0x00,0x00,0x00,0x00,0x00,0x00,0x00,0x00,0x00,
    0x00,0x00,0x00,0x00,0x00,0x00,0x00,0x00,0x00,0x00,0x00,0x00,0x00,0x00,0x00,0x00,
    0x00,0x00,0x00,0x00,0x00,0x00,0x00,0x00,0x00,0x00,0x00,0x00,0x00,0x00,0x00,0x00,
    0x00,0x00,0x00,0x00,0x00,0x00,0x00,0x00,0x00,0x00,0x00,0x00,0x00,0x00,0x00,0x00,
    0x00,0x00,0x00,0x00,0x00,0x00,0x00,0x00,0x00,0x00,0x00,0x00,0x00,0x00,0x00,0x00,
    0x00,0x00,0x00,0x00,0x60,0x60,0xa0,0xff,0xe0,0xe0,0xe0,0xff,0xe0,0xe0,0xe0,0xff,
    0xe0,0xe0,0xe0,0xff,0x60,0x60,0xa0,0xff,0x80,0x40,0x20,0xff,0x00,0x00,0x40,0xff,
    0x40,0x40,0xe0,0xff,0x40,0x40,0xe0,0xff,0x20,0x20,0xe0,0xff,0x20,0x00,0xa0,0xff,
    0x00,0x00,0x40,0xff,0x00,0x00,0x40,0xff,0x00,0x00,0x40,0xff,0x00,0x00,0x40,0xff,
    0x20,0x00,0xa0,0xff,0x20,0x20,0xe0,0xff,0x20,0x20,0xe0,0xff,0x40,0x40,0xe0,0xff,
    0x40,0x40,0xe0,0xff,0x20,0x00,0xa0,0xff,0x00,0x00,0x40,0xff,0x00,0x00,0x40,0xff,
    0x20,0x20,0xe0,0xff,0x40,0x40,0xe0,0xff,0x40,0x40,0xe0,0xff,0x40,0x40,0xe0,0xff,
    0x20,0x00,0xa0,0xff,0x00,0x00,0x40,0xff,0x00,0x00,0x00,0x00,0x00,0x00,0x00,0x00,
    0x00,0x00,0x00,0x00,0x00,0x00,0x00,0x00,0x00,0x00,0x00,0x00,0x00,0x00,0x00,0x00,
    0x00,0x00,0x00,0x00,0x00,0x00,0x00,0x00,0x00,0x00,0x00,0x00,0x00,0x00,0x00,0x00,
    0x00,0x00,0x00,0x00,0x00,0x00,0x00,0x00,0x00,0x00,0x00,0x00,0x00,0x00,0x00,0x00,
    0x00,0x00,0x00,0x00,0x00,0x00,0x00,0x00,0x00,0x00,0x00,0x00,0x00,0x00,0x00,0x00,
    0x00,0x00,0x00,0x00,0xe0,0xe0,0xe0,0xff,0xe0,0xe0,0xe0,0xff,0x80,0x40,0x20,0xff,
    0x00,0x00,0x40,0xff,0x20,0x00,0xa0,0xff,0x20,0x20,0xe0,0xff,0x40,0x40,0xe0,0xff,
    0x20,0x20,0xe0,0xff,0x20,0x00,0xa0,0xff,0x00,0x00,0x40,0xff,0x00,0x00,0x40,0xff,
    0x20,0x20,0xe0,0xff,0x20,0x20,0xe0,0xff,0x00,0x00,0x40,0xff,0x00,0x00,0x40,0xff,
    0x20,0x00,0xa0,0xff,0x20,0x20,0xe0,0xff,0x20,0x20,0xe0,0xff,0x20,0x20,0xe0,0xff,
    0x20,0x00,0xa0,0xff,0x00,0x00,0x40,0xff,0x00,0x00,0x00,0x00,0x00,0x00,0x00,0x00,
    0x00,0x00,0x40,0xff,0x00,0x00,0x40,0xff,0x20,0x00,0xa0,0xff,0x20,0x00,0xa0,0xff,
    0x00,0x00,0x40,0xff,0x00,0x00,0x00,0x00,0x00,0x00,0x00,0x00,0x00,0x00,0x00,0x00,
    0x00,0x00,0x00,0x00,0x00,0x00,0x00,0x00,0x00,0x00,0x00,0x00,0x00,0x00,0x00,0x00,
    0x00,0x00,0x00,0x00,0x00,0x00,0x00,0x00,0x00,0x00,0x00,0x00,0x00,0x00,0x00,0x00,
    0x00,0x00,0x00,0x00,0x00,0x00,0x00,0x00,0x00,0x00,0x00,0x00,0x00,0x00,0x00,0x00,
    0x00,0x00,0x00,0x00,0x00,0x00,0x00,0x00,0x00,0x00,0x00,0x00,0x00,0x00,0x00,0x00,
    0x00,0x00,0x00,0x00,0x60,0x60,0xa0,0xff,0xe0,0xe0,0xe0,0xff,0xe0,0xe0,0xe0,0xff,
    0xe0,0xe0,0xe0,0xff,0x60,0x60,0xa0,0xff,0x80,0x40,0x20,0xff,0x00,0x00,0x40,0xff,
    0x40,0x40,0xe0,0xff,0x40,0x40,0xe0,0xff,0x20,0x20,0xe0,0xff,0x20,0x00,0xa0,0xff,
    0x00,0x00,0x40,0xff,0x00,0x00,0x40,0xff,0x00,0x00,0x40,0xff,0x00,0x00,0x40,0xff,
    0x20,0x00,0xa0,0xff,0x20,0x20,0xe0,0xff,0x20,0x20,0xe0,0xff,0x40,0x40,0xe0,0xff,
    0x40,0x40,0xe0,0xff,0x20,0x00,0xa0,0xff,0x00,0x00,0x40,0xff,0x00,0x00,0x40,0xff,
    0x20,0x20,0xe0,0xff,0x40,0x40,0xe0,0xff,0x40,0x40,0xe0,0xff,0x40,0x40,0xe0,0xff,
    0x20,0x00,0xa0,0xff,0x00,0x00,0x40,0xff,0x00,0x00,0x00,0x00,0x00,0x00,0x00,0x00,
    0x00,0x00,0x00,0x00,0x00,0x00,0x00,0x00,0x00,0x00,0x00,0x00,0x00,0x00,0x00,0x00,
    0x00,0x00,0x00,0x00,0x00,0x00,0x00,0x00,0x00,0x00,0x00,0x00,0x00,0x00,0x00,0x00,
    0x00,0x00,0x00,0x00,0x00,0x00,0x00,0x00,0x00,0x00,0x00,0x00,0x00,0x00,0x00,0x00,
    0x00,0x00,0x00,0x00,0x00,0x00,0x00,0x00,0x00,0x00,0x00,0x00,0x00,0x00,0x00,0x00,
    0x00,0x00,0x00,0x00,0x00,0x00,0x00,0x00,0x00,0x00,0x00,0x00,0x00,0x00,0x00,0x00,
    0x00,0x00,0x00,0x00,0x00,0x00,0x00,0x00,0x00,0x00,0x00,0x00,0x00,0x00,0x40,0xff,
    0x40,0x40,0xe0,0xff,0x40,0x40,0xe0,0xff,0x40,0x40,0xe0,0xff,0x40,0x40,0xe0,0xff,
    0x20,0x20,0xe0,0xff,0x00,0x00,0x40,0xff,0x00,0x00,0x40,0xff,0x00,0x00,0x40,0xff,
    0x20,0x00,0xa0,0xff,0x20,0x20,0xe0,0xff,0x40,0x40,0xe0,0xff,0x40,0x40,0xe0,0xff,
    0x40,0x40,0xe0,0xff,0x20,0x20,0xe0,0xff,0x20,0x00,0xa0,0xff,0x20,0x00,0xa0,0xff,
    0x20,0x00,0xa0,0xff,0x40,0x40,0xe0,0xff,0x40,0x40,0xe0,0xff,0x40,0x40,0xe0,0xff,
    0x40,0x40,0xe0,0xff,0x00,0x00,0x40,0xff,0x00,0x00,0x00,0x00,0x00,0x00,0x00,0x00,
    0x00,0x00,0x00,0x00,0x00,0x00,0x00,0x00,0x00,0x00,0x00,0x00,0x00,0x00,0x00,0x00,
    0x00,0x00,0x00,0x00,0x00,0x00,0x00,0x00,0x00,0x00,0x00,0x00,0x00,0x00,0x00,0x00,
    0x00,0x00,0x00,0x00,0x00,0x00,0x00,0x00,0x00,0x00,0x00,0x00,0x00,0x00,0x00,0x00,
    0x00,0x00,0x00,0x00,0x00,0x00,0x00,0x00,0x00,0x00,0x00,0x00,0x00,0x00,0x00,0x00,
    0x00,0x00,0x00,0x00,0x00,0x00,0x00,0x00,0x00,0x00,0x00,0x00,0x20,0x00,0xa0,0xff,
    0x20,0x20,0xe0,0xff,0x00,0x00,0x40,0xff,0x20,0x00,0xa0,0xff,0x20,0x20,0xe0,0xff,
    0x20,0x20,0xe0,0xff,0x00,0x00,0x40,0xff,0x00,0x00,0x40,0xff,0x00,0x00,0x40,0xff,
    0x20,0x00,0xa0,0xff,0x20,0x20,0xe0,0xff,0x40,0x40,0xe0,0xff,0x40,0x40,0xe0,0xff,
    0x40,0x40,0xe0,0xff,0x20,0x20,0xe0,0xff,0x20,0x00,0xa0,0xff,0x00,0x00,0x40,0xff,
    0x00,0x00,0x40,0xff,0x00,0x00,0x40,0xff,0x20,0x20,0xe0,0xff,0x20,0x20,0xe0,0xff,
    0x20,0x00,0xa0,0xff,0x00,0x00,0x40,0xff,0x20,0x20,0xe0,0xff,0x20,0x00,0xa0,0xff,
    0x00,0x00,0x00,0x00,0x00,0x00,0x00,0x00,0x00,0x00,0x00,0x00,0x00,0x00,0x00,0x00,
    0x00,0x00,0x00,0x00,0x00,0x00,0x00,0x00,0x00,0x00,0x00,0x00,0x00,0x00,0x00,0x00,
    0x00,0x00,0x00,0x00,0x00,0x00,0x00,0x00,0x00,0x00,0x00,0x00,0x00,0x00,0x00,0x00,
    0x00,0x00,0x00,0x00,0x00,0x00,0x00,0x00,0x00,0x00,0x00,0x00,0x00,0x00,0x00,0x00,
    0x00,0x00,0x00,0x00,0x00,0x00,0x00,0x00,0x00,0x00,0x00,0x00,0x00,0x00,0x00,0x00,
    0x00,0x00,0x00,0x00,0x00,0x00,0x00,0x00,0x00,0x00,0x40,0xff,0x40,0x40,0xe0,0xff,
    0x40,0x40,0xe0,0xff,0x40,0x40,0xe0,0xff,0x40,0x40,0xe0,0xff,0x20,0x00,0xa0,0xff,
    0x20,0x00,0xa0,0xff,0x20,0x00,0xa0,0xff,0x20,0x20,0xe0,0xff,0x40,0x40,0xe0,0xff,
    0x40,0x40,0xe0,0xff,0x40,0x40,0xe0,0xff,0x20,0x20,0xe0,0xff,0x20,0x00,0xa0,0xff,
    0x00,0x00,0x40,0xff,0x00,0x00,0x40,0xff,0x00,0x00,0x40,0xff,0x20,0x20,0xe0,0xff,
    0x40,0x40,0xe0,0xff,0x40,0x40,0xe0,0xff,0x40,0x40,0xe0,0xff,0x40,0x40,0xe0,0xff,
    0x00,0x00,0x40,0xff,0x00,0x00,0x00,0x00,0x00,0x00,0x00,0x00,0x00,0x00,0x00,0x00,
    0x00,0x00,0x00,0x00,0x00,0x00,0x00,0x00,0x00,0x00,0x00,0x00,0x00,0x00,0x00,0x00,
    0x00,0x00,0x00,0x00,0x00,0x00,0x00,0x00,0x00,0x00,0x00,0x00,0x00,0x00,0x00,0x00,
    0x00,0x00,0x00,0x00,0x00,0x00,0x00,0x00,0x00,0x00,0x00,0x00,0x00,0x00,0x00,0x00,
    0x00,0x00,0x00,0x00,0x00,0x00,0x00,0x00,0x00,0x00,0x00,0x00,0x00,0x00,0x00,0x00,
    0x00,0x00,0x00,0x00,0x00,0x00,0x00,0x00,0x00,0x00,0x00,0x00,0x00,0x00,0x00,0x00,
    0x00,0x00,0x00,0x00,0x00,0x00,0x00,0x00,0x00,0x00,0x40,0xff,0x20,0x00,0xa0,0xff,
    0x40,0x40,0xe0,0xff,0x40,0x40,0xe0,0xff,0x40,0x40,0xe0,0xff,0x20,0x20,0xe0,0xff,
    0x00,0x00,0x40,0xff,0x00,0x00,0x40,0xff,0x20,0x00,0xa0,0xff,0x40,0x40,0xe0,0xff,
    0x40,0x40,0xe0,0xff,0x20,0x20,0xe0,0xff,0x20,0x20,0xe0,0xff,0x20,0x00,0xa0,0xff,
    0x00,0x00,0x40,0xff,0x00,0x00,0x40,0xff,0x00,0x00,0x40,0xff,0x00,0x00,0x40,0xff,
    0x20,0x00,0xa0,0xff,0x20,0x20,0xe0,0xff,0x40,0x40,0xe0,0xff,0x40,0x40,0xe0,0xff,
    0x00,0x00,0x40,0xff,0x80,0x40,0x20,0xff,0x60,0x60,0xa0,0xff,0xe0,0xe0,0xe0,0xff,
    0xe0,0xe0,0xe0,0xff,0xe0,0xe0,0xe0,0xff,0x60,0x60,0xa0,0xff,0x00,0x00,0x00,0x00,
    0x00,0x00,0x00,0x00,0x00,0x00,0x00,0x00,0x00,0x00,0x00,0x00,0x00,0x00,0x00,0x00,
    0x00,0x00,0x00,0x00,0x00,0x00,0x00,0x00,0x00,0x00,0x00,0x00,0x00,0x00,0x00,0x00,
    0x00,0x00,0x00,0x00,0x00,0x00,0x00,0x00,0x00,0x00,0x00,0x00,0x00,0x00,0x00,0x00,
    0x00,0x00,0x00,0x00,0x00,0x00,0x00,0x00,0x00,0x00,0x00,0x00,0x00,0x00,0x00,0x00,
    0x00,0x00,0x00,0x00,0x00,0x00,0x40,0xff,0x20,0x00,0xa0,0xff,0x20,0x00,0xa0,0xff,
    0x00,0x00,0x40,0xff,0x00,0x00,0x40,0xff,0x00,0x00,0x00,0x00,0x00,0x00,0x00,0x00,
    0x00,0x00,0x40,0xff,0x20,0x00,0xa0,0xff,0x20,0x20,0xe0,0xff,0x20,0x20,0xe0,0xff,
    0x20,0x20,0xe0,0xff,0x20,0x00,0xa0,0xff,0x00,0x00,0x40,0xff,0x00,0x00,0x40,0xff,
    0x20,0x20,0xe0,0xff,0x20,0x20,0xe0,0xff,0x00,0x00,0x40,0xff,0x00,0x00,0x40,0xff,
    0x20,0x00,0xa0,0xff,0x20,0x20,0xe0,0xff,0x40,0x40,0xe0,0xff,0x20,0x20,0xe0,0xff,
    0x20,0x00,0xa0,0xff,0x00,0x00,0x40,0xff,0x80,0x40,0x20,0xff,0xe0,0xe0,0xe0,0xff,
    0xe0,0xe0,0xe0,0xff,0x00,0x00,0x00,0x00,0x00,0x00,0x00,0x00,0x00,0x00,0x00,0x00,
    0x00,0x00,0x00,0x00,0x00,0x00,0x00,0x00,0x00,0x00,0x00,0x00,0x00,0x00,0x00,0x00,
    0x00,0x00,0x00,0x00,0x00,0x00,0x00,0x00,0x00,0x00,0x00,0x00,0x00,0x00,0x00,0x00,
    0x00,0x00,0x00,0x00,0x00,0x00,0x00,0x00,0x00,0x00,0x00,0x00,0x00,0x00,0x00,0x00,
    0x00,0x00,0x00,0x00,0x00,0x00,0x00,0x00,0x00,0x00,0x00,0x00,0x00,0x00,0x00,0x00,
    0x00,0x00,0x00,0x00,0x00,0x00,0x00,0x00,0x00,0x00,0x40,0xff,0x20,0x00,0xa0,0xff,
    0x40,0x40,0xe0,0xff,0x40,0x40,0xe0,0xff,0x40,0x40,0xe0,0xff,0x20,0x20,0xe0,0xff,
    0x00,0x00,0x40,0xff,0x00,0x00,0x40,0xff,0x20,0x00,0xa0,0xff,0x40,0x40,0xe0,0xff,
    0x40,0x40,0xe0,0xff,0x20,0x20,0xe0,0xff,0x20,0x20,0xe0,0xff,0x20,0x00,0xa0,0xff,
    0x00,0x00,0x40,0xff,0x00,0x00,0x40,0xff,0x00,0x00,0x40,0xff,0x00,0x00,0x40,0xff,
    0x20,0x00,0xa0,0xff,0x20,0x20,0xe0,0xff,0x40,0x40,0xe0,0xff,0x40,0x40,0xe0,0xff,
    0x00,0x00,0x40,0xff,0x80,0x40,0x20,0xff,0x60,0x60,0xa0,0xff,0xe0,0xe0,0xe0,0xff,
    0xe0,0xe0,0xe0,0xff,0xe0,0xe0,0xe0,0xff,0x60,0x60,0xa0,0xff,0x00,0x00,0x00,0x00,
    0x00,0x00,0x00,0x00,0x00,0x00,0x00,0x00,0x00,0x00,0x00,0x00,0x00,0x00,0x00,0x00,
    0x00,0x00,0x00,0x00,0x00,0x00,0x00,0x00,0x00,0x00,0x00,0x00,0x00,0x00,0x00,0x00,
    0x00,0x00,0x00,0x00,0x00,0x00,0x00,0x00,0x00,0x00,0x00,0x00,0x00,0x00,0x00,0x00,
    0x00,0x00,0x00,0x00,0x00,0x00,0x00,0x00,0x00,0x00,0x00,0x00,0x00,0x00,0x00,0x00,
    0x00,0x00,0x00,0x00,0x00,0x00,0x00,0x00,0x00,0x00,0x40,0xff,0x40,0x40,0xe0,0xff,
    0x40,0x40,0xe0,0xff,0x40,0x40,0xe0,0xff,0x40,0x40,0xe0,0xff,0x20,0x00,0xa0,0xff,
    0x20,0x00,0xa0,0xff,0x20,0x00,0xa0,0xff,0x20,0x20,0xe0,0xff,0x40,0x40,0xe0,0xff,
    0x40,0x40,0xe0,0xff,0x40,0x40,0xe0,0xff,0x20,0x20,0xe0,0xff,0x20,0x00,0xa0,0xff,
    0x00,0x00,0x40,0xff,0x00,0x00,0x40,0xff,0x00,0x00,0x40,0xff,0x20,0x20,0xe0,0xff,
    0x40,0x40,0xe0,0xff,0x40,0x40,0xe0,0xff,0x40,0x40,0xe0,0xff,0x40,0x40,0xe0,0xff,
    0x00,0x00,0x40,0xff,0x00,0x00,0x00,0x00,0x00,0x00,0x00,0x00,0x00,0x00,0x00,0x00,
    0x00,0x00,0x00,0x00,0x00,0x00,0x00,0x00,0x00,0x00,0x00,0x00,0x00,0x00,0x00,0x00,
    0x00,0x00,0x00,0x00,0x00,0x00,0x00,0x00,0x00,0x00,0x00,0x00,0x00,0x00,0x00,0x00,
    0x00,0x00,0x00,0x00,0x00,0x00,0x00,0x00,0x00,0x00,0x00,0x00,0x00,0x00,0x00,0x00,
    0x00,0x00,0x00,0x00,0x00,0x00,0x00,0x00,0x00,0x00,0x00,0x00,0x00,0x00,0x00,0x00,
    0x00,0x00,0x00,0x00,0x00,0x00,0x00,0x00,0x00,0x00,0x00,0x00,0x00,0x00,0x00,0x00,
    0x00,0x00,0x00,0x00,0x00,0x00,0x00,0x00,0x00,0x00,0x00,0x00,0x00,0x00,0x00,0x00,
    0x20,0x20,0xe0,0xff,0x20,0x20,0xe0,0xff,0x20,0x20,0xe0,0xff,0x20,0x20,0xe0,0xff,
    0x20,0x20,0xe0,0xff,0x20,0x20,0xe0,0xff,0x20,0x20,0xe0,0xff,0x40,0x40,0xe0,0xff,
    0x40,0x40,0xe0,0xff,0x40,0x40,0xe0,0xff,0xe0,0xe0,0xe0,0xff,0xe0,0xe0,0xe0,0xff,
    0x40,0x40,0xe0,0xff,0x40,0x40,0xe0,0xff,0x40,0x40,0xe0,0xff,0x20,0x20,0xe0,0xff,
    0x20,0x20,0xe0,0xff,0x20,0x20,0xe0,0xff,0x20,0x20,0xe0,0xff,0x20,0x20,0xe0,0xff,
    0x20,0x20,0xe0,0xff,0x20,0x20,0xe0,0xff,0x00,0x00,0x00,0x00,0x00,0x00,0x00,0x00,
    0x00,0x00,0x00,0x00,0x00,0x00,0x00,0x00,0x00,0x00,0x00,0x00,0x00,0x00,0x00,0x00,
    0x00,0x00,0x00,0x00,0x00,0x00,0x00,0x00,0x00,0x00,0x00,0x00,0x00,0x00,0x00,0x00,
    0x00,0x00,0x00,0x00,0x00,0x00,0x00,0x00,0x00,0x00,0x00,0x00,0x00,0x00,0x00,0x00,
    0x00,0x00,0x00,0x00,0x00,0x00,0x00,0x00,0x00,0x00,0x00,0x00,0x00,0x00,0x00,0x00,
    0x00,0x00,0x00,0x00,0x00,0x00,0x00,0x00,0x00,0x00,0x00,0x00,0x00,0x00,0x00,0x00,
    0x00,0x00,0x00,0x00,0x00,0x00,0x00,0x00,0x00,0x00,0x00,0x00,0x00,0x00,0x40,0xff,
    0x00,0x00,0x40,0xff,0x20,0x00,0xa0,0xff,0x20,0x00,0xa0,0xff,0x20,0x00,0xa0,0xff,
    0x20,0x20,0xe0,0xff,0x20,0x20,0xe0,0xff,0x20,0x00,0xa0,0xff,0x20,0x00,0xa0,0xff,
    0x20,0x20,0xe0,0xff,0x20,0x20,0xe0,0xff,0x60,0x60,0xa0,0xff,0xe0,0xe0,0xe0,0xff,
    0x60,0x60,0xa0,0xff,0x40,0x40,0xe0,0xff,0x20,0x20,0xe0,0xff,0x20,0x20,0xe0,0xff,
    0x20,0x00,0xa0,0xff,0x20,0x00,0xa0,0xff,0x20,0x20,0xe0,0xff,0x20,0x20,0xe0,0xff,
    0x20,0x00,0xa0,0xff,0x20,0x00,0xa0,0xff,0x00,0x00,0x40,0xff,0x00,0x00,0x00,0x00,
    0x00,0x00,0x00,0x00,0x00,0x00,0x00,0x00,0x00,0x00,0x00,0x00,0x00,0x00,0x00,0x00,
    0x00,0x00,0x00,0x00,0x00,0x00,0x00,0x00,0x00,0x00,0x00,0x00,0x00,0x00,0x00,0x00,
    0x00,0x00,0x00,0x00,0x00,0x00,0x00,0x00,0x00,0x00,0x00,0x00,0x00,0x00,0x00,0x00,
    0x00,0x00,0x00,0x00,0x00,0x00,0x00,0x00,0x00,0x00,0x00,0x00,0x00,0x00,0x00,0x00,
    0x00,0x00,0x00,0x00,0x00,0x00,0x00,0x00,0x00,0x00,0x00,0x00,0x00,0x00,0x00,0x00,
    0x00,0x00,0x00,0x00,0x00,0x00,0x00,0x00,0x00,0x00,0x00,0x00,0x00,0x00,0x40,0xff,
    0x00,0x00,0x40,0xff,0x00,0x00,0x40,0xff,0x20,0x00,0xa0,0xff,0x20,0x00,0xa0,0xff,
    0x20,0x00,0xa0,0xff,0x20,0x00,0xa0,0xff,0x20,0x00,0xa0,0xff,0x20,0x00,0xa0,0xff,
    0x20,0x20,0xe0,0xff,0x20,0x20,0xe0,0xff,0x20,0x20,0xe0,0xff,0x20,0x20,0xe0,0xff,
    0x20,0x20,0xe0,0xff,0x20,0x20,0xe0,0xff,0x20,0x20,0xe0,0xff,0x20,0x20,0xe0,0xff,
    0x20,0x00,0xa0,0xff,0x20,0x00,0xa0,0xff,0x20,0x00,0xa0,0xff,0x20,0x00,0xa0,0xff,
    0x20,0x00,0xa0,0xff,0x00,0x00,0x40,0xff,0x00,0x00,0x40,0xff,0x00,0x00,0x00,0x00,
    0x00,0x00,0x00,0x00,0x00,0x00,0x00,0x00,0x00,0x00,0x00,0x00,0x00,0x00,0x00,0x00,
    0x00,0x00,0x00,0x00,0x00,0x00,0x00,0x00,0x00,0x00,0x00,0x00,0x00,0x00,0x00,0x00,
    0x00,0x00,0x00,0x00,0x00,0x00,0x00,0x00,0x00,0x00,0x00,0x00,0x00,0x00,0x00,0x00,
    0x00,0x00,0x00,0x00,0x00,0x00,0x00,0x00,0x00,0x00,0x00,0x00,0x00,0x00,0x00,0x00,
    0x00,0x00,0x00,0x00,0x00,0x00,0x00,0x00,0x00,0x00,0x00,0x00,0x00,0x00,0x00,0x00,
    0x00,0x00,0x00,0x00,0x00,0x00,0x00,0x00,0x00,0x00,0x00,0x00,0x00,0x00,0x00,0x00,
    0x00,0x00,0x40,0xff,0x20,0x20,0xe0,0xff,0x60,0x60,0xa0,0xff,0x60,0x60,0xa0,0xff,
    0x20,0x20,0xe0,0xff,0x20,0x20,0xe0,0xff,0x20,0x20,0xe0,0xff,0x20,0x20,0xe0,0xff,
    0x00,0x00,0x40,0xff,0x20,0x00,0xa0,0xff,0x20,0x20,0xe0,0xff,0x40,0x40,0xe0,0xff,
    0x60,0x60,0xa0,0xff,0x40,0x40,0xe0,0xff,0x20,0x20,0xe0,0xff,0x20,0x00,0xa0,0xff,
    0x00,0x00,0x40,0xff,0x20,0x20,0xe0,0xff,0x20,0x20,0xe0,0xff,0x20,0x20,0xe0,0xff,
    0x20,0x20,0xe0,0xff,0x60,0x60,0xa0,0xff,0x60,0x60,0xa0,0xff,0x20,0x20,0xe0,0xff,
    0x00,0x00,0x40,0xff,0x00,0x00,0x00,0x00,0x00,0x00,0x00,0x00,0x00,0x00,0x00,0x00,
    0x00,0x00,0x00,0x00,0x00,0x00,0x00,0x00,0x00,0x00,0x00,0x00,0x00,0x00,0x00,0x00,
    0x00,0x00,0x00,0x00,0x00,0x00,0x00,0x00,0x00,0x00,0x00,0x00,0x00,0x00,0x00,0x00,
    0x00,0x00,0x00,0x00,0x00,0x00,0x00,0x00,0x00,0x00,0x00,0x00,0x00,0x00,0x00,0x00,
    0x00,0x00,0x00,0x00,0x00,0x00,0x00,0x00,0x00,0x00,0x00,0x00,0x00,0x00,0x00,0x00,
    0x00,0x00,0x00,0x00,0x00,0x00,0x00,0x00,0x00,0x00,0x00,0x00,0x00,0x00,0x40,0xff,
    0x00,0x00,0x40,0xff,0x20,0x00,0xa0,0xff,0x20,0x20,0xe0,0xff,0x20,0x20,0xe0,0xff,
    0x20,0x20,0xe0,0xff,0x20,0x20,0xe0,0xff,0x00,0x00,0x40,0xff,0x00,0x00,0x40,0xff,
    0x20,0x00,0xa0,0xff,0x20,0x20,0xe0,0xff,0x40,0x40,0xe0,0xff,0x40,0x40,0xe0,0xff,
    0x40,0x40,0xe0,0xff,0x20,0x20,0xe0,0xff,0x20,0x00,0xa0,0xff,0x00,0x00,0x40,0xff,
    0x00,0x00,0x40,0xff,0x20,0x20,0xe0,0xff,0x20,0x20,0xe0,0xff,0x20,0x20,0xe0,0xff,
    0x20,0x20,0xe0,0xff,0x20,0x00,0xa0,0xff,0x00,0x00,0x40,0xff,0x00,0x00,0x40,0xff,
    0x00,0x00,0x00,0x00,0x00,0x00,0x00,0x00,0x00,0x00,0x00,0x00,0x00,0x00,0x00,0x00,
    0x00,0x00,0x00,0x00,0x00,0x00,0x00,0x00,0x00,0x00,0x00,0x00,0x00,0x00,0x00,0x00,
    0x00,0x00,0x00,0x00,0x00,0x00,0x00,0x00,0x00,0x00,0x00,0x00,0x00,0x00,0x00,0x00,
    0x00,0x00,0x00,0x00,0x00,0x00,0x00,0x00,0x00,0x00,0x00,0x00,0x00,0x00,0x00,0x00,
    0x00,0x00,0x00,0x00,0x00,0x00,0x00,0x00,0x00,0x00,0x00,0x00,0x00,0x00,0x00,0x00,
    0x00,0x00,0x00,0x00,0x00,0x00,0x00,0x00,0x00,0x00,0x00,0x00,0x00,0x00,0x40,0xff,
    0x00,0x00,0x40,0xff,0x20,0x00,0xa0,0xff,0x20,0x20,0xe0,0xff,0x20,0x20,0xe0,0xff,
    0x20,0x20,0xe0,0xff,0x20,0x20,0xe0,0xff,0x00,0x00,0x40,0xff,0x00,0x00,0x40,0xff,
    0x20,0x00,0xa0,0xff,0x20,0x20,0xe0,0xff,0x40,0x40,0xe0,0xff,0x40,0x40,0xe0,0xff,
    0x40,0x40,0xe0,0xff,0x20,0x20,0xe0,0xff,0x20,0x00,0xa0,0xff,0x00,0x00,0x40,0xff,
    0x00,0x00,0x40,0xff,0x20,0x20,0xe0,0xff,0x20,0x20,0xe0,0xff,0x20,0x20,0xe0,0xff,
    0x20,0x20,0xe0,0xff,0x20,0x00,0xa0,0xff,0x00,0x00,0x40,0xff,0x00,0x00,0x40,0xff,
    0x00,0x00,0x00,0x00,0x00,0x00,0x00,0x00,0x00,0x00,0x00,0x00,0x00,0x00,0x00,0x00,
    0x00,0x00,0x00,0x00,0x00,0x00,0x00,0x00,0x00,0x00,0x00,0x00,0x00,0x00,0x00,0x00,
    0x00,0x00,0x00,0x00,0x00,0x00,0x00,0x00,0x00,0x00,0x00,0x00,0x00,0x00,0x00,0x00,
    0x00,0x00,0x00,0x00,0x00,0x00,0x00,0x00,0x00,0x00,0x00,0x00,0x00,0x00,0x00,0x00,
    0x00,0x00,0x00,0x00,0x00,0x00,0x00,0x00,0x00,0x00,0x00,0x00,0x00,0x00,0x00,0x00,
    0x00,0x00,0x00,0x00,0x60,0x60,0xa0,0xff,0xe0,0xe0,0xe0,0xff,0xe0,0xe0,0xe0,0xff,
    0x60,0x60,0xa0,0xff,0x60,0x60,0xa0,0xff,0x80,0x40,0x20,0xff,0x00,0x00,0x40,0xff,
    0x20,0x20,0xe0,0xff,0x40,0x40,0xe0,0xff,0x20,0x00,0xa0,0xff,0x20,0x00,0xa0,0xff,
    0x00,0x00,0x40,0xff,0x00,0x00,0x40,0xff,0x20,0x20,0xe0,0xff,0x00,0x00,0x40,0xff,
    0x20,0x00,0xa0,0xff,0x20,0x20,0xe0,0xff,0x20,0x20,0xe0,0xff,0x40,0x40,0xe0,0xff,
    0x20,0x20,0xe0,0xff,0x20,0x00,0xa0,0xff,0x00,0x00,0x00,0x00,0x00,0x00,0x00,0x00,
    0x00,0x00,0x40,0xff,0x20,0x20,0xe0,0xff,0x40,0x40,0xe0,0xff,0x40,0x40,0xe0,0xff,
    0x20,0x00,0xa0,0xff,0x00,0x00,0x40,0xff,0x00,0x00,0x00,0x00,0x00,0x00,0x00,0x00,
    0x00,0x00,0x00,0x00,0x00,0x00,0x00,0x00,0x00,0x00,0x00,0x00,0x00,0x00,0x00,0x00,
    0x00,0x00,0x00,0x00,0x00,0x00,0x00,0x00,0x00,0x00,0x00,0x00,0x00,0x00,0x00,0x00,
    0x00,0x00,0x00,0x00,0x00,0x00,0x00,0x00,0x00,0x00,0x00,0x00,0x00,0x00,0x00,0x00,
    0x00,0x00,0x00,0x00,0x00,0x00,0x00,0x00,0x00,0x00,0x00,0x00,0x00,0x00,0x00,0x00,
    0x00,0x00,0x00,0x00,0xe0,0xe0,0xe0,0xff,0xe0,0xe0,0xe0,0xff,0xe0,0xe0,0xe0,0xff,
    0x00,0x00,0x40,0xff,0x20,0x00,0xa0,0xff,0x20,0x20,0xe0,0xff,0x40,0x40,0xe0,0xff,
    0x20,0x20,0xe0,0xff,0x20,0x00,0xa0,0xff,0x00,0x00,0x40,0xff,0x00,0x00,0x40,0xff,
    0x20,0x20,0xe0,0xff,0x20,0x20,0xe0,0xff,0x20,0x20,0xe0,0xff,0x00,0x00,0x40,0xff,
    0x20,0x00,0xa0,0xff,0x20,0x20,0xe0,0xff,0x20,0x20,0xe0,0xff,0x20,0x20,0xe0,0xff,
    0x20,0x00,0xa0,0xff,0x00,0x00,0x40,0xff,0x00,0x00,0x00,0x00,0x00,0x00,0x00,0x00,
    0x00,0x00,0x00,0x00,0x00,0x00,0x40,0xff,0x00,0x00,0x40,0xff,0x00,0x00,0x40,0xff,
    0x00,0x00,0x40,0xff,0x00,0x00,0x00,0x00,0x00,0x00,0x00,0x00,0x00,0x00,0x00,0x00,
    0x00,0x00,0x00,0x00,0x00,0x00,0x00,0x00,0x00,0x00,0x00,0x00,0x00,0x00,0x00,0x00,
    0x00,0x00,0x00,0x00,0x00,0x00,0x00,0x00,0x00,0x00,0x00,0x00,0x00,0x00,0x00,0x00,
    0x00,0x00,0x00,0x00,0x00,0x00,0x00,0x00,0x00,0x00,0x00,0x00,0x00,0x00,0x00,0x00,
    0x00,0x00,0x00,0x00,0x00,0x00,0x00,0x00,0x00,0x00,0x00,0x00,0x00,0x00,0x00,0x00,
    0x00,0x00,0x00,0x00,0x60,0x60,0xa0,0xff,0xe0,0xe0,0xe0,0xff,0xe0,0xe0,0xe0,0xff,
    0x60,0x60,0xa0,0xff,0x60,0x60,0xa0,0xff,0x80,0x40,0x20,0xff,0x00,0x00,0x40,0xff,
    0x20,0x20,0xe0,0xff,0x40,0x40,0xe0,0xff,0x20,0x00,0xa0,0xff,0x20,0x00,0xa0,0xff,
    0x00,0x00,0x40,0xff,0x00,0x00,0x40,0xff,0x20,0x20,0xe0,0xff,0x00,0x00,0x40,0xff,
    0x20,0x00,0xa0,0xff,0x20,0x20,0xe0,0xff,0x20,0x20,0xe0,0xff,0x40,0x40,0xe0,0xff,
    0x20,0x20,0xe0,0xff,0x20,0x00,0xa0,0xff,0x00,0x00,0x00,0x00,0x00,0x00,0x00,0x00,
    0x00,0x00,0x40,0xff,0x20,0x20,0xe0,0xff,0x40,0x40,0xe0,0xff,0x40,0x40,0xe0,0xff,
    0x20,0x00,0xa0,0xff,0x00,0x00,0x40,0xff,0x00,0x00,0x00,0x00,0x00,0x00,0x00,0x00,
    0x00,0x00,0x00,0x00,0x00,0x00,0x00,0x00,0x00,0x00,0x00,0x00,0x00,0x00,0x00,0x00,
    0x00,0x00,0x00,0x00,0x00,0x00,0x00,0x00,0x00,0x00,0x00,0x00,0x00,0x00,0x00,0x00,
    0x00,0x00,0x00,0x00,0x00,0x00,0x00,0x00,0x00,0x00,0x00,0x00,0x00,0x00,0x00,0x00,
    0x00,0x00,0x00,0x00,0x00,0x00,0x00,0x00,0x00,0x00,0x00,0x00,0x00,0x00,0x00,0x00,
    0x00,0x00,0x00,0x00,0x00,0x00,0x00,0x00,0x00,0x00,0x00,0x00,0x00,0x00,0x00,0x00,
    0x00,0x00,0x00,0x00,0x00,0x00,0x00,0x00,0x00,0x00,0x00,0x00,0x00,0x00,0x40,0xff,
    0x40,0x40,0xe0,0xff,0x40,0x40,0xe0,0xff,0x40,0x40,0xe0,0xff,0x20,0x20,0xe0,0xff,
    0x00,0x00,0x40,0xff,0x00,0x00,0x40,0xff,0x00,0x00,0x40,0xff,0x00,0x00,0x40,0xff,
    0x20,0x00,0xa0,0xff,0x20,0x20,0xe0,0xff,0x40,0x40,0xe0,0xff,0x40,0x40,0xe0,0xff,
    0x20,0x20,0xe0,0xff,0x20,0x00,0xa0,0xff,0x00,0x00,0x40,0xff,0x00,0x00,0x40,0xff,
    0x00,0x00,0x40,0xff,0x20,0x00,0xa0,0xff,0x40,0x40,0xe0,0xff,0x40,0x40,0xe0,0xff,
    0x40,0x40,0xe0,0xff,0x00,0x00,0x40,0xff,0x00,0x00,0x00,0x00,0x00,0x00,0x00,0x00,
    0x00,0x00,0x00,0x00,0x00,0x00,0x00,0x00,0x00,0x00,0x00,0x00,0x00,0x00,0x00,0x00,
    0x00,0x00,0x00,0x00,0x00,0x00,0x00,0x00,0x00,0x00,0x00,0x00,0x00,0x00,0x00,0x00,
    0x00,0x00,0x00,0x00,0x00,0x00,0x00,0x00,0x00,0x00,0x00,0x00,0x00,0x00,0x00,0x00,
    0x00,0x00,0x00,0x00,0x00,0x00,0x00,0x00,0x00,0x00,0x00,0x00,0x00,0x00,0x00,0x00,
    0x00,0x00,0x00,0x00,0x00,0x00,0x00,0x00,0x00,0x00,0x00,0x00,0x00,0x00,0x40,0xff,
    0x00,0x00,0x40,0xff,0x20,0x00,0xa0,0xff,0x20,0x20,0xe0,0xff,0x20,0x20,0xe0,0xff,
    0x20,0x20,0xe0,0xff,0x20,0x20,0xe0,0xff,0x00,0x00,0x40,0xff,0x00,0x00,0x40,0xff,
    0x20,0x00,0xa0,0xff,0x20,0x20,0xe0,0xff,0x40,0x40,0xe0,0xff,0x40,0x40,0xe0,0xff,
    0x40,0x40,0xe0,0xff,0x20,0x20,0xe0,0xff,0x20,0x00,0xa0,0xff,0x00,0x00,0x40,0xff,
    0x00,0x00,0x40,0xff,0x20,0x20,0xe0,0xff,0x20,0x20,0xe0,0xff,0x20,0x20,0xe0,0xff,
    0x20,0x20,0xe0,0xff,0x20,0x00,0xa0,0xff,0x00,0x00,0x40,0xff,0x00,0x00,0x40,0xff,
    0x00,0x00,0x00,0x00,0x00,0x00,0x00,0x00,0x00,0x00,0x00,0x00,0x00,0x00,0x00,0x00,
    0x00,0x00,0x00,0x00,0x00,0x00,0x00,0x00,0x00,0x00,0x00,0x00,0x00,0x00,0x00,0x00,
    0x00,0x00,0x00,0x00,0x00,0x00,0x00,0x00,0x00,0x00,0x00,0x00,0x00,0x00,0x00,0x00,
    0x00,0x00,0x00,0x00,0x00,0x00,0x00,0x00,0x00,0x00,0x00,0x00,0x00,0x00,0x00,0x00,
    0x00,0x00,0x00,0x00,0x00,0x00,0x00,0x00,0x00,0x00,0x00,0x00,0x00,0x00,0x00,0x00,
    0x00,0x00,0x00,0x00,0x00,0x00,0x00,0x00,0x00,0x00,0x40,0xff,0x40,0x40,0xe0,0xff,
    0x40,0x40,0xe0,0xff,0x40,0x40,0xe0,0xff,0x20,0x00,0xa0,0xff,0x00,0x00,0x40,0xff,
    0x00,0x00,0x40,0xff,0x00,0x00,0x40,0xff,0x20,0x00,0xa0,0xff,0x20,0x20,0xe0,0xff,
    0x40,0x40,0xe0,0xff,0x40,0x40,0xe0,0xff,0x20,0x20,0xe0,0xff,0x20,0x00,0xa0,0xff,
    0x00,0x00,0x40,0xff,0x00,0x00,0x40,0xff,0x00,0x00,0x40,0xff,0x00,0x00,0x40,0xff,
    0x20,0x20,0xe0,0xff,0x40,0x40,0xe0,0xff,0x40,0x40,0xe0,0xff,0x40,0x40,0xe0,0xff,
    0x00,0x00,0x40,0xff,0x00,0x00,0x00,0x00,0x00,0x00,0x00,0x00,0x00,0x00,0x00,0x00,
    0x00,0x00,0x00,0x00,0x00,0x00,0x00,0x00,0x00,0x00,0x00,0x00,0x00,0x00,0x00,0x00,
    0x00,0x00,0x00,0x00,0x00,0x00,0x00,0x00,0x00,0x00,0x00,0x00,0x00,0x00,0x00,0x00,
    0x00,0x00,0x00,0x00,0x00,0x00,0x00,0x00,0x00,0x00,0x00,0x00,0x00,0x00,0x00,0x00,
    0x00,0x00,0x00,0x00,0x00,0x00,0x00,0x00,0x00,0x00,0x00,0x00,0x00,0x00,0x00,0x00,
    0x00,0x00,0x00,0x00,0x00,0x00,0x00,0x00,0x00,0x00,0x00,0x00,0x00,0x00,0x00,0x00,
    0x00,0x00,0x00,0x00,0x00,0x00,0x00,0x00,0x00,0x00,0x40,0xff,0x20,0x00,0xa0,0xff,
    0x40,0x40,0xe0,0xff,0x40,0x40,0xe0,0xff,0x20,0x20,0xe0,0xff,0x00,0x00,0x40,0xff,
    0x00,0x00,0x00,0x00,0x00,0x00,0x00,0x00,0x20,0x00,0xa0,0xff,0x20,0x20,0xe0,0xff,
    0x40,0x40,0xe0,0xff,0x20,0x20,0xe0,0xff,0x20,0x20,0xe0,0xff,0x20,0x00,0xa0,0xff,
    0x00,0x00,0x40,0xff,0x20,0x20,0xe0,0xff,0x00,0x00,0x40,0xff,0x00,0x00,0x40,0xff,
    0x20,0x00,0xa0,0xff,0x20,0x00,0xa0,0xff,0x40,0x40,0xe0,0xff,0x20,0x20,0xe0,0xff,
    0x00,0x00,0x40,0xff,0x80,0x40,0x20,0xff,0x60,0x60,0xa0,0xff,0x60,0x60,0xa0,0xff,
    0xe0,0xe0,0xe0,0xff,0xe0,0xe0,0xe0,0xff,0x60,0x60,0xa0,0xff,0x00,0x00,0x00,0x00,
    0x00,0x00,0x00,0x00,0x00,0x00,0x00,0x00,0x00,0x00,0x00,0x00,0x00,0x00,0x00,0x00,
    0x00,0x00,0x00,0x00,0x00,0x00,0x00,0x00,0x00,0x00,0x00,0x00,0x00,0x00,0x00,0x00,
    0x00,0x00,0x00,0x00,0x00,0x00,0x00,0x00,0x00,0x00,0x00,0x00,0x00,0x00,0x00,0x00,
    0x00,0x00,0x00,0x00,0x00,0x00,0x00,0x00,0x00,0x00,0x00,0x00,0x00,0x00,0x00,0x00,
    0x00,0x00,0x00,0x00,0x00,0x00,0x40,0xff,0x00,0x00,0x40,0xff,0x00,0x00,0x40,0xff,
    0x00,0x00,0x40,0xff,0x00,0x00,0x00,0x00,0x00,0x00,0x00,0x00,0x00,0x00,0x00,0x00,
    0x00,0x00,0x40,0xff,0x20,0x00,0xa0,0xff,0x20,0x20,0xe0,0xff,0x20,0x20,0xe0,0xff,
    0x20,0x20,0xe0,0xff,0x20,0x00,0xa0,0xff,0x00,0x00,0x40,0xff,0x20,0x20,0xe0,0xff,
    0x20,0x20,0xe0,0xff,0x20,0x20,0xe0,0xff,0x00,0x00,0x40,0xff,0x00,0x00,0x40,0xff,
    0x20,0x00,0xa0,0xff,0x20,0x20,0xe0,0xff,0x40,0x40,0xe0,0xff,0x20,0x20,0xe0,0xff,
    0x20,0x00,0xa0,0xff,0x00,0x00,0x40,0xff,0xe0,0xe0,0xe0,0xff,0xe0,0xe0,0xe0,0xff,
    0xe0,0xe0,0xe0,0xff,0x00,0x00,0x00,0x00,0x00,0x00,0x00,0x00,0x00,0x00,0x00,0x00,
    0x00,0x00,0x00,0x00,0x00,0x00,0x00,0x00,0x00,0x00,0x00,0x00,0x00,0x00,0x00,0x00,
    0x00,0x00,0x00,0x00,0x00,0x00,0x00,0x00,0x00,0x00,0x00,0x00,0x00,0x00,0x00,0x00,
    0x00,0x00,0x00,0x00,0x00,0x00,0x00,0x00,0x00,0x00,0x00,0x00,0x00,0x00,0x00,0x00,
    0x00,0x00,0x00,0x00,0x00,0x00,0x00,0x00,0x00,0x00,0x00,0x00,0x00,0x00,0x00,0x00,
    0x00,0x00,0x00,0x00,0x00,0x00,0x00,0x00,0x00,0x00,0x40,0xff,0x20,0x00,0xa0,0xff,
    0x40,0x40,0xe0,0xff,0x40,0x40,0xe0,0xff,0x20,0x20,0xe0,0xff,0x00,0x00,0x40,0xff,
    0x00,0x00,0x00,0x00,0x00,0x00,0x00,0x00,0x20,0x00,0xa0,0xff,0x20,0x20,0xe0,0xff,
    0x40,0x40,0xe0,0xff,0x20,0x20,0xe0,0xff,0x20,0x20,0xe0,0xff,0x20,0x00,0xa0,0xff,
    0x00,0x00,0x40,0xff,0x20,0x20,0xe0,0xff,0x00,0x00,0x40,0xff,0x00,0x00,0x40,0xff,
    0x20,0x00,0xa0,0xff,0x20,0x00,0xa0,0xff,0x40,0x40,0xe0,0xff,0x20,0x20,0xe0,0xff,
    0x00,0x00,0x40,0xff,0x80,0x40,0x20,0xff,0x60,0x60,0xa0,0xff,0x60,0x60,0xa0,0xff,
    0xe0,0xe0,0xe0,0xff,0xe0,0xe0,0xe0,0xff,0x60,0x60,0xa0,0xff,0x00,0x00,0x00,0x00,
    0x00,0x00,0x00,0x00,0x00,0x00,0x00,0x00,0x00,0x00,0x00,0x00,0x00,0x00,0x00,0x00,
    0x00,0x00,0x00,0x00,0x00,0x00,0x00,0x00,0x00,0x00,0x00,0x00,0x00,0x00,0x00,0x00,
    0x00,0x00,0x00,0x00,0x00,0x00,0x00,0x00,0x00,0x00,0x00,0x00,0x00,0x00,0x00,0x00,
    0x00,0x00,0x00,0x00,0x00,0x00,0x00,0x00,0x00,0x00,0x00,0x00,0x00,0x00,0x00,0x00,
    0x00,0x00,0x00,0x00,0x00,0x00,0x00,0x00,0x00,0x00,0x40,0xff,0x40,0x40,0xe0,0xff,
    0x40,0x40,0xe0,0xff,0x40,0x40,0xe0,0xff,0x20,0x00,0xa0,0xff,0x00,0x00,0x40,0xff,
    0x00,0x00,0x40,0xff,0x00,0x00,0x40,0xff,0x20,0x00,0xa0,0xff,0x20,0x20,0xe0,0xff,
    0x40,0x40,0xe0,0xff,0x40,0x40,0xe0,0xff,0x20,0x20,0xe0,0xff,0x20,0x00,0xa0,0xff,
    0x00,0x00,0x40,0xff,0x00,0x00,0x40,0xff,0x00,0x00,0x40,0xff,0x00,0x00,0x40,0xff,
    0x20,0x20,0xe0,0xff,0x40,0x40,0xe0,0xff,0x40,0x40,0xe0,0xff,0x40,0x40,0xe0,0xff,
    0x00,0x00,0x40,0xff,0x00,0x00,0x00,0x00,0x00,0x00,0x00,0x00,0x00,0x00,0x00,0x00,
    0x00,0x00,0x00,0x00,0x00,0x00,0x00,0x00,0x00,0x00,0x00,0x00,0x00,0x00,0x00,0x00,
    0x00,0x00,0x00,0x00,0x00,0x00,0x00,0x00,0x00,0x00,0x00,0x00,0x00,0x00,0x00,0x00,
    0x00,0x00,0x00,0x00,0x00,0x00,0x00,0x00,0x00,0x00,0x00,0x00,0x00,0x00,0x00,0x00,
    0x00,0x00,0x00,0x00,0x00,0x00,0x00,0x00,0x00,0x00,0x00,0x00,0x00,0x00,0x00,0x00,
    0x00,0x00,0x00,0x00,0x00,0x00,0x00,0x00,0x00,0x00,0x00,0x00,0x00,0x00,0x00,0x00,
    0x00,0x00,0x00,0x00,0x00,0x00,0x00,0x00,0x00,0x00,0x00,0x00,0x20,0x20,0xe0,0xff,
    0x20,0x20,0xe0,0xff,0x20,0x20,0xe0,0xff,0x20,0x20,0xe0,0xff,0x20,0x20,0xe0,0xff,
    0x20,0x20,0xe0,0xff,0x20,0x20,0xe0,0xff,0x20,0x20,0xe0,0xff,0x20,0x20,0xe0,0xff,
    0x40,0x40,0xe0,0xff,0x40,0x40,0xe0,0xff,0x40,0x40,0xe0,0xff,0x40,0x40,0xe0,0xff,
    0x40,0x40,0xe0,0xff,0x40,0x40,0xe0,0xff,0x20,0x20,0xe0,0xff,0x20,0x20,0xe0,0xff,
    0x20,0x20,0xe0,0xff,0x20,0x20,0xe0,0xff,0x20,0x20,0xe0,0xff,0x20,0x20,0xe0,0xff,
    0x20,0x20,0xe0,0xff,0x20,0x20,0xe0,0xff,0x20,0x20,0xe0,0xff,0x00,0x00,0x00,0x00,
    0x00,0x00,0x00,0x00,0x00,0x00,0x00,0x00,0x00,0x00,0x00,0x00,0x00,0x00,0x00,0x00,
    0x00,0x00,0x00,0x00,0x00,0x00,0x00,0x00,0x00,0x00,0x00,0x00,0x00,0x00,0x00,0x00,
    0x00,0x00,0x00,0x00,0x00,0x00,0x00,0x00,0x00,0x00,0x00,0x00,0x00,0x00,0x00,0x00,
    0x00,0x00,0x00,0x00,0x00,0x00,0x00,0x00,0x00,0x00,0x00,0x00,0x00,0x00,0x00,0x00,
    0x00,0x00,0x00,0x00,0x00,0x00,0x00,0x00,0x00,0x00,0x00,0x00,0x00,0x00,0x00,0x00,
    0x00,0x00,0x00,0x00,0x00,0x00,0x00,0x00,0x00,0x00,0x00,0x00,0x00,0x00,0x40,0xff,
    0x00,0x00,0x40,0xff,0x20,0x00,0xa0,0xff,0x20,0x00,0xa0,0xff,0x20,0x00,0xa0,0xff,
    0x60,0x60,0xa0,0xff,0x20,0x20,0xe0,0xff,0x20,0x00,0xa0,0xff,0x20,0x00,0xa0,0xff,
    0x20,0x20,0xe0,0xff,0x20,0x20,0xe0,0xff,0x60,0x60,0xa0,0xff,0xe0,0xe0,0xe0,0xff,
    0x60,0x60,0xa0,0xff,0x40,0x40,0xe0,0xff,0x20,0x20,0xe0,0xff,0x20,0x20,0xe0,0xff,
    0x20,0x00,0xa0,0xff,0x20,0x00,0xa0,0xff,0x40,0x40,0xe0,0xff,0x60,0x60,0xa0,0xff,
    0x20,0x20,0xe0,0xff,0x20,0x00,0xa0,0xff,0x00,0x00,0x40,0xff,0x00,0x00,0x00,0x00,
    0x00,0x00,0x00,0x00,0x00,0x00,0x00,0x00,0x00,0x00,0x00,0x00,0x00,0x00,0x00,0x00,
    0x00,0x00,0x00,0x00,0x00,0x00,0x00,0x00,0x00,0x00,0x00,0x00,0x00,0x00,0x00,0x00,
    0x00,0x00,0x00,0x00,0x00,0x00,0x00,0x00,0x00,0x00,0x00,0x00,0x00,0x00,0x00,0x00,
    0x00,0x00,0x00,0x00,0x00,0x00,0x00,0x00,0x00,0x00,0x00,0x00,0x00,0x00,0x00,0x00,
    0x00,0x00,0x00,0x00,0x00,0x00,0x00,0x00,0x00,0x00,0x00,0x00,0x00,0x00,0x00,0x00,
    0x00,0x00,0x00,0x00,0x00,0x00,0x00,0x00,0x00,0x00,0x00,0x00,0x00,0x00,0x40,0xff,
    0x00,0x00,0x40,0xff,0x00,0x00,0x40,0xff,0x20,0x00,0xa0,0xff,0x20,0x00,0xa0,0xff,
    0x20,0x20,0xe0,0xff,0x20,0x00,0xa0,0xff,0x20,0x00,0xa0,0xff,0x20,0x00,0xa0,0xff,
    0x20,0x20,0xe0,0xff,0x20,0x20,0xe0,0xff,0x20,0x20,0xe0,0xff,0x40,0x40,0xe0,0xff,
    0x20,0x20,0xe0,0xff,0x20,0x20,0xe0,0xff,0x20,0x20,0xe0,0xff,0x20,0x20,0xe0,0xff,
    0x20,0x00,0xa0,0xff,0x20,0x00,0xa0,0xff,0x20,0x20,0xe0,0xff,0x20,0x00,0xa0,0xff,
    0x20,0x00,0xa0,0xff,0x00,0x00,0x40,0xff,0x00,0x00,0x40,0xff,0x00,0x00,0x00,0x00,
    0x00,0x00,0x00,0x00,0x00,0x00,0x00,0x00,0x00,0x00,0x00,0x00,0x00,0x00,0x00,0x00,
    0x00,0x00,0x00,0x00,0x00,0x00,0x00,0x00,0x00,0x00,0x00,0x00,0x00,0x00,0x00,0x00,
    0x00,0x00,0x00,0x00,0x00,0x00,0x00,0x00,0x00,0x00,0x00,0x00,0x00,0x00,0x00,0x00,
    0x00,0x00,0x00,0x00,0x00,0x00,0x00,0x00,0x00,0x00,0x00,0x00,0x00,0x00,0x00,0x00,
    0x00,0x00,0x00,0x00,0x00,0x00,0x00,0x00,0x00,0x00,0x00,0x00,0x00,0x00,0x00,0x00,
    0x00,0x00,0x00,0x00,0x00,0x00,0x00,0x00,0x00,0x00,0x00,0x00,0x00,0x00,0x00,0x00,
    0x00,0x00,0x40,0xff,0x20,0x20,0xe0,0xff,0x60,0x60,0xa0,0xff,0x40,0x40,0xe0,0xff,
    0x20,0x20,0xe0,0xff,0x20,0x20,0xe0,0xff,0x20,0x20,0xe0,0xff,0x20,0x00,0xa0,0xff,
    0x00,0x00,0x40,0xff,0x00,0x00,0x40,0xff,0x20,0x00,0xa0,0xff,0x20,0x20,0xe0,0xff,
    0x60,0x60,0xa0,0xff,0x20,0x20,0xe0,0xff,0x20,0x00,0xa0,0xff,0x00,0x00,0x40,0xff,
    0x00,0x00,0x40,0xff,0x20,0x00,0xa0,0xff,0x20,0x20,0xe0,0xff,0x20,0x20,0xe0,0xff,
    0x20,0x20,0xe0,0xff,0x40,0x40,0xe0,0xff,0x60,0x60,0xa0,0xff,0x20,0x20,0xe0,0xff,
    0x00,0x00,0x40,0xff,0x00,0x00,0x00,0x00,0x00,0x00,0x00,0x00,0x00,0x00,0x00,0x00,
    0x00,0x00,0x00,0x00,0x00,0x00,0x00,0x00,0x00,0x00,0x00,0x00,0x00,0x00,0x00,0x00,
    0x00,0x00,0x00,0x00,0x00,0x00,0x00,0x00,0x00,0x00,0x00,0x00,0x00,0x00,0x00,0x00,
    0x00,0x00,0x00,0x00,0x00,0x00,0x00,0x00,0x00,0x00,0x00,0x00,0x00,0x00,0x00,0x00,
    0x00,0x00,0x00,0x00,0x00,0x00,0x00,0x00,0x00,0x00,0x00,0x00,0x00,0x00,0x00,0x00,
    0x00,0x00,0x00,0x00,0x00,0x00,0x00,0x00,0x00,0x00,0x00,0x00,0x00,0x00,0x40,0xff,
    0x20,0x00,0xa0,0xff,0x20,0x20,0xe0,0xff,0x40,0x40,0xe0,0xff,0x40,0x40,0xe0,0xff,
    0x40,0x40,0xe0,0xff,0x20,0x20,0xe0,0xff,0x20,0x00,0xa0,0xff,0x00,0x00,0x40,0xff,
    0x20,0x00,0xa0,0xff,0x20,0x20,0xe0,0xff,0x40,0x40,0xe0,0xff,0x40,0x40,0xe0,0xff,
    0x40,0x40,0xe0,0xff,0x20,0x20,0xe0,0xff,0x20,0x00,0xa0,0xff,0x00,0x00,0x40,0xff,
    0x20,0x00,0xa0,0xff,0x20,0x20,0xe0,0xff,0x40,0x40,0xe0,0xff,0x40,0x40,0xe0,0xff,
    0x40,0x40,0xe0,0xff,0x20,0x20,0xe0,0xff,0x20,0x00,0xa0,0xff,0x00,0x00,0x40,0xff,
    0x00,0x00,0x00,0x00,0x00,0x00,0x00,0x00,0x00,0x00,0x00,0x00,0x00,0x00,0x00,0x00,
    0x00,0x00,0x00,0x00,0x00,0x00,0x00,0x00,0x00,0x00,0x00,0x00,0x00,0x00,0x00,0x00,
    0x00,0x00,0x00,0x00,0x00,0x00,0x00,0x00,0x00,0x00,0x00,0x00,0x00,0x00,0x00,0x00,
    0x00,0x00,0x00,0x00,0x00,0x00,0x00,0x00,0x00,0x00,0x00,0x00,0x00,0x00,0x00,0x00,
    0x00,0x00,0x00,0x00,0x00,0x00,0x00,0x00,0x00,0x00,0x00,0x00,0x00,0x00,0x00,0x00,
    0x00,0x00,0x00,0x00,0x00,0x00,0x00,0x00,0x00,0x00,0x00,0x00,0x00,0x00,0x40,0xff,
    0x20,0x00,0xa0,0xff,0x20,0x20,0xe0,0xff,0x40,0x40,0xe0,0xff,0x40,0x40,0xe0,0xff,
    0x40,0x40,0xe0,0xff,0x20,0x20,0xe0,0xff,0x20,0x00,0xa0,0xff,0x00,0x00,0x40,0xff,
    0x20,0x00,0xa0,0xff,0x20,0x20,0xe0,0xff,0x40,0x40,0xe0,0xff,0x40,0x40,0xe0,0xff,
    0x40,0x40,0xe0,0xff,0x20,0x20,0xe0,0xff,0x20,0x00,0xa0,0xff,0x00,0x00,0x40,0xff,
    0x20,0x00,0xa0,0xff,0x20,0x20,0xe0,0xff,0x40,0x40,0xe0,0xff,0x40,0x40,0xe0,0xff,
    0x40,0x40,0xe0,0xff,0x20,0x20,0xe0,0xff,0x20,0x00,0xa0,0xff,0x00,0x00,0x40,0xff,
    0x00,0x00,0x00,0x00,0x00,0x00,0x00,0x00,0x00,0x00,0x00,0x00,0x00,0x00,0x00,0x00,
    0x00,0x00,0x00,0x00,0x00,0x00,0x00,0x00,0x00,0x00,0x00,0x00,0x00,0x00,0x00,0x00,
    0x00,0x00,0x00,0x00,0x00,0x00,0x00,0x00,0x00,0x00,0x00,0x00,0x00,0x00,0x00,0x00,
    0x00,0x00,0x00,0x00,0x00,0x00,0x00,0x00,0x00,0x00,0x00,0x00,0x00,0x00,0x00,0x00,
    0x00,0x00,0x00,0x00,0x00,0x00,0x00,0x00,0x00,0x00,0x00,0x00,0x00,0x00,0x00,0x00,
    0x00,0x00,0x00,0x00,0x00,0x00,0x00,0x00,0x60,0x60,0xa0,0xff,0xe0,0xe0,0xe0,0xff,
    0x60,0x60,0xa0,0xff,0x60,0x60,0xa0,0xff,0x80,0x40,0x20,0xff,0x80,0x40,0x20,0xff,
    0x20,0x20,0xe0,0xff,0x20,0x20,0xe0,0xff,0x20,0x00,0xa0,0xff,0x00,0x00,0x40,0xff,
    0x00,0x00,0x40,0xff,0x00,0x00,0x40,0xff,0x20,0x20,0xe0,0xff,0x00,0x00,0x40,0xff,
    0x20,0x00,0xa0,0xff,0x20,0x00,0xa0,0xff,0x20,0x20,0xe0,0xff,0x20,0x20,0xe0,0xff,
    0x20,0x20,0xe0,0xff,0x20,0x00,0xa0,0xff,0x00,0x00,0x00,0x00,0x00,0x00,0x00,0x00,
    0x00,0x00,0x00,0x00,0x00,0x00,0x40,0xff,0x20,0x00,0xa0,0xff,0x40,0x40,0xe0,0xff,
    0x20,0x00,0xa0,0xff,0x00,0x00,0x40,0xff,0x00,0x00,0x00,0x00,0x00,0x00,0x00,0x00,
    0x00,0x00,0x00,0x00,0x00,0x00,0x00,0x00,0x00,0x00,0x00,0x00,0x00,0x00,0x00,0x00,
    0x00,0x00,0x00,0x00,0x00,0x00,0x00,0x00,0x00,0x00,0x00,0x00,0x00,0x00,0x00,0x00,
    0x00,0x00,0x00,0x00,0x00,0x00,0x00,0x00,0x00,0x00,0x00,0x00,0x00,0x00,0x00,0x00,
    0x00,0x00,0x00,0x00,0x00,0x00,0x00,0x00,0x00,0x00,0x00,0x00,0x00,0x00,0x00,0x00,
    0xe0,0xe0,0xe0,0xff,0x60,0x60,0xa0,0xff,0x60,0x60,0xa0,0xff,0xe0,0xe0,0xe0,0xff,
    0xe0,0xe0,0xe0,0xff,0x00,0x00,0x40,0xff,0x20,0x00,0xa0,0xff,0x20,0x20,0xe0,0xff,
    0x20,0x00,0xa0,0xff,0x00,0x00,0x40,0xff,0x00,0x00,0x40,0xff,0x00,0x00,0x40,0xff,
    0x20,0x20,0xe0,0xff,0x20,0x20,0xe0,0xff,0x20,0x20,0xe0,0xff,0x00,0x00,0x40,0xff,
    0x00,0x00,0x40,0xff,0x20,0x00,0xa0,0xff,0x20,0x20,0xe0,0xff,0x20,0x00,0xa0,0xff,
    0x20,0x00,0xa0,0xff,0x00,0x00,0x40,0xff,0x00,0x00,0x00,0x00,0x00,0x00,0x00,0x00,
    0x00,0x00,0x00,0x00,0x00,0x00,0x00,0x00,0x00,0x00,0x40,0xff,0x00,0x00,0x40,0xff,
    0x00,0x00,0x40,0xff,0x00,0x00,0x00,0x00,0x00,0x00,0x00,0x00,0x00,0x00,0x00,0x00,
    0x00,0x00,0x00,0x00,0x00,0x00,0x00,0x00,0x00,0x00,0x00,0x00,0x00,0x00,0x00,0x00,
    0x00,0x00,0x00,0x00,0x00,0x00,0x00,0x00,0x00,0x00,0x00,0x00,0x00,0x00,0x00,0x00,
    0x00,0x00,0x00,0x00,0x00,0x00,0x00,0x00,0x00,0x00,0x00,0x00,0x00,0x00,0x00,0x00,
    0x00,0x00,0x00,0x00,0x00,0x00,0x00,0x00,0x00,0x00,0x00,0x00,0x00,0x00,0x00,0x00,
    0x00,0x00,0x00,0x00,0x00,0x00,0x00,0x00,0x60,0x60,0xa0,0xff,0xe0,0xe0,0xe0,0xff,
    0x60,0x60,0xa0,0xff,0x60,0x60,0xa0,0xff,0x80,0x40,0x20,0xff,0x80,0x40,0x20,0xff,
    0x20,0x20,0xe0,0xff,0x20,0x20,0xe0,0xff,0x20,0x00,0xa0,0xff,0x00,0x00,0x40,0xff,
    0x00,0x00,0x40,0xff,0x00,0x00,0x40,0xff,0x20,0x20,0xe0,0xff,0x00,0x00,0x40,0xff,
    0x20,0x00,0xa0,0xff,0x20,0x00,0xa0,0xff,0x20,0x20,0xe0,0xff,0x20,0x20,0xe0,0xff,
    0x20,0x20,0xe0,0xff,0x20,0x00,0xa0,0xff,0x00,0x00,0x00,0x00,0x00,0x00,0x00,0x00,
    0x00,0x00,0x00,0x00,0x00,0x00,0x40,0xff,0x20,0x00,0xa0,0xff,0x40,0x40,0xe0,0xff,
    0x20,0x00,0xa0,0xff,0x00,0x00,0x40,0xff,0x00,0x00,0x00,0x00,0x00,0x00,0x00,0x00,
    0x00,0x00,0x00,0x00,0x00,0x00,0x00,0x00,0x00,0x00,0x00,0x00,0x00,0x00,0x00,0x00,
    0x00,0x00,0x00,0x00,0x00,0x00,0x00,0x00,0x00,0x00,0x00,0x00,0x00,0x00,0x00,0x00,
    0x00,0x00,0x00,0x00,0x00,0x00,0x00,0x00,0x00,0x00,0x00,0x00,0x00,0x00,0x00,0x00,
    0x00,0x00,0x00,0x00,0x00,0x00,0x00,0x00,0x00,0x00,0x00,0x00,0x00,0x00,0x00,0x00,
    0x00,0x00,0x00,0x00,0x00,0x00,0x00,0x00,0x00,0x00,0x00,0x00,0x00,0x00,0x00,0x00,
    0x00,0x00,0x00,0x00,0x00,0x00,0x00,0x00,0x00,0x00,0x00,0x00,0x00,0x00,0x40,0xff,
    0x40,0x40,0xe0,0xff,0x40,0x40,0xe0,0xff,0x20,0x20,0xe0,0xff,0x20,0x00,0xa0,0xff,
    0x00,0x00,0x40,0xff,0x00,0x00,0x40,0xff,0x00,0x00,0x40,0xff,0x00,0x00,0x40,0xff,
    0x20,0x00,0xa0,0xff,0x20,0x00,0xa0,0xff,0x20,0x20,0xe0,0xff,0x40,0x40,0xe0,0xff,
    0x20,0x20,0xe0,0xff,0x20,0x00,0xa0,0xff,0x00,0x00,0x40,0xff,0x00,0x00,0x00,0x00,
    0x00,0x00,0x40,0xff,0x00,0x00,0x40,0xff,0x20,0x00,0xa0,0xff,0x40,0x40,0xe0,0xff,
    0x40,0x40,0xe0,0xff,0x00,0x00,0x40,0xff,0x00,0x00,0x00,0x00,0x00,0x00,0x00,0x00,
    0x00,0x00,0x00,0x00,0x00,0x00,0x00,0x00,0x00,0x00,0x00,0x00,0x00,0x00,0x00,0x00,
    0x00,0x00,0x00,0x00,0x00,0x00,0x00,0x00,0x00,0x00,0x00,0x00,0x00,0x00,0x00,0x00,
    0x00,0x00,0x00,0x00,0x00,0x00,0x00,0x00,0x00,0x00,0x00,0x00,0x00,0x00,0x00,0x00,
    0x00,0x00,0x00,0x00,0x00,0x00,0x00,0x00,0x00,0x00,0x00,0x00,0x00,0x00,0x00,0x00,
    0x00,0x00,0x00,0x00,0x00,0x00,0x00,0x00,0x00,0x00,0x00,0x00,0x00,0x00,0x40,0xff,
    0x20,0x00,0xa0,0xff,0x20,0x20,0xe0,0xff,0x40,0x40,0xe0,0xff,0x40,0x40,0xe0,0xff,
    0x40,0x40,0xe0,0xff,0x20,0x20,0xe0,0xff,0x20,0x00,0xa0,0xff,0x00,0x00,0x40,0xff,
    0x20,0x00,0xa0,0xff,0x20,0x20,0xe0,0xff,0x40,0x40,0xe0,0xff,0x40,0x40,0xe0,0xff,
    0x40,0x40,0xe0,0xff,0x20,0x20,0xe0,0xff,0x20,0x00,0xa0,0xff,0x00,0x00,0x40,0xff,
    0x20,0x00,0xa0,0xff,0x20,0x20,0xe0,0xff,0x40,0x40,0xe0,0xff,0x40,0x40,0xe0,0xff,
    0x40,0x40,0xe0,0xff,0x20,0x20,0xe0,0xff,0x20,0x00,0xa0,0xff,0x00,0x00,0x40,0xff,
    0x00,0x00,0x00,0x00,0x00,0x00,0x00,0x00,0x00,0x00,0x00,0x00,0x00,0x00,0x00,0x00,
    0x00,0x00,0x00,0x00,0x00,0x00,0x00,0x00,0x00,0x00,0x00,0x00,0x00,0x00,0x00,0x00,
    0x00,0x00,0x00,0x00,0x00,0x00,0x00,0x00,0x00,0x00,0x00,0x00,0x00,0x00,0x00,0x00,
    0x00,0x00,0x00,0x00,0x00,0x00,0x00,0x00,0x00,0x00,0x00,0x00,0x00,0x00,0x00,0x00,
    0x00,0x00,0x00,0x00,0x00,0x00,0x00,0x00,0x00,0x00,0x00,0x00,0x00,0x00,0x00,0x00,
    0x00,0x00,0x00,0x00,0x00,0x00,0x00,0x00,0x00,0x00,0x40,0xff,0x40,0x40,0xe0,0xff,
    0x40,0x40,0xe0,0xff,0x20,0x00,0xa0,0xff,0x00,0x00,0x40,0xff,0x00,0x00,0x40,0xff,
    0x00,0x00,0x00,0x00,0x00,0x00,0x40,0xff,0x20,0x00,0xa0,0xff,0x20,0x20,0xe0,0xff,
    0x40,0x40,0xe0,0xff,0x20,0x20,0xe0,0xff,0x20,0x00,0xa0,0xff,0x20,0x00,0xa0,0xff,
    0x00,0x00,0x40,0xff,0x00,0x00,0x40,0xff,0x00,0x00,0x40,0xff,0x00,0x00,0x40,0xff,
    0x20,0x00,0xa0,0xff,0x20,0x20,0xe0,0xff,0x40,0x40,0xe0,0xff,0x40,0x40,0xe0,0xff,
    0x00,0x00,0x40,0xff,0x00,0x00,0x00,0x00,0x00,0x00,0x00,0x00,0x00,0x00,0x00,0x00,
    0x00,0x00,0x00,0x00,0x00,0x00,0x00,0x00,0x00,0x00,0x00,0x00,0x00,0x00,0x00,0x00,
    0x00,0x00,0x00,0x00,0x00,0x00,0x00,0x00,0x00,0x00,0x00,0x00,0x00,0x00,0x00,0x00,
    0x00,0x00,0x00,0x00,0x00,0x00,0x00,0x00,0x00,0x00,0x00,0x00,0x00,0x00,0x00,0x00,
    0x00,0x00,0x00,0x00,0x00,0x00,0x00,0x00,0x00,0x00,0x00,0x00,0x00,0x00,0x00,0x00,
    0x00,0x00,0x00,0x00,0x00,0x00,0x00,0x00,0x00,0x00,0x00,0x00,0x00,0x00,0x00,0x00,
    0x00,0x00,0x00,0x00,0x00,0x00,0x00,0x00,0x00,0x00,0x40,0xff,0x20,0x00,0xa0,0xff,
    0x40,0x40,0xe0,0xff,0x20,0x00,0xa0,0xff,0x00,0x00,0x40,0xff,0x00,0x00,0x00,0x00,
    0x00,0x00,0x00,0x00,0x00,0x00,0x00,0x00,0x20,0x00,0xa0,0xff,0x20,0x20,0xe0,0xff,
    0x20,0x20,0xe0,0xff,0x20,0x20,0xe0,0xff,0x20,0x00,0xa0,0xff,0x20,0x00,0xa0,0xff,
    0x00,0x00,0x40,0xff,0x20,0x20,0xe0,0xff,0x00,0x00,0x40,0xff,0x00,0x00,0x40,0xff,
    0x00,0x00,0x40,0xff,0x20,0x00,0xa0,0xff,0x20,0x20,0xe0,0xff,0x20,0x20,0xe0,0xff,
    0x80,0x40,0x20,0xff,0x80,0x40,0x20,0xff,0x60,0x60,0xa0,0xff,0x60,0x60,0xa0,0xff,
    0xe0,0xe0,0xe0,0xff,0x60,0x60,0xa0,0xff,0x00,0x00,0x00,0x00,0x00,0x00,0x00,0x00,
    0x00,0x00,0x00,0x00,0x00,0x00,0x00,0x00,0x00,0x00,0x00,0x00,0x00,0x00,0x00,0x00,
    0x00,0x00,0x00,0x00,0x00,0x00,0x00,0x00,0x00,0x00,0x00,0x00,0x00,0x00,0x00,0x00,
    0x00,0x00,0x00,0x00,0x00,0x00,0x00,0x00,0x00,0x00,0x00,0x00,0x00,0x00,0x00,0x00,
    0x00,0x00,0x00,0x00,0x00,0x00,0x00,0x00,0x00,0x00,0x00,0x00,0x00,0x00,0x00,0x00,
    0x00,0x00,0x00,0x00,0x00,0x00,0x40,0xff,0x00,0x00,0x40,0xff,0x00,0x00,0x40,0xff,
    0x00,0x00,0x00,0x00,0x00,0x00,0x00,0x00,0x00,0x00,0x00,0x00,0x00,0x00,0x00,0x00,
    0x00,0x00,0x40,0xff,0x20,0x00,0xa0,0xff,0x20,0x00,0xa0,0xff,0x20,0x20,0xe0,0xff,
    0x20,0x00,0xa0,0xff,0x00,0x00,0x40,0xff,0x00,0x00,0x40,0xff,0x20,0x20,0xe0,0xff,
    0x20,0x20,0xe0,0xff,0x20,0x20,0xe0,0xff,0x00,0x00,0x40,0xff,0x00,0x00,0x40,0xff,
    0x00,0x00,0x40,0xff,0x20,0x00,0xa0,0xff,0x20,0x20,0xe0,0xff,0x20,0x00,0xa0,0xff,
    0x00,0x00,0x40,0xff,0xe0,0xe0,0xe0,0xff,0xe0,0xe0,0xe0,0xff,0x60,0x60,0xa0,0xff,
    0x60,0x60,0xa0,0xff,0xe0,0xe0,0xe0,0xff,0x00,0x00,0x00,0x00,0x00,0x00,0x00,0x00,
    0x00,0x00,0x00,0x00,0x00,0x00,0x00,0x00,0x00,0x00,0x00,0x00,0x00,0x00,0x00,0x00,
    0x00,0x00,0x00,0x00,0x00,0x00,0x00,0x00,0x00,0x00,0x00,0x00,0x00,0x00,0x00,0x00,
    0x00,0x00,0x00,0x00,0x00,0x00,0x00,0x00,0x00,0x00,0x00,0x00,0x00,0x00,0x00,0x00,
    0x00,0x00,0x00,0x00,0x00,0x00,0x00,0x00,0x00,0x00,0x00,0x00,0x00,0x00,0x00,0x00,
    0x00,0x00,0x00,0x00,0x00,0x00,0x00,0x00,0x00,0x00,0x40,0xff,0x20,0x00,0xa0,0xff,
    0x40,0x40,0xe0,0xff,0x20,0x00,0xa0,0xff,0x00,0x00,0x40,0xff,0x00,0x00,0x00,0x00,
    0x00,0x00,0x00,0x00,0x00,0x00,0x00,0x00,0x20,0x00,0xa0,0xff,0x20,0x20,0xe0,0xff,
    0x20,0x20,0xe0,0xff,0x20,0x20,0xe0,0xff,0x20,0x00,0xa0,0xff,0x20,0x00,0xa0,0xff,
    0x00,0x00,0x40,0xff,0x20,0x20,0xe0,0xff,0x00,0x00,0x40,0xff,0x00,0x00,0x40,0xff,
    0x00,0x00,0x40,0xff,0x20,0x00,0xa0,0xff,0x20,0x20,0xe0,0xff,0x20,0x20,0xe0,0xff,
    0x80,0x40,0x20,0xff,0x80,0x40,0x20,0xff,0x60,0x60,0xa0,0xff,0x60,0x60,0xa0,0xff,
    0xe0,0xe0,0xe0,0xff,0x60,0x60,0xa0,0xff,0x00,0x00,0x00,0x00,0x00,0x00,0x00,0x00,
    0x00,0x00,0x00,0x00,0x00,0x00,0x00,0x00,0x00,0x00,0x00,0x00,0x00,0x00,0x00,0x00,
    0x00,0x00,0x00,0x00,0x00,0x00,0x00,0x00,0x00,0x00,0x00,0x00,0x00,0x00,0x00,0x00,
    0x00,0x00,0x00,0x00,0x00,0x00,0x00,0x00,0x00,0x00,0x00,0x00,0x00,0x00,0x00,0x00,
    0x00,0x00,0x00,0x00,0x00,0x00,0x00,0x00,0x00,0x00,0x00,0x00,0x00,0x00,0x00,0x00,
    0x00,0x00,0x00,0x00,0x00,0x00,0x00,0x00,0x00,0x00,0x40,0xff,0x40,0x40,0xe0,0xff,
    0x40,0x40,0xe0,0xff,0x20,0x00,0xa0,0xff,0x00,0x00,0x40,0xff,0x00,0x00,0x40,0xff,
    0x00,0x00,0x00,0x00,0x00,0x00,0x40,0xff,0x20,0x00,0xa0,0xff,0x20,0x20,0xe0,0xff,
    0x40,0x40,0xe0,0xff,0x20,0x20,0xe0,0xff,0x20,0x00,0xa0,0xff,0x20,0x00,0xa0,0xff,
    0x00,0x00,0x40,0xff,0x00,0x00,0x40,0xff,0x00,0x00,0x40,0xff,0x00,0x00,0x40,0xff,
    0x20,0x00,0xa0,0xff,0x20,0x20,0xe0,0xff,0x40,0x40,0xe0,0xff,0x40,0x40,0xe0,0xff,
    0x00,0x00,0x40,0xff,0x00,0x00,0x00,0x00,0x00,0x00,0x00,0x00,0x00,0x00,0x00,0x00,
    0x00,0x00,0x00,0x00,0x00,0x00,0x00,0x00,0x00,0x00,0x00,0x00,0x00,0x00,0x00,0x00,
    0x00,0x00,0x00,0x00,0x00,0x00,0x00,0x00,0x00,0x00,0x00,0x00,0x00,0x00,0x00,0x00,
    0x00,0x00,0x00,0x00,0x00,0x00,0x00,0x00,0x00,0x00,0x00,0x00,0x00,0x00,0x00,0x00,
    0x00,0x00,0x00,0x00,0x00,0x00,0x00,0x00,0x00,0x00,0x00,0x00,0x00,0x00,0x00,0x00,
    0x00,0x00,0x00,0x00,0x00,0x00,0x00,0x00,0x00,0x00,0x00,0x00,0x00,0x00,0x00,0x00,
    0x00,0x00,0x00,0x00,0x00,0x00,0x00,0x00,0x00,0x00,0x00,0x00,0x20,0x20,0xe0,0xff,
    0x20,0x20,0xe0,0xff,0x20,0x20,0xe0,0xff,0x20,0x20,0xe0,0xff,0x20,0x20,0xe0,0xff,
    0x20,0x20,0xe0,0xff,0x20,0x20,0xe0,0xff,0x20,0x20,0xe0,0xff,0x20,0x20,0xe0,0xff,
    0x40,0x40,0xe0,0xff,0x40,0x40,0xe0,0xff,0x40,0x40,0xe0,0xff,0x40,0x40,0xe0,0xff,
    0x40,0x40,0xe0,0xff,0x40,0x40,0xe0,0xff,0x20,0x20,0xe0,0xff,0x20,0x20,0xe0,0xff,
    0x20,0x20,0xe0,0xff,0x20,0x20,0xe0,0xff,0x20,0x20,0xe0,0xff,0x20,0x20,0xe0,0xff,
    0x20,0x20,0xe0,0xff,0x20,0x20,0xe0,0xff,0x20,0x20,0xe0,0xff,0x00,0x00,0x00,0x00,
    0x00,0x00,0x00,0x00,0x00,0x00,0x00,0x00,0x00,0x00,0x00,0x00,0x00,0x00,0x00,0x00,
    0x00,0x00,0x00,0x00,0x00,0x00,0x00,0x00,0x00,0x00,0x00,0x00,0x00,0x00,0x00,0x00,
    0x00,0x00,0x00,0x00,0x00,0x00,0x00,0x00,0x00,0x00,0x00,0x00,0x00,0x00,0x00,0x00,
    0x00,0x00,0x00,0x00,0x00,0x00,0x00,0x00,0x00,0x00,0x00,0x00,0x00,0x00,0x00,0x00,
    0x00,0x00,0x00,0x00,0x00,0x00,0x00,0x00,0x00,0x00,0x00,0x00,0x00,0x00,0x00,0x00,
    0x00,0x00,0x00,0x00,0x00,0x00,0x00,0x00,0x00,0x00,0x00,0x00,0x00,0x00,0x40,0xff,
    0x00,0x00,0x40,0xff,0x20,0x00,0xa0,0xff,0x20,0x00,0xa0,0xff,0x20,0x20,0xe0,0xff,
    0x60,0x60,0xa0,0xff,0x20,0x20,0xe0,0xff,0x20,0x00,0xa0,0xff,0x20,0x00,0xa0,0xff,
    0x20,0x20,0xe0,0xff,0x20,0x20,0xe0,0xff,0x60,0x60,0xa0,0xff,0xe0,0xe0,0xe0,0xff,
    0x60,0x60,0xa0,0xff,0x40,0x40,0xe0,0xff,0x20,0x20,0xe0,0xff,0x20,0x20,0xe0,0xff,
    0x20,0x00,0xa0,0xff,0x20,0x20,0xe0,0xff,0x40,0x40,0xe0,0xff,0x60,0x60,0xa0,0xff,
    0x20,0x20,0xe0,0xff,0x20,0x00,0xa0,0xff,0x00,0x00,0x40,0xff,0x00,0x00,0x00,0x00,
    0x00,0x00,0x00,0x00,0x00,0x00,0x00,0x00,0x00,0x00,0x00,0x00,0x00,0x00,0x00,0x00,
    0x00,0x00,0x00,0x00,0x00,0x00,0x00,0x00,0x00,0x00,0x00,0x00,0x00,0x00,0x00,0x00,
    0x00,0x00,0x00,0x00,0x00,0x00,0x00,0x00,0x00,0x00,0x00,0x00,0x00,0x00,0x00,0x00,
    0x00,0x00,0x00,0x00,0x00,0x00,0x00,0x00,0x00,0x00,0x00,0x00,0x00,0x00,0x00,0x00,
    0x00,0x00,0x00,0x00,0x00,0x00,0x00,0x00,0x00,0x00,0x00,0x00,0x00,0x00,0x00,0x00,
    0x00,0x00,0x00,0x00,0x00,0x00,0x00,0x00,0x00,0x00,0x00,0x00,0x00,0x00,0x40,0xff,
    0x00,0x00,0x40,0xff,0x00,0x00,0x40,0xff,0x20,0x00,0xa0,0xff,0x20,0x00,0xa0,0xff,
    0x40,0x40,0xe0,0xff,0x20,0x00,0xa0,0xff,0x20,0x00,0xa0,0xff,0x20,0x00,0xa0,0xff,
    0x20,0x00,0xa0,0xff,0x20,0x20,0xe0,0xff,0x20,0x20,0xe0,0xff,0x40,0x40,0xe0,0xff,
    0x20,0x20,0xe0,0xff,0x20,0x20,0xe0,0xff,0x20,0x20,0xe0,0xff,0x20,0x00,0xa0,0xff,
    0x20,0x00,0xa0,0xff,0x20,0x00,0xa0,0xff,0x40,0x40,0xe0,0xff,0x20,0x20,0xe0,0xff,
    0x20,0x00,0xa0,0xff,0x00,0x00,0x40,0xff,0x00,0x00,0x40,0xff,0x00,0x00,0x00,0x00,
    0x00,0x00,0x00,0x00,0x00,0x00,0x00,0x00,0x00,0x00,0x00,0x00,0x00,0x00,0x00,0x00,
    0x00,0x00,0x00,0x00,0x00,0x00,0x00,0x00,0x00,0x00,0x00,0x00,0x00,0x00,0x00,0x00,
    0x00,0x00,0x00,0x00,0x00,0x00,0x00,0x00,0x00,0x00,0x00,0x00,0x00,0x00,0x00,0x00,
    0x00,0x00,0x00,0x00,0x00,0x00,0x00,0x00,0x00,0x00,0x00,0x00,0x00,0x00,0x00,0x00,
    0x00,0x00,0x00,0x00,0x00,0x00,0x00,0x00,0x00,0x00,0x00,0x00,0x00,0x00,0x00,0x00,
    0x00,0x00,0x00,0x00,0x00,0x00,0x00,0x00,0x00,0x00,0x00,0x00,0x00,0x00,0x00,0x00,
    0x00,0x00,0x40,0xff,0x20,0x20,0xe0,0xff,0x60,0x60,0xa0,0xff,0x40,0x40,0xe0,0xff,
    0x20,0x20,0xe0,0xff,0x20,0x20,0xe0,0xff,0x20,0x20,0xe0,0xff,0x20,0x00,0xa0,0xff,
    0x00,0x00,0x40,0xff,0x00,0x00,0x40,0xff,0x20,0x00,0xa0,0xff,0x20,0x20,0xe0,0xff,
    0x60,0x60,0xa0,0xff,0x20,0x20,0xe0,0xff,0x20,0x00,0xa0,0xff,0x00,0x00,0x40,0xff,
    0x00,0x00,0x40,0xff,0x20,0x00,0xa0,0xff,0x20,0x20,0xe0,0xff,0x20,0x20,0xe0,0xff,
    0x20,0x20,0xe0,0xff,0x40,0x40,0xe0,0xff,0x60,0x60,0xa0,0xff,0x20,0x20,0xe0,0xff,
    0x00,0x00,0x40,0xff,0x00,0x00,0x00,0x00,0x00,0x00,0x00,0x00,0x00,0x00,0x00,0x00,
    0x00,0x00,0x00,0x00,0x00,0x00,0x00,0x00,0x00,0x00,0x00,0x00,0x00,0x00,0x00,0x00,
    0x00,0x00,0x00,0x00,0x00,0x00,0x00,0x00,0x00,0x00,0x00,0x00,0x00,0x00,0x00,0x00,
    0x00,0x00,0x00,0x00,0x00,0x00,0x00,0x00,0x00,0x00,0x00,0x00,0x00,0x00,0x00,0x00,
    0x00,0x00,0x00,0x00,0x00,0x00,0x00,0x00,0x00,0x00,0x00,0x00,0x00,0x00,0x00,0x00,
    0x00,0x00,0x00,0x00,0x00,0x00,0x00,0x00,0x00,0x00,0x00,0x00,0x00,0x00,0x40,0xff,
    0x20,0x00,0xa0,0xff,0x40,0x40,0xe0,0xff,0x40,0x40,0xe0,0xff,0x40,0x40,0xe0,0xff,
    0x40,0x40,0xe0,0xff,0x40,0x40,0xe0,0xff,0x20,0x20,0xe0,0xff,0x00,0x00,0x40,0xff,
    0x20,0x00,0xa0,0xff,0x20,0x20,0xe0,0xff,0x40,0x40,0xe0,0xff,0x40,0x40,0xe0,0xff,
    0x40,0x40,0xe0,0xff,0x20,0x20,0xe0,0xff,0x20,0x00,0xa0,0xff,0x00,0x00,0x40,0xff,
    0x20,0x20,0xe0,0xff,0x40,0x40,0xe0,0xff,0x40,0x40,0xe0,0xff,0x40,0x40,0xe0,0xff,
    0x40,0x40,0xe0,0xff,0x40,0x40,0xe0,0xff,0x20,0x00,0xa0,0xff,0x00,0x00,0x40,0xff,
    0x00,0x00,0x00,0x00,0x00,0x00,0x00,0x00,0x00,0x00,0x00,0x00,0x00,0x00,0x00,0x00,
    0x00,0x00,0x00,0x00,0x00,0x00,0x00,0x00,0x00,0x00,0x00,0x00,0x00,0x00,0x00,0x00,
    0x00,0x00,0x00,0x00,0x00,0x00,0x00,0x00,0x00,0x00,0x00,0x00,0x00,0x00,0x00,0x00,
    0x00,0x00,0x00,0x00,0x00,0x00,0x00,0x00,0x00,0x00,0x00,0x00,0x00,0x00,0x00,0x00,
    0x00,0x00,0x00,0x00,0x00,0x00,0x00,0x00,0x00,0x00,0x00,0x00,0x00,0x00,0x00,0x00,
    0x00,0x00,0x00,0x00,0x00,0x00,0x00,0x00,0x00,0x00,0x00,0x00,0x00,0x00,0x40,0xff,
    0x20,0x00,0xa0,0xff,0x40,0x40,0xe0,0xff,0x40,0x40,0xe0,0xff,0x40,0x40,0xe0,0xff,
    0x40,0x40,0xe0,0xff,0x40,0x40,0xe0,0xff,0x20,0x20,0xe0,0xff,0x00,0x00,0x40,0xff,
    0x20,0x00,0xa0,0xff,0x20,0x20,0xe0,0xff,0x40,0x40,0xe0,0xff,0x40,0x40,0xe0,0xff,
    0x40,0x40,0xe0,0xff,0x20,0x20,0xe0,0xff,0x20,0x00,0xa0,0xff,0x00,0x00,0x40,0xff,
    0x20,0x20,0xe0,0xff,0x40,0x40,0xe0,0xff,0x40,0x40,0xe0,0xff,0x40,0x40,0xe0,0xff,
    0x40,0x40,0xe0,0xff,0x40,0x40,0xe0,0xff,0x20,0x00,0xa0,0xff,0x00,0x00,0x40,0xff,
    0x00,0x00,0x00,0x00,0x00,0x00,0x00,0x00,0x00,0x00,0x00,0x00,0x00,0x00,0x00,0x00,
    0x00,0x00,0x00,0x00,0x00,0x00,0x00,0x00,0x00,0x00,0x00,0x00,0x00,0x00,0x00,0x00,
    0x00,0x00,0x00,0x00,0x00,0x00,0x00,0x00,0x00,0x00,0x00,0x00,0x00,0x00,0x00,0x00,
    0x00,0x00,0x00,0x00,0x00,0x00,0x00,0x00,0x00,0x00,0x00,0x00,0x00,0x00,0x00,0x00,
    0x00,0x00,0x00,0x00,0x00,0x00,0x00,0x00,0x00,0x00,0x00,0x00,0x00,0x00,0x00,0x00,
    0x00,0x00,0x00,0x00,0x00,0x00,0x00,0x00,0x00,0x00,0x00,0x00,0x60,0x60,0xa0,0xff,
    0xe0,0xe0,0xe0,0xff,0x60,0x60,0xa0,0xff,0xe0,0x00,0x00,0xff,0x60,0x60,0xa0,0xff,
    0x60,0x60,0xa0,0xff,0x20,0x00,0xa0,0xff,0x20,0x00,0xa0,0xff,0x00,0x00,0x40,0xff,
    0x00,0x00,0x40,0xff,0x00,0x00,0x40,0xff,0x20,0x20,0xe0,0xff,0x20,0x20,0xe0,0xff,
    0x00,0x00,0x40,0xff,0x20,0x00,0xa0,0xff,0x20,0x20,0xe0,0xff,0x20,0x00,0xa0,0xff,
    0x20,0x00,0xa0,0xff,0x20,0x20,0xe0,0xff,0x00,0x00,0x00,0x00,0x00,0x00,0x00,0x00,
    0x00,0x00,0x00,0x00,0x00,0x00,0x00,0x00,0x00,0x00,0x40,0xff,0x20,0x00,0xa0,0xff,
    0x20,0x00,0xa0,0xff,0x00,0x00,0x40,0xff,0x00,0x00,0x00,0x00,0x00,0x00,0x00,0x00,
    0x00,0x00,0x00,0x00,0x00,0x00,0x00,0x00,0x00,0x00,0x00,0x00,0x00,0x00,0x00,0x00,
    0x00,0x00,0x00,0x00,0x00,0x00,0x00,0x00,0x00,0x00,0x00,0x00,0x00,0x00,0x00,0x00,
    0x00,0x00,0x00,0x00,0x00,0x00,0x00,0x00,0x00,0x00,0x00,0x00,0x00,0x00,0x00,0x00,
    0x00,0x00,0x00,0x00,0x00,0x00,0x00,0x00,0x00,0x00,0x00,0x00,0xe0,0xe0,0xe0,0xff,
    0xe0,0xe0,0xe0,0xff,0xe0,0xe0,0xe0,0xff,0xe0,0xe0,0xe0,0xff,0xe0,0xe0,0xe0,0xff,
    0xe0,0xe0,0xe0,0xff,0x00,0x00,0x40,0xff,0x20,0x00,0xa0,0xff,0x20,0x00,0xa0,0xff,
    0x00,0x00,0x40,0xff,0x00,0x00,0x40,0xff,0x00,0x00,0x40,0xff,0x20,0x20,0xe0,0xff,
    0x20,0x20,0xe0,0xff,0x20,0x20,0xe0,0xff,0x20,0x20,0xe0,0xff,0x20,0x20,0xe0,0xff,
    0x00,0x00,0x40,0xff,0x20,0x00,0xa0,0xff,0x20,0x20,0xe0,0xff,0x20,0x00,0xa0,0xff,
    0x20,0x00,0xa0,0xff,0x20,0x20,0xe0,0xff,0x00,0x00,0x40,0xff,0x00,0x00,0x00,0x00,
    0x00,0x00,0x00,0x00,0x00,0x00,0x00,0x00,0x00,0x00,0x00,0x00,0x00,0x00,0x00,0x00,
    0x00,0x00,0x00,0x00,0x00,0x00,0x00,0x00,0x00,0x00,0x00,0x00,0x00,0x00,0x00,0x00,
    0x00,0x00,0x00,0x00,0x00,0x00,0x00,0x00,0x00,0x00,0x00,0x00,0x00,0x00,0x00,0x00,
    0x00,0x00,0x00,0x00,0x00,0x00,0x00,0x00,0x00,0x00,0x00,0x00,0x00,0x00,0x00,0x00,
    0x00,0x00,0x00,0x00,0x00,0x00,0x00,0x00,0x00,0x00,0x00,0x00,0x00,0x00,0x00,0x00,
    0x00,0x00,0x00,0x00,0x00,0x00,0x00,0x00,0x00,0x00,0x00,0x00,0x00,0x00,0x00,0x00,
    0x00,0x00,0x00,0x00,0x00,0x00,0x00,0x00,0x00,0x00,0x00,0x00,0x60,0x60,0xa0,0xff,
    0xe0,0xe0,0xe0,0xff,0x60,0x60,0xa0,0xff,0xe0,0x00,0x00,0xff,0x60,0x60,0xa0,0xff,
    0x60,0x60,0xa0,0xff,0x20,0x00,0xa0,0xff,0x20,0x00,0xa0,0xff,0x00,0x00,0x40,0xff,
    0x00,0x00,0x40,0xff,0x00,0x00,0x40,0xff,0x20,0x20,0xe0,0xff,0x20,0x20,0xe0,0xff,
    0x00,0x00,0x40,0xff,0x20,0x00,0xa0,0xff,0x20,0x20,0xe0,0xff,0x20,0x00,0xa0,0xff,
    0x20,0x00,0xa0,0xff,0x20,0x20,0xe0,0xff,0x00,0x00,0x00,0x00,0x00,0x00,0x00,0x00,
    0x00,0x00,0x00,0x00,0x00,0x00,0x00,0x00,0x00,0x00,0x40,0xff,0x20,0x00,0xa0,0xff,
    0x20,0x00,0xa0,0xff,0x00,0x00,0x40,0xff,0x00,0x00,0x00,0x00,0x00,0x00,0x00,0x00,
    0x00,0x00,0x00,0x00,0x00,0x00,0x00,0x00,0x00,0x00,0x00,0x00,0x00,0x00,0x00,0x00,
    0x00,0x00,0x00,0x00,0x00,0x00,0x00,0x00,0x00,0x00,0x00,0x00,0x00,0x00,0x00,0x00,
    0x00,0x00,0x00,0x00,0x00,0x00,0x00,0x00,0x00,0x00,0x00,0x00,0x00,0x00,0x00,0x00,
    0x00,0x00,0x00,0x00,0x00,0x00,0x00,0x00,0x00,0x00,0x00,0x00,0x00,0x00,0x00,0x00,
    0x00,0x00,0x00,0x00,0x00,0x00,0x00,0x00,0x00,0x00,0x00,0x00,0x00,0x00,0x00,0x00,
    0x00,0x00,0x00,0x00,0x00,0x00,0x00,0x00,0x00,0x00,0x00,0x00,0x1b,0x59,0x99,0xff,
    0x40,0x40,0xe0,0xff,0x20,0x20,0xe0,0xff,0x20,0x00,0xa0,0xff,0x00,0x00,0x40,0xff,
    0x00,0x00,0x40,0xff,0x00,0x00,0x40,0xff,0x20,0x20,0xe0,0xff,0x00,0x00,0x40,0xff,
    0x20,0x00,0xa0,0xff,0x20,0x00,0xa0,0xff,0x20,0x20,0xe0,0xff,0x40,0x40,0xe0,0xff,
    0x20,0x00,0xa0,0xff,0x00,0x00,0x40,0xff,0x00,0x00,0x40,0xff,0x00,0x00,0x00,0x00,
    0x00,0x00,0x00,0x00,0x00,0x00,0x00,0x00,0x00,0x00,0x40,0xff,0x20,0x00,0xa0,0xff,
    0x20,0x00,0xa0,0xff,0x00,0x00,0x40,0xff,0x00,0x00,0x00,0x00,0x00,0x00,0x00,0x00,
    0x00,0x00,0x00,0x00,0x00,0x00,0x00,0x00,0x00,0x00,0x00,0x00,0x00,0x00,0x00,0x00,
    0x00,0x00,0x00,0x00,0x00,0x00,0x00,0x00,0x00,0x00,0x00,0x00,0x00,0x00,0x00,0x00,
    0x00,0x00,0x00,0x00,0x00,0x00,0x00,0x00,0x00,0x00,0x00,0x00,0x00,0x00,0x00,0x00,
    0x00,0x00,0x00,0x00,0x00,0x00,0x00,0x00,0x00,0x00,0x00,0x00,0x00,0x00,0x00,0x00,
    0x00,0x00,0x00,0x00,0x00,0x00,0x00,0x00,0x00,0x00,0x00,0x00,0x00,0x00,0x40,0xff,
    0x20,0x00,0xa0,0xff,0x40,0x40,0xe0,0xff,0x40,0x40,0xe0,0xff,0x40,0x40,0xe0,0xff,
    0x40,0x40,0xe0,0xff,0x40,0x40,0xe0,0xff,0x20,0x20,0xe0,0xff,0x00,0x00,0x40,0xff,
    0x20,0x00,0xa0,0xff,0x20,0x20,0xe0,0xff,0x40,0x40,0xe0,0xff,0x40,0x40,0xe0,0xff,
    0x40,0x40,0xe0,0xff,0x20,0x20,0xe0,0xff,0x20,0x00,0xa0,0xff,0x00,0x00,0x40,0xff,
    0x20,0x20,0xe0,0xff,0x40,0x40,0xe0,0xff,0x40,0x40,0xe0,0xff,0x40,0x40,0xe0,0xff,
    0x40,0x40,0xe0,0xff,0x40,0x40,0xe0,0xff,0x20,0x00,0xa0,0xff,0x00,0x00,0x40,0xff,
    0x00,0x00,0x00,0x00,0x00,0x00,0x00,0x00,0x00,0x00,0x00,0x00,0x00,0x00,0x00,0x00,
    0x00,0x00,0x00,0x00,0x00,0x00,0x00,0x00,0x00,0x00,0x00,0x00,0x00,0x00,0x00,0x00,
    0x00,0x00,0x00,0x00,0x00,0x00,0x00,0x00,0x00,0x00,0x00,0x00,0x00,0x00,0x00,0x00,
    0x00,0x00,0x00,0x00,0x00,0x00,0x00,0x00,0x00,0x00,0x00,0x00,0x00,0x00,0x00,0x00,
    0x00,0x00,0x00,0x00,0x00,0x00,0x00,0x00,0x00,0x00,0x00,0x00,0x00,0x00,0x00,0x00,
    0x00,0x00,0x00,0x00,0x00,0x00,0x00,0x00,0x00,0x00,0x40,0xff,0x20,0x00,0xa0,0xff,
    0x20,0x00,0xa0,0xff,0x00,0x00,0x40,0xff,0x00,0x00,0x00,0x00,0x00,0x00,0x00,0x00,
    0x00,0x00,0x00,0x00,0x00,0x00,0x40,0xff,0x00,0x00,0x40,0xff,0x20,0x00,0xa0,0xff,
    0x40,0x40,0xe0,0xff,0x20,0x20,0xe0,0xff,0x20,0x00,0xa0,0xff,0x20,0x00,0xa0,0xff,
    0x00,0x00,0x40,0xff,0x20,0x20,0xe0,0xff,0x00,0x00,0x40,0xff,0x00,0x00,0x40,0xff,
    0x00,0x00,0x40,0xff,0x20,0x00,0xa0,0xff,0x20,0x20,0xe0,0xff,0x40,0x40,0xe0,0xff,
    0x00,0x00,0x00,0x00,0x00,0x00,0x00,0x00,0x00,0x00,0x00,0x00,0x00,0x00,0x00,0x00,
    0x00,0x00,0x00,0x00,0x00,0x00,0x00,0x00,0x00,0x00,0x00,0x00,0x00,0x00,0x00,0x00,
    0x00,0x00,0x00,0x00,0x00,0x00,0x00,0x00,0x00,0x00,0x00,0x00,0x00,0x00,0x00,0x00,
    0x00,0x00,0x00,0x00,0x00,0x00,0x00,0x00,0x00,0x00,0x00,0x00,0x00,0x00,0x00,0x00,
    0x00,0x00,0x00,0x00,0x00,0x00,0x00,0x00,0x00,0x00,0x00,0x00,0x00,0x00,0x00,0x00,
    0x00,0x00,0x00,0x00,0x00,0x00,0x00,0x00,0x00,0x00,0x00,0x00,0x00,0x00,0x00,0x00,
    0x00,0x00,0x00,0x00,0x00,0x00,0x00,0x00,0x00,0x00,0x40,0xff,0x20,0x00,0xa0,0xff,
    0x20,0x00,0xa0,0xff,0x00,0x00,0x40,0xff,0x00,0x00,0x00,0x00,0x00,0x00,0x00,0x00,
    0x00,0x00,0x00,0x00,0x00,0x00,0x00,0x00,0x20,0x20,0xe0,0xff,0x20,0x00,0xa0,0xff,
    0x20,0x00,0xa0,0xff,0x20,0x20,0xe0,0xff,0x20,0x00,0xa0,0xff,0x00,0x00,0x40,0xff,
    0x20,0x20,0xe0,0xff,0x20,0x20,0xe0,0xff,0x00,0x00,0x40,0xff,0x00,0x00,0x40,0xff,
    0x00,0x00,0x40,0xff,0x20,0x00,0xa0,0xff,0x20,0x00,0xa0,0xff,0x60,0x60,0xa0,0xff,
    0x60,0x60,0xa0,0xff,0xe0,0x00,0x00,0xff,0x60,0x60,0xa0,0xff,0xe0,0xe0,0xe0,0xff,
    0x60,0x60,0xa0,0xff,0x00,0x00,0x00,0x00,0x00,0x00,0x00,0x00,0x00,0x00,0x00,0x00,
    0x00,0x00,0x00,0x00,0x00,0x00,0x00,0x00,0x00,0x00,0x00,0x00,0x00,0x00,0x00,0x00,
    0x00,0x00,0x00,0x00,0x00,0x00,0x00,0x00,0x00,0x00,0x00,0x00,0x00,0x00,0x00,0x00,
    0x00,0x00,0x00,0x00,0x00,0x00,0x00,0x00,0x00,0x00,0x00,0x00,0x00,0x00,0x00,0x00,
    0x00,0x00,0x00,0x00,0x00,0x00,0x00,0x00,0x00,0x00,0x00,0x00,0x00,0x00,0x00,0x00,
    0x00,0x00,0x00,0x00,0x00,0x00,0x00,0x00,0x00,0x00,0x00,0x00,0x00,0x00,0x00,0x00,
    0x00,0x00,0x00,0x00,0x00,0x00,0x00,0x00,0x00,0x00,0x00,0x00,0x00,0x00,0x40,0xff,
    0x20,0x20,0xe0,0xff,0x20,0x00,0xa0,0xff,0x20,0x00,0xa0,0xff,0x20,0x20,0xe0,0xff,
    0x20,0x00,0xa0,0xff,0x00,0x00,0x40,0xff,0x20,0x20,0xe0,0xff,0x20,0x20,0xe0,0xff,
    0x20,0x20,0xe0,0xff,0x20,0x20,0xe0,0xff,0x20,0x20,0xe0,0xff,0x00,0x00,0x40,0xff,
    0x00,0x00,0x40,0xff,0x00,0x00,0x40,0xff,0x20,0x00,0xa0,0xff,0x20,0x00,0xa0,0xff,
    0x00,0x00,0x40,0xff,0xe0,0xe0,0xe0,0xff,0xe0,0xe0,0xe0,0xff,0xe0,0xe0,0xe0,0xff,
    0xe0,0xe0,0xe0,0xff,0xe0,0xe0,0xe0,0xff,0xe0,0xe0,0xe0,0xff,0x00,0x00,0x00,0x00,
    0x00,0x00,0x00,0x00,0x00,0x00,0x00,0x00,0x00,0x00,0x00,0x00,0x00,0x00,0x00,0x00,
    0x00,0x00,0x00,0x00,0x00,0x00,0x00,0x00,0x00,0x00,0x00,0x00,0x00,0x00,0x00,0x00,
    0x00,0x00,0x00,0x00,0x00,0x00,0x00,0x00,0x00,0x00,0x00,0x00,0x00,0x00,0x00,0x00,
    0x00,0x00,0x00,0x00,0x00,0x00,0x00,0x00,0x00,0x00,0x00,0x00,0x00,0x00,0x00,0x00,
    0x00,0x00,0x00,0x00,0x00,0x00,0x00,0x00,0x00,0x00,0x40,0xff,0x20,0x00,0xa0,0xff,
    0x20,0x00,0xa0,0xff,0x00,0x00,0x40,0xff,0x00,0x00,0x00,0x00,0x00,0x00,0x00,0x00,
    0x00,0x00,0x00,0x00,0x00,0x00,0x00,0x00,0x20,0x20,0xe0,0xff,0x20,0x00,0xa0,0xff,
    0x20,0x00,0xa0,0xff,0x20,0x20,0xe0,0xff,0x20,0x00,0xa0,0xff,0x00,0x00,0x40,0xff,
    0x20,0x20,0xe0,0xff,0x20,0x20,0xe0,0xff,0x00,0x00,0x40,0xff,0x00,0x00,0x40,0xff,
    0x00,0x00,0x40,0xff,0x20,0x00,0xa0,0xff,0x20,0x00,0xa0,0xff,0x60,0x60,0xa0,0xff,
    0x60,0x60,0xa0,0xff,0xe0,0x00,0x00,0xff,0x60,0x60,0xa0,0xff,0xe0,0xe0,0xe0,0xff,
    0x60,0x60,0xa0,0xff,0x00,0x00,0x00,0x00,0x00,0x00,0x00,0x00,0x00,0x00,0x00,0x00,
    0x00,0x00,0x00,0x00,0x00,0x00,0x00,0x00,0x00,0x00,0x00,0x00,0x00,0x00,0x00,0x00,
    0x00,0x00,0x00,0x00,0x00,0x00,0x00,0x00,0x00,0x00,0x00,0x00,0x00,0x00,0x00,0x00,
    0x00,0x00,0x00,0x00,0x00,0x00,0x00,0x00,0x00,0x00,0x00,0x00,0x00,0x00,0x00,0x00,
    0x00,0x00,0x00,0x00,0x00,0x00,0x00,0x00,0x00,0x00,0x00,0x00,0x00,0x00,0x00,0x00,
    0x00,0x00,0x00,0x00,0x00,0x00,0x00,0x00,0x00,0x00,0x40,0xff,0x20,0x00,0xa0,0xff,
    0x20,0x00,0xa0,0xff,0x00,0x00,0x40,0xff,0x00,0x00,0x00,0x00,0x00,0x00,0x00,0x00,
    0x00,0x00,0x00,0x00,0x00,0x00,0x40,0xff,0x00,0x00,0x40,0xff,0x20,0x00,0xa0,0xff,
    0x40,0x40,0xe0,0xff,0x20,0x20,0xe0,0xff,0x20,0x00,0xa0,0xff,0x20,0x00,0xa0,0xff,
    0x00,0x00,0x40,0xff,0x20,0x20,0xe0,0xff,0x00,0x00,0x40,0xff,0x00,0x00,0x40,0xff,
    0x00,0x00,0x40,0xff,0x20,0x00,0xa0,0xff,0x20,0x20,0xe0,0xff,0x40,0x40,0xe0,0xff,
    0x00,0x00,0x00,0x00,0x00,0x00,0x00,0x00,0x00,0x00,0x00,0x00,0x00,0x00,0x00,0x00,
    0x00,0x00,0x00,0x00,0x00,0x00,0x00,0x00,0x00,0x00,0x00,0x00,0x00,0x00,0x00,0x00,
    0x00,0x00,0x00,0x00,0x00,0x00,0x00,0x00,0x00,0x00,0x00,0x00,0x00,0x00,0x00,0x00,
    0x00,0x00,0x00,0x00,0x00,0x00,0x00,0x00,0x00,0x00,0x00,0x00,0x00,0x00,0x00,0x00,
    0x00,0x00,0x00,0x00,0x00,0x00,0x00,0x00,0x00,0x00,0x00,0x00,0x00,0x00,0x00,0x00,
    0x00,0x00,0x00,0x00,0x00,0x00,0x00,0x00,0x00,0x00,0x00,0x00,0x00,0x00,0x00,0x00,
    0x00,0x00,0x00,0x00,0x00,0x00,0x00,0x00,0x00,0x00,0x00,0x00,0x20,0x20,0xe0,0xff,
    0x20,0x20,0xe0,0xff,0x20,0x20,0xe0,0xff,0x20,0x20,0xe0,0xff,0x20,0x20,0xe0,0xff,
    0x20,0x20,0xe0,0xff,0x20,0x20,0xe0,0xff,0x20,0x20,0xe0,0xff,0x20,0x20,0xe0,0xff,
    0x20,0x20,0xe0,0xff,0x40,0x40,0xe0,0xff,0x40,0x40,0xe0,0xff,0x40,0x40,0xe0,0xff,
    0x40,0x40,0xe0,0xff,0x20,0x20,0xe0,0xff,0x20,0x20,0xe0,0xff,0x20,0x20,0xe0,0xff,
    0x20,0x20,0xe0,0xff,0x20,0x20,0xe0,0xff,0x20,0x20,0xe0,0xff,0x20,0x20,0xe0,0xff,
    0x20,0x20,0xe0,0xff,0x20,0x20,0xe0,0xff,0x20,0x20,0xe0,0xff,0x00,0x00,0x00,0x00,
    0x00,0x00,0x00,0x00,0x00,0x00,0x00,0x00,0x00,0x00,0x00,0x00,0x00,0x00,0x00,0x00,
    0x00,0x00,0x00,0x00,0x00,0x00,0x00,0x00,0x00,0x00,0x00,0x00,0x00,0x00,0x00,0x00,
    0x00,0x00,0x00,0x00,0x00,0x00,0x00,0x00,0x00,0x00,0x00,0x00,0x00,0x00,0x00,0x00,
    0x00,0x00,0x00,0x00,0x00,0x00,0x00,0x00,0x00,0x00,0x00,0x00,0x00,0x00,0x00,0x00,
    0x00,0x00,0x00,0x00,0x00,0x00,0x00,0x00,0x00,0x00,0x00,0x00,0x00,0x00,0x00,0x00,
    0x00,0x00,0x00,0x00,0x00,0x00,0x00,0x00,0x00,0x00,0x40,0xff,0x00,0x00,0x40,0xff,
    0x00,0x00,0x40,0xff,0x20,0x00,0xa0,0xff,0x20,0x00,0xa0,0xff,0x60,0x60,0xa0,0xff,
    0x40,0x40,0xe0,0xff,0x20,0x20,0xe0,0xff,0x20,0x20,0xe0,0xff,0x20,0x00,0xa0,0xff,
    0x20,0x00,0xa0,0xff,0x20,0x20,0xe0,0xff,0x60,0x60,0xa0,0xff,0x60,0x60,0xa0,0xff,
    0x60,0x60,0xa0,0xff,0x20,0x20,0xe0,0xff,0x20,0x20,0xe0,0xff,0x20,0x00,0xa0,0xff,
    0x20,0x20,0xe0,0xff,0x20,0x20,0xe0,0xff,0x40,0x40,0xe0,0xff,0x60,0x60,0xa0,0xff,
    0x60,0x60,0xa0,0xff,0x20,0x00,0xa0,0xff,0x00,0x00,0x40,0xff,0x00,0x00,0x40,0xff,
    0x00,0x00,0x00,0x00,0x00,0x00,0x00,0x00,0x00,0x00,0x00,0x00,0x00,0x00,0x00,0x00,
    0x00,0x00,0x00,0x00,0x00,0x00,0x00,0x00,0x00,0x00,0x00,0x00,0x00,0x00,0x00,0x00,
    0x00,0x00,0x00,0x00,0x00,0x00,0x00,0x00,0x00,0x00,0x00,0x00,0x00,0x00,0x00,0x00,
    0x00,0x00,0x00,0x00,0x00,0x00,0x00,0x00,0x00,0x00,0x00,0x00,0x00,0x00,0x00,0x00,
    0x00,0x00,0x00,0x00,0x00,0x00,0x00,0x00,0x00,0x00,0x00,0x00,0x00,0x00,0x00,0x00,
    0x00,0x00,0x00,0x00,0x00,0x00,0x00,0x00,0x00,0x00,0x40,0xff,0x00,0x00,0x40,0xff,
    0x00,0x00,0x40,0xff,0x00,0x00,0x40,0xff,0x20,0x00,0xa0,0xff,0x20,0x00,0xa0,0xff,
    0x20,0x20,0xe0,0xff,0x20,0x20,0xe0,0xff,0x20,0x00,0xa0,0xff,0x20,0x00,0xa0,0xff,
    0x20,0x00,0xa0,0xff,0x20,0x20,0xe0,0xff,0x40,0x40,0xe0,0xff,0x60,0x60,0xa0,0xff,
    0x40,0x40,0xe0,0xff,0x20,0x20,0xe0,0xff,0x20,0x20,0xe0,0xff,0x20,0x00,0xa0,0xff,
    0x20,0x00,0xa0,0xff,0x20,0x20,0xe0,0xff,0x20,0x20,0xe0,0xff,0x60,0x60,0xa0,0xff,
    0x20,0x00,0xa0,0xff,0x00,0x00,0x40,0xff,0x00,0x00,0x40,0xff,0x00,0x00,0x40,0xff,
    0x00,0x00,0x00,0x00,0x00,0x00,0x00,0x00,0x00,0x00,0x00,0x00,0x00,0x00,0x00,0x00,
    0x00,0x00,0x00,0x00,0x00,0x00,0x00,0x00,0x00,0x00,0x00,0x00,0x00,0x00,0x00,0x00,
    0x00,0x00,0x00,0x00,0x00,0x00,0x00,0x00,0x00,0x00,0x00,0x00,0x00,0x00,0x00,0x00,
    0x00,0x00,0x00,0x00,0x00,0x00,0x00,0x00,0x00,0x00,0x00,0x00,0x00,0x00,0x00,0x00,
    0x00,0x00,0x00,0x00,0x00,0x00,0x00,0x00,0x00,0x00,0x00,0x00,0x00,0x00,0x00,0x00,
    0x00,0x00,0x00,0x00,0x00,0x00,0x00,0x00,0x00,0x00,0x00,0x00,0x00,0x00,0x00,0x00,
    0x00,0x00,0x40,0xff,0x20,0x20,0xe0,0xff,0x60,0x60,0xa0,0xff,0x20,0x20,0xe0,0xff,
    0x20,0x20,0xe0,0xff,0x20,0x20,0xe0,0xff,0x20,0x20,0xe0,0xff,0x20,0x00,0xa0,0xff,
    0x00,0x00,0x40,0xff,0x00,0x00,0x40,0xff,0x00,0x00,0x40,0xff,0x20,0x00,0xa0,0xff,
    0x20,0x20,0xe0,0xff,0x20,0x00,0xa0,0xff,0x00,0x00,0x40,0xff,0x00,0x00,0x40,0xff,
    0x00,0x00,0x40,0xff,0x20,0x00,0xa0,0xff,0x20,0x20,0xe0,0xff,0x20,0x20,0xe0,0xff,
    0x20,0x20,0xe0,0xff,0x20,0x20,0xe0,0xff,0x60,0x60,0xa0,0xff,0x20,0x20,0xe0,0xff,
    0x00,0x00,0x40,0xff,0x00,0x00,0x00,0x00,0x00,0x00,0x00,0x00,0x00,0x00,0x00,0x00,
    0x00,0x00,0x00,0x00,0x00,0x00,0x00,0x00,0x00,0x00,0x00,0x00,0x00,0x00,0x00,0x00,
    0x00,0x00,0x00,0x00,0x00,0x00,0x00,0x00,0x00,0x00,0x00,0x00,0x00,0x00,0x00,0x00,
    0x00,0x00,0x00,0x00,0x00,0x00,0x00,0x00,0x00,0x00,0x00,0x00,0x00,0x00,0x00,0x00,
    0x00,0x00,0x00,0x00,0x00,0x00,0x00,0x00,0x00,0x00,0x00,0x00,0x00,0x00,0x00,0x00,
    0x00,0x00,0x00,0x00,0x00,0x00,0x00,0x00,0x00,0x00,0x00,0x00,0x00,0x00,0x40,0xff,
    0x20,0x00,0xa0,0xff,0x40,0x40,0xe0,0xff,0x40,0x40,0xe0,0xff,0x40,0x40,0xe0,0xff,
    0x20,0x20,0xe0,0xff,0x20,0x00,0xa0,0xff,0x00,0x00,0x40,0xff,0x00,0x00,0x40,0xff,
    0x00,0x00,0x40,0xff,0x20,0x00,0xa0,0xff,0x20,0x20,0xe0,0xff,0x40,0x40,0xe0,0xff,
    0x20,0x20,0xe0,0xff,0x20,0x00,0xa0,0xff,0x00,0x00,0x40,0xff,0x00,0x00,0x40,0xff,
    0x00,0x00,0x40,0xff,0x20,0x00,0xa0,0xff,0x20,0x20,0xe0,0xff,0x40,0x40,0xe0,0xff,
    0x40,0x40,0xe0,0xff,0x40,0x40,0xe0,0xff,0x20,0x00,0xa0,0xff,0x00,0x00,0x40,0xff,
    0x00,0x00,0x00,0x00,0x00,0x00,0x00,0x00,0x00,0x00,0x00,0x00,0x00,0x00,0x00,0x00,
    0x00,0x00,0x00,0x00,0x00,0x00,0x00,0x00,0x00,0x00,0x00,0x00,0x00,0x00,0x00,0x00,
    0x00,0x00,0x00,0x00,0x00,0x00,0x00,0x00,0x00,0x00,0x00,0x00,0x00,0x00,0x00,0x00,
    0x00,0x00,0x00,0x00,0x00,0x00,0x00,0x00,0x00,0x00,0x00,0x00,0x00,0x00,0x00,0x00,
    0x00,0x00,0x00,0x00,0x00,0x00,0x00,0x00,0x00,0x00,0x00,0x00,0x00,0x00,0x00,0x00,
    0x00,0x00,0x00,0x00,0x00,0x00,0x00,0x00,0x00,0x00,0x00,0x00,0x00,0x00,0x40,0xff,
    0x20,0x00,0xa0,0xff,0x40,0x40,0xe0,0xff,0x40,0x40,0xe0,0xff,0x40,0x40,0xe0,0xff,
    0x20,0x20,0xe0,0xff,0x20,0x00,0xa0,0xff,0x00,0x00,0x40,0xff,0x00,0x00,0x40,0xff,
    0x00,0x00,0x40,0xff,0x20,0x00,0xa0,0xff,0x20,0x20,0xe0,0xff,0x40,0x40,0xe0,0xff,
    0x20,0x20,0xe0,0xff,0x20,0x00,0xa0,0xff,0x00,0x00,0x40,0xff,0x00,0x00,0x40,0xff,
    0x00,0x00,0x40,0xff,0x20,0x00,0xa0,0xff,0x20,0x20,0xe0,0xff,0x40,0x40,0xe0,0xff,
    0x40,0x40,0xe0,0xff,0x40,0x40,0xe0,0xff,0x20,0x00,0xa0,0xff,0x00,0x00,0x40,0xff,
    0x00,0x00,0x00,0x00,0x00,0x00,0x00,0x00,0x00,0x00,0x00,0x00,0x00,0x00,0x00,0x00,
    0x00,0x00,0x00,0x00,0x00,0x00,0x00,0x00,0x00,0x00,0x00,0x00,0x00,0x00,0x00,0x00,
    0x00,0x00,0x00,0x00,0x00,0x00,0x00,0x00,0x00,0x00,0x00,0x00,0x00,0x00,0x00,0x00,
    0x00,0x00,0x00,0x00,0x00,0x00,0x00,0x00,0x00,0x00,0x00,0x00,0x00,0x00,0x00,0x00,
    0x00,0x00,0x00,0x00,0x00,0x00,0x00,0x00,0x00,0x00,0x00,0x00,0x00,0x00,0x00,0x00,
    0x00,0x00,0x00,0x00,0x00,0x00,0x00,0x00,0x00,0x00,0x00,0x00,0x00,0x00,0x00,0x00,
    0x60,0x60,0xa0,0xff,0x60,0x60,0xa0,0xff,0xe0,0x00,0x00,0xff,0x60,0x60,0xa0,0xff,
    0x80,0x40,0x20,0xff,0x00,0x00,0x40,0xff,0x20,0x00,0xa0,0xff,0x00,0x00,0x40,0xff,
    0x00,0x00,0x40,0xff,0x20,0x20,0xe0,0xff,0x20,0x20,0xe0,0xff,0x20,0x20,0xe0,0xff,
    0x00,0x00,0x40,0xff,0x00,0x00,0x40,0xff,0x20,0x00,0xa0,0xff,0x20,0x00,0xa0,0xff,
    0x20,0x00,0xa0,0xff,0x20,0x20,0xe0,0xff,0x00,0x00,0x00,0x00,0x00,0x00,0x00,0x00,
    0x00,0x00,0x00,0x00,0x00,0x00,0x00,0x00,0x00,0x00,0x00,0x00,0x00,0x00,0x40,0xff,
    0x00,0x00,0x40,0xff,0x00,0x00,0x00,0x00,0x00,0x00,0x00,0x00,0x00,0x00,0x00,0x00,
    0x00,0x00,0x00,0x00,0x00,0x00,0x00,0x00,0x00,0x00,0x00,0x00,0x00,0x00,0x00,0x00,
    0x00,0x00,0x00,0x00,0x00,0x00,0x00,0x00,0x00,0x00,0x00,0x00,0x00,0x00,0x00,0x00,
    0x00,0x00,0x00,0x00,0x00,0x00,0x00,0x00,0x00,0x00,0x00,0x00,0x00,0x00,0x00,0x00,
    0x00,0x00,0x00,0x00,0x00,0x00,0x00,0x00,0x00,0x00,0x00,0x00,0xe0,0xe0,0xe0,0xff,
    0xe0,0xe0,0xe0,0xff,0xe0,0xe0,0xe0,0xff,0xe0,0xe0,0xe0,0xff,0x60,0x60,0xa0,0xff,
    0x60,0x60,0xa0,0xff,0x60,0x60,0xa0,0xff,0x00,0x00,0x40,0xff,0x00,0x00,0x40,0xff,
    0x00,0x00,0x40,0xff,0x00,0x00,0x40,0xff,0x00,0x00,0x40,0xff,0x20,0x20,0xe0,0xff,
    0x20,0x20,0xe0,0xff,0x20,0x20,0xe0,0xff,0x20,0x20,0xe0,0xff,0x00,0x00,0x40,0xff,
    0x00,0x00,0x40,0xff,0x20,0x00,0xa0,0xff,0x20,0x00,0xa0,0xff,0x20,0x00,0xa0,0xff,
    0x20,0x00,0xa0,0xff,0x20,0x20,0xe0,0xff,0x00,0x00,0x40,0xff,0x00,0x00,0x00,0x00,
    0x00,0x00,0x00,0x00,0x00,0x00,0x00,0x00,0x00,0x00,0x00,0x00,0x00,0x00,0x00,0x00,
    0x00,0x00,0x00,0x00,0x00,0x00,0x00,0x00,0x00,0x00,0x00,0x00,0x00,0x00,0x00,0x00,
    0x00,0x00,0x00,0x00,0x00,0x00,0x00,0x00,0x00,0x00,0x00,0x00,0x00,0x00,0x00,0x00,
    0x00,0x00,0x00,0x00,0x00,0x00,0x00,0x00,0x00,0x00,0x00,0x00,0x00,0x00,0x00,0x00,
    0x00,0x00,0x00,0x00,0x00,0x00,0x00,0x00,0x00,0x00,0x00,0x00,0x00,0x00,0x00,0x00,
    0x00,0x00,0x00,0x00,0x00,0x00,0x00,0x00,0x00,0x00,0x00,0x00,0x00,0x00,0x00,0x00,
    0x00,0x00,0x00,0x00,0x00,0x00,0x00,0x00,0x00,0x00,0x00,0x00,0x00,0x00,0x00,0x00,
    0x60,0x60,0xa0,0xff,0x60,0x60,0xa0,0xff,0xe0,0x00,0x00,0xff,0x60,0x60,0xa0,0xff,
    0x80,0x40,0x20,0xff,0x00,0x00,0x40,0xff,0x20,0x00,0xa0,0xff,0x00,0x00,0x40,0xff,
    0x00,0x00,0x40,0xff,0x20,0x20,0xe0,0xff,0x20,0x20,0xe0,0xff,0x20,0x20,0xe0,0xff,
    0x00,0x00,0x40,0xff,0x00,0x00,0x40,0xff,0x20,0x00,0xa0,0xff,0x20,0x00,0xa0,0xff,
    0x20,0x00,0xa0,0xff,0x20,0x20,0xe0,0xff,0x00,0x00,0x00,0x00,0x00,0x00,0x00,0x00,
    0x00,0x00,0x00,0x00,0x00,0x00,0x00,0x00,0x00,0x00,0x00,0x00,0x00,0x00,0x40,0xff,
    0x00,0x00,0x40,0xff,0x00,0x00,0x00,0x00,0x00,0x00,0x00,0x00,0x00,0x00,0x00,0x00,
    0x00,0x00,0x00,0x00,0x00,0x00,0x00,0x00,0x00,0x00,0x00,0x00,0x00,0x00,0x00,0x00,
    0x00,0x00,0x00,0x00,0x00,0x00,0x00,0x00,0x00,0x00,0x00,0x00,0x00,0x00,0x00,0x00,
    0x00,0x00,0x00,0x00,0x00,0x00,0x00,0x00,0x00,0x00,0x00,0x00,0x00,0x00,0x00,0x00,
    0x00,0x00,0x00,0x00,0x00,0x00,0x00,0x00,0x00,0x00,0x00,0x00,0x00,0x00,0x00,0x00,
    0x00,0x00,0x00,0x00,0x00,0x00,0x00,0x00,0x00,0x00,0x00,0x00,0x00,0x00,0x00,0x00,
    0x00,0x00,0x00,0x00,0x00,0x00,0x00,0x00,0x00,0x00,0x00,0x00,0x80,0x40,0x20,0xff,
    0x00,0x00,0x40,0xff,0x20,0x00,0xa0,0xff,0x00,0x00,0x40,0xff,0x00,0x00,0x40,0xff,
    0x00,0x00,0x40,0xff,0x00,0x00,0x40,0xff,0x20,0x20,0xe0,0xff,0x20,0x20,0xe0,0xff,
    0x00,0x00,0x40,0xff,0x20,0x00,0xa0,0xff,0x20,0x00,0xa0,0xff,0x20,0x20,0xe0,0xff,
    0x20,0x00,0xa0,0xff,0x00,0x00,0x40,0xff,0x00,0x00,0x40,0xff,0x00,0x00,0x00,0x00,
    0x00,0x00,0x00,0x00,0x00,0x00,0x00,0x00,0x00,0x00,0x00,0x00,0x00,0x00,0x40,0xff,
    0x00,0x00,0x40,0xff,0x00,0x00,0x40,0xff,0x00,0x00,0x00,0x00,0x00,0x00,0x00,0x00,
    0x00,0x00,0x00,0x00,0x00,0x00,0x00,0x00,0x00,0x00,0x00,0x00,0x00,0x00,0x00,0x00,
    0x00,0x00,0x00,0x00,0x00,0x00,0x00,0x00,0x00,0x00,0x00,0x00,0x00,0x00,0x00,0x00,
    0x00,0x00,0x00,0x00,0x00,0x00,0x00,0x00,0x00,0x00,0x00,0x00,0x00,0x00,0x00,0x00,
    0x00,0x00,0x00,0x00,0x00,0x00,0x00,0x00,0x00,0x00,0x00,0x00,0x00,0x00,0x00,0x00,
    0x00,0x00,0x00,0x00,0x00,0x00,0x00,0x00,0x00,0x00,0x00,0x00,0x00,0x00,0x40,0xff,
    0x20,0x00,0xa0,0xff,0x40,0x40,0xe0,0xff,0x40,0x40,0xe0,0xff,0x40,0x40,0xe0,0xff,
    0x20,0x20,0xe0,0xff,0x20,0x00,0xa0,0xff,0x00,0x00,0x40,0xff,0x00,0x00,0x40,0xff,
    0x00,0x00,0x40,0xff,0x20,0x00,0xa0,0xff,0x20,0x20,0xe0,0xff,0x40,0x40,0xe0,0xff,
    0x20,0x20,0xe0,0xff,0x20,0x00,0xa0,0xff,0x00,0x00,0x40,0xff,0x00,0x00,0x40,0xff,
    0x00,0x00,0x40,0xff,0x20,0x00,0xa0,0xff,0x20,0x20,0xe0,0xff,0x40,0x40,0xe0,0xff,
    0x40,0x40,0xe0,0xff,0x40,0x40,0xe0,0xff,0x20,0x00,0xa0,0xff,0x00,0x00,0x40,0xff,
    0x00,0x00,0x00,0x00,0x00,0x00,0x00,0x00,0x00,0x00,0x00,0x00,0x00,0x00,0x00,0x00,
    0x00,0x00,0x00,0x00,0x00,0x00,0x00,0x00,0x00,0x00,0x00,0x00,0x00,0x00,0x00,0x00,
    0x00,0x00,0x00,0x00,0x00,0x00,0x00,0x00,0x00,0x00,0x00,0x00,0x00,0x00,0x00,0x00,
    0x00,0x00,0x00,0x00,0x00,0x00,0x00,0x00,0x00,0x00,0x00,0x00,0x00,0x00,0x00,0x00,
    0x00,0x00,0x00,0x00,0x00,0x00,0x00,0x00,0x00,0x00,0x00,0x00,0x00,0x00,0x00,0x00,
    0x00,0x00,0x00,0x00,0x00,0x00,0x00,0x00,0x00,0x00,0x40,0xff,0x00,0x00,0x40,0xff,
    0x00,0x00,0x40,0xff,0x00,0x00,0x00,0x00,0x00,0x00,0x00,0x00,0x00,0x00,0x00,0x00,
    0x00,0x00,0x00,0x00,0x00,0x00,0x40,0xff,0x00,0x00,0x40,0xff,0x20,0x00,0xa0,0xff,
    0x20,0x20,0xe0,0xff,0x20,0x00,0xa0,0xff,0x20,0x00,0xa0,0xff,0x00,0x00,0x40,0xff,
    0x20,0x20,0xe0,0xff,0x20,0x20,0xe0,0xff,0x00,0x00,0x40,0xff,0x00,0x00,0x40,0xff,
    0x00,0x00,0x40,0xff,0x00,0x00,0x40,0xff,0x20,0x00,0xa0,0xff,0x00,0x00,0x40,0xff,
    0x80,0x40,0x20,0xff,0x00,0x00,0x00,0x00,0x00,0x00,0x00,0x00,0x00,0x00,0x00,0x00,
    0x00,0x00,0x00,0x00,0x00,0x00,0x00,0x00,0x00,0x00,0x00,0x00,0x00,0x00,0x00,0x00,
    0x00,0x00,0x00,0x00,0x00,0x00,0x00,0x00,0x00,0x00,0x00,0x00,0x00,0x00,0x00,0x00,
    0x00,0x00,0x00,0x00,0x00,0x00,0x00,0x00,0x00,0x00,0x00,0x00,0x00,0x00,0x00,0x00,
    0x00,0x00,0x00,0x00,0x00,0x00,0x00,0x00,0x00,0x00,0x00,0x00,0x00,0x00,0x00,0x00,
    0x00,0x00,0x00,0x00,0x00,0x00,0x00,0x00,0x00,0x00,0x00,0x00,0x00,0x00,0x00,0x00,
    0x00,0x00,0x00,0x00,0x00,0x00,0x00,0x00,0x00,0x00,0x00,0x00,0x00,0x00,0x40,0xff,
    0x00,0x00,0x40,0xff,0x00,0x00,0x00,0x00,0x00,0x00,0x00,0x00,0x00,0x00,0x00,0x00,
    0x00,0x00,0x00,0x00,0x00,0x00,0x00,0x00,0x20,0x20,0xe0,0xff,0x20,0x00,0xa0,0xff,
    0x20,0x00,0xa0,0xff,0x20,0x00,0xa0,0xff,0x00,0x00,0x40,0xff,0x00,0x00,0x40,0xff,
    0x20,0x20,0xe0,0xff,0x20,0x20,0xe0,0xff,0x20,0x20,0xe0,0xff,0x00,0x00,0x40,0xff,
    0x00,0x00,0x40,0xff,0x20,0x00,0xa0,0xff,0x00,0x00,0x40,0xff,0x80,0x40,0x20,0xff,
    0x60,0x60,0xa0,0xff,0xe0,0x00,0x00,0xff,0x60,0x60,0xa0,0xff,0x60,0x60,0xa0,0xff,
    0x00,0x00,0x00,0x00,0x00,0x00,0x00,0x00,0x00,0x00,0x00,0x00,0x00,0x00,0x00,0x00,
    0x00,0x00,0x00,0x00,0x00,0x00,0x00,0x00,0x00,0x00,0x00,0x00,0x00,0x00,0x00,0x00,
    0x00,0x00,0x00,0x00,0x00,0x00,0x00,0x00,0x00,0x00,0x00,0x00,0x00,0x00,0x00,0x00,
    0x00,0x00,0x00,0x00,0x00,0x00,0x00,0x00,0x00,0x00,0x00,0x00,0x00,0x00,0x00,0x00,
    0x00,0x00,0x00,0x00,0x00,0x00,0x00,0x00,0x00,0x00,0x00,0x00,0x00,0x00,0x00,0x00,
    0x00,0x00,0x00,0x00,0x00,0x00,0x00,0x00,0x00,0x00,0x00,0x00,0x00,0x00,0x00,0x00,
    0x00,0x00,0x00,0x00,0x00,0x00,0x00,0x00,0x00,0x00,0x00,0x00,0x00,0x00,0x40,0xff,
    0x20,0x20,0xe0,0xff,0x20,0x00,0xa0,0xff,0x20,0x00,0xa0,0xff,0x20,0x00,0xa0,0xff,
    0x20,0x00,0xa0,0xff,0x00,0x00,0x40,0xff,0x00,0x00,0x40,0xff,0x20,0x20,0xe0,0xff,
    0x20,0x20,0xe0,0xff,0x20,0x20,0xe0,0xff,0x20,0x20,0xe0,0xff,0x00,0x00,0x40,0xff,
    0x00,0x00,0x40,0xff,0x00,0x00,0x40,0xff,0x00,0x00,0x40,0xff,0x00,0x00,0x40,0xff,
    0x60,0x60,0xa0,0xff,0x60,0x60,0xa0,0xff,0x60,0x60,0xa0,0xff,0xe0,0xe0,0xe0,0xff,
    0xe0,0xe0,0xe0,0xff,0xe0,0xe0,0xe0,0xff,0xe0,0xe0,0xe0,0xff,0x00,0x00,0x00,0x00,
    0x00,0x00,0x00,0x00,0x00,0x00,0x00,0x00,0x00,0x00,0x00,0x00,0x00,0x00,0x00,0x00,
    0x00,0x00,0x00,0x00,0x00,0x00,0x00,0x00,0x00,0x00,0x00,0x00,0x00,0x00,0x00,0x00,
    0x00,0x00,0x00,0x00,0x00,0x00,0x00,0x00,0x00,0x00,0x00,0x00,0x00,0x00,0x00,0x00,
    0x00,0x00,0x00,0x00,0x00,0x00,0x00,0x00,0x00,0x00,0x00,0x00,0x00,0x00,0x00,0x00,
    0x00,0x00,0x00,0x00,0x00,0x00,0x00,0x00,0x00,0x00,0x00,0x00,0x00,0x00,0x40,0xff,
    0x00,0x00,0x40,0xff,0x00,0x00,0x00,0x00,0x00,0x00,0x00,0x00,0x00,0x00,0x00,0x00,
    0x00,0x00,0x00,0x00,0x00,0x00,0x00,0x00,0x20,0x20,0xe0,0xff,0x20,0x00,0xa0,0xff,
    0x20,0x00,0xa0,0xff,0x20,0x00,0xa0,0xff,0x00,0x00,0x40,0xff,0x00,0x00,0x40,0xff,
    0x20,0x20,0xe0,0xff,0x20,0x20,0xe0,0xff,0x20,0x20,0xe0,0xff,0x00,0x00,0x40,0xff,
    0x00,0x00,0x40,0xff,0x20,0x00,0xa0,0xff,0x00,0x00,0x40,0xff,0x80,0x40,0x20,0xff,
    0x60,0x60,0xa0,0xff,0xe0,0x00,0x00,0xff,0x60,0x60,0xa0,0xff,0x60,0x60,0xa0,0xff,
    0x00,0x00,0x00,0x00,0x00,0x00,0x00,0x00,0x00,0x00,0x00,0x00,0x00,0x00,0x00,0x00,
    0x00,0x00,0x00,0x00,0x00,0x00,0x00,0x00,0x00,0x00,0x00,0x00,0x00,0x00,0x00,0x00,
    0x00,0x00,0x00,0x00,0x00,0x00,0x00,0x00,0x00,0x00,0x00,0x00,0x00,0x00,0x00,0x00,
    0x00,0x00,0x00,0x00,0x00,0x00,0x00,0x00,0x00,0x00,0x00,0x00,0x00,0x00,0x00,0x00,
    0x00,0x00,0x00,0x00,0x00,0x00,0x00,0x00,0x00,0x00,0x00,0x00,0x00,0x00,0x00,0x00,
    0x00,0x00,0x00,0x00,0x00,0x00,0x00,0x00,0x00,0x00,0x40,0xff,0x00,0x00,0x40,0xff,
    0x00,0x00,0x40,0xff,0x00,0x00,0x00,0x00,0x00,0x00,0x00,0x00,0x00,0x00,0x00,0x00,
    0x00,0x00,0x00,0x00,0x00,0x00,0x40,0xff,0x00,0x00,0x40,0xff,0x20,0x00,0xa0,0xff,
    0x20,0x20,0xe0,0xff,0x20,0x00,0xa0,0xff,0x20,0x00,0xa0,0xff,0x00,0x00,0x40,0xff,
    0x20,0x20,0xe0,0xff,0x20,0x20,0xe0,0xff,0x00,0x00,0x40,0xff,0x00,0x00,0x40,0xff,
    0x00,0x00,0x40,0xff,0x00,0x00,0x40,0xff,0x20,0x00,0xa0,0xff,0x00,0x00,0x40,0xff,
    0x80,0x40,0x20,0xff,0x00,0x00,0x00,0x00,0x00,0x00,0x00,0x00,0x00,0x00,0x00,0x00,
    0x00,0x00,0x00,0x00,0x00,0x00,0x00,0x00,0x00,0x00,0x00,0x00,0x00,0x00,0x00,0x00,
    0x00,0x00,0x00,0x00,0x00,0x00,0x00,0x00,0x00,0x00,0x00,0x00,0x00,0x00,0x00,0x00,
    0x00,0x00,0x00,0x00,0x00,0x00,0x00,0x00,0x00,0x00,0x00,0x00,0x00,0x00,0x00,0x00,
    0x00,0x00,0x00,0x00,0x00,0x00,0x00,0x00,0x00,0x00,0x00,0x00,0x00,0x00,0x00,0x00,
    0x00,0x00,0x00,0x00,0x00,0x00,0x00,0x00,0x00,0x00,0x00,0x00,0x00,0x00,0x00,0x00,
    0x00,0x00,0x00,0x00,0x00,0x00,0x00,0x00,0x20,0x00,0xa0,0xff,0x20,0x20,0xe0,0xff,
    0x20,0x20,0xe0,0xff,0x20,0x20,0xe0,0xff,0x20,0x20,0xe0,0xff,0x20,0x20,0xe0,0xff,
    0x20,0x20,0xe0,0xff,0x20,0x20,0xe0,0xff,0x20,0x20,0xe0,0xff,0x20,0x20,0xe0,0xff,
    0x20,0x20,0xe0,0xff,0x20,0x20,0xe0,0xff,0x20,0x20,0xe0,0xff,0x20,0x20,0xe0,0xff,
    0x20,0x20,0xe0,0xff,0x20,0x20,0xe0,0xff,0x20,0x20,0xe0,0xff,0x20,0x20,0xe0,0xff,
    0x20,0x20,0xe0,0xff,0x20,0x20,0xe0,0xff,0x20,0x20,0xe0,0xff,0x20,0x20,0xe0,0xff,
    0x20,0x20,0xe0,0xff,0x20,0x20,0xe0,0xff,0x20,0x20,0xe0,0xff,0x20,0x00,0xa0,0xff,
    0x00,0x00,0x00,0x00,0x00,0x00,0x00,0x00,0x00,0x00,0x00,0x00,0x00,0x00,0x00,0x00,
    0x00,0x00,0x00,0x00,0x00,0x00,0x00,0x00,0x00,0x00,0x00,0x00,0x00,0x00,0x00,0x00,
    0x00,0x00,0x00,0x00,0x00,0x00,0x00,0x00,0x00,0x00,0x00,0x00,0x00,0x00,0x00,0x00,
    0x00,0x00,0x00,0x00,0x00,0x00,0x00,0x00,0x00,0x00,0x00,0x00,0x00,0x00,0x00,0x00,
    0x00,0x00,0x00,0x00,0x00,0x00,0x00,0x00,0x00,0x00,0x00,0x00,0x00,0x00,0x00,0x00,
    0x00,0x00,0x00,0x00,0x00,0x00,0x00,0x00,0x00,0x00,0x40,0xff,0x00,0x00,0x40,0xff,
    0x00,0x00,0x40,0xff,0x20,0x00,0xa0,0xff,0x20,0x00,0xa0,0xff,0x60,0x60,0xa0,0xff,
    0x40,0x40,0xe0,0xff,0x20,0x20,0xe0,0xff,0x20,0x20,0xe0,0xff,0x20,0x20,0xe0,0xff,
    0x20,0x00,0xa0,0xff,0x20,0x20,0xe0,0xff,0x60,0x60,0xa0,0xff,0x60,0x60,0xa0,0xff,
    0x60,0x60,0xa0,0xff,0x20,0x20,0xe0,0xff,0x20,0x20,0xe0,0xff,0x20,0x00,0xa0,0xff,
    0x20,0x20,0xe0,0xff,0x20,0x20,0xe0,0xff,0x40,0x40,0xe0,0xff,0x40,0x40,0xe0,0xff,
    0x60,0x60,0xa0,0xff,0x20,0x00,0xa0,0xff,0x00,0x00,0x40,0xff,0x00,0x00,0x40,0xff,
    0x00,0x00,0x00,0x00,0x00,0x00,0x00,0x00,0x00,0x00,0x00,0x00,0x00,0x00,0x00,0x00,
    0x00,0x00,0x00,0x00,0x00,0x00,0x00,0x00,0x00,0x00,0x00,0x00,0x00,0x00,0x00,0x00,
    0x00,0x00,0x00,0x00,0x00,0x00,0x00,0x00,0x00,0x00,0x00,0x00,0x00,0x00,0x00,0x00,
    0x00,0x00,0x00,0x00,0x00,0x00,0x00,0x00,0x00,0x00,0x00,0x00,0x00,0x00,0x00,0x00,
    0x00,0x00,0x00,0x00,0x00,0x00,0x00,0x00,0x00,0x00,0x00,0x00,0x00,0x00,0x00,0x00,
    0x00,0x00,0x00,0x00,0x00,0x00,0x00,0x00,0x00,0x00,0x40,0xff,0x00,0x00,0x40,0xff,
    0x00,0x00,0x40,0xff,0x20,0x00,0xa0,0xff,0x20,0x20,0xe0,0xff,0x60,0x60,0xa0,0xff,
    0x20,0x20,0xe0,0xff,0x20,0x20,0xe0,0xff,0x20,0x20,0xe0,0xff,0x20,0x00,0xa0,0xff,
    0x20,0x00,0xa0,0xff,0x20,0x00,0xa0,0xff,0x40,0x40,0xe0,0xff,0xe0,0xe0,0xe0,0xff,
    0x40,0x40,0xe0,0xff,0x20,0x20,0xe0,0xff,0x20,0x00,0xa0,0xff,0x20,0x00,0xa0,0xff,
    0x20,0x20,0xe0,0xff,0x20,0x20,0xe0,0xff,0x20,0x20,0xe0,0xff,0x20,0x20,0xe0,0xff,
    0x60,0x60,0xa0,0xff,0x20,0x00,0xa0,0xff,0x00,0x00,0x40,0xff,0x00,0x00,0x40,0xff,
    0x00,0x00,0x00,0x00,0x00,0x00,0x00,0x00,0x00,0x00,0x00,0x00,0x00,0x00,0x00,0x00,
    0x00,0x00,0x00,0x00,0x00,0x00,0x00,0x00,0x00,0x00,0x00,0x00,0x00,0x00,0x00,0x00,
    0x00,0x00,0x00,0x00,0x00,0x00,0x00,0x00,0x00,0x00,0x00,0x00,0x00,0x00,0x00,0x00,
    0x00,0x00,0x00,0x00,0x00,0x00,0x00,0x00,0x00,0x00,0x00,0x00,0x00,0x00,0x00,0x00,
    0x00,0x00,0x00,0x00,0x00,0x00,0x00,0x00,0x00,0x00,0x00,0x00,0x00,0x00,0x00,0x00,
    0x00,0x00,0x00,0x00,0x00,0x00,0x00,0x00,0x00,0x00,0x00,0x00,0x00,0x00,0x00,0x00,
    0x00,0x00,0x40,0xff,0x20,0x20,0xe0,0xff,0x20,0x20,0xe0,0xff,0x20,0x20,0xe0,0xff,
    0x20,0x20,0xe0,0xff,0x20,0x20,0xe0,0xff,0x20,0x00,0xa0,0xff,0x00,0x00,0x40,0xff,
    0x00,0x00,0x40,0xff,0x00,0x00,0x40,0xff,0x00,0x00,0x40,0xff,0x20,0x00,0xa0,0xff,
    0x20,0x20,0xe0,0xff,0x20,0x00,0xa0,0xff,0x00,0x00,0x40,0xff,0x00,0x00,0x40,0xff,
    0x00,0x00,0x40,0xff,0x00,0x00,0x40,0xff,0x20,0x00,0xa0,0xff,0x20,0x20,0xe0,0xff,
    0x20,0x20,0xe0,0xff,0x20,0x20,0xe0,0xff,0x20,0x20,0xe0,0xff,0x20,0x20,0xe0,0xff,
    0x00,0x00,0x40,0xff,0x00,0x00,0x00,0x00,0x00,0x00,0x00,0x00,0x00,0x00,0x00,0x00,
    0x00,0x00,0x00,0x00,0x00,0x00,0x00,0x00,0x00,0x00,0x00,0x00,0x00,0x00,0x00,0x00,
    0x00,0x00,0x00,0x00,0x00,0x00,0x00,0x00,0x00,0x00,0x00,0x00,0x00,0x00,0x00,0x00,
    0x00,0x00,0x00,0x00,0x00,0x00,0x00,0x00,0x00,0x00,0x00,0x00,0x00,0x00,0x00,0x00,
    0x00,0x00,0x00,0x00,0x00,0x00,0x00,0x00,0x00,0x00,0x00,0x00,0x00,0x00,0x00,0x00,
    0x00,0x00,0x00,0x00,0x00,0x00,0x00,0x00,0x00,0x00,0x00,0x00,0x00,0x00,0x40,0xff,
    0x20,0x00,0xa0,0xff,0x40,0x40,0xe0,0xff,0x20,0x20,0xe0,0xff,0x20,0x00,0xa0,0xff,
    0x00,0x00,0x40,0xff,0x00,0x00,0x40,0xff,0x00,0x00,0x40,0xff,0x00,0x00,0x40,0xff,
    0x00,0x00,0x40,0xff,0x20,0x00,0xa0,0xff,0x20,0x20,0xe0,0xff,0x40,0x40,0xe0,0xff,
    0x20,0x20,0xe0,0xff,0x20,0x00,0xa0,0xff,0x00,0x00,0x40,0xff,0x00,0x00,0x40,0xff,
    0x00,0x00,0x40,0xff,0x00,0x00,0x40,0xff,0x00,0x00,0x40,0xff,0x20,0x00,0xa0,0xff,
    0x20,0x20,0xe0,0xff,0x40,0x40,0xe0,0xff,0x20,0x00,0xa0,0xff,0x00,0x00,0x40,0xff,
    0x00,0x00,0x00,0x00,0x00,0x00,0x00,0x00,0x00,0x00,0x00,0x00,0x00,0x00,0x00,0x00,
    0x00,0x00,0x00,0x00,0x00,0x00,0x00,0x00,0x00,0x00,0x00,0x00,0x00,0x00,0x00,0x00,
    0x00,0x00,0x00,0x00,0x00,0x00,0x00,0x00,0x00,0x00,0x00,0x00,0x00,0x00,0x00,0x00,
    0x00,0x00,0x00,0x00,0x00,0x00,0x00,0x00,0x00,0x00,0x00,0x00,0x00,0x00,0x00,0x00,
    0x00,0x00,0x00,0x00,0x00,0x00,0x00,0x00,0x00,0x00,0x00,0x00,0x00,0x00,0x00,0x00,
    0x00,0x00,0x00,0x00,0x00,0x00,0x00,0x00,0x00,0x00,0x00,0x00,0x00,0x00,0x40,0xff,
    0x20,0x00,0xa0,0xff,0x40,0x40,0xe0,0xff,0x20,0x20,0xe0,0xff,0x20,0x00,0xa0,0xff,
    0x00,0x00,0x40,0xff,0x00,0x00,0x40,0xff,0x00,0x00,0x40,0xff,0x00,0x00,0x40,0xff,
    0x00,0x00,0x40,0xff,0x20,0x00,0xa0,0xff,0x20,0x20,0xe0,0xff,0x40,0x40,0xe0,0xff,
    0x20,0x20,0xe0,0xff,0x20,0x00,0xa0,0xff,0x00,0x00,0x40,0xff,0x00,0x00,0x40,0xff,
    0x00,0x00,0x40,0xff,0x00,0x00,0x40,0xff,0x00,0x00,0x40,0xff,0x20,0x00,0xa0,0xff,
    0x20,0x20,0xe0,0xff,0x40,0x40,0xe0,0xff,0x20,0x00,0xa0,0xff,0x00,0x00,0x40,0xff,
    0x00,0x00,0x00,0x00,0x00,0x00,0x00,0x00,0x00,0x00,0x00,0x00,0x00,0x00,0x00,0x00,
    0x00,0x00,0x00,0x00,0x00,0x00,0x00,0x00,0x00,0x00,0x00,0x00,0x00,0x00,0x00,0x00,
    0x00,0x00,0x00,0x00,0x00,0x00,0x00,0x00,0x00,0x00,0x00,0x00,0x00,0x00,0x00,0x00,
    0x00,0x00,0x00,0x00,0x00,0x00,0x00,0x00,0x00,0x00,0x00,0x00,0x00,0x00,0x00,0x00,
    0x00,0x00,0x00,0x00,0x00,0x00,0x00,0x00,0x00,0x00,0x00,0x00,0x00,0x00,0x00,0x00,
    0x00,0x00,0x00,0x00,0x00,0x00,0x00,0x00,0x00,0x00,0x00,0x00,0x00,0x00,0x00,0x00,
    0x00,0x00,0x00,0x00,0xe0,0x00,0x00,0xff,0xe0,0x00,0x00,0xff,0x80,0x40,0x20,0xff,
    0x80,0x40,0x20,0xff,0x00,0x00,0x40,0xff,0x00,0x00,0x40,0xff,0x00,0x00,0x40,0xff,
    0x20,0x20,0xe0,0xff,0x20,0x20,0xe0,0xff,0x20,0x20,0xe0,0xff,0x20,0x20,0xe0,0xff,
    0x00,0x00,0x40,0xff,0x00,0x00,0x40,0xff,0x20,0x00,0xa0,0xff,0x20,0x20,0xe0,0xff,
    0x20,0x20,0xe0,0xff,0x20,0x20,0xe0,0xff,0x00,0x00,0x00,0x00,0x00,0x00,0x00,0x00,
    0x00,0x00,0x00,0x00,0x00,0x00,0x00,0x00,0x00,0x00,0x00,0x00,0x00,0x00,0x00,0x00,
    0x00,0x00,0x00,0x00,0x00,0x00,0x00,0x00,0x00,0x00,0x00,0x00,0x00,0x00,0x00,0x00,
    0x00,0x00,0x00,0x00,0x00,0x00,0x00,0x00,0x00,0x00,0x00,0x00,0x00,0x00,0x00,0x00,
    0x00,0x00,0x00,0x00,0x00,0x00,0x00,0x00,0x00,0x00,0x00,0x00,0x00,0x00,0x00,0x00,
    0x00,0x00,0x00,0x00,0x00,0x00,0x00,0x00,0x00,0x00,0x00,0x00,0x00,0x00,0x00,0x00,
    0x00,0x00,0x00,0x00,0x00,0x00,0x00,0x00,0x00,0x00,0x00,0x00,0xe0,0xe0,0xe0,0xff,
    0xe0,0xe0,0xe0,0xff,0xe0,0xe0,0xe0,0xff,0x60,0x60,0xa0,0xff,0x60,0x60,0xa0,0xff,
    0xe0,0xe0,0xe0,0xff,0x60,0x60,0xa0,0xff,0x60,0x60,0xa0,0xff,0x00,0x00,0x00,0x00,
    0x00,0x00,0x00,0x00,0x00,0x00,0x40,0xff,0x00,0x00,0x40,0xff,0x20,0x20,0xe0,0xff,
    0x20,0x20,0xe0,0xff,0x20,0x20,0xe0,0xff,0x00,0x00,0x40,0xff,0x00,0x00,0x40,0xff,
    0x00,0x00,0x40,0xff,0x00,0x00,0x40,0xff,0x20,0x00,0xa0,0xff,0x20,0x00,0xa0,0xff,
    0x20,0x20,0xe0,0xff,0x20,0x20,0xe0,0xff,0x00,0x00,0x40,0xff,0x00,0x00,0x00,0x00,
    0x00,0x00,0x00,0x00,0x00,0x00,0x00,0x00,0x00,0x00,0x00,0x00,0x00,0x00,0x00,0x00,
    0x00,0x00,0x00,0x00,0x00,0x00,0x00,0x00,0x00,0x00,0x00,0x00,0x00,0x00,0x00,0x00,
    0x00,0x00,0x00,0x00,0x00,0x00,0x00,0x00,0x00,0x00,0x00,0x00,0x00,0x00,0x00,0x00,
    0x00,0x00,0x00,0x00,0x00,0x00,0x00,0x00,0x00,0x00,0x00,0x00,0x00,0x00,0x00,0x00,
    0x00,0x00,0x00,0x00,0x00,0x00,0x00,0x00,0x00,0x00,0x00,0x00,0x00,0x00,0x00,0x00,
    0x00,0x00,0x00,0x00,0x00,0x00,0x00,0x00,0x00,0x00,0x00,0x00,0x00,0x00,0x00,0x00,
    0x00,0x00,0x00,0x00,0x00,0x00,0x00,0x00,0x00,0x00,0x00,0x00,0x00,0x00,0x00,0x00,
    0x00,0x00,0x00,0x00,0xe0,0x00,0x00,0xff,0xe0,0x00,0x00,0xff,0x80,0x40,0x20,0xff,
    0x80,0x40,0x20,0xff,0x00,0x00,0x40,0xff,0x00,0x00,0x40,0xff,0x00,0x00,0x40,0xff,
    0x20,0x20,0xe0,0xff,0x20,0x20,0xe0,0xff,0x20,0x20,0xe0,0xff,0x20,0x20,0xe0,0xff,
    0x00,0x00,0x40,0xff,0x00,0x00,0x40,0xff,0x20,0x00,0xa0,0xff,0x20,0x20,0xe0,0xff,
    0x20,0x20,0xe0,0xff,0x20,0x20,0xe0,0xff,0x00,0x00,0x00,0x00,0x00,0x00,0x00,0x00,
    0x00,0x00,0x00,0x00,0x00,0x00,0x00,0x00,0x00,0x00,0x00,0x00,0x00,0x00,0x00,0x00,
    0x00,0x00,0x00,0x00,0x00,0x00,0x00,0x00,0x00,0x00,0x00,0x00,0x00,0x00,0x00,0x00,
    0x00,0x00,0x00,0x00,0x00,0x00,0x00,0x00,0x00,0x00,0x00,0x00,0x00,0x00,0x00,0x00,
    0x00,0x00,0x00,0x00,0x00,0x00,0x00,0x00,0x00,0x00,0x00,0x00,0x00,0x00,0x00,0x00,
    0x00,0x00,0x00,0x00,0x00,0x00,0x00,0x00,0x00,0x00,0x00,0x00,0x00,0x00,0x00,0x00,
    0x00,0x00,0x00,0x00,0x00,0x00,0x00,0x00,0x00,0x00,0x00,0x00,0x00,0x00,0x00,0x00,
    0x00,0x00,0x00,0x00,0x00,0x00,0x00,0x00,0x00,0x00,0x00,0x00,0x00,0x00,0x00,0x00,
    0x00,0x00,0x00,0x00,0x00,0x00,0x00,0x00,0x00,0x00,0x00,0x00,0x80,0x40,0x20,0xff,
    0x80,0x40,0x20,0xff,0x20,0x00,0xa0,0xff,0x00,0x00,0x40,0xff,0x00,0x00,0x40,0xff,
    0x00,0x00,0x40,0xff,0x20,0x20,0xe0,0xff,0x20,0x20,0xe0,0xff,0x20,0x20,0xe0,0xff,
    0x00,0x00,0x40,0xff,0x20,0x00,0xa0,0xff,0x20,0x00,0xa0,0xff,0x20,0x00,0xa0,0xff,
    0x20,0x20,0xe0,0xff,0x20,0x20,0xe0,0xff,0x00,0x00,0x40,0xff,0x00,0x00,0x00,0x00,
    0x00,0x00,0x00,0x00,0x00,0x00,0x00,0x00,0x00,0x00,0x00,0x00,0x00,0x00,0x00,0x00,
    0x00,0x00,0x40,0xff,0x00,0x00,0x00,0x00,0x00,0x00,0x00,0x00,0x00,0x00,0x00,0x00,
    0x00,0x00,0x00,0x00,0x00,0x00,0x00,0x00,0x00,0x00,0x00,0x00,0x00,0x00,0x00,0x00,
    0x00,0x00,0x00,0x00,0x00,0x00,0x00,0x00,0x00,0x00,0x00,0x00,0x00,0x00,0x00,0x00,
    0x00,0x00,0x00,0x00,0x00,0x00,0x00,0x00,0x00,0x00,0x00,0x00,0x00,0x00,0x00,0x00,
    0x00,0x00,0x00,0x00,0x00,0x00,0x00,0x00,0x00,0x00,0x00,0x00,0x00,0x00,0x00,0x00,
    0x00,0x00,0x00,0x00,0x00,0x00,0x00,0x00,0x00,0x00,0x00,0x00,0x00,0x00,0x40,0xff,
    0x20,0x00,0xa0,0xff,0x40,0x40,0xe0,0xff,0x20,0x20,0xe0,0xff,0x20,0x00,0xa0,0xff,
    0x00,0x00,0x40,0xff,0x00,0x00,0x40,0xff,0x00,0x00,0x40,0xff,0x00,0x00,0x40,0xff,
    0x00,0x00,0x40,0xff,0x20,0x00,0xa0,0xff,0x20,0x20,0xe0,0xff,0x40,0x40,0xe0,0xff,
    0x20,0x20,0xe0,0xff,0x20,0x00,0xa0,0xff,0x00,0x00,0x40,0xff,0x00,0x00,0x40,0xff,
    0x00,0x00,0x40,0xff,0x00,0x00,0x40,0xff,0x00,0x00,0x40,0xff,0x20,0x00,0xa0,0xff,
    0x20,0x20,0xe0,0xff,0x40,0x40,0xe0,0xff,0x20,0x00,0xa0,0xff,0x00,0x00,0x40,0xff,
    0x00,0x00,0x00,0x00,0x00,0x00,0x00,0x00,0x00,0x00,0x00,0x00,0x00,0x00,0x00,0x00,
    0x00,0x00,0x00,0x00,0x00,0x00,0x00,0x00,0x00,0x00,0x00,0x00,0x00,0x00,0x00,0x00,
    0x00,0x00,0x00,0x00,0x00,0x00,0x00,0x00,0x00,0x00,0x00,0x00,0x00,0x00,0x00,0x00,
    0x00,0x00,0x00,0x00,0x00,0x00,0x00,0x00,0x00,0x00,0x00,0x00,0x00,0x00,0x00,0x00,
    0x00,0x00,0x00,0x00,0x00,0x00,0x00,0x00,0x00,0x00,0x00,0x00,0x00,0x00,0x00,0x00,
    0x00,0x00,0x00,0x00,0x00,0x00,0x00,0x00,0x00,0x00,0x00,0x00,0x00,0x00,0x40,0xff,
    0x00,0x00,0x00,0x00,0x00,0x00,0x00,0x00,0x00,0x00,0x00,0x00,0x00,0x00,0x00,0x00,
    0x00,0x00,0x00,0x00,0x00,0x00,0x40,0xff,0x20,0x20,0xe0,0xff,0x20,0x20,0xe0,0xff,
    0x20,0x00,0xa0,0xff,0x20,0x00,0xa0,0xff,0x20,0x00,0xa0,0xff,0x00,0x00,0x40,0xff,
    0x20,0x20,0xe0,0xff,0x20,0x20,0xe0,0xff,0x20,0x20,0xe0,0xff,0x00,0x00,0x40,0xff,
    0x00,0x00,0x40,0xff,0x00,0x00,0x40,0xff,0x20,0x00,0xa0,0xff,0x80,0x40,0x20,0xff,
    0x80,0x40,0x20,0xff,0x00,0x00,0x00,0x00,0x00,0x00,0x00,0x00,0x00,0x00,0x00,0x00,
    0x00,0x00,0x00,0x00,0x00,0x00,0x00,0x00,0x00,0x00,0x00,0x00,0x00,0x00,0x00,0x00,
    0x00,0x00,0x00,0x00,0x00,0x00,0x00,0x00,0x00,0x00,0x00,0x00,0x00,0x00,0x00,0x00,
    0x00,0x00,0x00,0x00,0x00,0x00,0x00,0x00,0x00,0x00,0x00,0x00,0x00,0x00,0x00,0x00,
    0x00,0x00,0x00,0x00,0x00,0x00,0x00,0x00,0x00,0x00,0x00,0x00,0x00,0x00,0x00,0x00,
    0x00,0x00,0x00,0x00,0x00,0x00,0x00,0x00,0x00,0x00,0x00,0x00,0x00,0x00,0x00,0x00,
    0x00,0x00,0x00,0x00,0x00,0x00,0x00,0x00,0x00,0x00,0x00,0x00,0x00,0x00,0x00,0x00,
    0x00,0x00,0x00,0x00,0x00,0x00,0x00,0x00,0x00,0x00,0x00,0x00,0x00,0x00,0x00,0x00,
    0x00,0x00,0x00,0x00,0x00,0x00,0x00,0x00,0x20,0x20,0xe0,0xff,0x20,0x20,0xe0,0xff,
    0x20,0x20,0xe0,0xff,0x20,0x00,0xa0,0xff,0x00,0x00,0x40,0xff,0x00,0x00,0x40,0xff,
    0x20,0x20,0xe0,0xff,0x20,0x20,0xe0,0xff,0x20,0x20,0xe0,0xff,0x20,0x20,0xe0,0xff,
    0x00,0x00,0x40,0xff,0x00,0x00,0x40,0xff,0x00,0x00,0x40,0xff,0x80,0x40,0x20,0xff,
    0x80,0x40,0x20,0xff,0xe0,0x00,0x00,0xff,0xe0,0x00,0x00,0xff,0x00,0x00,0x00,0x00,
    0x00,0x00,0x00,0x00,0x00,0x00,0x00,0x00,0x00,0x00,0x00,0x00,0x00,0x00,0x00,0x00,
    0x00,0x00,0x00,0x00,0x00,0x00,0x00,0x00,0x00,0x00,0x00,0x00,0x00,0x00,0x00,0x00,
    0x00,0x00,0x00,0x00,0x00,0x00,0x00,0x00,0x00,0x00,0x00,0x00,0x00,0x00,0x00,0x00,
    0x00,0x00,0x00,0x00,0x00,0x00,0x00,0x00,0x00,0x00,0x00,0x00,0x00,0x00,0x00,0x00,
    0x00,0x00,0x00,0x00,0x00,0x00,0x00,0x00,0x00,0x00,0x00,0x00,0x00,0x00,0x00,0x00,
    0x00,0x00,0x00,0x00,0x00,0x00,0x00,0x00,0x00,0x00,0x00,0x00,0x00,0x00,0x00,0x00,
    0x00,0x00,0x00,0x00,0x00,0x00,0x00,0x00,0x00,0x00,0x00,0x00,0x00,0x00,0x40,0xff,
    0x20,0x20,0xe0,0xff,0x20,0x20,0xe0,0xff,0x20,0x00,0xa0,0xff,0x20,0x00,0xa0,0xff,
    0x00,0x00,0x40,0xff,0x00,0x00,0x40,0xff,0x00,0x00,0x40,0xff,0x00,0x00,0x40,0xff,
    0x20,0x20,0xe0,0xff,0x20,0x20,0xe0,0xff,0x20,0x20,0xe0,0xff,0x00,0x00,0x40,0xff,
    0x00,0x00,0x40,0xff,0x00,0x00,0x00,0x00,0x00,0x00,0x00,0x00,0x60,0x60,0xa0,0xff,
    0x60,0x60,0xa0,0xff,0xe0,0xe0,0xe0,0xff,0x60,0x60,0xa0,0xff,0x60,0x60,0xa0,0xff,
    0xe0,0xe0,0xe0,0xff,0xe0,0xe0,0xe0,0xff,0xe0,0xe0,0xe0,0xff,0x00,0x00,0x00,0x00,
    0x00,0x00,0x00,0x00,0x00,0x00,0x00,0x00,0x00,0x00,0x00,0x00,0x00,0x00,0x00,0x00,
    0x00,0x00,0x00,0x00,0x00,0x00,0x00,0x00,0x00,0x00,0x00,0x00,0x00,0x00,0x00,0x00,
    0x00,0x00,0x00,0x00,0x00,0x00,0x00,0x00,0x00,0x00,0x00,0x00,0x00,0x00,0x00,0x00,
    0x00,0x00,0x00,0x00,0x00,0x00,0x00,0x00,0x00,0x00,0x00,0x00,0x00,0x00,0x00,0x00,
    0x00,0x00,0x00,0x00,0x00,0x00,0x00,0x00,0x00,0x00,0x00,0x00,0x00,0x00,0x00,0x00,
    0x00,0x00,0x00,0x00,0x00,0x00,0x00,0x00,0x00,0x00,0x00,0x00,0x00,0x00,0x00,0x00,
    0x00,0x00,0x00,0x00,0x00,0x00,0x00,0x00,0x20,0x20,0xe0,0xff,0x20,0x20,0xe0,0xff,
    0x20,0x20,0xe0,0xff,0x20,0x00,0xa0,0xff,0x00,0x00,0x40,0xff,0x00,0x00,0x40,0xff,
    0x20,0x20,0xe0,0xff,0x20,0x20,0xe0,0xff,0x20,0x20,0xe0,0xff,0x20,0x20,0xe0,0xff,
    0x00,0x00,0x40,0xff,0x00,0x00,0x40,0xff,0x00,0x00,0x40,0xff,0x80,0x40,0x20,0xff,
    0x80,0x40,0x20,0xff,0xe0,0x00,0x00,0xff,0xe0,0x00,0x00,0xff,0x00,0x00,0x00,0x00,
    0x00,0x00,0x00,0x00,0x00,0x00,0x00,0x00,0x00,0x00,0x00,0x00,0x00,0x00,0x00,0x00,
    0x00,0x00,0x00,0x00,0x00,0x00,0x00,0x00,0x00,0x00,0x00,0x00,0x00,0x00,0x00,0x00,
    0x00,0x00,0x00,0x00,0x00,0x00,0x00,0x00,0x00,0x00,0x00,0x00,0x00,0x00,0x00,0x00,
    0x00,0x00,0x00,0x00,0x00,0x00,0x00,0x00,0x00,0x00,0x00,0x00,0x00,0x00,0x00,0x00,
    0x00,0x00,0x00,0x00,0x00,0x00,0x00,0x00,0x00,0x00,0x00,0x00,0x00,0x00,0x00,0x00,
    0x00,0x00,0x00,0x00,0x00,0x00,0x00,0x00,0x00,0x00,0x00,0x00,0x00,0x00,0x40,0xff,
    0x00,0x00,0x00,0x00,0x00,0x00,0x00,0x00,0x00,0x00,0x00,0x00,0x00,0x00,0x00,0x00,
    0x00,0x00,0x00,0x00,0x00,0x00,0x40,0xff,0x20,0x20,0xe0,0xff,0x20,0x20,0xe0,0xff,
    0x20,0x00,0xa0,0xff,0x20,0x00,0xa0,0xff,0x20,0x00,0xa0,0xff,0x00,0x00,0x40,0xff,
    0x20,0x20,0xe0,0xff,0x20,0x20,0xe0,0xff,0x20,0x20,0xe0,0xff,0x00,0x00,0x40,0xff,
    0x00,0x00,0x40,0xff,0x00,0x00,0x40,0xff,0x20,0x00,0xa0,0xff,0x80,0x40,0x20,0xff,
    0x80,0x40,0x20,0xff,0x00,0x00,0x00,0x00,0x00,0x00,0x00,0x00,0x00,0x00,0x00,0x00,
    0x00,0x00,0x00,0x00,0x00,0x00,0x00,0x00,0x00,0x00,0x00,0x00,0x00,0x00,0x00,0x00,
    0x00,0x00,0x00,0x00,0x00,0x00,0x00,0x00,0x00,0x00,0x00,0x00,0x00,0x00,0x00,0x00,
    0x00,0x00,0x00,0x00,0x00,0x00,0x00,0x00,0x00,0x00,0x00,0x00,0x00,0x00,0x00,0x00,
    0x00,0x00,0x00,0x00,0x00,0x00,0x00,0x00,0x00,0x00,0x00,0x00,0x00,0x00,0x00,0x00,
    0x00,0x00,0x00,0x00,0x00,0x00,0x00,0x00,0x00,0x00,0x00,0x00,0x00,0x00,0x00,0x00,
    0x00,0x00,0x00,0x00,0x00,0x00,0x00,0x00,0x20,0x00,0xa0,0xff,0x20,0x20,0xe0,0xff,
    0x20,0x20,0xe0,0xff,0x20,0x20,0xe0,0xff,0x20,0x20,0xe0,0xff,0x20,0x20,0xe0,0xff,
    0x20,0x20,0xe0,0xff,0x20,0x20,0xe0,0xff,0x20,0x20,0xe0,0xff,0x20,0x20,0xe0,0xff,
    0x20,0x20,0xe0,0xff,0x20,0x20,0xe0,0xff,0x20,0x20,0xe0,0xff,0x20,0x20,0xe0,0xff,
    0x20,0x20,0xe0,0xff,0x20,0x20,0xe0,0xff,0x20,0x20,0xe0,0xff,0x20,0x20,0xe0,0xff,
    0x20,0x20,0xe0,0xff,0x20,0x20,0xe0,0xff,0x20,0x20,0xe0,0xff,0x20,0x20,0xe0,0xff,
    0x20,0x20,0xe0,0xff,0x20,0x20,0xe0,0xff,0x20,0x20,0xe0,0xff,0x20,0x00,0xa0,0xff,
    0x00,0x00,0x00,0x00,0x00,0x00,0x00,0x00,0x00,0x00,0x00,0x00,0x00,0x00,0x00,0x00,
    0x00,0x00,0x00,0x00,0x00,0x00,0x00,0x00,0x00,0x00,0x00,0x00,0x00,0x00,0x00,0x00,
    0x00,0x00,0x00,0x00,0x00,0x00,0x00,0x00,0x00,0x00,0x00,0x00,0x00,0x00,0x00,0x00,
    0x00,0x00,0x00,0x00,0x00,0x00,0x00,0x00,0x00,0x00,0x00,0x00,0x00,0x00,0x00,0x00,
    0x00,0x00,0x00,0x00,0x00,0x00,0x00,0x00,0x00,0x00,0x00,0x00,0x00,0x00,0x00,0x00,
    0x00,0x00,0x00,0x00,0x00,0x00,0x00,0x00,0x00,0x00,0x40,0xff,0x00,0x00,0x40,0xff,
    0x00,0x00,0x40,0xff,0x20,0x00,0xa0,0xff,0x20,0x20,0xe0,0xff,0x60,0x60,0xa0,0xff,
    0x20,0x20,0xe0,0xff,0x20,0x20,0xe0,0xff,0x20,0x20,0xe0,0xff,0x20,0x20,0xe0,0xff,
    0x20,0x00,0xa0,0xff,0x20,0x00,0xa0,0xff,0x40,0x40,0xe0,0xff,0x60,0x60,0xa0,0xff,
    0x40,0x40,0xe0,0xff,0x20,0x20,0xe0,0xff,0x20,0x00,0xa0,0xff,0x20,0x00,0xa0,0xff,
    0x20,0x20,0xe0,0xff,0x20,0x20,0xe0,0xff,0x20,0x20,0xe0,0xff,0x40,0x40,0xe0,0xff,
    0x60,0x60,0xa0,0xff,0x20,0x00,0xa0,0xff,0x00,0x00,0x40,0xff,0x00,0x00,0x40,0xff,
    0x00,0x00,0x00,0x00,0x00,0x00,0x00,0x00,0x00,0x00,0x00,0x00,0x00,0x00,0x00,0x00,
    0x00,0x00,0x00,0x00,0x00,0x00,0x00,0x00,0x00,0x00,0x00,0x00,0x00,0x00,0x00,0x00,
    0x00,0x00,0x00,0x00,0x00,0x00,0x00,0x00,0x00,0x00,0x00,0x00,0x00,0x00,0x00,0x00,
    0x00,0x00,0x00,0x00,0x00,0x00,0x00,0x00,0x00,0x00,0x00,0x00,0x00,0x00,0x00,0x00,
    0x00,0x00,0x00,0x00,0x00,0x00,0x00,0x00,0x00,0x00,0x00,0x00,0x00,0x00,0x00,0x00,
    0x00,0x00,0x00,0x00,0x00,0x00,0x00,0x00,0x00,0x00,0x40,0xff,0x00,0x00,0x40,0xff,
    0x00,0x00,0x40,0xff,0x20,0x00,0xa0,0xff,0x60,0x60,0xa0,0xff,0x40,0x40,0xe0,0xff,
    0x20,0x20,0xe0,0xff,0x20,0x20,0xe0,0xff,0x20,0x20,0xe0,0xff,0x20,0x20,0xe0,0xff,
    0x20,0x00,0xa0,0xff,0x20,0x00,0xa0,0xff,0x40,0x40,0xe0,0xff,0xe0,0xe0,0xe0,0xff,
    0x40,0x40,0xe0,0xff,0x20,0x00,0xa0,0xff,0x20,0x00,0xa0,0xff,0x20,0x00,0xa0,0xff,
    0x20,0x20,0xe0,0xff,0x20,0x20,0xe0,0xff,0x20,0x20,0xe0,0xff,0x20,0x20,0xe0,0xff,
    0x40,0x40,0xe0,0xff,0x20,0x00,0xa0,0xff,0x00,0x00,0x40,0xff,0x00,0x00,0x40,0xff,
    0x00,0x00,0x00,0x00,0x00,0x00,0x00,0x00,0x00,0x00,0x00,0x00,0x00,0x00,0x00,0x00,
    0x00,0x00,0x00,0x00,0x00,0x00,0x00,0x00,0x00,0x00,0x00,0x00,0x00,0x00,0x00,0x00,
    0x00,0x00,0x00,0x00,0x00,0x00,0x00,0x00,0x00,0x00,0x00,0x00,0x00,0x00,0x00,0x00,
    0x00,0x00,0x00,0x00,0x00,0x00,0x00,0x00,0x00,0x00,0x00,0x00,0x00,0x00,0x00,0x00,
    0x00,0x00,0x00,0x00,0x00,0x00,0x00,0x00,0x00,0x00,0x00,0x00,0x00,0x00,0x00,0x00,
    0x00,0x00,0x00,0x00,0x00,0x00,0x00,0x00,0x00,0x00,0x00,0x00,0x00,0x00,0x00,0x00,
    0x00,0x00,0x40,0xff,0x20,0x20,0xe0,0xff,0x20,0x20,0xe0,0xff,0x20,0x20,0xe0,0xff,
    0x20,0x20,0xe0,0xff,0x20,0x00,0xa0,0xff,0x00,0x00,0x40,0xff,0x00,0x00,0x40,0xff,
    0x20,0x00,0xa0,0xff,0x20,0x00,0xa0,0xff,0x20,0x00,0xa0,0xff,0x00,0x00,0x40,0xff,
    0x00,0x00,0x40,0xff,0x00,0x00,0x40,0xff,0x20,0x00,0xa0,0xff,0x20,0x00,0xa0,0xff,
    0x20,0x00,0xa0,0xff,0x00,0x00,0x40,0xff,0x00,0x00,0x40,0xff,0x20,0x00,0xa0,0xff,
    0x20,0x20,0xe0,0xff,0x20,0x20,0xe0,0xff,0x20,0x20,0xe0,0xff,0x20,0x20,0xe0,0xff,
    0x00,0x00,0x40,0xff,0x00,0x00,0x00,0x00,0x00,0x00,0x00,0x00,0x00,0x00,0x00,0x00,
    0x00,0x00,0x00,0x00,0x00,0x00,0x00,0x00,0x00,0x00,0x00,0x00,0x00,0x00,0x00,0x00,
    0x00,0x00,0x00,0x00,0x00,0x00,0x00,0x00,0x00,0x00,0x00,0x00,0x00,0x00,0x00,0x00,
    0x00,0x00,0x00,0x00,0x00,0x00,0x00,0x00,0x00,0x00,0x00,0x00,0x00,0x00,0x00,0x00,
    0x00,0x00,0x00,0x00,0x00,0x00,0x00,0x00,0x00,0x00,0x00,0x00,0x00,0x00,0x00,0x00,
    0x00,0x00,0x00,0x00,0x00,0x00,0x00,0x00,0x00,0x00,0x00,0x00,0x00,0x00,0x40,0xff,
    0x20,0x00,0xa0,0xff,0x20,0x00,0xa0,0xff,0x00,0x00,0x40,0xff,0x00,0x00,0x40,0xff,
    0x00,0x00,0x40,0xff,0x00,0x00,0x40,0xff,0x00,0x00,0x40,0xff,0x00,0x00,0x40,0xff,
    0x00,0x00,0x40,0xff,0x00,0x00,0x40,0xff,0x20,0x00,0xa0,0xff,0x20,0x20,0xe0,0xff,
    0x20,0x00,0xa0,0xff,0x00,0x00,0x40,0xff,0x00,0x00,0x40,0xff,0x00,0x00,0x40,0xff,
    0x00,0x00,0x40,0xff,0x00,0x00,0x40,0xff,0x00,0x00,0x40,0xff,0x00,0x00,0x40,0xff,
    0x00,0x00,0x40,0xff,0x20,0x00,0xa0,0xff,0x20,0x00,0xa0,0xff,0x00,0x00,0x40,0xff,
    0x00,0x00,0x00,0x00,0x00,0x00,0x00,0x00,0x00,0x00,0x00,0x00,0x00,0x00,0x00,0x00,
    0x00,0x00,0x00,0x00,0x00,0x00,0x00,0x00,0x00,0x00,0x00,0x00,0x00,0x00,0x00,0x00,
    0x00,0x00,0x00,0x00,0x00,0x00,0x00,0x00,0x00,0x00,0x00,0x00,0x00,0x00,0x00,0x00,
    0x00,0x00,0x00,0x00,0x00,0x00,0x00,0x00,0x00,0x00,0x00,0x00,0x00,0x00,0x00,0x00,
    0x00,0x00,0x00,0x00,0x00,0x00,0x00,0x00,0x00,0x00,0x00,0x00,0x00,0x00,0x00,0x00,
    0x00,0x00,0x00,0x00,0x00,0x00,0x00,0x00,0x00,0x00,0x00,0x00,0x00,0x00,0x40,0xff,
    0x20,0x00,0xa0,0xff,0x20,0x00,0xa0,0xff,0x00,0x00,0x40,0xff,0x00,0x00,0x40,0xff,
    0x00,0x00,0x40,0xff,0x00,0x00,0x40,0xff,0x00,0x00,0x40,0xff,0x00,0x00,0x40,0xff,
    0x00,0x00,0x40,0xff,0x00,0x00,0x40,0xff,0x20,0x00,0xa0,0xff,0x20,0x20,0xe0,0xff,
    0x20,0x00,0xa0,0xff,0x00,0x00,0x40,0xff,0x00,0x00,0x40,0xff,0x00,0x00,0x40,0xff,
    0x00,0x00,0x40,0xff,0x00,0x00,0x40,0xff,0x00,0x00,0x40,0xff,0x00,0x00,0x40,0xff,
    0x00,0x00,0x40,0xff,0x20,0x00,0xa0,0xff,0x20,0x00,0xa0,0xff,0x00,0x00,0x40,0xff,
    0x00,0x00,0x00,0x00,0x00,0x00,0x00,0x00,0x00,0x00,0x00,0x00,0x00,0x00,0x00,0x00,
    0x00,0x00,0x00,0x00,0x00,0x00,0x00,0x00,0x00,0x00,0x00,0x00,0x00,0x00,0x00,0x00,
    0x00,0x00,0x00,0x00,0x00,0x00,0x00,0x00,0x00,0x00,0x00,0x00,0x00,0x00,0x00,0x00,
    0x00,0x00,0x00,0x00,0x00,0x00,0x00,0x00,0x00,0x00,0x00,0x00,0x00,0x00,0x00,0x00,
    0x00,0x00,0x00,0x00,0x00,0x00,0x00,0x00,0x00,0x00,0x00,0x00,0x00,0x00,0x00,0x00,
    0x00,0x00,0x00,0x00,0x00,0x00,0x00,0x00,0x00,0x00,0x00,0x00,0x00,0x00,0x00,0x00,
    0x00,0x00,0x00,0x00,0x80,0x40,0x20,0xff,0xe0,0x00,0x00,0xff,0xe0,0xe0,0xe0,0xff,
    0xe0,0xe0,0xe0,0xff,0x00,0x00,0x40,0xff,0x00,0x00,0x40,0xff,0x20,0x20,0xe0,0xff,
    0x20,0x20,0xe0,0xff,0x20,0x20,0xe0,0xff,0x20,0x20,0xe0,0xff,0x00,0x00,0x40,0xff,
    0x00,0x00,0x40,0xff,0x00,0x00,0x40,0xff,0x00,0x00,0x40,0xff,0x20,0x20,0xe0,0xff,
    0x20,0x20,0xe0,0xff,0x20,0x20,0xe0,0xff,0x70,0x70,0x50,0xff,0x00,0x00,0x00,0x00,
    0x00,0x00,0x00,0x00,0x00,0x00,0x00,0x00,0x00,0x00,0x00,0x00,0x00,0x00,0x00,0x00,
    0x00,0x00,0x00,0x00,0x00,0x00,0x00,0x00,0x00,0x00,0x00,0x00,0x00,0x00,0x00,0x00,
    0x00,0x00,0x00,0x00,0x00,0x00,0x00,0x00,0x00,0x00,0x00,0x00,0x00,0x00,0x00,0x00,
    0x00,0x00,0x00,0x00,0x00,0x00,0x00,0x00,0x00,0x00,0x00,0x00,0x00,0x00,0x00,0x00,
    0x00,0x00,0x00,0x00,0x00,0x00,0x00,0x00,0x00,0x00,0x00,0x00,0x00,0x00,0x00,0x00,
    0x00,0x00,0x00,0x00,0x00,0x00,0x00,0x00,0x00,0x00,0x00,0x00,0xe0,0xe0,0xe0,0xff,
    0xe0,0xe0,0xe0,0xff,0xe0,0xe0,0xe0,0xff,0x60,0x60,0xa0,0xff,0xe0,0xe0,0xe0,0xff,
    0xe0,0xe0,0xe0,0xff,0xe0,0xe0,0xe0,0xff,0x60,0x60,0xa0,0xff,0x00,0x00,0x00,0x00,
    0x00,0x00,0x00,0x00,0x00,0x00,0x00,0x00,0x00,0x00,0x40,0xff,0x20,0x20,0xe0,0xff,
    0x20,0x20,0xe0,0xff,0x20,0x20,0xe0,0xff,0x00,0x00,0x40,0xff,0x00,0x00,0x40,0xff,
    0x00,0x00,0x40,0xff,0x00,0x00,0x40,0xff,0x00,0x00,0x00,0x00,0x00,0x00,0x00,0x00,
    0x20,0x20,0xe0,0xff,0x20,0x20,0xe0,0xff,0x00,0x00,0x40,0xff,0x00,0x00,0x00,0x00,
    0x00,0x00,0x00,0x00,0x00,0x00,0x00,0x00,0x00,0x00,0x00,0x00,0x00,0x00,0x00,0x00,
    0x00,0x00,0x00,0x00,0x00,0x00,0x00,0x00,0x00,0x00,0x00,0x00,0x00,0x00,0x00,0x00,
    0x00,0x00,0x00,0x00,0x00,0x00,0x00,0x00,0x00,0x00,0x00,0x00,0x00,0x00,0x00,0x00,
    0x00,0x00,0x00,0x00,0x00,0x00,0x00,0x00,0x00,0x00,0x00,0x00,0x00,0x00,0x00,0x00,
    0x00,0x00,0x00,0x00,0x00,0x00,0x00,0x00,0x00,0x00,0x00,0x00,0x00,0x00,0x00,0x00,
    0x00,0x00,0x00,0x00,0x00,0x00,0x00,0x00,0x00,0x00,0x00,0x00,0x00,0x00,0x00,0x00,
    0x00,0x00,0x00,0x00,0x00,0x00,0x00,0x00,0x00,0x00,0x00,0x00,0x00,0x00,0x00,0x00,
    0x00,0x00,0x00,0x00,0x80,0x40,0x20,0xff,0xe0,0x00,0x00,0xff,0xe0,0xe0,0xe0,0xff,
    0xe0,0xe0,0xe0,0xff,0x00,0x00,0x40,0xff,0x00,0x00,0x40,0xff,0x20,0x20,0xe0,0xff,
    0x20,0x20,0xe0,0xff,0x20,0x20,0xe0,0xff,0x20,0x20,0xe0,0xff,0x00,0x00,0x40,0xff,
    0x00,0x00,0x40,0xff,0x00,0x00,0x40,0xff,0x00,0x00,0x40,0xff,0x20,0x20,0xe0,0xff,
    0x20,0x20,0xe0,0xff,0x20,0x20,0xe0,0xff,0x70,0x70,0x50,0xff,0x00,0x00,0x00,0x00,
    0x00,0x00,0x00,0x00,0x00,0x00,0x00,0x00,0x00,0x00,0x00,0x00,0x00,0x00,0x00,0x00,
    0x00,0x00,0x00,0x00,0x00,0x00,0x00,0x00,0x00,0x00,0x00,0x00,0x00,0x00,0x00,0x00,
    0x00,0x00,0x00,0x00,0x00,0x00,0x00,0x00,0x00,0x00,0x00,0x00,0x00,0x00,0x00,0x00,
    0x00,0x00,0x00,0x00,0x00,0x00,0x00,0x00,0x00,0x00,0x00,0x00,0x00,0x00,0x00,0x00,
    0x00,0x00,0x00,0x00,0x00,0x00,0x00,0x00,0x00,0x00,0x00,0x00,0x00,0x00,0x00,0x00,
    0x00,0x00,0x00,0x00,0x00,0x00,0x00,0x00,0x00,0x00,0x00,0x00,0x00,0x00,0x00,0x00,
    0x00,0x00,0x00,0x00,0x00,0x00,0x00,0x00,0x00,0x00,0x00,0x00,0x00,0x00,0x00,0x00,
    0x00,0x00,0x00,0x00,0x00,0x00,0x00,0x00,0x80,0x40,0x20,0xff,0x80,0x40,0x20,0xff,
    0x80,0x40,0x20,0xff,0xe0,0xe0,0xe0,0xff,0x00,0x00,0x40,0xff,0x00,0x00,0x40,0xff,
    0x00,0x00,0x40,0xff,0x20,0x20,0xe0,0xff,0x20,0x20,0xe0,0xff,0x20,0x20,0xe0,0xff,
    0x20,0x20,0xe0,0xff,0x00,0x00,0x40,0xff,0x00,0x00,0x40,0xff,0x20,0x20,0xe0,0xff,
    0x20,0x20,0xe0,0xff,0x20,0x20,0xe0,0xff,0x00,0x00,0x40,0xff,0x00,0x00,0x00,0x00,
    0x00,0x00,0x00,0x00,0x00,0x00,0x00,0x00,0x00,0x00,0x00,0x00,0x00,0x00,0x00,0x00,
    0x00,0x00,0x00,0x00,0x00,0x00,0x00,0x00,0x00,0x00,0x00,0x00,0x00,0x00,0x00,0x00,
    0x00,0x00,0x00,0x00,0x00,0x00,0x00,0x00,0x00,0x00,0x00,0x00,0x00,0x00,0x00,0x00,
    0x00,0x00,0x00,0x00,0x00,0x00,0x00,0x00,0x00,0x00,0x00,0x00,0x00,0x00,0x00,0x00,
    0x00,0x00,0x00,0x00,0x00,0x00,0x00,0x00,0x00,0x00,0x00,0x00,0x00,0x00,0x00,0x00,
    0x00,0x00,0x00,0x00,0x00,0x00,0x00,0x00,0x00,0x00,0x00,0x00,0x00,0x00,0x00,0x00,
    0x00,0x00,0x00,0x00,0x00,0x00,0x00,0x00,0x00,0x00,0x00,0x00,0x00,0x00,0x00,0x00,
    0x20,0x00,0xa0,0xff,0x20,0x00,0xa0,0xff,0x00,0x00,0x40,0xff,0x00,0x00,0x40,0xff,
    0x00,0x00,0x40,0xff,0x00,0x00,0x40,0xff,0x00,0x00,0x40,0xff,0x00,0x00,0x40,0xff,
    0x00,0x00,0x40,0xff,0x00,0x00,0x40,0xff,0x20,0x00,0xa0,0xff,0x20,0x20,0xe0,0xff,
    0x20,0x00,0xa0,0xff,0x00,0x00,0x40,0xff,0x00,0x00,0x40,0xff,0x00,0x00,0x40,0xff,
    0x00,0x00,0x40,0xff,0x00,0x00,0x40,0xff,0x00,0x00,0x40,0xff,0x00,0x00,0x40,0xff,
    0x00,0x00,0x40,0xff,0x20,0x00,0xa0,0xff,0x20,0x00,0xa0,0xff,0x00,0x00,0x40,0xff,
    0x00,0x00,0x00,0x00,0x00,0x00,0x00,0x00,0x00,0x00,0x00,0x00,0x00,0x00,0x00,0x00,
    0x00,0x00,0x00,0x00,0x00,0x00,0x00,0x00,0x00,0x00,0x00,0x00,0x00,0x00,0x00,0x00,
    0x00,0x00,0x00,0x00,0x00,0x00,0x00,0x00,0x00,0x00,0x00,0x00,0x00,0x00,0x00,0x00,
    0x00,0x00,0x00,0x00,0x00,0x00,0x00,0x00,0x00,0x00,0x00,0x00,0x00,0x00,0x00,0x00,
    0x00,0x00,0x00,0x00,0x00,0x00,0x00,0x00,0x00,0x00,0x00,0x00,0x00,0x00,0x00,0x00,
    0x00,0x00,0x00,0x00,0x00,0x00,0x00,0x00,0x00,0x00,0x00,0x00,0x00,0x00,0x00,0x00,
    0x00,0x00,0x00,0x00,0x00,0x00,0x00,0x00,0x00,0x00,0x00,0x00,0x00,0x00,0x00,0x00,
    0x00,0x00,0x00,0x00,0x00,0x00,0x40,0xff,0x20,0x20,0xe0,0xff,0x20,0x20,0xe0,0xff,
    0x20,0x20,0xe0,0xff,0x00,0x00,0x40,0xff,0x00,0x00,0x40,0xff,0x20,0x20,0xe0,0xff,
    0x20,0x20,0xe0,0xff,0x20,0x20,0xe0,0xff,0x20,0x20,0xe0,0xff,0x00,0x00,0x40,0xff,
    0x00,0x00,0x40,0xff,0x00,0x00,0x40,0xff,0xe0,0xe0,0xe0,0xff,0x80,0x40,0x20,0xff,
    0x80,0x40,0x20,0xff,0x80,0x40,0x20,0xff,0x00,0x00,0x00,0x00,0x00,0x00,0x00,0x00,
    0x00,0x00,0x00,0x00,0x00,0x00,0x00,0x00,0x00,0x00,0x00,0x00,0x00,0x00,0x00,0x00,
    0x00,0x00,0x00,0x00,0x00,0x00,0x00,0x00,0x00,0x00,0x00,0x00,0x00,0x00,0x00,0x00,
    0x00,0x00,0x00,0x00,0x00,0x00,0x00,0x00,0x00,0x00,0x00,0x00,0x00,0x00,0x00,0x00,
    0x00,0x00,0x00,0x00,0x00,0x00,0x00,0x00,0x00,0x00,0x00,0x00,0x00,0x00,0x00,0x00,
    0x00,0x00,0x00,0x00,0x00,0x00,0x00,0x00,0x00,0x00,0x00,0x00,0x00,0x00,0x00,0x00,
    0x00,0x00,0x00,0x00,0x00,0x00,0x00,0x00,0x00,0x00,0x00,0x00,0x00,0x00,0x00,0x00,
    0x00,0x00,0x00,0x00,0x00,0x00,0x00,0x00,0x00,0x00,0x00,0x00,0x00,0x00,0x00,0x00,
    0x00,0x00,0x00,0x00,0x70,0x70,0x50,0xff,0x20,0x20,0xe0,0xff,0x20,0x20,0xe0,0xff,
    0x20,0x20,0xe0,0xff,0x00,0x00,0x40,0xff,0x00,0x00,0x40,0xff,0x00,0x00,0x40,0xff,
    0x00,0x00,0x40,0xff,0x20,0x20,0xe0,0xff,0x20,0x20,0xe0,0xff,0x20,0x20,0xe0,0xff,
    0x20,0x20,0xe0,0xff,0x00,0x00,0x40,0xff,0x00,0x00,0x40,0xff,0xe0,0xe0,0xe0,0xff,
    0xe0,0xe0,0xe0,0xff,0xe0,0x00,0x00,0xff,0x80,0x40,0x20,0xff,0x00,0x00,0x00,0x00,
    0x00,0x00,0x00,0x00,0x00,0x00,0x00,0x00,0x00,0x00,0x00,0x00,0x00,0x00,0x00,0x00,
    0x00,0x00,0x00,0x00,0x00,0x00,0x00,0x00,0x00,0x00,0x00,0x00,0x00,0x00,0x00,0x00,
    0x00,0x00,0x00,0x00,0x00,0x00,0x00,0x00,0x00,0x00,0x00,0x00,0x00,0x00,0x00,0x00,
    0x00,0x00,0x00,0x00,0x00,0x00,0x00,0x00,0x00,0x00,0x00,0x00,0x00,0x00,0x00,0x00,
    0x00,0x00,0x00,0x00,0x00,0x00,0x00,0x00,0x00,0x00,0x00,0x00,0x00,0x00,0x00,0x00,
    0x00,0x00,0x00,0x00,0x00,0x00,0x00,0x00,0x00,0x00,0x00,0x00,0x00,0x00,0x00,0x00,
    0x00,0x00,0x00,0x00,0x00,0x00,0x00,0x00,0x00,0x00,0x00,0x00,0x00,0x00,0x40,0xff,
    0x20,0x20,0xe0,0xff,0x20,0x20,0xe0,0xff,0x00,0x00,0x00,0x00,0x00,0x00,0x00,0x00,
    0x00,0x00,0x40,0xff,0x00,0x00,0x40,0xff,0x00,0x00,0x40,0xff,0x00,0x00,0x40,0xff,
    0x20,0x20,0xe0,0xff,0x20,0x20,0xe0,0xff,0x20,0x20,0xe0,0xff,0x00,0x00,0x40,0xff,
    0x00,0x00,0x00,0x00,0x00,0x00,0x00,0x00,0x00,0x00,0x00,0x00,0x60,0x60,0xa0,0xff,
    0xe0,0xe0,0xe0,0xff,0xe0,0xe0,0xe0,0xff,0xe0,0xe0,0xe0,0xff,0x60,0x60,0xa0,0xff,
    0xe0,0xe0,0xe0,0xff,0xe0,0xe0,0xe0,0xff,0xe0,0xe0,0xe0,0xff,0x00,0x00,0x00,0x00,
    0x00,0x00,0x00,0x00,0x00,0x00,0x00,0x00,0x00,0x00,0x00,0x00,0x00,0x00,0x00,0x00,
    0x00,0x00,0x00,0x00,0x00,0x00,0x00,0x00,0x00,0x00,0x00,0x00,0x00,0x00,0x00,0x00,
    0x00,0x00,0x00,0x00,0x00,0x00,0x00,0x00,0x00,0x00,0x00,0x00,0x00,0x00,0x00,0x00,
    0x00,0x00,0x00,0x00,0x00,0x00,0x00,0x00,0x00,0x00,0x00,0x00,0x00,0x00,0x00,0x00,
    0x00,0x00,0x00,0x00,0x00,0x00,0x00,0x00,0x00,0x00,0x00,0x00,0x00,0x00,0x00,0x00,
    0x00,0x00,0x00,0x00,0x00,0x00,0x00,0x00,0x00,0x00,0x00,0x00,0x00,0x00,0x00,0x00,
    0x00,0x00,0x00,0x00,0x70,0x70,0x50,0xff,0x20,0x20,0xe0,0xff,0x20,0x20,0xe0,0xff,
    0x20,0x20,0xe0,0xff,0x00,0x00,0x40,0xff,0x00,0x00,0x40,0xff,0x00,0x00,0x40,0xff,
    0x00,0x00,0x40,0xff,0x20,0x20,0xe0,0xff,0x20,0x20,0xe0,0xff,0x20,0x20,0xe0,0xff,
    0x20,0x20,0xe0,0xff,0x00,0x00,0x40,0xff,0x00,0x00,0x40,0xff,0xe0,0xe0,0xe0,0xff,
    0xe0,0xe0,0xe0,0xff,0xe0,0x00,0x00,0xff,0x80,0x40,0x20,0xff,0x00,0x00,0x00,0x00,
    0x00,0x00,0x00,0x00,0x00,0x00,0x00,0x00,0x00,0x00,0x00,0x00,0x00,0x00,0x00,0x00,
    0x00,0x00,0x00,0x00,0x00,0x00,0x00,0x00,0x00,0x00,0x00,0x00,0x00,0x00,0x00,0x00,
    0x00,0x00,0x00,0x00,0x00,0x00,0x00,0x00,0x00,0x00,0x00,0x00,0x00,0x00,0x00,0x00,
    0x00,0x00,0x00,0x00,0x00,0x00,0x00,0x00,0x00,0x00,0x00,0x00,0x00,0x00,0x00,0x00,
    0x00,0x00,0x00,0x00,0x00,0x00,0x00,0x00,0x00,0x00,0x00,0x00,0x00,0x00,0x00,0x00,
    0x00,0x00,0x00,0x00,0x00,0x00,0x00,0x00,0x00,0x00,0x00,0x00,0x00,0x00,0x00,0x00,
    0x00,0x00,0x00,0x00,0x00,0x00,0x00,0x00,0x00,0x00,0x00,0x00,0x00,0x00,0x00,0x00,
    0x00,0x00,0x00,0x00,0x00,0x00,0x40,0xff,0x20,0x20,0xe0,0xff,0x20,0x20,0xe0,0xff,
    0x20,0x20,0xe0,0xff,0x00,0x00,0x40,0xff,0x00,0x00,0x40,0xff,0x20,0x20,0xe0,0xff,
    0x20,0x20,0xe0,0xff,0x20,0x20,0xe0,0xff,0x20,0x20,0xe0,0xff,0x00,0x00,0x40,0xff,
    0x00,0x00,0x40,0xff,0x00,0x00,0x40,0xff,0xe0,0xe0,0xe0,0xff,0x80,0x40,0x20,0xff,
    0x80,0x40,0x20,0xff,0x80,0x40,0x20,0xff,0x00,0x00,0x00,0x00,0x00,0x00,0x00,0x00,
    0x00,0x00,0x00,0x00,0x00,0x00,0x00,0x00,0x00,0x00,0x00,0x00,0x00,0x00,0x00,0x00,
    0x00,0x00,0x00,0x00,0x00,0x00,0x00,0x00,0x00,0x00,0x00,0x00,0x00,0x00,0x00,0x00,
    0x00,0x00,0x00,0x00,0x00,0x00,0x00,0x00,0x00,0x00,0x00,0x00,0x00,0x00,0x00,0x00,
    0x00,0x00,0x00,0x00,0x00,0x00,0x00,0x00,0x00,0x00,0x00,0x00,0x00,0x00,0x00,0x00,
    0x00,0x00,0x00,0x00,0x00,0x00,0x00,0x00,0x00,0x00,0x00,0x00,0x00,0x00,0x00,0x00,
    0x00,0x00,0x00,0x00,0x00,0x00,0x00,0x00,0x20,0x00,0xa0,0xff,0x20,0x20,0xe0,0xff,
    0x20,0x20,0xe0,0xff,0x20,0x20,0xe0,0xff,0x20,0x20,0xe0,0xff,0x20,0x20,0xe0,0xff,
    0x20,0x20,0xe0,0xff,0x20,0x20,0xe0,0xff,0x20,0x20,0xe0,0xff,0x20,0x20,0xe0,0xff,
    0x20,0x20,0xe0,0xff,0x20,0x20,0xe0,0xff,0x20,0x20,0xe0,0xff,0x20,0x20,0xe0,0xff,
    0x20,0x20,0xe0,0xff,0x20,0x20,0xe0,0xff,0x20,0x20,0xe0,0xff,0x20,0x20,0xe0,0xff,
    0x20,0x20,0xe0,0xff,0x20,0x20,0xe0,0xff,0x20,0x20,0xe0,0xff,0x20,0x20,0xe0,0xff,
    0x20,0x20,0xe0,0xff,0x20,0x20,0xe0,0xff,0x20,0x20,0xe0,0xff,0x20,0x00,0xa0,0xff,
    0x00,0x00,0x00,0x00,0x00,0x00,0x00,0x00,0x00,0x00,0x00,0x00,0x00,0x00,0x00,0x00,
    0x00,0x00,0x00,0x00,0x00,0x00,0x00,0x00,0x00,0x00,0x00,0x00,0x00,0x00,0x00,0x00,
    0x00,0x00,0x00,0x00,0x00,0x00,0x00,0x00,0x00,0x00,0x00,0x00,0x00,0x00,0x00,0x00,
    0x00,0x00,0x00,0x00,0x00,0x00,0x00,0x00,0x00,0x00,0x00,0x00,0x00,0x00,0x00,0x00,
    0x00,0x00,0x00,0x00,0x00,0x00,0x00,0x00,0x00,0x00,0x00,0x00,0x00,0x00,0x00,0x00,
    0x00,0x00,0x00,0x00,0x00,0x00,0x00,0x00,0x20,0x00,0xa0,0xff,0x00,0x00,0x40,0xff,
    0x00,0x00,0x40,0xff,0x20,0x00,0xa0,0xff,0x20,0x20,0xe0,0xff,0x60,0x60,0xa0,0xff,
    0x20,0x20,0xe0,0xff,0x20,0x20,0xe0,0xff,0x20,0x20,0xe0,0xff,0x20,0x00,0xa0,0xff,
    0x20,0x00,0xa0,0xff,0x20,0x00,0xa0,0xff,0x20,0x20,0xe0,0xff,0x60,0x60,0xa0,0xff,
    0x20,0x20,0xe0,0xff,0x20,0x00,0xa0,0xff,0x20,0x00,0xa0,0xff,0x20,0x00,0xa0,0xff,
    0x20,0x20,0xe0,0xff,0x20,0x20,0xe0,0xff,0x20,0x20,0xe0,0xff,0x40,0x40,0xe0,0xff,
    0x60,0x60,0xa0,0xff,0x20,0x00,0xa0,0xff,0x00,0x00,0x40,0xff,0x20,0x00,0xa0,0xff,
    0x00,0x00,0x00,0x00,0x00,0x00,0x00,0x00,0x00,0x00,0x00,0x00,0x00,0x00,0x00,0x00,
    0x00,0x00,0x00,0x00,0x00,0x00,0x00,0x00,0x00,0x00,0x00,0x00,0x00,0x00,0x00,0x00,
    0x00,0x00,0x00,0x00,0x00,0x00,0x00,0x00,0x00,0x00,0x00,0x00,0x00,0x00,0x00,0x00,
    0x00,0x00,0x00,0x00,0x00,0x00,0x00,0x00,0x00,0x00,0x00,0x00,0x00,0x00,0x00,0x00,
    0x00,0x00,0x00,0x00,0x00,0x00,0x00,0x00,0x00,0x00,0x00,0x00,0x00,0x00,0x00,0x00,
    0x00,0x00,0x00,0x00,0x00,0x00,0x00,0x00,0x20,0x00,0xa0,0xff,0x00,0x00,0x40,0xff,
    0x00,0x00,0x40,0xff,0x20,0x00,0xa0,0xff,0x60,0x60,0xa0,0xff,0x20,0x20,0xe0,0xff,
    0x20,0x20,0xe0,0xff,0x20,0x20,0xe0,0xff,0x20,0x00,0xa0,0xff,0x20,0x20,0xe0,0xff,
    0x20,0x20,0xe0,0xff,0x20,0x00,0xa0,0xff,0x40,0x40,0xe0,0xff,0x60,0x60,0xa0,0xff,
    0x40,0x40,0xe0,0xff,0x20,0x00,0xa0,0xff,0x20,0x00,0xa0,0xff,0x20,0x20,0xe0,0xff,
    0x20,0x00,0xa0,0xff,0x20,0x20,0xe0,0xff,0x20,0x20,0xe0,0xff,0x20,0x20,0xe0,0xff,
    0x20,0x20,0xe0,0xff,0x20,0x00,0xa0,0xff,0x00,0x00,0x40,0xff,0x20,0x00,0xa0,0xff,
    0x00,0x00,0x00,0x00,0x00,0x00,0x00,0x00,0x00,0x00,0x00,0x00,0x00,0x00,0x00,0x00,
    0x00,0x00,0x00,0x00,0x00,0x00,0x00,0x00,0x00,0x00,0x00,0x00,0x00,0x00,0x00,0x00,
    0x00,0x00,0x00,0x00,0x00,0x00,0x00,0x00,0x00,0x00,0x00,0x00,0x00,0x00,0x00,0x00,
    0x00,0x00,0x00,0x00,0x00,0x00,0x00,0x00,0x00,0x00,0x00,0x00,0x00,0x00,0x00,0x00,
    0x00,0x00,0x00,0x00,0x00,0x00,0x00,0x00,0x00,0x00,0x00,0x00,0x00,0x00,0x00,0x00,
    0x00,0x00,0x00,0x00,0x00,0x00,0x00,0x00,0x00,0x00,0x00,0x00,0x00,0x00,0x00,0x00,
    0x00,0x00,0x40,0xff,0x20,0x20,0xe0,0xff,0x20,0x20,0xe0,0xff,0x20,0x20,0xe0,0xff,
    0x20,0x00,0xa0,0xff,0x00,0x00,0x40,0xff,0x20,0x00,0xa0,0xff,0x20,0x00,0xa0,0xff,
    0x20,0x00,0xa0,0xff,0x20,0x20,0xe0,0xff,0x20,0x20,0xe0,0xff,0x20,0x00,0xa0,0xff,
    0x20,0x00,0xa0,0xff,0x20,0x00,0xa0,0xff,0x20,0x20,0xe0,0xff,0x20,0x20,0xe0,0xff,
    0x20,0x00,0xa0,0xff,0x20,0x00,0xa0,0xff,0x20,0x00,0xa0,0xff,0x00,0x00,0x40,0xff,
    0x20,0x00,0xa0,0xff,0x20,0x20,0xe0,0xff,0x20,0x20,0xe0,0xff,0x20,0x20,0xe0,0xff,
    0x00,0x00,0x40,0xff,0x00,0x00,0x00,0x00,0x00,0x00,0x00,0x00,0x00,0x00,0x00,0x00,
    0x00,0x00,0x00,0x00,0x00,0x00,0x00,0x00,0x00,0x00,0x00,0x00,0x00,0x00,0x00,0x00,
    0x00,0x00,0x00,0x00,0x00,0x00,0x00,0x00,0x00,0x00,0x00,0x00,0x00,0x00,0x00,0x00,
    0x00,0x00,0x00,0x00,0x00,0x00,0x00,0x00,0x00,0x00,0x00,0x00,0x00,0x00,0x00,0x00,
    0x00,0x00,0x00,0x00,0x00,0x00,0x00,0x00,0x00,0x00,0x00,0x00,0x00,0x00,0x00,0x00,
    0x00,0x00,0x00,0x00,0x00,0x00,0x00,0x00,0x00,0x00,0x00,0x00,0x00,0x00,0x00,0x00,
    0x00,0x00,0x40,0xff,0x00,0x00,0x40,0xff,0x00,0x00,0x00,0x00,0x00,0x00,0x00,0x00,
    0x00,0x00,0x00,0x00,0x00,0x00,0x40,0xff,0x00,0x00,0x40,0xff,0x00,0x00,0x40,0xff,
    0x20,0x20,0xe0,0xff,0x00,0x00,0x40,0xff,0x20,0x00,0xa0,0xff,0x20,0x20,0xe0,0xff,
    0x20,0x00,0xa0,0xff,0x00,0x00,0x40,0xff,0x20,0x20,0xe0,0xff,0x00,0x00,0x40,0xff,
    0x00,0x00,0x40,0xff,0x00,0x00,0x40,0xff,0x00,0x00,0x00,0x00,0x00,0x00,0x00,0x00,
    0x00,0x00,0x00,0x00,0x00,0x00,0x40,0xff,0x00,0x00,0x40,0xff,0x00,0x00,0x00,0x00,
    0x00,0x00,0x00,0x00,0x00,0x00,0x00,0x00,0x00,0x00,0x00,0x00,0x00,0x00,0x00,0x00,
    0x00,0x00,0x00,0x00,0x00,0x00,0x00,0x00,0x00,0x00,0x00,0x00,0x00,0x00,0x00,0x00,
    0x00,0x00,0x00,0x00,0x00,0x00,0x00,0x00,0x00,0x00,0x00,0x00,0x00,0x00,0x00,0x00,
    0x00,0x00,0x00,0x00,0x00,0x00,0x00,0x00,0x00,0x00,0x00,0x00,0x00,0x00,0x00,0x00,
    0x00,0x00,0x00,0x00,0x00,0x00,0x00,0x00,0x00,0x00,0x00,0x00,0x00,0x00,0x00,0x00,
    0x00,0x00,0x00,0x00,0x00,0x00,0x00,0x00,0x00,0x00,0x00,0x00,0x00,0x00,0x00,0x00,
    0x00,0x00,0x40,0xff,0x00,0x00,0x40,0xff,0x00,0x00,0x00,0x00,0x00,0x00,0x00,0x00,
    0x00,0x00,0x00,0x00,0x00,0x00,0x40,0xff,0x00,0x00,0x40,0xff,0x00,0x00,0x40,0xff,
    0x20,0x20,0xe0,0xff,0x00,0x00,0x40,0xff,0x20,0x00,0xa0,0xff,0x20,0x20,0xe0,0xff,
    0x20,0x00,0xa0,0xff,0x00,0x00,0x40,0xff,0x20,0x20,0xe0,0xff,0x00,0x00,0x40,0xff,
    0x00,0x00,0x40,0xff,0x00,0x00,0x40,0xff,0x00,0x00,0x00,0x00,0x00,0x00,0x00,0x00,
    0x00,0x00,0x00,0x00,0x00,0x00,0x40,0xff,0x00,0x00,0x40,0xff,0x00,0x00,0x00,0x00,
    0x00,0x00,0x00,0x00,0x00,0x00,0x00,0x00,0x00,0x00,0x00,0x00,0x00,0x00,0x00,0x00,
    0x00,0x00,0x00,0x00,0x00,0x00,0x00,0x00,0x00,0x00,0x00,0x00,0x00,0x00,0x00,0x00,
    0x00,0x00,0x00,0x00,0x00,0x00,0x00,0x00,0x00,0x00,0x00,0x00,0x00,0x00,0x00,0x00,
    0x00,0x00,0x00,0x00,0x00,0x00,0x00,0x00,0x00,0x00,0x00,0x00,0x00,0x00,0x00,0x00,
    0x00,0x00,0x00,0x00,0x00,0x00,0x00,0x00,0x00,0x00,0x00,0x00,0x00,0x00,0x00,0x00,
    0x00,0x00,0x00,0x00,0x00,0x00,0x00,0x00,0x00,0x00,0x00,0x00,0x00,0x00,0x00,0x00,
    0x00,0x00,0x00,0x00,0x80,0x40,0x20,0xff,0xe0,0x00,0x00,0xff,0xe0,0x00,0x00,0xff,
    0xe0,0x00,0x00,0xff,0x00,0x00,0x40,0xff,0x00,0x00,0x40,0xff,0x20,0x20,0xe0,0xff,
    0x20,0x20,0xe0,0xff,0x20,0x20,0xe0,0xff,0x00,0x00,0x40,0xff,0x00,0x00,0x40,0xff,
    0x00,0x00,0x40,0xff,0x00,0x00,0x40,0xff,0x00,0x00,0x40,0xff,0x20,0x20,0xe0,0xff,
    0x20,0x20,0xe0,0xff,0x20,0x20,0xe0,0xff,0x20,0x20,0xe0,0xff,0x00,0x00,0x00,0x00,
    0x00,0x00,0x00,0x00,0x00,0x00,0x00,0x00,0x00,0x00,0x00,0x00,0x00,0x00,0x00,0x00,
    0x00,0x00,0x00,0x00,0x00,0x00,0x00,0x00,0x00,0x00,0x00,0x00,0x00,0x00,0x00,0x00,
    0x00,0x00,0x00,0x00,0x00,0x00,0x00,0x00,0x00,0x00,0x00,0x00,0x00,0x00,0x00,0x00,
    0x00,0x00,0x00,0x00,0x00,0x00,0x00,0x00,0x00,0x00,0x00,0x00,0x00,0x00,0x00,0x00,
    0x00,0x00,0x00,0x00,0x00,0x00,0x00,0x00,0x00,0x00,0x00,0x00,0x00,0x00,0x00,0x00,
    0x00,0x00,0x00,0x00,0x00,0x00,0x00,0x00,0x00,0x00,0x00,0x00,0xe0,0xe0,0xe0,0xff,
    0xe0,0xe0,0xe0,0xff,0xe0,0xe0,0xe0,0xff,0xe0,0xe0,0xe0,0xff,0x60,0x60,0xa0,0xff,
    0xe0,0xe0,0xe0,0xff,0x60,0x60,0xa0,0xff,0x60,0x60,0xa0,0xff,0x00,0x00,0x00,0x00,
    0x00,0x00,0x00,0x00,0x00,0x00,0x00,0x00,0x00,0x00,0x40,0xff,0x20,0x20,0xe0,0xff,
    0x20,0x20,0xe0,0xff,0x20,0x00,0xa0,0xff,0x00,0x00,0x40,0xff,0x00,0x00,0x40,0xff,
    0x00,0x00,0x40,0xff,0x00,0x00,0x40,0xff,0x00,0x00,0x00,0x00,0x00,0x00,0x00,0x00,
    0x00,0x00,0x00,0x00,0x00,0x00,0x00,0x00,0x20,0x20,0xe0,0xff,0x00,0x00,0x00,0x00,
    0x00,0x00,0x00,0x00,0x00,0x00,0x00,0x00,0x00,0x00,0x00,0x00,0x00,0x00,0x00,0x00,
    0x00,0x00,0x00,0x00,0x00,0x00,0x00,0x00,0x00,0x00,0x00,0x00,0x00,0x00,0x00,0x00,
    0x00,0x00,0x00,0x00,0x00,0x00,0x00,0x00,0x00,0x00,0x00,0x00,0x00,0x00,0x00,0x00,
    0x00,0x00,0x00,0x00,0x00,0x00,0x00,0x00,0x00,0x00,0x00,0x00,0x00,0x00,0x00,0x00,
    0x00,0x00,0x00,0x00,0x00,0x00,0x00,0x00,0x00,0x00,0x00,0x00,0x00,0x00,0x00,0x00,
    0x00,0x00,0x00,0x00,0x00,0x00,0x00,0x00,0x00,0x00,0x00,0x00,0x00,0x00,0x00,0x00,
    0x00,0x00,0x00,0x00,0x00,0x00,0x00,0x00,0x00,0x00,0x00,0x00,0x00,0x00,0x00,0x00,
    0x00,0x00,0x00,0x00,0x80,0x40,0x20,0xff,0xe0,0x00,0x00,0xff,0xe0,0x00,0x00,0xff,
    0xe0,0x00,0x00,0xff,0x00,0x00,0x40,0xff,0x00,0x00,0x40,0xff,0x20,0x20,0xe0,0xff,
    0x20,0x20,0xe0,0xff,0x20,0x20,0xe0,0xff,0x00,0x00,0x40,0xff,0x00,0x00,0x40,0xff,
    0x00,0x00,0x40,0xff,0x00,0x00,0x40,0xff,0x00,0x00,0x40,0xff,0x20,0x20,0xe0,0xff,
    0x20,0x20,0xe0,0xff,0x20,0x20,0xe0,0xff,0x20,0x20,0xe0,0xff,0x00,0x00,0x00,0x00,
    0x00,0x00,0x00,0x00,0x00,0x00,0x00,0x00,0x00,0x00,0x00,0x00,0x00,0x00,0x00,0x00,
    0x00,0x00,0x00,0x00,0x00,0x00,0x00,0x00,0x00,0x00,0x00,0x00,0x00,0x00,0x00,0x00,
    0x00,0x00,0x00,0x00,0x00,0x00,0x00,0x00,0x00,0x00,0x00,0x00,0x00,0x00,0x00,0x00,
    0x00,0x00,0x00,0x00,0x00,0x00,0x00,0x00,0x00,0x00,0x00,0x00,0x00,0x00,0x00,0x00,
    0x00,0x00,0x00,0x00,0x00,0x00,0x00,0x00,0x00,0x00,0x00,0x00,0x00,0x00,0x00,0x00,
    0x00,0x00,0x00,0x00,0x00,0x00,0x00,0x00,0x00,0x00,0x00,0x00,0x00,0x00,0x00,0x00,
    0x00,0x00,0x00,0x00,0x00,0x00,0x00,0x00,0x00,0x00,0x00,0x00,0x00,0x00,0x00,0x00,
    0x00,0x00,0x00,0x00,0x00,0x00,0x00,0x00,0x80,0x40,0x20,0xff,0x80,0x40,0x20,0xff,
    0xe0,0xe0,0xe0,0xff,0xe0,0xe0,0xe0,0xff,0xe0,0xe0,0xe0,0xff,0x00,0x00,0x40,0xff,
    0x20,0x20,0xe0,0xff,0x20,0x20,0xe0,0xff,0x20,0x20,0xe0,0xff,0x00,0x00,0x40,0xff,
    0x00,0x00,0x40,0xff,0x00,0x00,0x40,0xff,0x00,0x00,0x40,0xff,0x00,0x00,0x40,0xff,
    0x20,0x20,0xe0,0xff,0x20,0x20,0xe0,0xff,0x20,0x20,0xe0,0xff,0x00,0x00,0x40,0xff,
    0x00,0x00,0x00,0x00,0x00,0x00,0x00,0x00,0x00,0x00,0x00,0x00,0x00,0x00,0x00,0x00,
    0x00,0x00,0x00,0x00,0x00,0x00,0x00,0x00,0x00,0x00,0x00,0x00,0x00,0x00,0x00,0x00,
    0x00,0x00,0x00,0x00,0x00,0x00,0x00,0x00,0x00,0x00,0x00,0x00,0x00,0x00,0x00,0x00,
    0x00,0x00,0x00,0x00,0x00,0x00,0x00,0x00,0x00,0x00,0x00,0x00,0x00,0x00,0x00,0x00,
    0x00,0x00,0x00,0x00,0x00,0x00,0x00,0x00,0x00,0x00,0x00,0x00,0x00,0x00,0x00,0x00,
    0x00,0x00,0x00,0x00,0x00,0x00,0x00,0x00,0x00,0x00,0x00,0x00,0x00,0x00,0x00,0x00,
    0x00,0x00,0x00,0x00,0x00,0x00,0x00,0x00,0x00,0x00,0x00,0x00,0x00,0x00,0x00,0x00,
    0x00,0x00,0x40,0xff,0x00,0x00,0x40,0xff,0x00,0x00,0x00,0x00,0x00,0x00,0x00,0x00,
    0x00,0x00,0x00,0x00,0x00,0x00,0x40,0xff,0x00,0x00,0x40,0xff,0x00,0x00,0x40,0xff,
    0x20,0x20,0xe0,0xff,0x00,0x00,0x40,0xff,0x20,0x00,0xa0,0xff,0x20,0x20,0xe0,0xff,
    0x20,0x00,0xa0,0xff,0x00,0x00,0x40,0xff,0x20,0x20,0xe0,0xff,0x00,0x00,0x40,0xff,
    0x00,0x00,0x40,0xff,0x00,0x00,0x40,0xff,0x00,0x00,0x00,0x00,0x00,0x00,0x00,0x00,
    0x00,0x00,0x00,0x00,0x00,0x00,0x40,0xff,0x00,0x00,0x40,0xff,0x00,0x00,0x00,0x00,
    0x00,0x00,0x00,0x00,0x00,0x00,0x00,0x00,0x00,0x00,0x00,0x00,0x00,0x00,0x00,0x00,
    0x00,0x00,0x00,0x00,0x00,0x00,0x00,0x00,0x00,0x00,0x00,0x00,0x00,0x00,0x00,0x00,
    0x00,0x00,0x00,0x00,0x00,0x00,0x00,0x00,0x00,0x00,0x00,0x00,0x00,0x00,0x00,0x00,
    0x00,0x00,0x00,0x00,0x00,0x00,0x00,0x00,0x00,0x00,0x00,0x00,0x00,0x00,0x00,0x00,
    0x00,0x00,0x00,0x00,0x00,0x00,0x00,0x00,0x00,0x00,0x00,0x00,0x00,0x00,0x00,0x00,
    0x00,0x00,0x00,0x00,0x00,0x00,0x00,0x00,0x00,0x00,0x00,0x00,0x00,0x00,0x00,0x00,
    0x00,0x00,0x00,0x00,0x00,0x00,0x00,0x00,0x00,0x00,0x00,0x00,0x00,0x00,0x00,0x00,
    0x00,0x00,0x40,0xff,0x20,0x20,0xe0,0xff,0x20,0x20,0xe0,0xff,0x20,0x20,0xe0,0xff,
    0x00,0x00,0x40,0xff,0x00,0x00,0x40,0xff,0x00,0x00,0x40,0xff,0x00,0x00,0x40,0xff,
    0x00,0x00,0x40,0xff,0x20,0x20,0xe0,0xff,0x20,0x20,0xe0,0xff,0x20,0x20,0xe0,0xff,
    0x00,0x00,0x40,0xff,0xe0,0xe0,0xe0,0xff,0xe0,0xe0,0xe0,0xff,0xe0,0xe0,0xe0,0xff,
    0x80,0x40,0x20,0xff,0x80,0x40,0x20,0xff,0x00,0x00,0x00,0x00,0x00,0x00,0x00,0x00,
    0x00,0x00,0x00,0x00,0x00,0x00,0x00,0x00,0x00,0x00,0x00,0x00,0x00,0x00,0x00,0x00,
    0x00,0x00,0x00,0x00,0x00,0x00,0x00,0x00,0x00,0x00,0x00,0x00,0x00,0x00,0x00,0x00,
    0x00,0x00,0x00,0x00,0x00,0x00,0x00,0x00,0x00,0x00,0x00,0x00,0x00,0x00,0x00,0x00,
    0x00,0x00,0x00,0x00,0x00,0x00,0x00,0x00,0x00,0x00,0x00,0x00,0x00,0x00,0x00,0x00,
    0x00,0x00,0x00,0x00,0x00,0x00,0x00,0x00,0x00,0x00,0x00,0x00,0x00,0x00,0x00,0x00,
    0x00,0x00,0x00,0x00,0x00,0x00,0x00,0x00,0x00,0x00,0x00,0x00,0x00,0x00,0x00,0x00,
    0x00,0x00,0x00,0x00,0x00,0x00,0x00,0x00,0x00,0x00,0x00,0x00,0x00,0x00,0x00,0x00,
    0x00,0x00,0x00,0x00,0x20,0x20,0xe0,0xff,0x20,0x20,0xe0,0xff,0x20,0x20,0xe0,0xff,
    0x20,0x20,0xe0,0xff,0x00,0x00,0x40,0xff,0x00,0x00,0x40,0xff,0x00,0x00,0x40,0xff,
    0x00,0x00,0x40,0xff,0x00,0x00,0x40,0xff,0x20,0x20,0xe0,0xff,0x20,0x20,0xe0,0xff,
    0x20,0x20,0xe0,0xff,0x00,0x00,0x40,0xff,0x00,0x00,0x40,0xff,0xe0,0x00,0x00,0xff,
    0xe0,0x00,0x00,0xff,0xe0,0x00,0x00,0xff,0x80,0x40,0x20,0xff,0x00,0x00,0x00,0x00,
    0x00,0x00,0x00,0x00,0x00,0x00,0x00,0x00,0x00,0x00,0x00,0x00,0x00,0x00,0x00,0x00,
    0x00,0x00,0x00,0x00,0x00,0x00,0x00,0x00,0x00,0x00,0x00,0x00,0x00,0x00,0x00,0x00,
    0x00,0x00,0x00,0x00,0x00,0x00,0x00,0x00,0x00,0x00,0x00,0x00,0x00,0x00,0x00,0x00,
    0x00,0x00,0x00,0x00,0x00,0x00,0x00,0x00,0x00,0x00,0x00,0x00,0x00,0x00,0x00,0x00,
    0x00,0x00,0x00,0x00,0x00,0x00,0x00,0x00,0x00,0x00,0x00,0x00,0x00,0x00,0x00,0x00,
    0x00,0x00,0x00,0x00,0x00,0x00,0x00,0x00,0x00,0x00,0x00,0x00,0x00,0x00,0x00,0x00,
    0x00,0x00,0x00,0x00,0x00,0x00,0x00,0x00,0x00,0x00,0x00,0x00,0x20,0x20,0xe0,0xff,
    0x00,0x00,0x00,0x00,0x00,0x00,0x00,0x00,0x00,0x00,0x00,0x00,0x00,0x00,0x00,0x00,
    0x00,0x00,0x40,0xff,0x00,0x00,0x40,0xff,0x00,0x00,0x40,0xff,0x00,0x00,0x40,0xff,
    0x20,0x00,0xa0,0xff,0x20,0x20,0xe0,0xff,0x20,0x20,0xe0,0xff,0x00,0x00,0x40,0xff,
    0x00,0x00,0x00,0x00,0x00,0x00,0x00,0x00,0x00,0x00,0x00,0x00,0x60,0x60,0xa0,0xff,
    0x60,0x60,0xa0,0xff,0xe0,0xe0,0xe0,0xff,0x60,0x60,0xa0,0xff,0xe0,0xe0,0xe0,0xff,
    0xe0,0xe0,0xe0,0xff,0xe0,0xe0,0xe0,0xff,0xe0,0xe0,0xe0,0xff,0x00,0x00,0x00,0x00,
    0x00,0x00,0x00,0x00,0x00,0x00,0x00,0x00,0x00,0x00,0x00,0x00,0x00,0x00,0x00,0x00,
    0x00,0x00,0x00,0x00,0x00,0x00,0x00,0x00,0x00,0x00,0x00,0x00,0x00,0x00,0x00,0x00,
    0x00,0x00,0x00,0x00,0x00,0x00,0x00,0x00,0x00,0x00,0x00,0x00,0x00,0x00,0x00,0x00,
    0x00,0x00,0x00,0x00,0x00,0x00,0x00,0x00,0x00,0x00,0x00,0x00,0x00,0x00,0x00,0x00,
    0x00,0x00,0x00,0x00,0x00,0x00,0x00,0x00,0x00,0x00,0x00,0x00,0x00,0x00,0x00,0x00,
    0x00,0x00,0x00,0x00,0x00,0x00,0x00,0x00,0x00,0x00,0x00,0x00,0x00,0x00,0x00,0x00,
    0x00,0x00,0x00,0x00,0x20,0x20,0xe0,0xff,0x20,0x20,0xe0,0xff,0x20,0x20,0xe0,0xff,
    0x20,0x20,0xe0,0xff,0x00,0x00,0x40,0xff,0x00,0x00,0x40,0xff,0x00,0x00,0x40,0xff,
    0x00,0x00,0x40,0xff,0x00,0x00,0x40,0xff,0x20,0x20,0xe0,0xff,0x20,0x20,0xe0,0xff,
    0x20,0x20,0xe0,0xff,0x00,0x00,0x40,0xff,0x00,0x00,0x40,0xff,0xe0,0x00,0x00,0xff,
    0xe0,0x00,0x00,0xff,0xe0,0x00,0x00,0xff,0x80,0x40,0x20,0xff,0x00,0x00,0x00,0x00,
    0x00,0x00,0x00,0x00,0x00,0x00,0x00,0x00,0x00,0x00,0x00,0x00,0x00,0x00,0x00,0x00,
    0x00,0x00,0x00,0x00,0x00,0x00,0x00,0x00,0x00,0x00,0x00,0x00,0x00,0x00,0x00,0x00,
    0x00,0x00,0x00,0x00,0x00,0x00,0x00,0x00,0x00,0x00,0x00,0x00,0x00,0x00,0x00,0x00,
    0x00,0x00,0x00,0x00,0x00,0x00,0x00,0x00,0x00,0x00,0x00,0x00,0x00,0x00,0x00,0x00,
    0x00,0x00,0x00,0x00,0x00,0x00,0x00,0x00,0x00,0x00,0x00,0x00,0x00,0x00,0x00,0x00,
    0x00,0x00,0x00,0x00,0x00,0x00,0x00,0x00,0x00,0x00,0x00,0x00,0x00,0x00,0x00,0x00,
    0x00,0x00,0x00,0x00,0x00,0x00,0x00,0x00,0x00,0x00,0x00,0x00,0x00,0x00,0x00,0x00,
    0x00,0x00,0x40,0xff,0x20,0x20,0xe0,0xff,0x20,0x20,0xe0,0xff,0x20,0x20,0xe0,0xff,
    0x00,0x00,0x40,0xff,0x00,0x00,0x40,0xff,0x00,0x00,0x40,0xff,0x00,0x00,0x40,0xff,
    0x00,0x00,0x40,0xff,0x20,0x20,0xe0,0xff,0x20,0x20,0xe0,0xff,0x20,0x20,0xe0,0xff,
    0x00,0x00,0x40,0xff,0xe0,0xe0,0xe0,0xff,0xe0,0xe0,0xe0,0xff,0xe0,0xe0,0xe0,0xff,
    0x80,0x40,0x20,0xff,0x80,0x40,0x20,0xff,0x00,0x00,0x00,0x00,0x00,0x00,0x00,0x00,
    0x00,0x00,0x00,0x00,0x00,0x00,0x00,0x00,0x00,0x00,0x00,0x00,0x00,0x00,0x00,0x00,
    0x00,0x00,0x00,0x00,0x00,0x00,0x00,0x00,0x00,0x00,0x00,0x00,0x00,0x00,0x00,0x00,
    0x00,0x00,0x00,0x00,0x00,0x00,0x00,0x00,0x00,0x00,0x00,0x00,0x00,0x00,0x00,0x00,
    0x00,0x00,0x00,0x00,0x00,0x00,0x00,0x00,0x00,0x00,0x00,0x00,0x00,0x00,0x00,0x00,
    0x00,0x00,0x00,0x00,0x00,0x00,0x00,0x00,0x00,0x00,0x00,0x00,0x00,0x00,0x00,0x00,
    0x00,0x00,0x00,0x00,0x00,0x00,0x00,0x00,0x20,0x00,0xa0,0xff,0x20,0x00,0xa0,0xff,
    0x20,0x20,0xe0,0xff,0x20,0x20,0xe0,0xff,0x20,0x20,0xe0,0xff,0x20,0x20,0xe0,0xff,
    0x20,0x20,0xe0,0xff,0x20,0x20,0xe0,0xff,0x20,0x20,0xe0,0xff,0x20,0x20,0xe0,0xff,
    0x20,0x20,0xe0,0xff,0x20,0x20,0xe0,0xff,0x20,0x20,0xe0,0xff,0x20,0x20,0xe0,0xff,
    0x20,0x20,0xe0,0xff,0x20,0x20,0xe0,0xff,0x20,0x20,0xe0,0xff,0x20,0x20,0xe0,0xff,
    0x20,0x20,0xe0,0xff,0x20,0x20,0xe0,0xff,0x20,0x20,0xe0,0xff,0x20,0x20,0xe0,0xff,
    0x20,0x20,0xe0,0xff,0x20,0x20,0xe0,0xff,0x20,0x00,0xa0,0xff,0x20,0x00,0xa0,0xff,
    0x00,0x00,0x00,0x00,0x00,0x00,0x00,0x00,0x00,0x00,0x00,0x00,0x00,0x00,0x00,0x00,
    0x00,0x00,0x00,0x00,0x00,0x00,0x00,0x00,0x00,0x00,0x00,0x00,0x00,0x00,0x00,0x00,
    0x00,0x00,0x00,0x00,0x00,0x00,0x00,0x00,0x00,0x00,0x00,0x00,0x00,0x00,0x00,0x00,
    0x00,0x00,0x00,0x00,0x00,0x00,0x00,0x00,0x00,0x00,0x00,0x00,0x00,0x00,0x00,0x00,
    0x00,0x00,0x00,0x00,0x00,0x00,0x00,0x00,0x00,0x00,0x00,0x00,0x00,0x00,0x00,0x00,
    0x00,0x00,0x00,0x00,0x00,0x00,0x00,0x00,0x20,0x00,0xa0,0xff,0x00,0x00,0x40,0xff,
    0x00,0x00,0x40,0xff,0x20,0x00,0xa0,0xff,0x20,0x20,0xe0,0xff,0x60,0x60,0xa0,0xff,
    0x20,0x20,0xe0,0xff,0x20,0x20,0xe0,0xff,0x20,0x20,0xe0,0xff,0x20,0x00,0xa0,0xff,
    0x20,0x00,0xa0,0xff,0x20,0x00,0xa0,0xff,0x20,0x20,0xe0,0xff,0x60,0x60,0xa0,0xff,
    0x20,0x20,0xe0,0xff,0x20,0x00,0xa0,0xff,0x20,0x00,0xa0,0xff,0x20,0x00,0xa0,0xff,
    0x20,0x20,0xe0,0xff,0x20,0x20,0xe0,0xff,0x20,0x20,0xe0,0xff,0x40,0x40,0xe0,0xff,
    0x60,0x60,0xa0,0xff,0x20,0x00,0xa0,0xff,0x00,0x00,0x40,0xff,0x20,0x00,0xa0,0xff,
    0x00,0x00,0x00,0x00,0x00,0x00,0x00,0x00,0x00,0x00,0x00,0x00,0x00,0x00,0x00,0x00,
    0x00,0x00,0x00,0x00,0x00,0x00,0x00,0x00,0x00,0x00,0x00,0x00,0x00,0x00,0x00,0x00,
    0x00,0x00,0x00,0x00,0x00,0x00,0x00,0x00,0x00,0x00,0x00,0x00,0x00,0x00,0x00,0x00,
    0x00,0x00,0x00,0x00,0x00,0x00,0x00,0x00,0x00,0x00,0x00,0x00,0x00,0x00,0x00,0x00,
    0x00,0x00,0x00,0x00,0x00,0x00,0x00,0x00,0x00,0x00,0x00,0x00,0x00,0x00,0x00,0x00,
    0x00,0x00,0x00,0x00,0x00,0x00,0x00,0x00,0x20,0x00,0xa0,0xff,0x00,0x00,0x40,0xff,
    0x00,0x00,0x40,0xff,0x20,0x00,0xa0,0xff,0x60,0x60,0xa0,0xff,0x20,0x20,0xe0,0xff,
    0x20,0x20,0xe0,0xff,0x20,0x00,0xa0,0xff,0x20,0x00,0xa0,0xff,0x20,0x00,0xa0,0xff,
    0x20,0x20,0xe0,0xff,0x20,0x20,0xe0,0xff,0x40,0x40,0xe0,0xff,0x60,0x60,0xa0,0xff,
    0x40,0x40,0xe0,0xff,0x20,0x00,0xa0,0xff,0x20,0x20,0xe0,0xff,0x20,0x20,0xe0,0xff,
    0x20,0x00,0xa0,0xff,0x20,0x00,0xa0,0xff,0x20,0x20,0xe0,0xff,0x20,0x20,0xe0,0xff,
    0x20,0x20,0xe0,0xff,0x20,0x00,0xa0,0xff,0x00,0x00,0x40,0xff,0x20,0x00,0xa0,0xff,
    0x00,0x00,0x00,0x00,0x00,0x00,0x00,0x00,0x00,0x00,0x00,0x00,0x00,0x00,0x00,0x00,
    0x00,0x00,0x00,0x00,0x00,0x00,0x00,0x00,0x00,0x00,0x00,0x00,0x00,0x00,0x00,0x00,
    0x00,0x00,0x00,0x00,0x00,0x00,0x00,0x00,0x00,0x00,0x00,0x00,0x00,0x00,0x00,0x00,
    0x00,0x00,0x00,0x00,0x00,0x00,0x00,0x00,0x00,0x00,0x00,0x00,0x00,0x00,0x00,0x00,
    0x00,0x00,0x00,0x00,0x00,0x00,0x00,0x00,0x00,0x00,0x00,0x00,0x00,0x00,0x00,0x00,
    0x00,0x00,0x00,0x00,0x00,0x00,0x00,0x00,0x00,0x00,0x00,0x00,0x00,0x00,0x00,0x00,
    0x00,0x00,0x40,0xff,0x00,0x00,0x40,0xff,0x20,0x20,0xe0,0xff,0x20,0x00,0xa0,0xff,
    0x00,0x00,0x40,0xff,0x20,0x00,0xa0,0xff,0x20,0x00,0xa0,0xff,0x20,0x00,0xa0,0xff,
    0x20,0x00,0xa0,0xff,0x20,0x20,0xe0,0xff,0x20,0x20,0xe0,0xff,0x20,0x20,0xe0,0xff,
    0x40,0x40,0xe0,0xff,0x20,0x20,0xe0,0xff,0x20,0x20,0xe0,0xff,0x20,0x20,0xe0,0xff,
    0x20,0x00,0xa0,0xff,0x20,0x00,0xa0,0xff,0x20,0x00,0xa0,0xff,0x20,0x00,0xa0,0xff,
    0x00,0x00,0x40,0xff,0x20,0x00,0xa0,0xff,0x20,0x20,0xe0,0xff,0x00,0x00,0x40,0xff,
    0x00,0x00,0x40,0xff,0x00,0x00,0x00,0x00,0x00,0x00,0x00,0x00,0x00,0x00,0x00,0x00,
    0x00,0x00,0x00,0x00,0x00,0x00,0x00,0x00,0x00,0x00,0x00,0x00,0x00,0x00,0x00,0x00,
    0x00,0x00,0x00,0x00,0x00,0x00,0x00,0x00,0x00,0x00,0x00,0x00,0x00,0x00,0x00,0x00,
    0x00,0x00,0x00,0x00,0x00,0x00,0x00,0x00,0x00,0x00,0x00,0x00,0x00,0x00,0x00,0x00,
    0x00,0x00,0x00,0x00,0x00,0x00,0x00,0x00,0x00,0x00,0x00,0x00,0x00,0x00,0x00,0x00,
    0x00,0x00,0x00,0x00,0x00,0x00,0x00,0x00,0x00,0x00,0x00,0x00,0x00,0x00,0x00,0x00,
    0x00,0x00,0x00,0x00,0x00,0x00,0x00,0x00,0x00,0x00,0x00,0x00,0x00,0x00,0x00,0x00,
    0x00,0x00,0x00,0x00,0x00,0x00,0x40,0xff,0x00,0x00,0x40,0xff,0x20,0x20,0xe0,0xff,
    0x20,0x20,0xe0,0xff,0x00,0x00,0x40,0xff,0x00,0x00,0x40,0xff,0x20,0x00,0xa0,0xff,
    0x00,0x00,0x40,0xff,0x00,0x00,0x40,0xff,0x20,0x20,0xe0,0xff,0x20,0x20,0xe0,0xff,
    0x00,0x00,0x40,0xff,0x00,0x00,0x40,0xff,0x00,0x00,0x00,0x00,0x00,0x00,0x00,0x00,
    0x00,0x00,0x00,0x00,0x00,0x00,0x00,0x00,0x00,0x00,0x00,0x00,0x00,0x00,0x00,0x00,
    0x00,0x00,0x00,0x00,0x00,0x00,0x00,0x00,0x00,0x00,0x00,0x00,0x00,0x00,0x00,0x00,
    0x00,0x00,0x00,0x00,0x00,0x00,0x00,0x00,0x00,0x00,0x00,0x00,0x00,0x00,0x00,0x00,
    0x00,0x00,0x00,0x00,0x00,0x00,0x00,0x00,0x00,0x00,0x00,0x00,0x00,0x00,0x00,0x00,
    0x00,0x00,0x00,0x00,0x00,0x00,0x00,0x00,0x00,0x00,0x00,0x00,0x00,0x00,0x00,0x00,
    0x00,0x00,0x00,0x00,0x00,0x00,0x00,0x00,0x00,0x00,0x00,0x00,0x00,0x00,0x00,0x00,
    0x00,0x00,0x00,0x00,0x00,0x00,0x00,0x00,0x00,0x00,0x00,0x00,0x00,0x00,0x00,0x00,
    0x00,0x00,0x00,0x00,0x00,0x00,0x00,0x00,0x00,0x00,0x00,0x00,0x00,0x00,0x00,0x00,
    0x00,0x00,0x00,0x00,0x00,0x00,0x40,0xff,0x00,0x00,0x40,0xff,0x20,0x20,0xe0,0xff,
    0x20,0x20,0xe0,0xff,0x00,0x00,0x40,0xff,0x00,0x00,0x40,0xff,0x20,0x00,0xa0,0xff,
    0x00,0x00,0x40,0xff,0x00,0x00,0x40,0xff,0x20,0x20,0xe0,0xff,0x20,0x20,0xe0,0xff,
    0x00,0x00,0x40,0xff,0x00,0x00,0x40,0xff,0x00,0x00,0x00,0x00,0x00,0x00,0x00,0x00,
    0x00,0x00,0x00,0x00,0x00,0x00,0x00,0x00,0x00,0x00,0x00,0x00,0x00,0x00,0x00,0x00,
    0x00,0x00,0x00,0x00,0x00,0x00,0x00,0x00,0x00,0x00,0x00,0x00,0x00,0x00,0x00,0x00,
    0x00,0x00,0x00,0x00,0x00,0x00,0x00,0x00,0x00,0x00,0x00,0x00,0x00,0x00,0x00,0x00,
    0x00,0x00,0x00,0x00,0x00,0x00,0x00,0x00,0x00,0x00,0x00,0x00,0x00,0x00,0x00,0x00,
    0x00,0x00,0x00,0x00,0x00,0x00,0x00,0x00,0x00,0x00,0x00,0x00,0x00,0x00,0x00,0x00,
    0x00,0x00,0x00,0x00,0x00,0x00,0x00,0x00,0x00,0x00,0x00,0x00,0x00,0x00,0x00,0x00,
    0x00,0x00,0x00,0x00,0x00,0x00,0x00,0x00,0x00,0x00,0x00,0x00,0x00,0x00,0x00,0x00,
    0x00,0x00,0x00,0x00,0x00,0x00,0x00,0x00,0x80,0x40,0x20,0xff,0xe0,0x00,0x00,0xff,
    0xe0,0x00,0x00,0xff,0x00,0x00,0x40,0xff,0x20,0x20,0xe0,0xff,0x20,0x20,0xe0,0xff,
    0x20,0x20,0xe0,0xff,0x00,0x00,0x40,0xff,0x00,0x00,0x40,0xff,0x00,0x00,0x40,0xff,
    0x00,0x00,0x40,0xff,0x00,0x00,0x40,0xff,0x20,0x20,0xe0,0xff,0x00,0x00,0x00,0x00,
    0x00,0x00,0x00,0x00,0x20,0x20,0xe0,0xff,0x20,0x20,0xe0,0xff,0x00,0x00,0x00,0x00,
    0x00,0x00,0x00,0x00,0x00,0x00,0x00,0x00,0x00,0x00,0x00,0x00,0x00,0x00,0x00,0x00,
    0x00,0x00,0x00,0x00,0x00,0x00,0x00,0x00,0x00,0x00,0x00,0x00,0x00,0x00,0x00,0x00,
    0x00,0x00,0x00,0x00,0x00,0x00,0x00,0x00,0x00,0x00,0x00,0x00,0x00,0x00,0x00,0x00,
    0x00,0x00,0x00,0x00,0x00,0x00,0x00,0x00,0x00,0x00,0x00,0x00,0x00,0x00,0x00,0x00,
    0x00,0x00,0x00,0x00,0x00,0x00,0x00,0x00,0x00,0x00,0x00,0x00,0x00,0x00,0x00,0x00,
    0x00,0x00,0x00,0x00,0x00,0x00,0x00,0x00,0x00,0x00,0x00,0x00,0x00,0x00,0x00,0x00,
    0xe0,0xe0,0xe0,0xff,0xe0,0xe0,0xe0,0xff,0xe0,0xe0,0xe0,0xff,0x60,0x60,0xa0,0xff,
    0xe0,0xe0,0xe0,0xff,0x60,0x60,0xa0,0xff,0x00,0x00,0x00,0x00,0x00,0x00,0x00,0x00,
    0x00,0x00,0x00,0x00,0x00,0x00,0x00,0x00,0x00,0x00,0x00,0x00,0x20,0x20,0xe0,0xff,
    0x00,0x00,0x00,0x00,0x00,0x00,0x00,0x00,0x00,0x00,0x40,0xff,0x70,0x70,0x50,0xff,
    0xe0,0xe0,0xe0,0xff,0xe0,0xe0,0xe0,0xff,0xe0,0xe0,0xe0,0xff,0xe0,0xe0,0xe0,0xff,
    0x00,0x00,0x00,0x00,0x00,0x00,0x00,0x00,0x00,0x00,0x00,0x00,0x00,0x00,0x00,0x00,
    0x00,0x00,0x00,0x00,0x00,0x00,0x00,0x00,0x00,0x00,0x00,0x00,0x00,0x00,0x00,0x00,
    0x00,0x00,0x00,0x00,0x00,0x00,0x00,0x00,0x00,0x00,0x00,0x00,0x00,0x00,0x00,0x00,
    0x00,0x00,0x00,0x00,0x00,0x00,0x00,0x00,0x00,0x00,0x00,0x00,0x00,0x00,0x00,0x00,
    0x00,0x00,0x00,0x00,0x00,0x00,0x00,0x00,0x00,0x00,0x00,0x00,0x00,0x00,0x00,0x00,
    0x00,0x00,0x00,0x00,0x00,0x00,0x00,0x00,0x00,0x00,0x00,0x00,0x00,0x00,0x00,0x00,
    0x00,0x00,0x00,0x00,0x00,0x00,0x00,0x00,0x00,0x00,0x00,0x00,0x00,0x00,0x00,0x00,
    0x00,0x00,0x00,0x00,0x00,0x00,0x00,0x00,0x00,0x00,0x00,0x00,0x00,0x00,0x00,0x00,
    0x00,0x00,0x00,0x00,0x00,0x00,0x00,0x00,0x80,0x40,0x20,0xff,0xe0,0x00,0x00,0xff,
    0xe0,0x00,0x00,0xff,0x00,0x00,0x40,0xff,0x20,0x20,0xe0,0xff,0x20,0x20,0xe0,0xff,
    0x20,0x20,0xe0,0xff,0x00,0x00,0x40,0xff,0x00,0x00,0x40,0xff,0x00,0x00,0x40,0xff,
    0x00,0x00,0x40,0xff,0x00,0x00,0x40,0xff,0x20,0x20,0xe0,0xff,0x00,0x00,0x00,0x00,
    0x00,0x00,0x00,0x00,0x20,0x20,0xe0,0xff,0x20,0x20,0xe0,0xff,0x00,0x00,0x00,0x00,
    0x00,0x00,0x00,0x00,0x00,0x00,0x00,0x00,0x00,0x00,0x00,0x00,0x00,0x00,0x00,0x00,
    0x00,0x00,0x00,0x00,0x00,0x00,0x00,0x00,0x00,0x00,0x00,0x00,0x00,0x00,0x00,0x00,
    0x00,0x00,0x00,0x00,0x00,0x00,0x00,0x00,0x00,0x00,0x00,0x00,0x00,0x00,0x00,0x00,
    0x00,0x00,0x00,0x00,0x00,0x00,0x00,0x00,0x00,0x00,0x00,0x00,0x00,0x00,0x00,0x00,
    0x00,0x00,0x00,0x00,0x00,0x00,0x00,0x00,0x00,0x00,0x00,0x00,0x00,0x00,0x00,0x00,
    0x00,0x00,0x00,0x00,0x00,0x00,0x00,0x00,0x00,0x00,0x00,0x00,0x00,0x00,0x00,0x00,
    0x00,0x00,0x00,0x00,0x00,0x00,0x00,0x00,0x00,0x00,0x00,0x00,0x00,0x00,0x00,0x00,
    0x00,0x00,0x00,0x00,0x00,0x00,0x00,0x00,0x80,0x40,0x20,0xff,0xe0,0x00,0x00,0xff,
    0xe0,0xe0,0xe0,0xff,0xe0,0xe0,0xe0,0xff,0x00,0x00,0x40,0xff,0x00,0x00,0x40,0xff,
    0x20,0x20,0xe0,0xff,0x20,0x20,0xe0,0xff,0x00,0x00,0x40,0xff,0x00,0x00,0x40,0xff,
    0x00,0x00,0x40,0xff,0x00,0x00,0x40,0xff,0x00,0x00,0x40,0xff,0x00,0x00,0x40,0xff,
    0x00,0x00,0x40,0xff,0x20,0x20,0xe0,0xff,0x20,0x20,0xe0,0xff,0x00,0x00,0x40,0xff,
    0x00,0x00,0x00,0x00,0x00,0x00,0x00,0x00,0x00,0x00,0x00,0x00,0x00,0x00,0x00,0x00,
    0x00,0x00,0x00,0x00,0x00,0x00,0x00,0x00,0x00,0x00,0x00,0x00,0x00,0x00,0x00,0x00,
    0x00,0x00,0x00,0x00,0x00,0x00,0x00,0x00,0x00,0x00,0x00,0x00,0x00,0x00,0x00,0x00,
    0x00,0x00,0x00,0x00,0x00,0x00,0x00,0x00,0x00,0x00,0x00,0x00,0x00,0x00,0x00,0x00,
    0x00,0x00,0x00,0x00,0x00,0x00,0x00,0x00,0x00,0x00,0x00,0x00,0x00,0x00,0x00,0x00,
    0x00,0x00,0x00,0x00,0x00,0x00,0x00,0x00,0x00,0x00,0x00,0x00,0x00,0x00,0x00,0x00,
    0x00,0x00,0x00,0x00,0x00,0x00,0x00,0x00,0x00,0x00,0x00,0x00,0x00,0x00,0x00,0x00,
    0x00,0x00,0x00,0x00,0x00,0x00,0x00,0x00,0x00,0x00,0x00,0x00,0x00,0x00,0x00,0x00,
    0x00,0x00,0x00,0x00,0x00,0x00,0x40,0xff,0x00,0x00,0x40,0xff,0x20,0x20,0xe0,0xff,
    0x20,0x20,0xe0,0xff,0x00,0x00,0x40,0xff,0x00,0x00,0x40,0xff,0x20,0x00,0xa0,0xff,
    0x00,0x00,0x40,0xff,0x00,0x00,0x40,0xff,0x20,0x20,0xe0,0xff,0x20,0x20,0xe0,0xff,
    0x00,0x00,0x40,0xff,0x00,0x00,0x40,0xff,0x00,0x00,0x00,0x00,0x00,0x00,0x00,0x00,
    0x00,0x00,0x00,0x00,0x00,0x00,0x00,0x00,0x00,0x00,0x00,0x00,0x00,0x00,0x00,0x00,
    0x00,0x00,0x00,0x00,0x00,0x00,0x00,0x00,0x00,0x00,0x00,0x00,0x00,0x00,0x00,0x00,
    0x00,0x00,0x00,0x00,0x00,0x00,0x00,0x00,0x00,0x00,0x00,0x00,0x00,0x00,0x00,0x00,
    0x00,0x00,0x00,0x00,0x00,0x00,0x00,0x00,0x00,0x00,0x00,0x00,0x00,0x00,0x00,0x00,
    0x00,0x00,0x00,0x00,0x00,0x00,0x00,0x00,0x00,0x00,0x00,0x00,0x00,0x00,0x00,0x00,
    0x00,0x00,0x00,0x00,0x00,0x00,0x00,0x00,0x00,0x00,0x00,0x00,0x00,0x00,0x00,0x00,
    0x00,0x00,0x00,0x00,0x00,0x00,0x00,0x00,0x00,0x00,0x00,0x00,0x00,0x00,0x00,0x00,
    0x00,0x00,0x00,0x00,0x00,0x00,0x00,0x00,0x00,0x00,0x00,0x00,0x00,0x00,0x00,0x00,
    0x00,0x00,0x40,0xff,0x20,0x20,0xe0,0xff,0x20,0x20,0xe0,0xff,0x00,0x00,0x40,0xff,
    0x00,0x00,0x40,0xff,0x00,0x00,0x40,0xff,0x00,0x00,0x40,0xff,0x00,0x00,0x40,0xff,
    0x00,0x00,0x40,0xff,0x00,0x00,0x40,0xff,0x20,0x20,0xe0,0xff,0x20,0x20,0xe0,0xff,
    0x00,0x00,0x40,0xff,0x00,0x00,0x40,0xff,0xe0,0xe0,0xe0,0xff,0xe0,0xe0,0xe0,0xff,
    0xe0,0x00,0x00,0xff,0x80,0x40,0x20,0xff,0x00,0x00,0x00,0x00,0x00,0x00,0x00,0x00,
    0x00,0x00,0x00,0x00,0x00,0x00,0x00,0x00,0x00,0x00,0x00,0x00,0x00,0x00,0x00,0x00,
    0x00,0x00,0x00,0x00,0x00,0x00,0x00,0x00,0x00,0x00,0x00,0x00,0x00,0x00,0x00,0x00,
    0x00,0x00,0x00,0x00,0x00,0x00,0x00,0x00,0x00,0x00,0x00,0x00,0x00,0x00,0x00,0x00,
    0x00,0x00,0x00,0x00,0x00,0x00,0x00,0x00,0x00,0x00,0x00,0x00,0x00,0x00,0x00,0x00,
    0x00,0x00,0x00,0x00,0x00,0x00,0x00,0x00,0x00,0x00,0x00,0x00,0x00,0x00,0x00,0x00,
    0x00,0x00,0x00,0x00,0x00,0x00,0x00,0x00,0x00,0x00,0x00,0x00,0x00,0x00,0x00,0x00,
    0x00,0x00,0x00,0x00,0x00,0x00,0x00,0x00,0x00,0x00,0x00,0x00,0x00,0x00,0x00,0x00,
    0x00,0x00,0x00,0x00,0x20,0x20,0xe0,0xff,0x20,0x20,0xe0,0xff,0x00,0x00,0x00,0x00,
    0x00,0x00,0x00,0x00,0x20,0x20,0xe0,0xff,0x00,0x00,0x40,0xff,0x00,0x00,0x40,0xff,
    0x00,0x00,0x40,0xff,0x00,0x00,0x40,0xff,0x00,0x00,0x40,0xff,0x20,0x20,0xe0,0xff,
    0x20,0x20,0xe0,0xff,0x20,0x20,0xe0,0xff,0x00,0x00,0x40,0xff,0xe0,0x00,0x00,0xff,
    0xe0,0x00,0x00,0xff,0x80,0x40,0x20,0xff,0x00,0x00,0x00,0x00,0x00,0x00,0x00,0x00,
    0x00,0x00,0x00,0x00,0x00,0x00,0x00,0x00,0x00,0x00,0x00,0x00,0x00,0x00,0x00,0x00,
    0x00,0x00,0x00,0x00,0x00,0x00,0x00,0x00,0x00,0x00,0x00,0x00,0x00,0x00,0x00,0x00,
    0x00,0x00,0x00,0x00,0x00,0x00,0x00,0x00,0x00,0x00,0x00,0x00,0x00,0x00,0x00,0x00,
    0x00,0x00,0x00,0x00,0x00,0x00,0x00,0x00,0x00,0x00,0x00,0x00,0x00,0x00,0x00,0x00,
    0x00,0x00,0x00,0x00,0x00,0x00,0x00,0x00,0x00,0x00,0x00,0x00,0x00,0x00,0x00,0x00,
    0x00,0x00,0x00,0x00,0x00,0x00,0x00,0x00,0x00,0x00,0x00,0x00,0x00,0x00,0x00,0x00,
    0x00,0x00,0x00,0x00,0x00,0x00,0x00,0x00,0x00,0x00,0x00,0x00,0x00,0x00,0x00,0x00,
    0x00,0x00,0x00,0x00,0x00,0x00,0x00,0x00,0xe0,0xe0,0xe0,0xff,0xe0,0xe0,0xe0,0xff,
    0xe0,0xe0,0xe0,0xff,0xe0,0xe0,0xe0,0xff,0x70,0x70,0x50,0xff,0x00,0x00,0x40,0xff,
    0x00,0x00,0x00,0x00,0x00,0x00,0x00,0x00,0x20,0x20,0xe0,0xff,0x00,0x00,0x00,0x00,
    0x00,0x00,0x00,0x00,0x00,0x00,0x00,0x00,0x00,0x00,0x00,0x00,0x00,0x00,0x00,0x00,
    0x60,0x60,0xa0,0xff,0xe0,0xe0,0xe0,0xff,0x60,0x60,0xa0,0xff,0xe0,0xe0,0xe0,0xff,
    0xe0,0xe0,0xe0,0xff,0xe0,0xe0,0xe0,0xff,0x00,0x00,0x00,0x00,0x00,0x00,0x00,0x00,
    0x00,0x00,0x00,0x00,0x00,0x00,0x00,0x00,0x00,0x00,0x00,0x00,0x00,0x00,0x00,0x00,
    0x00,0x00,0x00,0x00,0x00,0x00,0x00,0x00,0x00,0x00,0x00,0x00,0x00,0x00,0x00,0x00,
    0x00,0x00,0x00,0x00,0x00,0x00,0x00,0x00,0x00,0x00,0x00,0x00,0x00,0x00,0x00,0x00,
    0x00,0x00,0x00,0x00,0x00,0x00,0x00,0x00,0x00,0x00,0x00,0x00,0x00,0x00,0x00,0x00,
    0x00,0x00,0x00,0x00,0x00,0x00,0x00,0x00,0x00,0x00,0x00,0x00,0x00,0x00,0x00,0x00,
    0x00,0x00,0x00,0x00,0x00,0x00,0x00,0x00,0x00,0x00,0x00,0x00,0x00,0x00,0x00,0x00,
    0x00,0x00,0x00,0x00,0x20,0x20,0xe0,0xff,0x20,0x20,0xe0,0xff,0x00,0x00,0x00,0x00,
    0x00,0x00,0x00,0x00,0x20,0x20,0xe0,0xff,0x00,0x00,0x40,0xff,0x00,0x00,0x40,0xff,
    0x00,0x00,0x40,0xff,0x00,0x00,0x40,0xff,0x00,0x00,0x40,0xff,0x20,0x20,0xe0,0xff,
    0x20,0x20,0xe0,0xff,0x20,0x20,0xe0,0xff,0x00,0x00,0x40,0xff,0xe0,0x00,0x00,0xff,
    0xe0,0x00,0x00,0xff,0x80,0x40,0x20,0xff,0x00,0x00,0x00,0x00,0x00,0x00,0x00,0x00,
    0x00,0x00,0x00,0x00,0x00,0x00,0x00,0x00,0x00,0x00,0x00,0x00,0x00,0x00,0x00,0x00,
    0x00,0x00,0x00,0x00,0x00,0x00,0x00,0x00,0x00,0x00,0x00,0x00,0x00,0x00,0x00,0x00,
    0x00,0x00,0x00,0x00,0x00,0x00,0x00,0x00,0x00,0x00,0x00,0x00,0x00,0x00,0x00,0x00,
    0x00,0x00,0x00,0x00,0x00,0x00,0x00,0x00,0x00,0x00,0x00,0x00,0x00,0x00,0x00,0x00,
    0x00,0x00,0x00,0x00,0x00,0x00,0x00,0x00,0x00,0x00,0x00,0x00,0x00,0x00,0x00,0x00,
    0x00,0x00,0x00,0x00,0x00,0x00,0x00,0x00,0x00,0x00,0x00,0x00,0x00,0x00,0x00,0x00,
    0x00,0x00,0x00,0x00,0x00,0x00,0x00,0x00,0x00,0x00,0x00,0x00,0x00,0x00,0x00,0x00,
    0x00,0x00,0x40,0xff,0x20,0x20,0xe0,0xff,0x20,0x20,0xe0,0xff,0x00,0x00,0x40,0xff,
    0x00,0x00,0x40,0xff,0x00,0x00,0x40,0xff,0x00,0x00,0x40,0xff,0x00,0x00,0x40,0xff,
    0x00,0x00,0x40,0xff,0x00,0x00,0x40,0xff,0x20,0x20,0xe0,0xff,0x20,0x20,0xe0,0xff,
    0x00,0x00,0x40,0xff,0x00,0x00,0x40,0xff,0xe0,0xe0,0xe0,0xff,0xe0,0xe0,0xe0,0xff,
    0xe0,0x00,0x00,0xff,0x80,0x40,0x20,0xff,0x00,0x00,0x00,0x00,0x00,0x00,0x00,0x00,
    0x00,0x00,0x00,0x00,0x00,0x00,0x00,0x00,0x00,0x00,0x00,0x00,0x00,0x00,0x00,0x00,
    0x00,0x00,0x00,0x00,0x00,0x00,0x00,0x00,0x00,0x00,0x00,0x00,0x00,0x00,0x00,0x00,
    0x00,0x00,0x00,0x00,0x00,0x00,0x00,0x00,0x00,0x00,0x00,0x00,0x00,0x00,0x00,0x00,
    0x00,0x00,0x00,0x00,0x00,0x00,0x00,0x00,0x00,0x00,0x00,0x00,0x00,0x00,0x00,0x00,
    0x00,0x00,0x00,0x00,0x00,0x00,0x00,0x00,0x00,0x00,0x00,0x00,0x00,0x00,0x00,0x00,
    0x00,0x00,0x00,0x00,0x00,0x00,0x00,0x00,0x20,0x00,0xa0,0xff,0x20,0x00,0xa0,0xff,
    0x20,0x20,0xe0,0xff,0x20,0x20,0xe0,0xff,0x20,0x20,0xe0,0xff,0x20,0x20,0xe0,0xff,
    0x20,0x20,0xe0,0xff,0x20,0x20,0xe0,0xff,0x20,0x20,0xe0,0xff,0x20,0x20,0xe0,0xff,
    0x20,0x20,0xe0,0xff,0x20,0x20,0xe0,0xff,0x20,0x20,0xe0,0xff,0x20,0x20,0xe0,0xff,
    0x20,0x20,0xe0,0xff,0x20,0x20,0xe0,0xff,0x20,0x20,0xe0,0xff,0x20,0x20,0xe0,0xff,
    0x20,0x20,0xe0,0xff,0x20,0x20,0xe0,0xff,0x20,0x20,0xe0,0xff,0x20,0x20,0xe0,0xff,
    0x20,0x20,0xe0,0xff,0x20,0x20,0xe0,0xff,0x20,0x00,0xa0,0xff,0x20,0x00,0xa0,0xff,
    0x00,0x00,0x00,0x00,0x00,0x00,0x00,0x00,0x00,0x00,0x00,0x00,0x00,0x00,0x00,0x00,
    0x00,0x00,0x00,0x00,0x00,0x00,0x00,0x00,0x00,0x00,0x00,0x00,0x00,0x00,0x00,0x00,
    0x00,0x00,0x00,0x00,0x00,0x00,0x00,0x00,0x00,0x00,0x00,0x00,0x00,0x00,0x00,0x00,
    0x00,0x00,0x00,0x00,0x00,0x00,0x00,0x00,0x00,0x00,0x00,0x00,0x00,0x00,0x00,0x00,
    0x00,0x00,0x00,0x00,0x00,0x00,0x00,0x00,0x00,0x00,0x00,0x00,0x00,0x00,0x00,0x00,
    0x00,0x00,0x00,0x00,0x00,0x00,0x00,0x00,0x20,0x00,0xa0,0xff,0x00,0x00,0x40,0xff,
    0x00,0x00,0x40,0xff,0x20,0x00,0xa0,0xff,0x20,0x20,0xe0,0xff,0x20,0x20,0xe0,0xff,
    0x20,0x20,0xe0,0xff,0x20,0x20,0xe0,0xff,0x20,0x20,0xe0,0xff,0x20,0x00,0xa0,0xff,
    0x20,0x00,0xa0,0xff,0x20,0x00,0xa0,0xff,0x20,0x00,0xa0,0xff,0x20,0x20,0xe0,0xff,
    0x20,0x00,0xa0,0xff,0x20,0x00,0xa0,0xff,0x20,0x00,0xa0,0xff,0x20,0x00,0xa0,0xff,
    0x20,0x20,0xe0,0xff,0x20,0x20,0xe0,0xff,0x20,0x20,0xe0,0xff,0x20,0x20,0xe0,0xff,
    0x60,0x60,0xa0,0xff,0x20,0x00,0xa0,0xff,0x00,0x00,0x40,0xff,0x20,0x00,0xa0,0xff,
    0x00,0x00,0x00,0x00,0x00,0x00,0x00,0x00,0x00,0x00,0x00,0x00,0x00,0x00,0x00,0x00,
    0x00,0x00,0x00,0x00,0x00,0x00,0x00,0x00,0x00,0x00,0x00,0x00,0x00,0x00,0x00,0x00,
    0x00,0x00,0x00,0x00,0x00,0x00,0x00,0x00,0x00,0x00,0x00,0x00,0x00,0x00,0x00,0x00,
    0x00,0x00,0x00,0x00,0x00,0x00,0x00,0x00,0x00,0x00,0x00,0x00,0x00,0x00,0x00,0x00,
    0x00,0x00,0x00,0x00,0x00,0x00,0x00,0x00,0x00,0x00,0x00,0x00,0x00,0x00,0x00,0x00,
    0x00,0x00,0x00,0x00,0x00,0x00,0x00,0x00,0x20,0x00,0xa0,0xff,0x00,0x00,0x40,0xff,
    0x00,0x00,0x40,0xff,0x20,0x00,0xa0,0xff,0x60,0x60,0xa0,0xff,0x20,0x20,0xe0,0xff,
    0x20,0x00,0xa0,0xff,0x20,0x00,0xa0,0xff,0x20,0x00,0xa0,0xff,0x20,0x00,0xa0,0xff,
    0x20,0x00,0xa0,0xff,0x20,0x00,0xa0,0xff,0x20,0x00,0xa0,0xff,0x60,0x60,0xa0,0xff,
    0x20,0x00,0xa0,0xff,0x20,0x00,0xa0,0xff,0x20,0x00,0xa0,0xff,0x20,0x00,0xa0,0xff,
    0x20,0x00,0xa0,0xff,0x20,0x00,0xa0,0xff,0x20,0x00,0xa0,0xff,0x20,0x20,0xe0,0xff,
    0x20,0x20,0xe0,0xff,0x20,0x00,0xa0,0xff,0x00,0x00,0x40,0xff,0x20,0x00,0xa0,0xff,
    0x00,0x00,0x00,0x00,0x00,0x00,0x00,0x00,0x00,0x00,0x00,0x00,0x00,0x00,0x00,0x00,
    0x00,0x00,0x00,0x00,0x00,0x00,0x00,0x00,0x00,0x00,0x00,0x00,0x00,0x00,0x00,0x00,
    0x00,0x00,0x00,0x00,0x00,0x00,0x00,0x00,0x00,0x00,0x00,0x00,0x00,0x00,0x00,0x00,
    0x00,0x00,0x00,0x00,0x00,0x00,0x00,0x00,0x00,0x00,0x00,0x00,0x00,0x00,0x00,0x00,
    0x00,0x00,0x00,0x00,0x00,0x00,0x00,0x00,0x00,0x00,0x00,0x00,0x00,0x00,0x00,0x00,
    0x00,0x00,0x00,0x00,0x00,0x00,0x00,0x00,0x00,0x00,0x40,0xff,0x00,0x00,0x40,0xff,
    0x00,0x00,0x40,0xff,0x20,0x20,0xe0,0xff,0x20,0x00,0xa0,0xff,0x00,0x00,0x40,0xff,
    0x20,0x20,0xe0,0xff,0x20,0x20,0xe0,0xff,0x20,0x00,0xa0,0xff,0x20,0x00,0xa0,0xff,
    0x20,0x20,0xe0,0xff,0x20,0x20,0xe0,0xff,0x40,0x40,0xe0,0xff,0x40,0x40,0xe0,0xff,
    0x40,0x40,0xe0,0xff,0x20,0x20,0xe0,0xff,0x20,0x20,0xe0,0xff,0x20,0x00,0xa0,0xff,
    0x20,0x00,0xa0,0xff,0x20,0x20,0xe0,0xff,0x20,0x20,0xe0,0xff,0x00,0x00,0x40,0xff,
    0x20,0x00,0xa0,0xff,0x20,0x20,0xe0,0xff,0x00,0x00,0x40,0xff,0x00,0x00,0x40,0xff,
    0x00,0x00,0x40,0xff,0x00,0x00,0x00,0x00,0x00,0x00,0x00,0x00,0x00,0x00,0x00,0x00,
    0x00,0x00,0x00,0x00,0x00,0x00,0x00,0x00,0x00,0x00,0x00,0x00,0x00,0x00,0x00,0x00,
    0x00,0x00,0x00,0x00,0x00,0x00,0x00,0x00,0x00,0x00,0x00,0x00,0x00,0x00,0x00,0x00,
    0x00,0x00,0x00,0x00,0x00,0x00,0x00,0x00,0x00,0x00,0x00,0x00,0x00,0x00,0x00,0x00,
    0x00,0x00,0x00,0x00,0x00,0x00,0x00,0x00,0x00,0x00,0x00,0x00,0x00,0x00,0x00,0x00,
    0x00,0x00,0x00,0x00,0x00,0x00,0x00,0x00,0x00,0x00,0x00,0x00,0x00,0x00,0x00,0x00,
    0x00,0x00,0x00,0x00,0x00,0x00,0x00,0x00,0x00,0x00,0x00,0x00,0x00,0x00,0x00,0x00,
    0x00,0x00,0x00,0x00,0x00,0x00,0x40,0xff,0x20,0x20,0xe0,0xff,0x20,0x20,0xe0,0xff,
    0x20,0x20,0xe0,0xff,0x20,0x20,0xe0,0xff,0x20,0x20,0xe0,0xff,0x00,0x00,0x40,0xff,
    0x20,0x20,0xe0,0xff,0x20,0x20,0xe0,0xff,0x20,0x20,0xe0,0xff,0x20,0x20,0xe0,0xff,
    0x20,0x20,0xe0,0xff,0x00,0x00,0x40,0xff,0x00,0x00,0x00,0x00,0x00,0x00,0x00,0x00,
    0x00,0x00,0x00,0x00,0x00,0x00,0x00,0x00,0x00,0x00,0x00,0x00,0x00,0x00,0x00,0x00,
    0x00,0x00,0x00,0x00,0x00,0x00,0x00,0x00,0x00,0x00,0x00,0x00,0x00,0x00,0x00,0x00,
    0x00,0x00,0x00,0x00,0x00,0x00,0x00,0x00,0x00,0x00,0x00,0x00,0x00,0x00,0x00,0x00,
    0x00,0x00,0x00,0x00,0x00,0x00,0x00,0x00,0x00,0x00,0x00,0x00,0x00,0x00,0x00,0x00,
    0x00,0x00,0x00,0x00,0x00,0x00,0x00,0x00,0x00,0x00,0x00,0x00,0x00,0x00,0x00,0x00,
    0x00,0x00,0x00,0x00,0x00,0x00,0x00,0x00,0x00,0x00,0x00,0x00,0x00,0x00,0x00,0x00,
    0x00,0x00,0x00,0x00,0x00,0x00,0x00,0x00,0x00,0x00,0x00,0x00,0x00,0x00,0x00,0x00,
    0x00,0x00,0x00,0x00,0x00,0x00,0x00,0x00,0x00,0x00,0x00,0x00,0x00,0x00,0x00,0x00,
    0x00,0x00,0x00,0x00,0x00,0x00,0x40,0xff,0x20,0x20,0xe0,0xff,0x20,0x20,0xe0,0xff,
    0x20,0x20,0xe0,0xff,0x20,0x20,0xe0,0xff,0x20,0x20,0xe0,0xff,0x00,0x00,0x40,0xff,
    0x20,0x20,0xe0,0xff,0x20,0x20,0xe0,0xff,0x20,0x20,0xe0,0xff,0x20,0x20,0xe0,0xff,
    0x20,0x20,0xe0,0xff,0x00,0x00,0x40,0xff,0x00,0x00,0x00,0x00,0x00,0x00,0x00,0x00,
    0x00,0x00,0x00,0x00,0x00,0x00,0x00,0x00,0x00,0x00,0x00,0x00,0x00,0x00,0x00,0x00,
    0x00,0x00,0x00,0x00,0x00,0x00,0x00,0x00,0x00,0x00,0x00,0x00,0x00,0x00,0x00,0x00,
    0x00,0x00,0x00,0x00,0x00,0x00,0x00,0x00,0x00,0x00,0x00,0x00,0x00,0x00,0x00,0x00,
    0x00,0x00,0x00,0x00,0x00,0x00,0x00,0x00,0x00,0x00,0x00,0x00,0x00,0x00,0x00,0x00,
    0x00,0x00,0x00,0x00,0x00,0x00,0x00,0x00,0x00,0x00,0x00,0x00,0x00,0x00,0x00,0x00,
    0x00,0x00,0x00,0x00,0x00,0x00,0x00,0x00,0x00,0x00,0x00,0x00,0x00,0x00,0x00,0x00,
    0x00,0x00,0x00,0x00,0x00,0x00,0x00,0x00,0x00,0x00,0x00,0x00,0x00,0x00,0x00,0x00,
    0x00,0x00,0x00,0x00,0x00,0x00,0x00,0x00,0x00,0x00,0x00,0x00,0x80,0x40,0x20,0xff,
    0x80,0x40,0x20,0xff,0x00,0x00,0x40,0xff,0x20,0x20,0xe0,0xff,0x20,0x20,0xe0,0xff,
    0x00,0x00,0x40,0xff,0x00,0x00,0x40,0xff,0x00,0x00,0x40,0xff,0x00,0x00,0x40,0xff,
    0x00,0x00,0x40,0xff,0x00,0x00,0x40,0xff,0x20,0x20,0xe0,0xff,0x00,0x00,0x00,0x00,
    0x00,0x00,0x00,0x00,0x00,0x00,0x00,0x00,0x20,0x20,0xe0,0xff,0x00,0x00,0x00,0x00,
    0x00,0x00,0x00,0x00,0x00,0x00,0x00,0x00,0x00,0x00,0x00,0x00,0x00,0x00,0x00,0x00,
    0x00,0x00,0x00,0x00,0x00,0x00,0x00,0x00,0x00,0x00,0x00,0x00,0x00,0x00,0x00,0x00,
    0x00,0x00,0x00,0x00,0x00,0x00,0x00,0x00,0x00,0x00,0x00,0x00,0x00,0x00,0x00,0x00,
    0x00,0x00,0x00,0x00,0x00,0x00,0x00,0x00,0x00,0x00,0x00,0x00,0x00,0x00,0x00,0x00,
    0x00,0x00,0x00,0x00,0x00,0x00,0x00,0x00,0x00,0x00,0x00,0x00,0x00,0x00,0x00,0x00,
    0x00,0x00,0x00,0x00,0x00,0x00,0x00,0x00,0x00,0x00,0x00,0x00,0x00,0x00,0x00,0x00,
    0x00,0x00,0x00,0x00,0x60,0x60,0xa0,0xff,0x60,0x60,0xa0,0xff,0x60,0x60,0xa0,0xff,
    0x60,0x60,0xa0,0xff,0x00,0x00,0x00,0x00,0x00,0x00,0x00,0x00,0x00,0x00,0x00,0x00,
    0x00,0x00,0x00,0x00,0x00,0x00,0x00,0x00,0x00,0x00,0x00,0x00,0x00,0x00,0x00,0x00,
    0x00,0x00,0x00,0x00,0x00,0x00,0x00,0x00,0x00,0x00,0x00,0x00,0xe0,0xe0,0xe0,0xff,
    0xe0,0xe0,0xe0,0xff,0xe0,0xe0,0xe0,0xff,0xe0,0xe0,0xe0,0xff,0xe0,0xe0,0xe0,0xff,
    0xe0,0xe0,0xe0,0xff,0x00,0x00,0x00,0x00,0x00,0x00,0x00,0x00,0x00,0x00,0x00,0x00,
    0x00,0x00,0x00,0x00,0x00,0x00,0x00,0x00,0x00,0x00,0x00,0x00,0x00,0x00,0x00,0x00,
    0x00,0x00,0x00,0x00,0x00,0x00,0x00,0x00,0x00,0x00,0x00,0x00,0x00,0x00,0x00,0x00,
    0x00,0x00,0x00,0x00,0x00,0x00,0x00,0x00,0x00,0x00,0x00,0x00,0x00,0x00,0x00,0x00,
    0x00,0x00,0x00,0x00,0x00,0x00,0x00,0x00,0x00,0x00,0x00,0x00,0x00,0x00,0x00,0x00,
    0x00,0x00,0x00,0x00,0x00,0x00,0x00,0x00,0x00,0x00,0x00,0x00,0x00,0x00,0x00,0x00,
    0x00,0x00,0x00,0x00,0x00,0x00,0x00,0x00,0x00,0x00,0x00,0x00,0x00,0x00,0x00,0x00,
    0x00,0x00,0x00,0x00,0x00,0x00,0x00,0x00,0x00,0x00,0x00,0x00,0x00,0x00,0x00,0x00,
    0x00,0x00,0x00,0x00,0x00,0x00,0x00,0x00,0x00,0x00,0x00,0x00,0x80,0x40,0x20,0xff,
    0x80,0x40,0x20,0xff,0x00,0x00,0x40,0xff,0x20,0x20,0xe0,0xff,0x20,0x20,0xe0,0xff,
    0x00,0x00,0x40,0xff,0x00,0x00,0x40,0xff,0x00,0x00,0x40,0xff,0x00,0x00,0x40,0xff,
    0x00,0x00,0x40,0xff,0x00,0x00,0x40,0xff,0x20,0x20,0xe0,0xff,0x00,0x00,0x00,0x00,
    0x00,0x00,0x00,0x00,0x00,0x00,0x00,0x00,0x20,0x20,0xe0,0xff,0x00,0x00,0x00,0x00,
    0x00,0x00,0x00,0x00,0x00,0x00,0x00,0x00,0x00,0x00,0x00,0x00,0x00,0x00,0x00,0x00,
    0x00,0x00,0x00,0x00,0x00,0x00,0x00,0x00,0x00,0x00,0x00,0x00,0x00,0x00,0x00,0x00,
    0x00,0x00,0x00,0x00,0x00,0x00,0x00,0x00,0x00,0x00,0x00,0x00,0x00,0x00,0x00,0x00,
    0x00,0x00,0x00,0x00,0x00,0x00,0x00,0x00,0x00,0x00,0x00,0x00,0x00,0x00,0x00,0x00,
    0x00,0x00,0x00,0x00,0x00,0x00,0x00,0x00,0x00,0x00,0x00,0x00,0x00,0x00,0x00,0x00,
    0x00,0x00,0x00,0x00,0x00,0x00,0x00,0x00,0x00,0x00,0x00,0x00,0x00,0x00,0x00,0x00,
    0x00,0x00,0x00,0x00,0x00,0x00,0x00,0x00,0x00,0x00,0x00,0x00,0x00,0x00,0x00,0x00,
    0x00,0x00,0x00,0x00,0x00,0x00,0x00,0x00,0x80,0x40,0x20,0xff,0xe0,0x00,0x00,0xff,
    0x80,0x40,0x20,0xff,0x80,0x40,0x20,0xff,0x00,0x00,0x40,0xff,0x20,0x20,0xe0,0xff,
    0x20,0x20,0xe0,0xff,0x00,0x00,0x40,0xff,0x00,0x00,0x40,0xff,0x00,0x00,0x40,0xff,
    0x00,0x00,0x40,0xff,0x00,0x00,0x40,0xff,0x00,0x00,0x40,0xff,0x00,0x00,0x40,0xff,
    0x00,0x00,0x00,0x00,0x00,0x00,0x40,0xff,0x20,0x20,0xe0,0xff,0x00,0x00,0x40,0xff,
    0x00,0x00,0x00,0x00,0x00,0x00,0x00,0x00,0x00,0x00,0x00,0x00,0x00,0x00,0x00,0x00,
    0x00,0x00,0x00,0x00,0x00,0x00,0x00,0x00,0x00,0x00,0x00,0x00,0x00,0x00,0x00,0x00,
    0x00,0x00,0x00,0x00,0x00,0x00,0x00,0x00,0x00,0x00,0x00,0x00,0x00,0x00,0x00,0x00,
    0x00,0x00,0x00,0x00,0x00,0x00,0x00,0x00,0x00,0x00,0x00,0x00,0x00,0x00,0x00,0x00,
    0x00,0x00,0x00,0x00,0x00,0x00,0x00,0x00,0x00,0x00,0x00,0x00,0x00,0x00,0x00,0x00,
    0x00,0x00,0x00,0x00,0x00,0x00,0x00,0x00,0x00,0x00,0x00,0x00,0x00,0x00,0x00,0x00,
    0x00,0x00,0x00,0x00,0x00,0x00,0x00,0x00,0x00,0x00,0x00,0x00,0x00,0x00,0x00,0x00,
    0x00,0x00,0x00,0x00,0x00,0x00,0x00,0x00,0x00,0x00,0x00,0x00,0x00,0x00,0x00,0x00,
    0x00,0x00,0x00,0x00,0x00,0x00,0x40,0xff,0x20,0x20,0xe0,0xff,0x20,0x20,0xe0,0xff,
    0x20,0x20,0xe0,0xff,0x20,0x20,0xe0,0xff,0x20,0x20,0xe0,0xff,0x00,0x00,0x40,0xff,
    0x20,0x20,0xe0,0xff,0x20,0x20,0xe0,0xff,0x20,0x20,0xe0,0xff,0x20,0x20,0xe0,0xff,
    0x20,0x20,0xe0,0xff,0x00,0x00,0x40,0xff,0x00,0x00,0x00,0x00,0x00,0x00,0x00,0x00,
    0x00,0x00,0x00,0x00,0x00,0x00,0x00,0x00,0x00,0x00,0x00,0x00,0x00,0x00,0x00,0x00,
    0x00,0x00,0x00,0x00,0x00,0x00,0x00,0x00,0x00,0x00,0x00,0x00,0x00,0x00,0x00,0x00,
    0x00,0x00,0x00,0x00,0x00,0x00,0x00,0x00,0x00,0x00,0x00,0x00,0x00,0x00,0x00,0x00,
    0x00,0x00,0x00,0x00,0x00,0x00,0x00,0x00,0x00,0x00,0x00,0x00,0x00,0x00,0x00,0x00,
    0x00,0x00,0x00,0x00,0x00,0x00,0x00,0x00,0x00,0x00,0x00,0x00,0x00,0x00,0x00,0x00,
    0x00,0x00,0x00,0x00,0x00,0x00,0x00,0x00,0x00,0x00,0x00,0x00,0x00,0x00,0x00,0x00,
    0x00,0x00,0x00,0x00,0x00,0x00,0x00,0x00,0x00,0x00,0x00,0x00,0x00,0x00,0x00,0x00,
    0x00,0x00,0x00,0x00,0x00,0x00,0x00,0x00,0x00,0x00,0x00,0x00,0x00,0x00,0x00,0x00,
    0x00,0x00,0x40,0xff,0x20,0x20,0xe0,0xff,0x00,0x00,0x40,0xff,0x00,0x00,0x00,0x00,
    0x00,0x00,0x40,0xff,0x00,0x00,0x40,0xff,0x00,0x00,0x40,0xff,0x00,0x00,0x40,0xff,
    0x00,0x00,0x40,0xff,0x00,0x00,0x40,0xff,0x00,0x00,0x40,0xff,0x20,0x20,0xe0,0xff,
    0x20,0x20,0xe0,0xff,0x00,0x00,0x40,0xff,0x80,0x40,0x20,0xff,0x80,0x40,0x20,0xff,
    0xe0,0x00,0x00,0xff,0x80,0x40,0x20,0xff,0x00,0x00,0x00,0x00,0x00,0x00,0x00,0x00,
    0x00,0x00,0x00,0x00,0x00,0x00,0x00,0x00,0x00,0x00,0x00,0x00,0x00,0x00,0x00,0x00,
    0x00,0x00,0x00,0x00,0x00,0x00,0x00,0x00,0x00,0x00,0x00,0x00,0x00,0x00,0x00,0x00,
    0x00,0x00,0x00,0x00,0x00,0x00,0x00,0x00,0x00,0x00,0x00,0x00,0x00,0x00,0x00,0x00,
    0x00,0x00,0x00,0x00,0x00,0x00,0x00,0x00,0x00,0x00,0x00,0x00,0x00,0x00,0x00,0x00,
    0x00,0x00,0x00,0x00,0x00,0x00,0x00,0x00,0x00,0x00,0x00,0x00,0x00,0x00,0x00,0x00,
    0x00,0x00,0x00,0x00,0x00,0x00,0x00,0x00,0x00,0x00,0x00,0x00,0x00,0x00,0x00,0x00,
    0x00,0x00,0x00,0x00,0x00,0x00,0x00,0x00,0x00,0x00,0x00,0x00,0x00,0x00,0x00,0x00,
    0x00,0x00,0x00,0x00,0x20,0x20,0xe0,0xff,0x00,0x00,0x00,0x00,0x00,0x00,0x00,0x00,
    0x00,0x00,0x00,0x00,0x20,0x20,0xe0,0xff,0x00,0x00,0x40,0xff,0x00,0x00,0x40,0xff,
    0x00,0x00,0x40,0xff,0x00,0x00,0x40,0xff,0x00,0x00,0x40,0xff,0x00,0x00,0x40,0xff,
    0x20,0x20,0xe0,0xff,0x20,0x20,0xe0,0xff,0x00,0x00,0x40,0xff,0x80,0x40,0x20,0xff,
    0x80,0x40,0x20,0xff,0x00,0x00,0x00,0x00,0x00,0x00,0x00,0x00,0x00,0x00,0x00,0x00,
    0x00,0x00,0x00,0x00,0x00,0x00,0x00,0x00,0x00,0x00,0x00,0x00,0x00,0x00,0x00,0x00,
    0x00,0x00,0x00,0x00,0x00,0x00,0x00,0x00,0x00,0x00,0x00,0x00,0x00,0x00,0x00,0x00,
    0x00,0x00,0x00,0x00,0x00,0x00,0x00,0x00,0x00,0x00,0x00,0x00,0x00,0x00,0x00,0x00,
    0x00,0x00,0x00,0x00,0x00,0x00,0x00,0x00,0x00,0x00,0x00,0x00,0x00,0x00,0x00,0x00,
    0x00,0x00,0x00,0x00,0x00,0x00,0x00,0x00,0x00,0x00,0x00,0x00,0x00,0x00,0x00,0x00,
    0x00,0x00,0x00,0x00,0x00,0x00,0x00,0x00,0x00,0x00,0x00,0x00,0x00,0x00,0x00,0x00,
    0x00,0x00,0x00,0x00,0x00,0x00,0x00,0x00,0x00,0x00,0x00,0x00,0x00,0x00,0x00,0x00,
    0x00,0x00,0x00,0x00,0xe0,0xe0,0xe0,0xff,0xe0,0xe0,0xe0,0xff,0xe0,0xe0,0xe0,0xff,
    0xe0,0xe0,0xe0,0xff,0xe0,0xe0,0xe0,0xff,0xe0,0xe0,0xe0,0xff,0x00,0x00,0x00,0x00,
    0x00,0x00,0x00,0x00,0x00,0x00,0x00,0x00,0x00,0x00,0x00,0x00,0x00,0x00,0x00,0x00,
    0x00,0x00,0x00,0x00,0x00,0x00,0x00,0x00,0x00,0x00,0x00,0x00,0x00,0x00,0x00,0x00,
    0x00,0x00,0x00,0x00,0x60,0x60,0xa0,0xff,0x60,0x60,0xa0,0xff,0x60,0x60,0xa0,0xff,
    0x60,0x60,0xa0,0xff,0x00,0x00,0x00,0x00,0x00,0x00,0x00,0x00,0x00,0x00,0x00,0x00,
    0x00,0x00,0x00,0x00,0x00,0x00,0x00,0x00,0x00,0x00,0x00,0x00,0x00,0x00,0x00,0x00,
    0x00,0x00,0x00,0x00,0x00,0x00,0x00,0x00,0x00,0x00,0x00,0x00,0x00,0x00,0x00,0x00,
    0x00,0x00,0x00,0x00,0x00,0x00,0x00,0x00,0x00,0x00,0x00,0x00,0x00,0x00,0x00,0x00,
    0x00,0x00,0x00,0x00,0x00,0x00,0x00,0x00,0x00,0x00,0x00,0x00,0x00,0x00,0x00,0x00,
    0x00,0x00,0x00,0x00,0x00,0x00,0x00,0x00,0x00,0x00,0x00,0x00,0x00,0x00,0x00,0x00,
    0x00,0x00,0x00,0x00,0x00,0x00,0x00,0x00,0x00,0x00,0x00,0x00,0x00,0x00,0x00,0x00,
    0x00,0x00,0x00,0x00,0x20,0x20,0xe0,0xff,0x00,0x00,0x00,0x00,0x00,0x00,0x00,0x00,
    0x00,0x00,0x00,0x00,0x20,0x20,0xe0,0xff,0x00,0x00,0x40,0xff,0x00,0x00,0x40,0xff,
    0x00,0x00,0x40,0xff,0x00,0x00,0x40,0xff,0x00,0x00,0x40,0xff,0x00,0x00,0x40,0xff,
    0x20,0x20,0xe0,0xff,0x20,0x20,0xe0,0xff,0x00,0x00,0x40,0xff,0x80,0x40,0x20,0xff,
    0x80,0x40,0x20,0xff,0x00,0x00,0x00,0x00,0x00,0x00,0x00,0x00,0x00,0x00,0x00,0x00,
    0x00,0x00,0x00,0x00,0x00,0x00,0x00,0x00,0x00,0x00,0x00,0x00,0x00,0x00,0x00,0x00,
    0x00,0x00,0x00,0x00,0x00,0x00,0x00,0x00,0x00,0x00,0x00,0x00,0x00,0x00,0x00,0x00,
    0x00,0x00,0x00,0x00,0x00,0x00,0x00,0x00,0x00,0x00,0x00,0x00,0x00,0x00,0x00,0x00,
    0x00,0x00,0x00,0x00,0x00,0x00,0x00,0x00,0x00,0x00,0x00,0x00,0x00,0x00,0x00,0x00,
    0x00,0x00,0x00,0x00,0x00,0x00,0x00,0x00,0x00,0x00,0x00,0x00,0x00,0x00,0x00,0x00,
    0x00,0x00,0x00,0x00,0x00,0x00,0x00,0x00,0x00,0x00,0x00,0x00,0x00,0x00,0x00,0x00,
    0x00,0x00,0x00,0x00,0x00,0x00,0x00,0x00,0x00,0x00,0x00,0x00,0x00,0x00,0x00,0x00,
    0x00,0x00,0x40,0xff,0x20,0x20,0xe0,0xff,0x00,0x00,0x40,0xff,0x00,0x00,0x00,0x00,
    0x00,0x00,0x40,0xff,0x00,0x00,0x40,0xff,0x00,0x00,0x40,0xff,0x00,0x00,0x40,0xff,
    0x00,0x00,0x40,0xff,0x00,0x00,0x40,0xff,0x00,0x00,0x40,0xff,0x20,0x20,0xe0,0xff,
    0x20,0x20,0xe0,0xff,0x00,0x00,0x40,0xff,0x80,0x40,0x20,0xff,0x80,0x40,0x20,0xff,
    0xe0,0x00,0x00,0xff,0x80,0x40,0x20,0xff,0x00,0x00,0x00,0x00,0x00,0x00,0x00,0x00,
    0x00,0x00,0x00,0x00,0x00,0x00,0x00,0x00,0x00,0x00,0x00,0x00,0x00,0x00,0x00,0x00,
    0x00,0x00,0x00,0x00,0x00,0x00,0x00,0x00,0x00,0x00,0x00,0x00,0x00,0x00,0x00,0x00,
    0x00,0x00,0x00,0x00,0x00,0x00,0x00,0x00,0x00,0x00,0x00,0x00,0x00,0x00,0x00,0x00,
    0x00,0x00,0x00,0x00,0x00,0x00,0x00,0x00,0x00,0x00,0x00,0x00,0x00,0x00,0x00,0x00,
    0x00,0x00,0x00,0x00,0x00,0x00,0x00,0x00,0x00,0x00,0x00,0x00,0x00,0x00,0x00,0x00,
    0x00,0x00,0x00,0x00,0x00,0x00,0x00,0x00,0x20,0x00,0xa0,0xff,0x20,0x00,0xa0,0xff,
    0x20,0x20,0xe0,0xff,0x20,0x20,0xe0,0xff,0x20,0x20,0xe0,0xff,0x20,0x20,0xe0,0xff,
    0x20,0x20,0xe0,0xff,0x20,0x20,0xe0,0xff,0x20,0x20,0xe0,0xff,0x20,0x20,0xe0,0xff,
    0x20,0x20,0xe0,0xff,0x20,0x20,0xe0,0xff,0x20,0x20,0xe0,0xff,0x20,0x20,0xe0,0xff,
    0x20,0x20,0xe0,0xff,0x20,0x20,0xe0,0xff,0x20,0x20,0xe0,0xff,0x20,0x20,0xe0,0xff,
    0x20,0x20,0xe0,0xff,0x20,0x20,0xe0,0xff,0x20,0x20,0xe0,0xff,0x20,0x20,0xe0,0xff,
    0x20,0x20,0xe0,0xff,0x20,0x20,0xe0,0xff,0x20,0x00,0xa0,0xff,0x20,0x00,0xa0,0xff,
    0x00,0x00,0x00,0x00,0x00,0x00,0x00,0x00,0x00,0x00,0x00,0x00,0x00,0x00,0x00,0x00,
    0x00,0x00,0x00,0x00,0x00,0x00,0x00,0x00,0x00,0x00,0x00,0x00,0x00,0x00,0x00,0x00,
    0x00,0x00,0x00,0x00,0x00,0x00,0x00,0x00,0x00,0x00,0x00,0x00,0x00,0x00,0x00,0x00,
    0x00,0x00,0x00,0x00,0x00,0x00,0x00,0x00,0x00,0x00,0x00,0x00,0x00,0x00,0x00,0x00,
    0x00,0x00,0x00,0x00,0x00,0x00,0x00,0x00,0x00,0x00,0x00,0x00,0x00,0x00,0x00,0x00,
    0x00,0x00,0x00,0x00,0x00,0x00,0x00,0x00,0x20,0x00,0xa0,0xff,0x20,0x00,0xa0,0xff,
    0x00,0x00,0x40,0xff,0x20,0x00,0xa0,0xff,0x20,0x20,0xe0,0xff,0x20,0x20,0xe0,0xff,
    0x20,0x20,0xe0,0xff,0x20,0x00,0xa0,0xff,0x20,0x00,0xa0,0xff,0x20,0x00,0xa0,0xff,
    0x20,0x00,0xa0,0xff,0x20,0x00,0xa0,0xff,0x20,0x00,0xa0,0xff,0x20,0x00,0xa0,0xff,
    0x20,0x00,0xa0,0xff,0x20,0x00,0xa0,0xff,0x20,0x00,0xa0,0xff,0x20,0x00,0xa0,0xff,
    0x20,0x00,0xa0,0xff,0x20,0x00,0xa0,0xff,0x20,0x20,0xe0,0xff,0x20,0x20,0xe0,0xff,
    0x20,0x20,0xe0,0xff,0x20,0x00,0xa0,0xff,0x20,0x00,0xa0,0xff,0x20,0x00,0xa0,0xff,
    0x00,0x00,0x00,0x00,0x00,0x00,0x00,0x00,0x00,0x00,0x00,0x00,0x00,0x00,0x00,0x00,
    0x00,0x00,0x00,0x00,0x00,0x00,0x00,0x00,0x00,0x00,0x00,0x00,0x00,0x00,0x00,0x00,
    0x00,0x00,0x00,0x00,0x00,0x00,0x00,0x00,0x00,0x00,0x00,0x00,0x00,0x00,0x00,0x00,
    0x00,0x00,0x00,0x00,0x00,0x00,0x00,0x00,0x00,0x00,0x00,0x00,0x00,0x00,0x00,0x00,
    0x00,0x00,0x00,0x00,0x00,0x00,0x00,0x00,0x00,0x00,0x00,0x00,0x00,0x00,0x00,0x00,
    0x00,0x00,0x00,0x00,0x00,0x00,0x00,0x00,0x20,0x00,0xa0,0xff,0x20,0x00,0xa0,0xff,
    0x00,0x00,0x40,0xff,0x20,0x00,0xa0,0xff,0x60,0x60,0xa0,0xff,0x20,0x20,0xe0,0xff,
    0x20,0x00,0xa0,0xff,0x20,0x00,0xa0,0xff,0x20,0x00,0xa0,0xff,0x20,0x00,0xa0,0xff,
    0x20,0x00,0xa0,0xff,0x20,0x00,0xa0,0xff,0x20,0x00,0xa0,0xff,0x20,0x20,0xe0,0xff,
    0x20,0x00,0xa0,0xff,0x20,0x00,0xa0,0xff,0x20,0x00,0xa0,0xff,0x20,0x00,0xa0,0xff,
    0x20,0x00,0xa0,0xff,0x20,0x00,0xa0,0xff,0x20,0x00,0xa0,0xff,0x20,0x20,0xe0,0xff,
    0x20,0x20,0xe0,0xff,0x20,0x00,0xa0,0xff,0x20,0x00,0xa0,0xff,0x20,0x00,0xa0,0xff,
    0x00,0x00,0x00,0x00,0x00,0x00,0x00,0x00,0x00,0x00,0x00,0x00,0x00,0x00,0x00,0x00,
    0x00,0x00,0x00,0x00,0x00,0x00,0x00,0x00,0x00,0x00,0x00,0x00,0x00,0x00,0x00,0x00,
    0x00,0x00,0x00,0x00,0x00,0x00,0x00,0x00,0x00,0x00,0x00,0x00,0x00,0x00,0x00,0x00,
    0x00,0x00,0x00,0x00,0x00,0x00,0x00,0x00,0x00,0x00,0x00,0x00,0x00,0x00,0x00,0x00,
    0x00,0x00,0x00,0x00,0x00,0x00,0x00,0x00,0x00,0x00,0x00,0x00,0x00,0x00,0x00,0x00,
    0x00,0x00,0x00,0x00,0x00,0x00,0x00,0x00,0x00,0x00,0x40,0xff,0x00,0x00,0x40,0xff,
    0x00,0x00,0x40,0xff,0x20,0x20,0xe0,0xff,0x00,0x00,0x40,0xff,0x40,0x40,0xe0,0xff,
    0x20,0x20,0xe0,0xff,0x20,0x20,0xe0,0xff,0x00,0x00,0x40,0xff,0x20,0x00,0xa0,0xff,
    0x20,0x20,0xe0,0xff,0x20,0x20,0xe0,0xff,0x40,0x40,0xe0,0xff,0x40,0x40,0xe0,0xff,
    0x40,0x40,0xe0,0xff,0x20,0x20,0xe0,0xff,0x20,0x20,0xe0,0xff,0x20,0x00,0xa0,0xff,
    0x00,0x00,0x40,0xff,0x20,0x20,0xe0,0xff,0x20,0x20,0xe0,0xff,0x40,0x40,0xe0,0xff,
    0x00,0x00,0x40,0xff,0x20,0x20,0xe0,0xff,0x00,0x00,0x40,0xff,0x00,0x00,0x40,0xff,
    0x00,0x00,0x40,0xff,0x00,0x00,0x00,0x00,0x00,0x00,0x00,0x00,0x00,0x00,0x00,0x00,
    0x00,0x00,0x00,0x00,0x00,0x00,0x00,0x00,0x00,0x00,0x00,0x00,0x00,0x00,0x00,0x00,
    0x00,0x00,0x00,0x00,0x00,0x00,0x00,0x00,0x00,0x00,0x00,0x00,0x00,0x00,0x00,0x00,
    0x00,0x00,0x00,0x00,0x00,0x00,0x00,0x00,0x00,0x00,0x00,0x00,0x00,0x00,0x00,0x00,
    0x00,0x00,0x00,0x00,0x00,0x00,0x00,0x00,0x00,0x00,0x00,0x00,0x00,0x00,0x00,0x00,
    0x00,0x00,0x00,0x00,0x00,0x00,0x00,0x00,0x00,0x00,0x00,0x00,0x00,0x00,0x00,0x00,
    0x00,0x00,0x00,0x00,0x00,0x00,0x00,0x00,0x00,0x00,0x00,0x00,0x00,0x00,0x00,0x00,
    0x00,0x00,0x00,0x00,0x00,0x00,0x40,0xff,0x20,0x20,0xe0,0xff,0x20,0x20,0xe0,0xff,
    0x00,0x00,0x40,0xff,0x00,0x00,0x40,0xff,0x20,0x20,0xe0,0xff,0x20,0x20,0xe0,0xff,
    0x20,0x20,0xe0,0xff,0x00,0x00,0x40,0xff,0x00,0x00,0x40,0xff,0x20,0x20,0xe0,0xff,
    0x20,0x20,0xe0,0xff,0x00,0x00,0x40,0xff,0x00,0x00,0x00,0x00,0x00,0x00,0x00,0x00,
    0x00,0x00,0x00,0x00,0x00,0x00,0x00,0x00,0x00,0x00,0x00,0x00,0x00,0x00,0x00,0x00,
    0x00,0x00,0x00,0x00,0x00,0x00,0x00,0x00,0x00,0x00,0x00,0x00,0x00,0x00,0x00,0x00,
    0x00,0x00,0x00,0x00,0x00,0x00,0x00,0x00,0x00,0x00,0x00,0x00,0x00,0x00,0x00,0x00,
    0x00,0x00,0x00,0x00,0x00,0x00,0x00,0x00,0x00,0x00,0x00,0x00,0x00,0x00,0x00,0x00,
    0x00,0x00,0x00,0x00,0x00,0x00,0x00,0x00,0x00,0x00,0x00,0x00,0x00,0x00,0x00,0x00,
    0x00,0x00,0x00,0x00,0x00,0x00,0x00,0x00,0x00,0x00,0x00,0x00,0x00,0x00,0x00,0x00,
    0x00,0x00,0x00,0x00,0x00,0x00,0x00,0x00,0x00,0x00,0x00,0x00,0x00,0x00,0x00,0x00,
    0x00,0x00,0x00,0x00,0x00,0x00,0x00,0x00,0x00,0x00,0x00,0x00,0x00,0x00,0x00,0x00,
    0x00,0x00,0x00,0x00,0x00,0x00,0x40,0xff,0x20,0x20,0xe0,0xff,0x20,0x20,0xe0,0xff,
    0x00,0x00,0x40,0xff,0x00,0x00,0x40,0xff,0x20,0x20,0xe0,0xff,0x20,0x20,0xe0,0xff,
    0x20,0x20,0xe0,0xff,0x00,0x00,0x40,0xff,0x00,0x00,0x40,0xff,0x20,0x20,0xe0,0xff,
    0x20,0x20,0xe0,0xff,0x00,0x00,0x40,0xff,0x00,0x00,0x00,0x00,0x00,0x00,0x00,0x00,
    0x00,0x00,0x00,0x00,0x00,0x00,0x00,0x00,0x00,0x00,0x00,0x00,0x00,0x00,0x00,0x00,
    0x00,0x00,0x00,0x00,0x00,0x00,0x00,0x00,0x00,0x00,0x00,0x00,0x00,0x00,0x00,0x00,
    0x00,0x00,0x00,0x00,0x00,0x00,0x00,0x00,0x00,0x00,0x00,0x00,0x00,0x00,0x00,0x00,
    0x00,0x00,0x00,0x00,0x00,0x00,0x00,0x00,0x00,0x00,0x00,0x00,0x00,0x00,0x00,0x00,
    0x00,0x00,0x00,0x00,0x00,0x00,0x00,0x00,0x00,0x00,0x00,0x00,0x00,0x00,0x00,0x00,
    0x00,0x00,0x00,0x00,0x00,0x00,0x00,0x00,0x00,0x00,0x00,0x00,0x00,0x00,0x00,0x00,
    0x00,0x00,0x00,0x00,0x00,0x00,0x00,0x00,0x00,0x00,0x00,0x00,0x00,0x00,0x00,0x00,
    0x00,0x00,0x00,0x00,0x00,0x00,0x00,0x00,0x00,0x00,0x00,0x00,0x00,0x00,0x00,0x00,
    0x00,0x00,0x00,0x00,0x00,0x00,0x00,0x00,0x20,0x20,0xe0,0xff,0x00,0x00,0x00,0x00,
    0x00,0x00,0x00,0x00,0x00,0x00,0x00,0x00,0x00,0x00,0x40,0xff,0x00,0x00,0x40,0xff,
    0x00,0x00,0x40,0xff,0x20,0x20,0xe0,0xff,0x20,0x20,0xe0,0xff,0x00,0x00,0x00,0x00,
    0x00,0x00,0x00,0x00,0x00,0x00,0x00,0x00,0x00,0x00,0x00,0x00,0x00,0x00,0x00,0x00,
    0x00,0x00,0x00,0x00,0x00,0x00,0x00,0x00,0x00,0x00,0x00,0x00,0x00,0x00,0x00,0x00,
    0x00,0x00,0x00,0x00,0x00,0x00,0x00,0x00,0x00,0x00,0x00,0x00,0x00,0x00,0x00,0x00,
    0x00,0x00,0x00,0x00,0x00,0x00,0x00,0x00,0x00,0x00,0x00,0x00,0x00,0x00,0x00,0x00,
    0x00,0x00,0x00,0x00,0x00,0x00,0x00,0x00,0x00,0x00,0x00,0x00,0x00,0x00,0x00,0x00,
    0x00,0x00,0x00,0x00,0x00,0x00,0x00,0x00,0x00,0x00,0x00,0x00,0x00,0x00,0x00,0x00,
    0x00,0x00,0x00,0x00,0x00,0x00,0x00,0x00,0x00,0x00,0x00,0x00,0x00,0x00,0x00,0x00,
    0x00,0x00,0x00,0x00,0x00,0x00,0x00,0x00,0x00,0x00,0x00,0x00,0x00,0x00,0x00,0x00,
    0x00,0x00,0x00,0x00,0x00,0x00,0x00,0x00,0x00,0x00,0x00,0x00,0x00,0x00,0x00,0x00,
    0x00,0x00,0x00,0x00,0x00,0x00,0x00,0x00,0x00,0x00,0x00,0x00,0x00,0x00,0x00,0x00,
    0x00,0x00,0x00,0x00,0x00,0x00,0x00,0x00,0x00,0x00,0x00,0x00,0xe0,0xe0,0xe0,0xff,
    0xe0,0x00,0x00,0xff,0xe0,0x00,0x00,0xff,0xe0,0x00,0x00,0xff,0xe0,0x00,0x00,0xff,
    0xe0,0xe0,0xe0,0xff,0x00,0x00,0x00,0x00,0x00,0x00,0x00,0x00,0x00,0x00,0x00,0x00,
    0x00,0x00,0x00,0x00,0x00,0x00,0x00,0x00,0x00,0x00,0x00,0x00,0x00,0x00,0x00,0x00,
    0x00,0x00,0x00,0x00,0x00,0x00,0x00,0x00,0x00,0x00,0x00,0x00,0x00,0x00,0x00,0x00,
    0x00,0x00,0x00,0x00,0x00,0x00,0x00,0x00,0x00,0x00,0x00,0x00,0x00,0x00,0x00,0x00,
    0x00,0x00,0x00,0x00,0x00,0x00,0x00,0x00,0x00,0x00,0x00,0x00,0x00,0x00,0x00,0x00,
    0x00,0x00,0x00,0x00,0x00,0x00,0x00,0x00,0x00,0x00,0x00,0x00,0x00,0x00,0x00,0x00,
    0x00,0x00,0x00,0x00,0x00,0x00,0x00,0x00,0x00,0x00,0x00,0x00,0x00,0x00,0x00,0x00,
    0x00,0x00,0x00,0x00,0x00,0x00,0x00,0x00,0x00,0x00,0x00,0x00,0x00,0x00,0x00,0x00,
    0x00,0x00,0x00,0x00,0x00,0x00,0x00,0x00,0x00,0x00,0x00,0x00,0x00,0x00,0x00,0x00,
    0x00,0x00,0x00,0x00,0x00,0x00,0x00,0x00,0x20,0x20,0xe0,0xff,0x00,0x00,0x00,0x00,
    0x00,0x00,0x00,0x00,0x00,0x00,0x00,0x00,0x00,0x00,0x40,0xff,0x00,0x00,0x40,0xff,
    0x00,0x00,0x40,0xff,0x20,0x20,0xe0,0xff,0x20,0x20,0xe0,0xff,0x00,0x00,0x00,0x00,
    0x00,0x00,0x00,0x00,0x00,0x00,0x00,0x00,0x00,0x00,0x00,0x00,0x00,0x00,0x00,0x00,
    0x00,0x00,0x00,0x00,0x00,0x00,0x00,0x00,0x00,0x00,0x00,0x00,0x00,0x00,0x00,0x00,
    0x00,0x00,0x00,0x00,0x00,0x00,0x00,0x00,0x00,0x00,0x00,0x00,0x00,0x00,0x00,0x00,
    0x00,0x00,0x00,0x00,0x00,0x00,0x00,0x00,0x00,0x00,0x00,0x00,0x00,0x00,0x00,0x00,
    0x00,0x00,0x00,0x00,0x00,0x00,0x00,0x00,0x00,0x00,0x00,0x00,0x00,0x00,0x00,0x00,
    0x00,0x00,0x00,0x00,0x00,0x00,0x00,0x00,0x00,0x00,0x00,0x00,0x00,0x00,0x00,0x00,
    0x00,0x00,0x00,0x00,0x00,0x00,0x00,0x00,0x00,0x00,0x00,0x00,0x00,0x00,0x00,0x00,
    0x00,0x00,0x00,0x00,0x00,0x00,0x00,0x00,0x00,0x00,0x00,0x00,0x00,0x00,0x00,0x00,
    0x00,0x00,0x00,0x00,0x00,0x00,0x00,0x00,0x80,0x40,0x20,0xff,0xe0,0x00,0x00,0xff,
    0xe0,0x00,0x00,0xff,0xe0,0x00,0x00,0xff,0x00,0x00,0x40,0xff,0x00,0x00,0x40,0xff,
    0x00,0x00,0x40,0xff,0x20,0x20,0xe0,0xff,0x80,0x40,0x20,0xff,0x00,0x00,0x00,0x00,
    0x00,0x00,0x40,0xff,0x00,0x00,0x40,0xff,0x00,0x00,0x40,0xff,0x20,0x20,0xe0,0xff,
    0x00,0x00,0x00,0x00,0x00,0x00,0x00,0x00,0x00,0x00,0x00,0x00,0x00,0x00,0x00,0x00,
    0x00,0x00,0x00,0x00,0x00,0x00,0x00,0x00,0x00,0x00,0x00,0x00,0x00,0x00,0x00,0x00,
    0x00,0x00,0x00,0x00,0x00,0x00,0x00,0x00,0x00,0x00,0x00,0x00,0x00,0x00,0x00,0x00,
    0x00,0x00,0x00,0x00,0x00,0x00,0x00,0x00,0x00,0x00,0x00,0x00,0x00,0x00,0x00,0x00,
    0x00,0x00,0x00,0x00,0x00,0x00,0x00,0x00,0x00,0x00,0x00,0x00,0x00,0x00,0x00,0x00,
    0x00,0x00,0x00,0x00,0x00,0x00,0x00,0x00,0x00,0x00,0x00,0x00,0x00,0x00,0x00,0x00,
    0x00,0x00,0x00,0x00,0x00,0x00,0x00,0x00,0x00,0x00,0x00,0x00,0x00,0x00,0x00,0x00,
    0x00,0x00,0x00,0x00,0x00,0x00,0x00,0x00,0x00,0x00,0x00,0x00,0x00,0x00,0x00,0x00,
    0x00,0x00,0x00,0x00,0x00,0x00,0x00,0x00,0x00,0x00,0x00,0x00,0x00,0x00,0x00,0x00,
    0x00,0x00,0x00,0x00,0x00,0x00,0x40,0xff,0x20,0x20,0xe0,0xff,0x20,0x20,0xe0,0xff,
    0x00,0x00,0x40,0xff,0x00,0x00,0x40,0xff,0x20,0x20,0xe0,0xff,0x20,0x20,0xe0,0xff,
    0x20,0x20,0xe0,0xff,0x00,0x00,0x40,0xff,0x00,0x00,0x40,0xff,0x20,0x20,0xe0,0xff,
    0x20,0x20,0xe0,0xff,0x00,0x00,0x40,0xff,0x00,0x00,0x00,0x00,0x00,0x00,0x00,0x00,
    0x00,0x00,0x00,0x00,0x00,0x00,0x00,0x00,0x00,0x00,0x00,0x00,0x00,0x00,0x00,0x00,
    0x00,0x00,0x00,0x00,0x00,0x00,0x00,0x00,0x00,0x00,0x00,0x00,0x00,0x00,0x00,0x00,
    0x00,0x00,0x00,0x00,0x00,0x00,0x00,0x00,0x00,0x00,0x00,0x00,0x00,0x00,0x00,0x00,
    0x00,0x00,0x00,0x00,0x00,0x00,0x00,0x00,0x00,0x00,0x00,0x00,0x00,0x00,0x00,0x00,
    0x00,0x00,0x00,0x00,0x00,0x00,0x00,0x00,0x00,0x00,0x00,0x00,0x00,0x00,0x00,0x00,
    0x00,0x00,0x00,0x00,0x00,0x00,0x00,0x00,0x00,0x00,0x00,0x00,0x00,0x00,0x00,0x00,
    0x00,0x00,0x00,0x00,0x00,0x00,0x00,0x00,0x00,0x00,0x00,0x00,0x00,0x00,0x00,0x00,
    0x00,0x00,0x00,0x00,0x00,0x00,0x00,0x00,0x00,0x00,0x00,0x00,0x00,0x00,0x00,0x00,
    0x00,0x00,0x40,0xff,0x00,0x00,0x40,0xff,0x00,0x00,0x00,0x00,0x00,0x00,0x00,0x00,
    0x20,0x20,0xe0,0xff,0x00,0x00,0x40,0xff,0x00,0x00,0x40,0xff,0x00,0x00,0x40,0xff,
    0x00,0x00,0x00,0x00,0x80,0x40,0x20,0xff,0x20,0x20,0xe0,0xff,0x00,0x00,0x40,0xff,
    0x00,0x00,0x40,0xff,0x00,0x00,0x40,0xff,0xe0,0x00,0x00,0xff,0xe0,0x00,0x00,0xff,
    0xe0,0x00,0x00,0xff,0x80,0x40,0x20,0xff,0x00,0x00,0x00,0x00,0x00,0x00,0x00,0x00,
    0x00,0x00,0x00,0x00,0x00,0x00,0x00,0x00,0x00,0x00,0x00,0x00,0x00,0x00,0x00,0x00,
    0x00,0x00,0x00,0x00,0x00,0x00,0x00,0x00,0x00,0x00,0x00,0x00,0x00,0x00,0x00,0x00,
    0x00,0x00,0x00,0x00,0x00,0x00,0x00,0x00,0x00,0x00,0x00,0x00,0x00,0x00,0x00,0x00,
    0x00,0x00,0x00,0x00,0x00,0x00,0x00,0x00,0x00,0x00,0x00,0x00,0x00,0x00,0x00,0x00,
    0x00,0x00,0x00,0x00,0x00,0x00,0x00,0x00,0x00,0x00,0x00,0x00,0x00,0x00,0x00,0x00,
    0x00,0x00,0x00,0x00,0x00,0x00,0x00,0x00,0x00,0x00,0x00,0x00,0x00,0x00,0x00,0x00,
    0x00,0x00,0x00,0x00,0x00,0x00,0x00,0x00,0x00,0x00,0x00,0x00,0x00,0x00,0x00,0x00,
    0x00,0x00,0x00,0x00,0x00,0x00,0x00,0x00,0x00,0x00,0x00,0x00,0x00,0x00,0x00,0x00,
    0x00,0x00,0x00,0x00,0x20,0x20,0xe0,0xff,0x20,0x20,0xe0,0xff,0x00,0x00,0x40,0xff,
    0x00,0x00,0x40,0xff,0x00,0x00,0x40,0xff,0x00,0x00,0x00,0x00,0x00,0x00,0x00,0x00,
    0x00,0x00,0x00,0x00,0x20,0x20,0xe0,0xff,0x00,0x00,0x00,0x00,0x00,0x00,0x00,0x00,
    0x00,0x00,0x00,0x00,0x00,0x00,0x00,0x00,0x00,0x00,0x00,0x00,0x00,0x00,0x00,0x00,
    0x00,0x00,0x00,0x00,0x00,0x00,0x00,0x00,0x00,0x00,0x00,0x00,0x00,0x00,0x00,0x00,
    0x00,0x00,0x00,0x00,0x00,0x00,0x00,0x00,0x00,0x00,0x00,0x00,0x00,0x00,0x00,0x00,
    0x00,0x00,0x00,0x00,0x00,0x00,0x00,0x00,0x00,0x00,0x00,0x00,0x00,0x00,0x00,0x00,
    0x00,0x00,0x00,0x00,0x00,0x00,0x00,0x00,0x00,0x00,0x00,0x00,0x00,0x00,0x00,0x00,
    0x00,0x00,0x00,0x00,0x00,0x00,0x00,0x00,0x00,0x00,0x00,0x00,0x00,0x00,0x00,0x00,
    0x00,0x00,0x00,0x00,0x00,0x00,0x00,0x00,0x00,0x00,0x00,0x00,0x00,0x00,0x00,0x00,
    0x00,0x00,0x00,0x00,0x00,0x00,0x00,0x00,0x00,0x00,0x00,0x00,0x00,0x00,0x00,0x00,
    0x00,0x00,0x00,0x00,0xe0,0xe0,0xe0,0xff,0xe0,0x00,0x00,0xff,0xe0,0x00,0x00,0xff,
    0xe0,0x00,0x00,0xff,0xe0,0x00,0x00,0xff,0xe0,0xe0,0xe0,0xff,0x00,0x00,0x00,0x00,
    0x00,0x00,0x00,0x00,0x00,0x00,0x00,0x00,0x00,0x00,0x00,0x00,0x00,0x00,0x00,0x00,
    0x00,0x00,0x00,0x00,0x00,0x00,0x00,0x00,0x00,0x00,0x00,0x00,0x00,0x00,0x00,0x00,
    0x00,0x00,0x00,0x00,0x00,0x00,0x00,0x00,0x00,0x00,0x00,0x00,0x00,0x00,0x00,0x00,
    0x00,0x00,0x00,0x00,0x00,0x00,0x00,0x00,0x00,0x00,0x00,0x00,0x00,0x00,0x00,0x00,
    0x00,0x00,0x00,0x00,0x00,0x00,0x00,0x00,0x00,0x00,0x00,0x00,0x00,0x00,0x00,0x00,
    0x00,0x00,0x00,0x00,0x00,0x00,0x00,0x00,0x00,0x00,0x00,0x00,0x00,0x00,0x00,0x00,
    0x00,0x00,0x00,0x00,0x00,0x00,0x00,0x00,0x00,0x00,0x00,0x00,0x00,0x00,0x00,0x00,
    0x00,0x00,0x00,0x00,0x00,0x00,0x00,0x00,0x00,0x00,0x00,0x00,0x00,0x00,0x00,0x00,
    0x00,0x00,0x00,0x00,0x00,0x00,0x00,0x00,0x00,0x00,0x00,0x00,0x00,0x00,0x00,0x00,
    0x00,0x00,0x00,0x00,0x00,0x00,0x00,0x00,0x00,0x00,0x00,0x00,0x00,0x00,0x00,0x00,
    0x00,0x00,0x00,0x00,0x00,0x00,0x00,0x00,0x00,0x00,0x00,0x00,0x00,0x00,0x00,0x00,
    0x00,0x00,0x00,0x00,0x20,0x20,0xe0,0xff,0x20,0x20,0xe0,0xff,0x00,0x00,0x40,0xff,
    0x00,0x00,0x40,0xff,0x00,0x00,0x40,0xff,0x00,0x00,0x00,0x00,0x00,0x00,0x00,0x00,
    0x00,0x00,0x00,0x00,0x20,0x20,0xe0,0xff,0x00,0x00,0x00,0x00,0x00,0x00,0x00,0x00,
    0x00,0x00,0x00,0x00,0x00,0x00,0x00,0x00,0x00,0x00,0x00,0x00,0x00,0x00,0x00,0x00,
    0x00,0x00,0x00,0x00,0x00,0x00,0x00,0x00,0x00,0x00,0x00,0x00,0x00,0x00,0x00,0x00,
    0x00,0x00,0x00,0x00,0x00,0x00,0x00,0x00,0x00,0x00,0x00,0x00,0x00,0x00,0x00,0x00,
    0x00,0x00,0x00,0x00,0x00,0x00,0x00,0x00,0x00,0x00,0x00,0x00,0x00,0x00,0x00,0x00,
    0x00,0x00,0x00,0x00,0x00,0x00,0x00,0x00,0x00,0x00,0x00,0x00,0x00,0x00,0x00,0x00,
    0x00,0x00,0x00,0x00,0x00,0x00,0x00,0x00,0x00,0x00,0x00,0x00,0x00,0x00,0x00,0x00,
    0x00,0x00,0x00,0x00,0x00,0x00,0x00,0x00,0x00,0x00,0x00,0x00,0x00,0x00,0x00,0x00,
    0x00,0x00,0x00,0x00,0x00,0x00,0x00,0x00,0x00,0x00,0x00,0x00,0x00,0x00,0x00,0x00,
    0x00,0x00,0x40,0xff,0x00,0x00,0x40,0xff,0x00,0x00,0x00,0x00,0x00,0x00,0x00,0x00,
    0x20,0x20,0xe0,0xff,0x00,0x00,0x40,0xff,0x00,0x00,0x40,0xff,0x00,0x00,0x40,0xff,
    0x00,0x00,0x00,0x00,0x80,0x40,0x20,0xff,0x20,0x20,0xe0,0xff,0x00,0x00,0x40,0xff,
    0x00,0x00,0x40,0xff,0x00,0x00,0x40,0xff,0xe0,0x00,0x00,0xff,0xe0,0x00,0x00,0xff,
    0xe0,0x00,0x00,0xff,0x80,0x40,0x20,0xff,0x00,0x00,0x00,0x00,0x00,0x00,0x00,0x00,
    0x00,0x00,0x00,0x00,0x00,0x00,0x00,0x00,0x00,0x00,0x00,0x00,0x00,0x00,0x00,0x00,
    0x00,0x00,0x00,0x00,0x00,0x00,0x00,0x00,0x00,0x00,0x00,0x00,0x00,0x00,0x00,0x00,
    0x00,0x00,0x00,0x00,0x00,0x00,0x00,0x00,0x00,0x00,0x00,0x00,0x00,0x00,0x00,0x00,
    0x00,0x00,0x00,0x00,0x00,0x00,0x00,0x00,0x00,0x00,0x00,0x00,0x00,0x00,0x00,0x00,
    0x00,0x00,0x00,0x00,0x00,0x00,0x00,0x00,0x00,0x00,0x00,0x00,0x00,0x00,0x00,0x00,
    0x00,0x00,0x00,0x00,0x00,0x00,0x00,0x00,0x00,0x00,0x40,0xff,0x20,0x00,0xa0,0xff,
    0x20,0x00,0xa0,0xff,0x20,0x20,0xe0,0xff,0x20,0x20,0xe0,0xff,0x20,0x20,0xe0,0xff,
    0x20,0x20,0xe0,0xff,0x20,0x20,0xe0,0xff,0x20,0x20,0xe0,0xff,0x20,0x20,0xe0,0xff,
    0x20,0x20,0xe0,0xff,0x20,0x20,0xe0,0xff,0x20,0x20,0xe0,0xff,0x20,0x20,0xe0,0xff,
    0x20,0x20,0xe0,0xff,0x20,0x20,0xe0,0xff,0x20,0x20,0xe0,0xff,0x20,0x20,0xe0,0xff,
    0x20,0x20,0xe0,0xff,0x20,0x20,0xe0,0xff,0x20,0x20,0xe0,0xff,0x20,0x20,0xe0,0xff,
    0x20,0x20,0xe0,0xff,0x20,0x00,0xa0,0xff,0x20,0x00,0xa0,0xff,0x00,0x00,0x40,0xff,
    0x00,0x00,0x00,0x00,0x00,0x00,0x00,0x00,0x00,0x00,0x00,0x00,0x00,0x00,0x00,0x00,
    0x00,0x00,0x00,0x00,0x00,0x00,0x00,0x00,0x00,0x00,0x00,0x00,0x00,0x00,0x00,0x00,
    0x00,0x00,0x00,0x00,0x00,0x00,0x00,0x00,0x00,0x00,0x00,0x00,0x00,0x00,0x00,0x00,
    0x00,0x00,0x00,0x00,0x00,0x00,0x00,0x00,0x00,0x00,0x00,0x00,0x00,0x00,0x00,0x00,
    0x00,0x00,0x00,0x00,0x00,0x00,0x00,0x00,0x00,0x00,0x00,0x00,0x00,0x00,0x00,0x00,
    0x00,0x00,0x00,0x00,0x00,0x00,0x00,0x00,0x20,0x00,0xa0,0xff,0x20,0x00,0xa0,0xff,
    0x00,0x00,0x40,0xff,0x20,0x00,0xa0,0xff,0x20,0x20,0xe0,0xff,0x20,0x20,0xe0,0xff,
    0x20,0x00,0xa0,0xff,0x20,0x00,0xa0,0xff,0x20,0x00,0xa0,0xff,0x20,0x00,0xa0,0xff,
    0x20,0x00,0xa0,0xff,0x20,0x20,0xe0,0xff,0x20,0x00,0xa0,0xff,0x20,0x00,0xa0,0xff,
    0x20,0x00,0xa0,0xff,0x20,0x20,0xe0,0xff,0x20,0x20,0xe0,0xff,0x20,0x00,0xa0,0xff,
    0x20,0x00,0xa0,0xff,0x20,0x00,0xa0,0xff,0x20,0x00,0xa0,0xff,0x20,0x20,0xe0,0xff,
    0x20,0x20,0xe0,0xff,0x20,0x00,0xa0,0xff,0x20,0x00,0xa0,0xff,0x20,0x00,0xa0,0xff,
    0x00,0x00,0x00,0x00,0x00,0x00,0x00,0x00,0x00,0x00,0x00,0x00,0x00,0x00,0x00,0x00,
    0x00,0x00,0x00,0x00,0x00,0x00,0x00,0x00,0x00,0x00,0x00,0x00,0x00,0x00,0x00,0x00,
    0x00,0x00,0x00,0x00,0x00,0x00,0x00,0x00,0x00,0x00,0x00,0x00,0x00,0x00,0x00,0x00,
    0x00,0x00,0x00,0x00,0x00,0x00,0x00,0x00,0x00,0x00,0x00,0x00,0x00,0x00,0x00,0x00,
    0x00,0x00,0x00,0x00,0x00,0x00,0x00,0x00,0x00,0x00,0x00,0x00,0x00,0x00,0x00,0x00,
    0x00,0x00,0x00,0x00,0x00,0x00,0x00,0x00,0x00,0x00,0x40,0xff,0x20,0x00,0xa0,0xff,
    0x00,0x00,0x40,0xff,0x20,0x00,0xa0,0xff,0x20,0x20,0xe0,0xff,0x20,0x20,0xe0,0xff,
    0x20,0x00,0xa0,0xff,0x20,0x00,0xa0,0xff,0x20,0x00,0xa0,0xff,0x20,0x00,0xa0,0xff,
    0x20,0x00,0xa0,0xff,0x20,0x00,0xa0,0xff,0x20,0x20,0xe0,0xff,0x40,0x40,0xe0,0xff,
    0x20,0x20,0xe0,0xff,0x20,0x20,0xe0,0xff,0x20,0x00,0xa0,0xff,0x20,0x00,0xa0,0xff,
    0x20,0x00,0xa0,0xff,0x20,0x00,0xa0,0xff,0x20,0x00,0xa0,0xff,0x20,0x00,0xa0,0xff,
    0x20,0x20,0xe0,0xff,0x20,0x00,0xa0,0xff,0x20,0x00,0xa0,0xff,0x00,0x00,0x40,0xff,
    0x00,0x00,0x00,0x00,0x00,0x00,0x00,0x00,0x00,0x00,0x00,0x00,0x00,0x00,0x00,0x00,
    0x00,0x00,0x00,0x00,0x00,0x00,0x00,0x00,0x00,0x00,0x00,0x00,0x00,0x00,0x00,0x00,
    0x00,0x00,0x00,0x00,0x00,0x00,0x00,0x00,0x00,0x00,0x00,0x00,0x00,0x00,0x00,0x00,
    0x00,0x00,0x00,0x00,0x00,0x00,0x00,0x00,0x00,0x00,0x00,0x00,0x00,0x00,0x00,0x00,
    0x00,0x00,0x00,0x00,0x00,0x00,0x00,0x00,0x00,0x00,0x00,0x00,0x00,0x00,0x00,0x00,
    0x00,0x00,0x00,0x00,0x00,0x00,0x00,0x00,0x00,0x00,0x40,0xff,0x20,0x00,0xa0,0xff,
    0x20,0x20,0xe0,0xff,0x00,0x00,0x40,0xff,0x40,0x40,0xe0,0xff,0x40,0x40,0xe0,0xff,
    0x40,0x40,0xe0,0xff,0x20,0x00,0xa0,0xff,0x00,0x00,0x40,0xff,0x00,0x00,0x40,0xff,
    0x20,0x00,0xa0,0xff,0x20,0x20,0xe0,0xff,0x40,0x40,0xe0,0xff,0x40,0x40,0xe0,0xff,
    0x40,0x40,0xe0,0xff,0x20,0x20,0xe0,0xff,0x20,0x00,0xa0,0xff,0x00,0x00,0x40,0xff,
    0x00,0x00,0x40,0xff,0x20,0x00,0xa0,0xff,0x40,0x40,0xe0,0xff,0x40,0x40,0xe0,0xff,
    0x40,0x40,0xe0,0xff,0x00,0x00,0x40,0xff,0x20,0x20,0xe0,0xff,0x20,0x00,0xa0,0xff,
    0x00,0x00,0x40,0xff,0x00,0x00,0x00,0x00,0x00,0x00,0x00,0x00,0x00,0x00,0x00,0x00,
    0x00,0x00,0x00,0x00,0x00,0x00,0x00,0x00,0x00,0x00,0x00,0x00,0x00,0x00,0x00,0x00,
    0x00,0x00,0x00,0x00,0x00,0x00,0x00,0x00,0x00,0x00,0x00,0x00,0x00,0x00,0x00,0x00,
    0x00,0x00,0x00,0x00,0x00,0x00,0x00,0x00,0x00,0x00,0x00,0x00,0x00,0x00,0x00,0x00,
    0x00,0x00,0x00,0x00,0x00,0x00,0x00,0x00,0x00,0x00,0x00,0x00,0x00,0x00,0x00,0x00,
    0x00,0x00,0x00,0x00,0x00,0x00,0x00,0x00,0x00,0x00,0x00,0x00,0x00,0x00,0x00,0x00,
    0x00,0x00,0x00,0x00,0x00,0x00,0x00,0x00,0x00,0x00,0x00,0x00,0x00,0x00,0x00,0x00,
    0x00,0x00,0x40,0xff,0x20,0x20,0xe0,0xff,0x20,0x20,0xe0,0xff,0x00,0x00,0x40,0xff,
    0x00,0x00,0x40,0xff,0x00,0x00,0x40,0xff,0x00,0x00,0x40,0xff,0x20,0x20,0xe0,0xff,
    0x00,0x00,0x40,0xff,0x00,0x00,0x40,0xff,0x00,0x00,0x40,0xff,0x00,0x00,0x40,0xff,
    0x20,0x20,0xe0,0xff,0x20,0x20,0xe0,0xff,0x00,0x00,0x40,0xff,0x00,0x00,0x00,0x00,
    0x00,0x00,0x00,0x00,0x00,0x00,0x00,0x00,0x00,0x00,0x00,0x00,0x00,0x00,0x00,0x00,
    0x00,0x00,0x00,0x00,0x00,0x00,0x00,0x00,0x00,0x00,0x00,0x00,0x00,0x00,0x00,0x00,
    0x00,0x00,0x00,0x00,0x00,0x00,0x00,0x00,0x00,0x00,0x00,0x00,0x00,0x00,0x00,0x00,
    0x00,0x00,0x00,0x00,0x00,0x00,0x00,0x00,0x00,0x00,0x00,0x00,0x00,0x00,0x00,0x00,
    0x00,0x00,0x00,0x00,0x00,0x00,0x00,0x00,0x00,0x00,0x00,0x00,0x00,0x00,0x00,0x00,
    0x00,0x00,0x00,0x00,0x00,0x00,0x00,0x00,0x00,0x00,0x00,0x00,0x00,0x00,0x00,0x00,
    0x00,0x00,0x00,0x00,0x00,0x00,0x00,0x00,0x00,0x00,0x00,0x00,0x00,0x00,0x00,0x00,
    0x00,0x00,0x00,0x00,0x00,0x00,0x00,0x00,0x00,0x00,0x00,0x00,0x00,0x00,0x00,0x00,
    0x00,0x00,0x40,0xff,0x20,0x20,0xe0,0xff,0x20,0x20,0xe0,0xff,0x00,0x00,0x40,0xff,
    0x00,0x00,0x40,0xff,0x00,0x00,0x40,0xff,0x00,0x00,0x40,0xff,0x20,0x20,0xe0,0xff,
    0x00,0x00,0x40,0xff,0x00,0x00,0x40,0xff,0x00,0x00,0x40,0xff,0x00,0x00,0x40,0xff,
    0x20,0x20,0xe0,0xff,0x20,0x20,0xe0,0xff,0x00,0x00,0x40,0xff,0x00,0x00,0x00,0x00,
    0x00,0x00,0x00,0x00,0x00,0x00,0x00,0x00,0x00,0x00,0x00,0x00,0x00,0x00,0x00,0x00,
    0x00,0x00,0x00,0x00,0x00,0x00,0x00,0x00,0x00,0x00,0x00,0x00,0x00,0x00,0x00,0x00,
    0x00,0x00,0x00,0x00,0x00,0x00,0x00,0x00,0x00,0x00,0x00,0x00,0x00,0x00,0x00,0x00,
    0x00,0x00,0x00,0x00,0x00,0x00,0x00,0x00,0x00,0x00,0x00,0x00,0x00,0x00,0x00,0x00,
    0x00,0x00,0x00,0x00,0x00,0x00,0x00,0x00,0x00,0x00,0x00,0x00,0x00,0x00,0x00,0x00,
    0x00,0x00,0x00,0x00,0x00,0x00,0x00,0x00,0x00,0x00,0x00,0x00,0x00,0x00,0x00,0x00,
    0x00,0x00,0x00,0x00,0x00,0x00,0x00,0x00,0x00,0x00,0x00,0x00,0x00,0x00,0x00,0x00,
    0x00,0x00,0x00,0x00,0x00,0x00,0x00,0x00,0x00,0x00,0x00,0x00,0x00,0x00,0x00,0x00,
    0x00,0x00,0x00,0x00,0x00,0x00,0x00,0x00,0x00,0x00,0x00,0x00,0x00,0x00,0x00,0x00,
    0x00,0x00,0x00,0x00,0x00,0x00,0x00,0x00,0x00,0x00,0x00,0x00,0x00,0x00,0x40,0xff,
    0x00,0x00,0x40,0xff,0x20,0x20,0xe0,0xff,0x20,0x20,0xe0,0xff,0x00,0x00,0x00,0x00,
    0x00,0x00,0x00,0x00,0x00,0x00,0x00,0x00,0x00,0x00,0x00,0x00,0x00,0x00,0x00,0x00,
    0x00,0x00,0x00,0x00,0x00,0x00,0x00,0x00,0x00,0x00,0x00,0x00,0x00,0x00,0x00,0x00,
    0x00,0x00,0x00,0x00,0x00,0x00,0x00,0x00,0x00,0x00,0x00,0x00,0x00,0x00,0x00,0x00,
    0x00,0x00,0x00,0x00,0x00,0x00,0x00,0x00,0x00,0x00,0x00,0x00,0x00,0x00,0x00,0x00,
    0x00,0x00,0x00,0x00,0x00,0x00,0x00,0x00,0x00,0x00,0x00,0x00,0x00,0x00,0x00,0x00,
    0x00,0x00,0x00,0x00,0x00,0x00,0x00,0x00,0x00,0x00,0x00,0x00,0x00,0x00,0x00,0x00,
    0x00,0x00,0x00,0x00,0x00,0x00,0x00,0x00,0x00,0x00,0x00,0x00,0x00,0x00,0x00,0x00,
    0x00,0x00,0x00,0x00,0x00,0x00,0x00,0x00,0x00,0x00,0x00,0x00,0x00,0x00,0x00,0x00,
    0x00,0x00,0x00,0x00,0x00,0x00,0x00,0x00,0x00,0x00,0x00,0x00,0x00,0x00,0x00,0x00,
    0x00,0x00,0x00,0x00,0x00,0x00,0x00,0x00,0x00,0x00,0x00,0x00,0x00,0x00,0x00,0x00,
    0x00,0x00,0x00,0x00,0x00,0x00,0x00,0x00,0x00,0x00,0x00,0x00,0xe0,0x00,0x00,0xff,
    0xe0,0xa0,0x80,0xff,0xe0,0xe0,0xe0,0xff,0xe0,0xe0,0xe0,0xff,0xe0,0xa0,0x80,0xff,
    0xe0,0x00,0x00,0xff,0x80,0x40,0x20,0xff,0x00,0x00,0x00,0x00,0x00,0x00,0x00,0x00,
    0x00,0x00,0x00,0x00,0x00,0x00,0x00,0x00,0x00,0x00,0x00,0x00,0x00,0x00,0x00,0x00,
    0x00,0x00,0x00,0x00,0x00,0x00,0x00,0x00,0x00,0x00,0x00,0x00,0x00,0x00,0x00,0x00,
    0x00,0x00,0x00,0x00,0x00,0x00,0x00,0x00,0x00,0x00,0x00,0x00,0x00,0x00,0x00,0x00,
    0x00,0x00,0x00,0x00,0x00,0x00,0x00,0x00,0x00,0x00,0x00,0x00,0x00,0x00,0x00,0x00,
    0x00,0x00,0x00,0x00,0x00,0x00,0x00,0x00,0x00,0x00,0x00,0x00,0x00,0x00,0x00,0x00,
    0x00,0x00,0x00,0x00,0x00,0x00,0x00,0x00,0x00,0x00,0x00,0x00,0x00,0x00,0x00,0x00,
    0x00,0x00,0x00,0x00,0x00,0x00,0x00,0x00,0x00,0x00,0x00,0x00,0x00,0x00,0x00,0x00,
    0x00,0x00,0x00,0x00,0x00,0x00,0x00,0x00,0x00,0x00,0x00,0x00,0x00,0x00,0x00,0x00,
    0x00,0x00,0x00,0x00,0x00,0x00,0x00,0x00,0x00,0x00,0x00,0x00,0x00,0x00,0x00,0x00,
    0x00,0x00,0x00,0x00,0x00,0x00,0x00,0x00,0x00,0x00,0x00,0x00,0x00,0x00,0x40,0xff,
    0x00,0x00,0x40,0xff,0x20,0x20,0xe0,0xff,0x20,0x20,0xe0,0xff,0x00,0x00,0x00,0x00,
    0x00,0x00,0x00,0x00,0x00,0x00,0x00,0x00,0x00,0x00,0x00,0x00,0x00,0x00,0x00,0x00,
    0x00,0x00,0x00,0x00,0x00,0x00,0x00,0x00,0x00,0x00,0x00,0x00,0x00,0x00,0x00,0x00,
    0x00,0x00,0x00,0x00,0x00,0x00,0x00,0x00,0x00,0x00,0x00,0x00,0x00,0x00,0x00,0x00,
    0x00,0x00,0x00,0x00,0x00,0x00,0x00,0x00,0x00,0x00,0x00,0x00,0x00,0x00,0x00,0x00,
    0x00,0x00,0x00,0x00,0x00,0x00,0x00,0x00,0x00,0x00,0x00,0x00,0x00,0x00,0x00,0x00,
    0x00,0x00,0x00,0x00,0x00,0x00,0x00,0x00,0x00,0x00,0x00,0x00,0x00,0x00,0x00,0x00,
    0x00,0x00,0x00,0x00,0x00,0x00,0x00,0x00,0x00,0x00,0x00,0x00,0x00,0x00,0x00,0x00,
    0x00,0x00,0x00,0x00,0x00,0x00,0x00,0x00,0x00,0x00,0x00,0x00,0x00,0x00,0x00,0x00,
    0x00,0x00,0x00,0x00,0x00,0x00,0x00,0x00,0x80,0x40,0x20,0xff,0xe0,0x00,0x00,0xff,
    0xe0,0x00,0x00,0xff,0xe0,0xe0,0xe0,0xff,0xe0,0x00,0x00,0xff,0x20,0x20,0xe0,0xff,
    0x20,0x20,0xe0,0xff,0x80,0x40,0x20,0xff,0x00,0x00,0x00,0x00,0x00,0x00,0x00,0x00,
    0x00,0x00,0x00,0x00,0x00,0x00,0x40,0xff,0x00,0x00,0x40,0xff,0x20,0x20,0xe0,0xff,
    0x20,0x20,0xe0,0xff,0x00,0x00,0x00,0x00,0x00,0x00,0x00,0x00,0x00,0x00,0x00,0x00,
    0x00,0x00,0x00,0x00,0x00,0x00,0x00,0x00,0x00,0x00,0x00,0x00,0x00,0x00,0x00,0x00,
    0x00,0x00,0x00,0x00,0x00,0x00,0x00,0x00,0x00,0x00,0x00,0x00,0x00,0x00,0x00,0x00,
    0x00,0x00,0x00,0x00,0x00,0x00,0x00,0x00,0x00,0x00,0x00,0x00,0x00,0x00,0x00,0x00,
    0x00,0x00,0x00,0x00,0x00,0x00,0x00,0x00,0x00,0x00,0x00,0x00,0x00,0x00,0x00,0x00,
    0x00,0x00,0x00,0x00,0x00,0x00,0x00,0x00,0x00,0x00,0x00,0x00,0x00,0x00,0x00,0x00,
    0x00,0x00,0x00,0x00,0x00,0x00,0x00,0x00,0x00,0x00,0x00,0x00,0x00,0x00,0x00,0x00,
    0x00,0x00,0x00,0x00,0x00,0x00,0x00,0x00,0x00,0x00,0x00,0x00,0x00,0x00,0x00,0x00,
    0x00,0x00,0x00,0x00,0x00,0x00,0x00,0x00,0x00,0x00,0x00,0x00,0x00,0x00,0x00,0x00,
    0x00,0x00,0x40,0xff,0x20,0x20,0xe0,0xff,0x20,0x20,0xe0,0xff,0x00,0x00,0x40,0xff,
    0x00,0x00,0x40,0xff,0x00,0x00,0x40,0xff,0x00,0x00,0x40,0xff,0x20,0x20,0xe0,0xff,
    0x00,0x00,0x40,0xff,0x00,0x00,0x40,0xff,0x00,0x00,0x40,0xff,0x00,0x00,0x40,0xff,
    0x20,0x20,0xe0,0xff,0x20,0x20,0xe0,0xff,0x00,0x00,0x40,0xff,0x00,0x00,0x00,0x00,
    0x00,0x00,0x00,0x00,0x00,0x00,0x00,0x00,0x00,0x00,0x00,0x00,0x00,0x00,0x00,0x00,
    0x00,0x00,0x00,0x00,0x00,0x00,0x00,0x00,0x00,0x00,0x00,0x00,0x00,0x00,0x00,0x00,
    0x00,0x00,0x00,0x00,0x00,0x00,0x00,0x00,0x00,0x00,0x00,0x00,0x00,0x00,0x00,0x00,
    0x00,0x00,0x00,0x00,0x00,0x00,0x00,0x00,0x00,0x00,0x00,0x00,0x00,0x00,0x00,0x00,
    0x00,0x00,0x00,0x00,0x00,0x00,0x00,0x00,0x00,0x00,0x00,0x00,0x00,0x00,0x00,0x00,
    0x00,0x00,0x00,0x00,0x00,0x00,0x00,0x00,0x00,0x00,0x00,0x00,0x00,0x00,0x00,0x00,
    0x00,0x00,0x00,0x00,0x00,0x00,0x00,0x00,0x00,0x00,0x00,0x00,0x00,0x00,0x00,0x00,
    0x00,0x00,0x00,0x00,0x00,0x00,0x00,0x00,0x00,0x00,0x00,0x00,0x00,0x00,0x00,0x00,
    0x00,0x00,0x00,0x00,0x00,0x00,0x00,0x00,0x00,0x00,0x00,0x00,0x20,0x20,0xe0,0xff,
    0x20,0x20,0xe0,0xff,0x00,0x00,0x40,0xff,0x00,0x00,0x40,0xff,0x00,0x00,0x00,0x00,
    0x00,0x00,0x00,0x00,0x00,0x00,0x00,0x00,0x80,0x40,0x20,0xff,0x20,0x20,0xe0,0xff,
    0x20,0x20,0xe0,0xff,0xe0,0x00,0x00,0xff,0xe0,0xe0,0xe0,0xff,0xe0,0x00,0x00,0xff,
    0xe0,0x00,0x00,0xff,0x80,0x40,0x20,0xff,0x00,0x00,0x00,0x00,0x00,0x00,0x00,0x00,
    0x00,0x00,0x00,0x00,0x00,0x00,0x00,0x00,0x00,0x00,0x00,0x00,0x00,0x00,0x00,0x00,
    0x00,0x00,0x00,0x00,0x00,0x00,0x00,0x00,0x00,0x00,0x00,0x00,0x00,0x00,0x00,0x00,
    0x00,0x00,0x00,0x00,0x00,0x00,0x00,0x00,0x00,0x00,0x00,0x00,0x00,0x00,0x00,0x00,
    0x00,0x00,0x00,0x00,0x00,0x00,0x00,0x00,0x00,0x00,0x00,0x00,0x00,0x00,0x00,0x00,
    0x00,0x00,0x00,0x00,0x00,0x00,0x00,0x00,0x00,0x00,0x00,0x00,0x00,0x00,0x00,0x00,
    0x00,0x00,0x00,0x00,0x00,0x00,0x00,0x00,0x00,0x00,0x00,0x00,0x00,0x00,0x00,0x00,
    0x00,0x00,0x00,0x00,0x00,0x00,0x00,0x00,0x00,0x00,0x00,0x00,0x00,0x00,0x00,0x00,
    0x00,0x00,0x00,0x00,0x00,0x00,0x00,0x00,0x00,0x00,0x00,0x00,0x00,0x00,0x00,0x00,
    0x00,0x00,0x00,0x00,0x20,0x20,0xe0,0xff,0x20,0x20,0xe0,0xff,0x00,0x00,0x40,0xff,
    0x00,0x00,0x40,0xff,0x00,0x00,0x00,0x00,0x00,0x00,0x00,0x00,0x00,0x00,0x00,0x00,
    0x00,0x00,0x00,0x00,0x00,0x00,0x00,0x00,0x00,0x00,0x00,0x00,0x00,0x00,0x00,0x00,
    0x00,0x00,0x00,0x00,0x00,0x00,0x00,0x00,0x00,0x00,0x00,0x00,0x00,0x00,0x00,0x00,
    0x00,0x00,0x00,0x00,0x00,0x00,0x00,0x00,0x00,0x00,0x00,0x00,0x00,0x00,0x00,0x00,
    0x00,0x00,0x00,0x00,0x00,0x00,0x00,0x00,0x00,0x00,0x00,0x00,0x00,0x00,0x00,0x00,
    0x00,0x00,0x00,0x00,0x00,0x00,0x00,0x00,0x00,0x00,0x00,0x00,0x00,0x00,0x00,0x00,
    0x00,0x00,0x00,0x00,0x00,0x00,0x00,0x00,0x00,0x00,0x00,0x00,0x00,0x00,0x00,0x00,
    0x00,0x00,0x00,0x00,0x00,0x00,0x00,0x00,0x00,0x00,0x00,0x00,0x00,0x00,0x00,0x00,
    0x00,0x00,0x00,0x00,0x00,0x00,0x00,0x00,0x00,0x00,0x00,0x00,0x00,0x00,0x00,0x00,
    0x00,0x00,0x00,0x00,0x00,0x00,0x00,0x00,0x00,0x00,0x00,0x00,0x00,0x00,0x00,0x00,
    0x80,0x40,0x20,0xff,0xe0,0x00,0x00,0xff,0xe0,0xa0,0x80,0xff,0xe0,0xe0,0xe0,0xff,
    0xe0,0xe0,0xe0,0xff,0xe0,0xa0,0x80,0xff,0xe0,0x00,0x00,0xff,0x00,0x00,0x00,0x00,
    0x00,0x00,0x00,0x00,0x00,0x00,0x00,0x00,0x00,0x00,0x00,0x00,0x00,0x00,0x00,0x00,
    0x00,0x00,0x00,0x00,0x00,0x00,0x00,0x00,0x00,0x00,0x00,0x00,0x00,0x00,0x00,0x00,
    0x00,0x00,0x00,0x00,0x00,0x00,0x00,0x00,0x00,0x00,0x00,0x00,0x00,0x00,0x00,0x00,
    0x00,0x00,0x00,0x00,0x00,0x00,0x00,0x00,0x00,0x00,0x00,0x00,0x00,0x00,0x00,0x00,
    0x00,0x00,0x00,0x00,0x00,0x00,0x00,0x00,0x00,0x00,0x00,0x00,0x00,0x00,0x00,0x00,
    0x00,0x00,0x00,0x00,0x00,0x00,0x00,0x00,0x00,0x00,0x00,0x00,0x00,0x00,0x00,0x00,
    0x00,0x00,0x00,0x00,0x00,0x00,0x00,0x00,0x00,0x00,0x00,0x00,0x00,0x00,0x00,0x00,
    0x00,0x00,0x00,0x00,0x00,0x00,0x00,0x00,0x00,0x00,0x00,0x00,0x00,0x00,0x00,0x00,
    0x00,0x00,0x00,0x00,0x00,0x00,0x00,0x00,0x00,0x00,0x00,0x00,0x00,0x00,0x00,0x00,
    0x00,0x00,0x00,0x00,0x00,0x00,0x00,0x00,0x00,0x00,0x00,0x00,0x00,0x00,0x00,0x00,
    0x00,0x00,0x00,0x00,0x00,0x00,0x00,0x00,0x00,0x00,0x00,0x00,0x00,0x00,0x00,0x00,
    0x00,0x00,0x00,0x00,0x20,0x20,0xe0,0xff,0x20,0x20,0xe0,0xff,0x00,0x00,0x40,0xff,
    0x00,0x00,0x40,0xff,0x00,0x00,0x00,0x00,0x00,0x00,0x00,0x00,0x00,0x00,0x00,0x00,
    0x00,0x00,0x00,0x00,0x00,0x00,0x00,0x00,0x00,0x00,0x00,0x00,0x00,0x00,0x00,0x00,
    0x00,0x00,0x00,0x00,0x00,0x00,0x00,0x00,0x00,0x00,0x00,0x00,0x00,0x00,0x00,0x00,
    0x00,0x00,0x00,0x00,0x00,0x00,0x00,0x00,0x00,0x00,0x00,0x00,0x00,0x00,0x00,0x00,
    0x00,0x00,0x00,0x00,0x00,0x00,0x00,0x00,0x00,0x00,0x00,0x00,0x00,0x00,0x00,0x00,
    0x00,0x00,0x00,0x00,0x00,0x00,0x00,0x00,0x00,0x00,0x00,0x00,0x00,0x00,0x00,0x00,
    0x00,0x00,0x00,0x00,0x00,0x00,0x00,0x00,0x00,0x00,0x00,0x00,0x00,0x00,0x00,0x00,
    0x00,0x00,0x00,0x00,0x00,0x00,0x00,0x00,0x00,0x00,0x00,0x00,0x00,0x00,0x00,0x00,
    0x00,0x00,0x00,0x00,0x00,0x00,0x00,0x00,0x00,0x00,0x00,0x00,0x00,0x00,0x00,0x00,
    0x00,0x00,0x00,0x00,0x00,0x00,0x00,0x00,0x00,0x00,0x00,0x00,0x00,0x00,0x00,0x00,
    0x00,0x00,0x00,0x00,0x00,0x00,0x00,0x00,0x00,0x00,0x00,0x00,0x20,0x20,0xe0,0xff,
    0x20,0x20,0xe0,0xff,0x00,0x00,0x40,0xff,0x00,0x00,0x40,0xff,0x00,0x00,0x00,0x00,
    0x00,0x00,0x00,0x00,0x00,0x00,0x00,0x00,0x80,0x40,0x20,0xff,0x20,0x20,0xe0,0xff,
    0x20,0x20,0xe0,0xff,0xe0,0x00,0x00,0xff,0xe0,0xe0,0xe0,0xff,0xe0,0x00,0x00,0xff,
    0xe0,0x00,0x00,0xff,0x80,0x40,0x20,0xff,0x00,0x00,0x00,0x00,0x00,0x00,0x00,0x00,
    0x00,0x00,0x00,0x00,0x00,0x00,0x00,0x00,0x00,0x00,0x00,0x00,0x00,0x00,0x00,0x00,
    0x00,0x00,0x00,0x00,0x00,0x00,0x00,0x00,0x00,0x00,0x00,0x00,0x00,0x00,0x00,0x00,
    0x00,0x00,0x00,0x00,0x00,0x00,0x00,0x00,0x00,0x00,0x00,0x00,0x00,0x00,0x00,0x00,
    0x00,0x00,0x00,0x00,0x00,0x00,0x00,0x00,0x00,0x00,0x00,0x00,0x00,0x00,0x00,0x00,
    0x00,0x00,0x00,0x00,0x00,0x00,0x00,0x00,0x00,0x00,0x00,0x00,0x00,0x00,0x00,0x00,
    0x00,0x00,0x00,0x00,0x00,0x00,0x00,0x00,0x00,0x00,0x40,0xff,0x20,0x00,0xa0,0xff,
    0x20,0x00,0xa0,0xff,0x20,0x20,0xe0,0xff,0x20,0x20,0xe0,0xff,0x20,0x20,0xe0,0xff,
    0x20,0x20,0xe0,0xff,0x20,0x20,0xe0,0xff,0x20,0x20,0xe0,0xff,0x20,0x20,0xe0,0xff,
    0x20,0x20,0xe0,0xff,0x20,0x20,0xe0,0xff,0x20,0x20,0xe0,0xff,0x20,0x20,0xe0,0xff,
    0x20,0x20,0xe0,0xff,0x20,0x20,0xe0,0xff,0x20,0x20,0xe0,0xff,0x20,0x20,0xe0,0xff,
    0x20,0x20,0xe0,0xff,0x20,0x20,0xe0,0xff,0x20,0x20,0xe0,0xff,0x20,0x20,0xe0,0xff,
    0x20,0x20,0xe0,0xff,0x20,0x00,0xa0,0xff,0x20,0x00,0xa0,0xff,0x00,0x00,0x40,0xff,
    0x00,0x00,0x00,0x00,0x00,0x00,0x00,0x00,0x00,0x00,0x00,0x00,0x00,0x00,0x00,0x00,
    0x00,0x00,0x00,0x00,0x00,0x00,0x00,0x00,0x00,0x00,0x00,0x00,0x00,0x00,0x00,0x00,
    0x00,0x00,0x00,0x00,0x00,0x00,0x00,0x00,0x00,0x00,0x00,0x00,0x00,0x00,0x00,0x00,
    0x00,0x00,0x00,0x00,0x00,0x00,0x00,0x00,0x00,0x00,0x00,0x00,0x00,0x00,0x00,0x00,
    0x00,0x00,0x00,0x00,0x00,0x00,0x00,0x00,0x00,0x00,0x00,0x00,0x00,0x00,0x00,0x00,
    0x00,0x00,0x00,0x00,0x00,0x00,0x00,0x00,0x20,0x00,0xa0,0xff,0x20,0x00,0xa0,0xff,
    0x00,0x00,0x40,0xff,0x20,0x00,0xa0,0xff,0x20,0x00,0xa0,0xff,0x20,0x20,0xe0,0xff,
    0x20,0x00,0xa0,0xff,0x20,0x00,0xa0,0xff,0x20,0x00,0xa0,0xff,0x20,0x00,0xa0,0xff,
    0x20,0x00,0xa0,0xff,0x20,0x20,0xe0,0xff,0x20,0x20,0xe0,0xff,0x40,0x40,0xe0,0xff,
    0x20,0x20,0xe0,0xff,0x20,0x20,0xe0,0xff,0x20,0x20,0xe0,0xff,0x20,0x00,0xa0,0xff,
    0x20,0x00,0xa0,0xff,0x20,0x00,0xa0,0xff,0x20,0x00,0xa0,0xff,0x20,0x00,0xa0,0xff,
    0x20,0x20,0xe0,0xff,0x20,0x00,0xa0,0xff,0x20,0x00,0xa0,0xff,0x20,0x00,0xa0,0xff,
    0x00,0x00,0x00,0x00,0x00,0x00,0x00,0x00,0x00,0x00,0x00,0x00,0x00,0x00,0x00,0x00,
    0x00,0x00,0x00,0x00,0x00,0x00,0x00,0x00,0x00,0x00,0x00,0x00,0x00,0x00,0x00,0x00,
    0x00,0x00,0x00,0x00,0x00,0x00,0x00,0x00,0x00,0x00,0x00,0x00,0x00,0x00,0x00,0x00,
    0x00,0x00,0x00,0x00,0x00,0x00,0x00,0x00,0x00,0x00,0x00,0x00,0x00,0x00,0x00,0x00,
    0x00,0x00,0x00,0x00,0x00,0x00,0x00,0x00,0x00,0x00,0x00,0x00,0x00,0x00,0x00,0x00,
    0x00,0x00,0x00,0x00,0x00,0x00,0x00,0x00,0x00,0x00,0x40,0xff,0x20,0x00,0xa0,0xff,
    0x00,0x00,0x40,0xff,0x20,0x00,0xa0,0xff,0x20,0x20,0xe0,0xff,0x20,0x00,0xa0,0xff,
    0x20,0x00,0xa0,0xff,0x20,0x00,0xa0,0xff,0x20,0x00,0xa0,0xff,0x20,0x00,0xa0,0xff,
    0x20,0x00,0xa0,0xff,0x20,0x00,0xa0,0xff,0x40,0x40,0xe0,0xff,0x40,0x40,0xe0,0xff,
    0x40,0x40,0xe0,0xff,0x20,0x20,0xe0,0xff,0x20,0x00,0xa0,0xff,0x20,0x00,0xa0,0xff,
    0x20,0x00,0xa0,0xff,0x20,0x00,0xa0,0xff,0x20,0x00,0xa0,0xff,0x20,0x00,0xa0,0xff,
    0x20,0x00,0xa0,0xff,0x20,0x00,0xa0,0xff,0x20,0x00,0xa0,0xff,0x00,0x00,0x40,0xff,
    0x00,0x00,0x00,0x00,0x00,0x00,0x00,0x00,0x00,0x00,0x00,0x00,0x00,0x00,0x00,0x00,
    0x00,0x00,0x00,0x00,0x00,0x00,0x00,0x00,0x00,0x00,0x00,0x00,0x00,0x00,0x00,0x00,
    0x00,0x00,0x00,0x00,0x00,0x00,0x00,0x00,0x00,0x00,0x00,0x00,0x00,0x00,0x00,0x00,
    0x00,0x00,0x00,0x00,0x00,0x00,0x00,0x00,0x00,0x00,0x00,0x00,0x00,0x00,0x00,0x00,
    0x00,0x00,0x00,0x00,0x00,0x00,0x00,0x00,0x00,0x00,0x00,0x00,0x00,0x00,0x00,0x00,
    0x00,0x00,0x00,0x00,0x00,0x00,0x00,0x00,0x00,0x00,0x40,0xff,0x20,0x00,0xa0,0xff,
    0x20,0x20,0xe0,0xff,0x40,0x40,0xe0,0xff,0x40,0x40,0xe0,0xff,0x20,0x00,0xa0,0xff,
    0x20,0x00,0xa0,0xff,0x00,0x00,0x40,0xff,0x00,0x00,0x40,0xff,0x00,0x00,0x40,0xff,
    0x20,0x00,0xa0,0xff,0x20,0x20,0xe0,0xff,0x20,0x20,0xe0,0xff,0x40,0x40,0xe0,0xff,
    0x20,0x20,0xe0,0xff,0x20,0x20,0xe0,0xff,0x20,0x00,0xa0,0xff,0x00,0x00,0x40,0xff,
    0x00,0x00,0x40,0xff,0x00,0x00,0x40,0xff,0x20,0x00,0xa0,0xff,0x20,0x00,0xa0,0xff,
    0x40,0x40,0xe0,0xff,0x40,0x40,0xe0,0xff,0x20,0x20,0xe0,0xff,0x20,0x00,0xa0,0xff,
    0x00,0x00,0x40,0xff,0x00,0x00,0x00,0x00,0x00,0x00,0x00,0x00,0x00,0x00,0x00,0x00,
    0x00,0x00,0x00,0x00,0x00,0x00,0x00,0x00,0x00,0x00,0x00,0x00,0x00,0x00,0x00,0x00,
    0x00,0x00,0x00,0x00,0x00,0x00,0x00,0x00,0x00,0x00,0x00,0x00,0x00,0x00,0x00,0x00,
    0x00,0x00,0x00,0x00,0x00,0x00,0x00,0x00,0x00,0x00,0x00,0x00,0x00,0x00,0x00,0x00,
    0x00,0x00,0x00,0x00,0x00,0x00,0x00,0x00,0x00,0x00,0x00,0x00,0x00,0x00,0x00,0x00,
    0x00,0x00,0x00,0x00,0x00,0x00,0x00,0x00,0x00,0x00,0x00,0x00,0x00,0x00,0x00,0x00,
    0x00,0x00,0x00,0x00,0x00,0x00,0x00,0x00,0x00,0x00,0x00,0x00,0x00,0x00,0x00,0x00,
    0x00,0x00,0x40,0xff,0x20,0x20,0xe0,0xff,0x00,0x00,0x40,0xff,0x00,0x00,0x40,0xff,
    0x20,0x20,0xe0,0xff,0x00,0x00,0x40,0xff,0x00,0x00,0x40,0xff,0x20,0x20,0xe0,0xff,
    0x00,0x00,0x40,0xff,0x00,0x00,0x40,0xff,0x20,0x20,0xe0,0xff,0x00,0x00,0x40,0xff,
    0x00,0x00,0x40,0xff,0x20,0x20,0xe0,0xff,0x00,0x00,0x40,0xff,0x00,0x00,0x00,0x00,
    0x00,0x00,0x00,0x00,0x00,0x00,0x00,0x00,0x00,0x00,0x00,0x00,0x00,0x00,0x00,0x00,
    0x00,0x00,0x00,0x00,0x00,0x00,0x00,0x00,0x00,0x00,0x00,0x00,0x00,0x00,0x00,0x00,
    0x00,0x00,0x00,0x00,0x00,0x00,0x00,0x00,0x00,0x00,0x00,0x00,0x00,0x00,0x00,0x00,
    0x00,0x00,0x00,0x00,0x00,0x00,0x00,0x00,0x00,0x00,0x00,0x00,0x00,0x00,0x00,0x00,
    0x00,0x00,0x00,0x00,0x00,0x00,0x00,0x00,0x00,0x00,0x00,0x00,0x00,0x00,0x00,0x00,
    0x00,0x00,0x00,0x00,0x00,0x00,0x00,0x00,0x00,0x00,0x00,0x00,0x00,0x00,0x00,0x00,
    0x00,0x00,0x00,0x00,0x00,0x00,0x00,0x00,0x00,0x00,0x00,0x00,0x00,0x00,0x00,0x00,
    0x00,0x00,0x00,0x00,0x00,0x00,0x00,0x00,0x00,0x00,0x00,0x00,0x00,0x00,0x00,0x00,
    0x00,0x00,0x40,0xff,0x20,0x20,0xe0,0xff,0x00,0x00,0x40,0xff,0x00,0x00,0x40,0xff,
    0x20,0x20,0xe0,0xff,0x00,0x00,0x40,0xff,0x00,0x00,0x40,0xff,0x20,0x20,0xe0,0xff,
    0x00,0x00,0x40,0xff,0x00,0x00,0x40,0xff,0x20,0x20,0xe0,0xff,0x00,0x00,0x40,0xff,
    0x00,0x00,0x40,0xff,0x20,0x20,0xe0,0xff,0x00,0x00,0x40,0xff,0x00,0x00,0x00,0x00,
    0x00,0x00,0x00,0x00,0x00,0x00,0x00,0x00,0x00,0x00,0x00,0x00,0x00,0x00,0x00,0x00,
    0x00,0x00,0x00,0x00,0x00,0x00,0x00,0x00,0x00,0x00,0x00,0x00,0x00,0x00,0x00,0x00,
    0x00,0x00,0x00,0x00,0x00,0x00,0x00,0x00,0x00,0x00,0x00,0x00,0x00,0x00,0x00,0x00,
    0x00,0x00,0x00,0x00,0x00,0x00,0x00,0x00,0x00,0x00,0x00,0x00,0x00,0x00,0x00,0x00,
    0x00,0x00,0x00,0x00,0x00,0x00,0x00,0x00,0x00,0x00,0x00,0x00,0x00,0x00,0x00,0x00,
    0x00,0x00,0x00,0x00,0x00,0x00,0x00,0x00,0x00,0x00,0x00,0x00,0x00,0x00,0x00,0x00,
    0x00,0x00,0x00,0x00,0x00,0x00,0x00,0x00,0x00,0x00,0x00,0x00,0x00,0x00,0x00,0x00,
    0x00,0x00,0x00,0x00,0x00,0x00,0x00,0x00,0x00,0x00,0x00,0x00,0x00,0x00,0x00,0x00,
    0x00,0x00,0x00,0x00,0x00,0x00,0x00,0x00,0x00,0x00,0x00,0x00,0x00,0x00,0x00,0x00,
    0x00,0x00,0x00,0x00,0x00,0x00,0x00,0x00,0x00,0x00,0x00,0x00,0x00,0x00,0x00,0x00,
    0x00,0x00,0x40,0xff,0x20,0x20,0xe0,0xff,0x20,0x20,0xe0,0xff,0x00,0x00,0x00,0x00,
    0x00,0x00,0x00,0x00,0x00,0x00,0x00,0x00,0x00,0x00,0x00,0x00,0x00,0x00,0x00,0x00,
    0x00,0x00,0x00,0x00,0x00,0x00,0x00,0x00,0x00,0x00,0x00,0x00,0x00,0x00,0x00,0x00,
    0x00,0x00,0x00,0x00,0x00,0x00,0x00,0x00,0x00,0x00,0x00,0x00,0x00,0x00,0x00,0x00,
    0x00,0x00,0x00,0x00,0x00,0x00,0x00,0x00,0x00,0x00,0x00,0x00,0x00,0x00,0x00,0x00,
    0x00,0x00,0x00,0x00,0x00,0x00,0x00,0x00,0x00,0x00,0x00,0x00,0x00,0x00,0x00,0x00,
    0x00,0x00,0x00,0x00,0x00,0x00,0x00,0x00,0x00,0x00,0x00,0x00,0x00,0x00,0x00,0x00,
    0x00,0x00,0x00,0x00,0x00,0x00,0x00,0x00,0x00,0x00,0x00,0x00,0x00,0x00,0x00,0x00,
    0x00,0x00,0x00,0x00,0x00,0x00,0x00,0x00,0x00,0x00,0x00,0x00,0x00,0x00,0x00,0x00,
    0x00,0x00,0x00,0x00,0x00,0x00,0x00,0x00,0x00,0x00,0x00,0x00,0x00,0x00,0x00,0x00,
    0x00,0x00,0x00,0x00,0x00,0x00,0x00,0x00,0x00,0x00,0x00,0x00,0x00,0x00,0x00,0x00,
    0x00,0x00,0x00,0x00,0x00,0x00,0x00,0x00,0x00,0x00,0x00,0x00,0xe0,0xa0,0x80,0xff,
    0x80,0x40,0x20,0xff,0x80,0x40,0x20,0xff,0x80,0x40,0x20,0xff,0x80,0x40,0x20,0xff,
    0xe0,0xa0,0x80,0xff,0xe0,0x00,0x00,0xff,0x00,0x00,0x00,0x00,0x00,0x00,0x00,0x00,
    0x00,0x00,0x00,0x00,0x00,0x00,0x00,0x00,0x00,0x00,0x00,0x00,0x00,0x00,0x00,0x00,
    0x00,0x00,0x00,0x00,0x00,0x00,0x00,0x00,0x00,0x00,0x00,0x00,0x00,0x00,0x00,0x00,
    0x00,0x00,0x00,0x00,0x00,0x00,0x00,0x00,0x00,0x00,0x00,0x00,0x00,0x00,0x00,0x00,
    0x00,0x00,0x00,0x00,0x00,0x00,0x00,0x00,0x00,0x00,0x00,0x00,0x00,0x00,0x00,0x00,
    0x00,0x00,0x00,0x00,0x00,0x00,0x00,0x00,0x00,0x00,0x00,0x00,0x00,0x00,0x00,0x00,
    0x00,0x00,0x00,0x00,0x00,0x00,0x00,0x00,0x00,0x00,0x00,0x00,0x00,0x00,0x00,0x00,
    0x00,0x00,0x00,0x00,0x00,0x00,0x00,0x00,0x00,0x00,0x00,0x00,0x00,0x00,0x00,0x00,
    0x00,0x00,0x00,0x00,0x00,0x00,0x00,0x00,0x00,0x00,0x00,0x00,0x00,0x00,0x00,0x00,
    0x00,0x00,0x00,0x00,0x00,0x00,0x00,0x00,0x00,0x00,0x00,0x00,0x00,0x00,0x00,0x00,
    0x00,0x00,0x00,0x00,0x00,0x00,0x00,0x00,0x00,0x00,0x00,0x00,0x00,0x00,0x00,0x00,
    0x00,0x00,0x40,0xff,0x20,0x20,0xe0,0xff,0x20,0x20,0xe0,0xff,0x00,0x00,0x00,0x00,
    0x00,0x00,0x00,0x00,0x00,0x00,0x00,0x00,0x00,0x00,0x00,0x00,0x00,0x00,0x00,0x00,
    0x00,0x00,0x00,0x00,0x00,0x00,0x00,0x00,0x00,0x00,0x00,0x00,0x00,0x00,0x00,0x00,
    0x00,0x00,0x00,0x00,0x00,0x00,0x00,0x00,0x00,0x00,0x00,0x00,0x00,0x00,0x00,0x00,
    0x00,0x00,0x00,0x00,0x00,0x00,0x00,0x00,0x00,0x00,0x00,0x00,0x00,0x00,0x00,0x00,
    0x00,0x00,0x00,0x00,0x00,0x00,0x00,0x00,0x00,0x00,0x00,0x00,0x00,0x00,0x00,0x00,
    0x00,0x00,0x00,0x00,0x00,0x00,0x00,0x00,0x00,0x00,0x00,0x00,0x00,0x00,0x00,0x00,
    0x00,0x00,0x00,0x00,0x00,0x00,0x00,0x00,0x00,0x00,0x00,0x00,0x00,0x00,0x00,0x00,
    0x00,0x00,0x00,0x00,0x00,0x00,0x00,0x00,0x00,0x00,0x00,0x00,0x00,0x00,0x00,0x00,
    0x00,0x00,0x00,0x00,0x00,0x00,0x00,0x00,0x80,0x40,0x20,0xff,0x80,0x40,0x20,0xff,
    0xe0,0x00,0x00,0xff,0xe0,0x00,0x00,0xff,0xe0,0x00,0x00,0xff,0xe0,0x00,0x00,0xff,
    0x80,0x40,0x20,0xff,0x80,0x40,0x20,0xff,0x00,0x00,0x00,0x00,0x00,0x00,0x00,0x00,
    0x00,0x00,0x00,0x00,0x00,0x00,0x00,0x00,0x00,0x00,0x40,0xff,0x20,0x20,0xe0,0xff,
    0x20,0x20,0xe0,0xff,0x00,0x00,0x00,0x00,0x00,0x00,0x00,0x00,0x00,0x00,0x00,0x00,
    0x00,0x00,0x00,0x00,0x00,0x00,0x00,0x00,0x00,0x00,0x00,0x00,0x00,0x00,0x00,0x00,
    0x00,0x00,0x00,0x00,0x00,0x00,0x00,0x00,0x00,0x00,0x00,0x00,0x00,0x00,0x00,0x00,
    0x00,0x00,0x00,0x00,0x00,0x00,0x00,0x00,0x00,0x00,0x00,0x00,0x00,0x00,0x00,0x00,
    0x00,0x00,0x00,0x00,0x00,0x00,0x00,0x00,0x00,0x00,0x00,0x00,0x00,0x00,0x00,0x00,
    0x00,0x00,0x00,0x00,0x00,0x00,0x00,0x00,0x00,0x00,0x00,0x00,0x00,0x00,0x00,0x00,
    0x00,0x00,0x00,0x00,0x00,0x00,0x00,0x00,0x00,0x00,0x00,0x00,0x00,0x00,0x00,0x00,
    0x00,0x00,0x00,0x00,0x00,0x00,0x00,0x00,0x00,0x00,0x00,0x00,0x00,0x00,0x00,0x00,
    0x00,0x00,0x00,0x00,0x00,0x00,0x00,0x00,0x00,0x00,0x00,0x00,0x00,0x00,0x00,0x00,
    0x00,0x00,0x40,0xff,0x20,0x20,0xe0,0xff,0x00,0x00,0x40,0xff,0x00,0x00,0x40,0xff,
    0x20,0x20,0xe0,0xff,0x00,0x00,0x40,0xff,0x00,0x00,0x40,0xff,0x20,0x20,0xe0,0xff,
    0x00,0x00,0x40,0xff,0x00,0x00,0x40,0xff,0x20,0x20,0xe0,0xff,0x00,0x00,0x40,0xff,
    0x00,0x00,0x40,0xff,0x20,0x20,0xe0,0xff,0x00,0x00,0x40,0xff,0x00,0x00,0x00,0x00,
    0x00,0x00,0x00,0x00,0x00,0x00,0x00,0x00,0x00,0x00,0x00,0x00,0x00,0x00,0x00,0x00,
    0x00,0x00,0x00,0x00,0x00,0x00,0x00,0x00,0x00,0x00,0x00,0x00,0x00,0x00,0x00,0x00,
    0x00,0x00,0x00,0x00,0x00,0x00,0x00,0x00,0x00,0x00,0x00,0x00,0x00,0x00,0x00,0x00,
    0x00,0x00,0x00,0x00,0x00,0x00,0x00,0x00,0x00,0x00,0x00,0x00,0x00,0x00,0x00,0x00,
    0x00,0x00,0x00,0x00,0x00,0x00,0x00,0x00,0x00,0x00,0x00,0x00,0x00,0x00,0x00,0x00,
    0x00,0x00,0x00,0x00,0x00,0x00,0x00,0x00,0x00,0x00,0x00,0x00,0x00,0x00,0x00,0x00,
    0x00,0x00,0x00,0x00,0x00,0x00,0x00,0x00,0x00,0x00,0x00,0x00,0x00,0x00,0x00,0x00,
    0x00,0x00,0x00,0x00,0x00,0x00,0x00,0x00,0x00,0x00,0x00,0x00,0x00,0x00,0x00,0x00,
    0x00,0x00,0x00,0x00,0x00,0x00,0x00,0x00,0x00,0x00,0x00,0x00,0x20,0x20,0xe0,0xff,
    0x20,0x20,0xe0,0xff,0x00,0x00,0x40,0xff,0x00,0x00,0x00,0x00,0x00,0x00,0x00,0x00,
    0x00,0x00,0x00,0x00,0x00,0x00,0x00,0x00,0x80,0x40,0x20,0xff,0x80,0x40,0x20,0xff,
    0xe0,0x00,0x00,0xff,0xe0,0x00,0x00,0xff,0xe0,0x00,0x00,0xff,0xe0,0x00,0x00,0xff,
    0x80,0x40,0x20,0xff,0x80,0x40,0x20,0xff,0x00,0x00,0x00,0x00,0x00,0x00,0x00,0x00,
    0x00,0x00,0x00,0x00,0x00,0x00,0x00,0x00,0x00,0x00,0x00,0x00,0x00,0x00,0x00,0x00,
    0x00,0x00,0x00,0x00,0x00,0x00,0x00,0x00,0x00,0x00,0x00,0x00,0x00,0x00,0x00,0x00,
    0x00,0x00,0x00,0x00,0x00,0x00,0x00,0x00,0x00,0x00,0x00,0x00,0x00,0x00,0x00,0x00,
    0x00,0x00,0x00,0x00,0x00,0x00,0x00,0x00,0x00,0x00,0x00,0x00,0x00,0x00,0x00,0x00,
    0x00,0x00,0x00,0x00,0x00,0x00,0x00,0x00,0x00,0x00,0x00,0x00,0x00,0x00,0x00,0x00,
    0x00,0x00,0x00,0x00,0x00,0x00,0x00,0x00,0x00,0x00,0x00,0x00,0x00,0x00,0x00,0x00,
    0x00,0x00,0x00,0x00,0x00,0x00,0x00,0x00,0x00,0x00,0x00,0x00,0x00,0x00,0x00,0x00,
    0x00,0x00,0x00,0x00,0x00,0x00,0x00,0x00,0x00,0x00,0x00,0x00,0x00,0x00,0x00,0x00,
    0x00,0x00,0x00,0x00,0x20,0x20,0xe0,0xff,0x20,0x20,0xe0,0xff,0x00,0x00,0x40,0xff,
    0x00,0x00,0x00,0x00,0x00,0x00,0x00,0x00,0x00,0x00,0x00,0x00,0x00,0x00,0x00,0x00,
    0x00,0x00,0x00,0x00,0x00,0x00,0x00,0x00,0x00,0x00,0x00,0x00,0x00,0x00,0x00,0x00,
    0x00,0x00,0x00,0x00,0x00,0x00,0x00,0x00,0x00,0x00,0x00,0x00,0x00,0x00,0x00,0x00,
    0x00,0x00,0x00,0x00,0x00,0x00,0x00,0x00,0x00,0x00,0x00,0x00,0x00,0x00,0x00,0x00,
    0x00,0x00,0x00,0x00,0x00,0x00,0x00,0x00,0x00,0x00,0x00,0x00,0x00,0x00,0x00,0x00,
    0x00,0x00,0x00,0x00,0x00,0x00,0x00,0x00,0x00,0x00,0x00,0x00,0x00,0x00,0x00,0x00,
    0x00,0x00,0x00,0x00,0x00,0x00,0x00,0x00,0x00,0x00,0x00,0x00,0x00,0x00,0x00,0x00,
    0x00,0x00,0x00,0x00,0x00,0x00,0x00,0x00,0x00,0x00,0x00,0x00,0x00,0x00,0x00,0x00,
    0x00,0x00,0x00,0x00,0x00,0x00,0x00,0x00,0x00,0x00,0x00,0x00,0x00,0x00,0x00,0x00,
    0x00,0x00,0x00,0x00,0x00,0x00,0x00,0x00,0x00,0x00,0x00,0x00,0x00,0x00,0x00,0x00,
    0xe0,0x00,0x00,0xff,0xe0,0xa0,0x80,0xff,0x80,0x40,0x20,0xff,0x80,0x40,0x20,0xff,
    0x80,0x40,0x20,0xff,0x80,0x40,0x20,0xff,0xe0,0xa0,0x80,0xff,0x00,0x00,0x00,0x00,
    0x00,0x00,0x00,0x00,0x00,0x00,0x00,0x00,0x00,0x00,0x00,0x00,0x00,0x00,0x00,0x00,
    0x00,0x00,0x00,0x00,0x00,0x00,0x00,0x00,0x00,0x00,0x00,0x00,0x00,0x00,0x00,0x00,
    0x00,0x00,0x00,0x00,0x00,0x00,0x00,0x00,0x00,0x00,0x00,0x00,0x00,0x00,0x00,0x00,
    0x00,0x00,0x00,0x00,0x00,0x00,0x00,0x00,0x00,0x00,0x00,0x00,0x00,0x00,0x00,0x00,
    0x00,0x00,0x00,0x00,0x00,0x00,0x00,0x00,0x00,0x00,0x00,0x00,0x00,0x00,0x00,0x00,
    0x00,0x00,0x00,0x00,0x00,0x00,0x00,0x00,0x00,0x00,0x00,0x00,0x00,0x00,0x00,0x00,
    0x00,0x00,0x00,0x00,0x00,0x00,0x00,0x00,0x00,0x00,0x00,0x00,0x00,0x00,0x00,0x00,
    0x00,0x00,0x00,0x00,0x00,0x00,0x00,0x00,0x00,0x00,0x00,0x00,0x00,0x00,0x00,0x00,
    0x00,0x00,0x00,0x00,0x00,0x00,0x00,0x00,0x00,0x00,0x00,0x00,0x00,0x00,0x00,0x00,
    0x00,0x00,0x00,0x00,0x00,0x00,0x00,0x00,0x00,0x00,0x00,0x00,0x00,0x00,0x00,0x00,
    0x00,0x00,0x00,0x00,0x00,0x00,0x00,0x00,0x00,0x00,0x00,0x00,0x00,0x00,0x00,0x00,
    0x00,0x00,0x00,0x00,0x20,0x20,0xe0,0xff,0x20,0x20,0xe0,0xff,0x00,0x00,0x40,0xff,
    0x00,0x00,0x00,0x00,0x00,0x00,0x00,0x00,0x00,0x00,0x00,0x00,0x00,0x00,0x00,0x00,
    0x00,0x00,0x00,0x00,0x00,0x00,0x00,0x00,0x00,0x00,0x00,0x00,0x00,0x00,0x00,0x00,
    0x00,0x00,0x00,0x00,0x00,0x00,0x00,0x00,0x00,0x00,0x00,0x00,0x00,0x00,0x00,0x00,
    0x00,0x00,0x00,0x00,0x00,0x00,0x00,0x00,0x00,0x00,0x00,0x00,0x00,0x00,0x00,0x00,
    0x00,0x00,0x00,0x00,0x00,0x00,0x00,0x00,0x00,0x00,0x00,0x00,0x00,0x00,0x00,0x00,
    0x00,0x00,0x00,0x00,0x00,0x00,0x00,0x00,0x00,0x00,0x00,0x00,0x00,0x00,0x00,0x00,
    0x00,0x00,0x00,0x00,0x00,0x00,0x00,0x00,0x00,0x00,0x00,0x00,0x00,0x00,0x00,0x00,
    0x00,0x00,0x00,0x00,0x00,0x00,0x00,0x00,0x00,0x00,0x00,0x00,0x00,0x00,0x00,0x00,
    0x00,0x00,0x00,0x00,0x00,0x00,0x00,0x00,0x00,0x00,0x00,0x00,0x00,0x00,0x00,0x00,
    0x00,0x00,0x00,0x00,0x00,0x00,0x00,0x00,0x00,0x00,0x00,0x00,0x00,0x00,0x00,0x00,
    0x00,0x00,0x00,0x00,0x00,0x00,0x00,0x00,0x00,0x00,0x00,0x00,0x20,0x20,0xe0,0xff,
    0x20,0x20,0xe0,0xff,0x00,0x00,0x40,0xff,0x00,0x00,0x00,0x00,0x00,0x00,0x00,0x00,
    0x00,0x00,0x00,0x00,0x00,0x00,0x00,0x00,0x80,0x40,0x20,0xff,0x80,0x40,0x20,0xff,
    0xe0,0x00,0x00,0xff,0xe0,0x00,0x00,0xff,0xe0,0x00,0x00,0xff,0xe0,0x00,0x00,0xff,
    0x80,0x40,0x20,0xff,0x80,0x40,0x20,0xff,0x00,0x00,0x00,0x00,0x00,0x00,0x00,0x00,
    0x00,0x00,0x00,0x00,0x00,0x00,0x00,0x00,0x00,0x00,0x00,0x00,0x00,0x00,0x00,0x00,
    0x00,0x00,0x00,0x00,0x00,0x00,0x00,0x00,0x00,0x00,0x00,0x00,0x00,0x00,0x00,0x00,
    0x00,0x00,0x00,0x00,0x00,0x00,0x00,0x00,0x00,0x00,0x00,0x00,0x00,0x00,0x00,0x00,
    0x00,0x00,0x00,0x00,0x00,0x00,0x00,0x00,0x00,0x00,0x00,0x00,0x00,0x00,0x00,0x00,
    0x00,0x00,0x00,0x00,0x00,0x00,0x00,0x00,0x00,0x00,0x00,0x00,0x00,0x00,0x00,0x00,
    0x00,0x00,0x00,0x00,0x00,0x00,0x00,0x00,0x00,0x00,0x40,0xff,0x00,0x00,0x40,0xff,
    0x20,0x00,0xa0,0xff,0x20,0x00,0xa0,0xff,0x20,0x20,0xe0,0xff,0x20,0x20,0xe0,0xff,
    0x20,0x20,0xe0,0xff,0x20,0x20,0xe0,0xff,0x20,0x20,0xe0,0xff,0x20,0x20,0xe0,0xff,
    0x20,0x20,0xe0,0xff,0x20,0x20,0xe0,0xff,0x20,0x20,0xe0,0xff,0x20,0x20,0xe0,0xff,
    0x20,0x20,0xe0,0xff,0x20,0x20,0xe0,0xff,0x20,0x20,0xe0,0xff,0x20,0x20,0xe0,0xff,
    0x20,0x20,0xe0,0xff,0x20,0x20,0xe0,0xff,0x20,0x20,0xe0,0xff,0x20,0x20,0xe0,0xff,
    0x20,0x00,0xa0,0xff,0x20,0x00,0xa0,0xff,0x00,0x00,0x40,0xff,0x00,0x00,0x40,0xff,
    0x00,0x00,0x00,0x00,0x00,0x00,0x00,0x00,0x00,0x00,0x00,0x00,0x00,0x00,0x00,0x00,
    0x00,0x00,0x00,0x00,0x00,0x00,0x00,0x00,0x00,0x00,0x00,0x00,0x00,0x00,0x00,0x00,
    0x00,0x00,0x00,0x00,0x00,0x00,0x00,0x00,0x00,0x00,0x00,0x00,0x00,0x00,0x00,0x00,
    0x00,0x00,0x00,0x00,0x00,0x00,0x00,0x00,0x00,0x00,0x00,0x00,0x00,0x00,0x00,0x00,
    0x00,0x00,0x00,0x00,0x00,0x00,0x00,0x00,0x00,0x00,0x00,0x00,0x00,0x00,0x00,0x00,
    0x00,0x00,0x00,0x00,0x00,0x00,0x00,0x00,0x20,0x00,0xa0,0xff,0x20,0x00,0xa0,0xff,
    0x20,0x00,0xa0,0xff,0x20,0x00,0xa0,0xff,0x20,0x00,0xa0,0xff,0x20,0x20,0xe0,0xff,
    0x20,0x00,0xa0,0xff,0x20,0x20,0xe0,0xff,0x20,0x20,0xe0,0xff,0x20,0x00,0xa0,0xff,
    0x20,0x00,0xa0,0xff,0x20,0x20,0xe0,0xff,0x40,0x40,0xe0,0xff,0xe0,0xe0,0xe0,0xff,
    0x40,0x40,0xe0,0xff,0x20,0x20,0xe0,0xff,0x20,0x20,0xe0,0xff,0x20,0x00,0xa0,0xff,
    0x20,0x20,0xe0,0xff,0x20,0x20,0xe0,0xff,0x20,0x00,0xa0,0xff,0x20,0x00,0xa0,0xff,
    0x20,0x20,0xe0,0xff,0x20,0x00,0xa0,0xff,0x20,0x00,0xa0,0xff,0x20,0x00,0xa0,0xff,
    0x00,0x00,0x00,0x00,0x00,0x00,0x00,0x00,0x00,0x00,0x00,0x00,0x00,0x00,0x00,0x00,
    0x00,0x00,0x00,0x00,0x00,0x00,0x00,0x00,0x00,0x00,0x00,0x00,0x00,0x00,0x00,0x00,
    0x00,0x00,0x00,0x00,0x00,0x00,0x00,0x00,0x00,0x00,0x00,0x00,0x00,0x00,0x00,0x00,
    0x00,0x00,0x00,0x00,0x00,0x00,0x00,0x00,0x00,0x00,0x00,0x00,0x00,0x00,0x00,0x00,
    0x00,0x00,0x00,0x00,0x00,0x00,0x00,0x00,0x00,0x00,0x00,0x00,0x00,0x00,0x00,0x00,
    0x00,0x00,0x00,0x00,0x00,0x00,0x00,0x00,0x00,0x00,0x40,0xff,0x00,0x00,0x40,0xff,
    0x20,0x00,0xa0,0xff,0x20,0x00,0xa0,0xff,0x20,0x20,0xe0,0xff,0x20,0x00,0xa0,0xff,
    0x20,0x20,0xe0,0xff,0x20,0x20,0xe0,0xff,0x20,0x00,0xa0,0xff,0x20,0x00,0xa0,0xff,
    0x20,0x00,0xa0,0xff,0x20,0x00,0xa0,0xff,0x40,0x40,0xe0,0xff,0x40,0x40,0xe0,0xff,
    0x40,0x40,0xe0,0xff,0x20,0x20,0xe0,0xff,0x20,0x00,0xa0,0xff,0x20,0x00,0xa0,0xff,
    0x20,0x00,0xa0,0xff,0x20,0x20,0xe0,0xff,0x20,0x20,0xe0,0xff,0x20,0x00,0xa0,0xff,
    0x20,0x00,0xa0,0xff,0x20,0x00,0xa0,0xff,0x00,0x00,0x40,0xff,0x00,0x00,0x40,0xff,
    0x00,0x00,0x00,0x00,0x00,0x00,0x00,0x00,0x00,0x00,0x00,0x00,0x00,0x00,0x00,0x00,
    0x00,0x00,0x00,0x00,0x00,0x00,0x00,0x00,0x00,0x00,0x00,0x00,0x00,0x00,0x00,0x00,
    0x00,0x00,0x00,0x00,0x00,0x00,0x00,0x00,0x00,0x00,0x00,0x00,0x00,0x00,0x00,0x00,
    0x00,0x00,0x00,0x00,0x00,0x00,0x00,0x00,0x00,0x00,0x00,0x00,0x00,0x00,0x00,0x00,
    0x00,0x00,0x00,0x00,0x00,0x00,0x00,0x00,0x00,0x00,0x00,0x00,0x00,0x00,0x00,0x00,
    0x00,0x00,0x00,0x00,0x00,0x00,0x00,0x00,0x00,0x00,0x40,0xff,0x20,0x00,0xa0,0xff,
    0x40,0x40,0xe0,0xff,0x40,0x40,0xe0,0xff,0x20,0x00,0xa0,0xff,0x00,0x00,0x40,0xff,
    0x00,0x00,0x40,0xff,0x00,0x00,0x40,0xff,0x00,0x00,0x40,0xff,0x00,0x00,0x40,0xff,
    0x00,0x00,0x40,0xff,0x20,0x00,0xa0,0xff,0x20,0x20,0xe0,0xff,0x20,0x20,0xe0,0xff,
    0x20,0x20,0xe0,0xff,0x20,0x00,0xa0,0xff,0x00,0x00,0x40,0xff,0x00,0x00,0x40,0xff,
    0x00,0x00,0x40,0xff,0x00,0x00,0x40,0xff,0x00,0x00,0x40,0xff,0x00,0x00,0x40,0xff,
    0x20,0x00,0xa0,0xff,0x40,0x40,0xe0,0xff,0x40,0x40,0xe0,0xff,0x20,0x00,0xa0,0xff,
    0x00,0x00,0x40,0xff,0x00,0x00,0x00,0x00,0x00,0x00,0x00,0x00,0x00,0x00,0x00,0x00,
    0x00,0x00,0x00,0x00,0x00,0x00,0x00,0x00,0x00,0x00,0x00,0x00,0x00,0x00,0x00,0x00,
    0x00,0x00,0x00,0x00,0x00,0x00,0x00,0x00,0x00,0x00,0x00,0x00,0x00,0x00,0x00,0x00,
    0x00,0x00,0x00,0x00,0x00,0x00,0x00,0x00,0x00,0x00,0x00,0x00,0x00,0x00,0x00,0x00,
    0x00,0x00,0x00,0x00,0x00,0x00,0x00,0x00,0x00,0x00,0x00,0x00,0x00,0x00,0x00,0x00,
    0x00,0x00,0x00,0x00,0x00,0x00,0x00,0x00,0x00,0x00,0x00,0x00,0x00,0x00,0x00,0x00,
    0x00,0x00,0x00,0x00,0x00,0x00,0x00,0x00,0x00,0x00,0x00,0x00,0x00,0x00,0x00,0x00,
    0x00,0x00,0x40,0xff,0x20,0x20,0xe0,0xff,0x00,0x00,0x00,0x00,0x20,0x20,0xe0,0xff,
    0x20,0x20,0xe0,0xff,0x00,0x00,0x40,0xff,0x00,0x00,0x00,0x00,0x20,0x20,0xe0,0xff,
    0x00,0x00,0x00,0x00,0x00,0x00,0x40,0xff,0x20,0x20,0xe0,0xff,0x20,0x20,0xe0,0xff,
    0x00,0x00,0x00,0x00,0x20,0x20,0xe0,0xff,0x00,0x00,0x40,0xff,0x00,0x00,0x00,0x00,
    0x00,0x00,0x00,0x00,0x00,0x00,0x00,0x00,0x00,0x00,0x00,0x00,0x00,0x00,0x00,0x00,
    0x00,0x00,0x00,0x00,0x00,0x00,0x00,0x00,0x00,0x00,0x00,0x00,0x00,0x00,0x00,0x00,
    0x00,0x00,0x00,0x00,0x00,0x00,0x00,0x00,0x00,0x00,0x00,0x00,0x00,0x00,0x00,0x00,
    0x00,0x00,0x00,0x00,0x00,0x00,0x00,0x00,0x00,0x00,0x00,0x00,0x00,0x00,0x00,0x00,
    0x00,0x00,0x00,0x00,0x00,0x00,0x00,0x00,0x00,0x00,0x00,0x00,0x00,0x00,0x00,0x00,
    0x00,0x00,0x00,0x00,0x00,0x00,0x00,0x00,0x00,0x00,0x00,0x00,0x00,0x00,0x00,0x00,
    0x00,0x00,0x00,0x00,0x00,0x00,0x00,0x00,0x00,0x00,0x00,0x00,0x00,0x00,0x00,0x00,
    0x00,0x00,0x00,0x00,0x00,0x00,0x00,0x00,0x00,0x00,0x00,0x00,0x00,0x00,0x00,0x00,
    0x00,0x00,0x40,0xff,0x20,0x20,0xe0,0xff,0x26,0x7b,0xda,0xff,0x20,0x20,0xe0,0xff,
    0x20,0x20,0xe0,0xff,0x00,0x00,0x40,0xff,0x00,0x00,0x00,0x00,0x20,0x20,0xe0,0xff,
    0x00,0x00,0x00,0x00,0x00,0x00,0x40,0xff,0x20,0x20,0xe0,0xff,0x20,0x20,0xe0,0xff,
    0x26,0x7b,0xda,0xff,0x20,0x20,0xe0,0xff,0x00,0x00,0x40,0xff,0x00,0x00,0x00,0x00,
    0x00,0x00,0x00,0x00,0x00,0x00,0x00,0x00,0x00,0x00,0x00,0x00,0x00,0x00,0x00,0x00,
    0x00,0x00,0x00,0x00,0x00,0x00,0x00,0x00,0x00,0x00,0x00,0x00,0x00,0x00,0x00,0x00,
    0x00,0x00,0x00,0x00,0x00,0x00,0x00,0x00,0x00,0x00,0x00,0x00,0x00,0x00,0x00,0x00,
    0x00,0x00,0x00,0x00,0x00,0x00,0x00,0x00,0x00,0x00,0x00,0x00,0x00,0x00,0x00,0x00,
    0x00,0x00,0x00,0x00,0x00,0x00,0x00,0x00,0x00,0x00,0x00,0x00,0x00,0x00,0x00,0x00,
    0x00,0x00,0x00,0x00,0x00,0x00,0x00,0x00,0x00,0x00,0x00,0x00,0x00,0x00,0x00,0x00,
    0x00,0x00,0x00,0x00,0x00,0x00,0x00,0x00,0x00,0x00,0x00,0x00,0x00,0x00,0x00,0x00,
    0x00,0x00,0x00,0x00,0x00,0x00,0x00,0x00,0x00,0x00,0x00,0x00,0x00,0x00,0x00,0x00,
    0x00,0x00,0x00,0x00,0x00,0x00,0x00,0x00,0x00,0x00,0x00,0x00,0x00,0x00,0x00,0x00,
    0x00,0x00,0x00,0x00,0x00,0x00,0x00,0x00,0x00,0x00,0x00,0x00,0x00,0x00,0x00,0x00,
    0xe0,0xe0,0xe0,0xff,0x60,0x60,0xa0,0xff,0x60,0x60,0xa0,0xff,0xe0,0xe0,0xe0,0xff,
    0x00,0x00,0x00,0x00,0x00,0x00,0x00,0x00,0x00,0x00,0x00,0x00,0x00,0x00,0x00,0x00,
    0x00,0x00,0x00,0x00,0x00,0x00,0x00,0x00,0x00,0x00,0x00,0x00,0x00,0x00,0x00,0x00,
    0x00,0x00,0x00,0x00,0x00,0x00,0x00,0x00,0x00,0x00,0x00,0x00,0x00,0x00,0x00,0x00,
    0x00,0x00,0x00,0x00,0x00,0x00,0x00,0x00,0x00,0x00,0x00,0x00,0x00,0x00,0x00,0x00,
    0x00,0x00,0x00,0x00,0x00,0x00,0x00,0x00,0x00,0x00,0x00,0x00,0x00,0x00,0x00,0x00,
    0x00,0x00,0x00,0x00,0x00,0x00,0x00,0x00,0x00,0x00,0x00,0x00,0x00,0x00,0x00,0x00,
    0x00,0x00,0x00,0x00,0x00,0x00,0x00,0x00,0x00,0x00,0x00,0x00,0x00,0x00,0x00,0x00,
    0x00,0x00,0x00,0x00,0x00,0x00,0x00,0x00,0x00,0x00,0x00,0x00,0x00,0x00,0x00,0x00,
    0x00,0x00,0x00,0x00,0x00,0x00,0x00,0x00,0x00,0x00,0x00,0x00,0x00,0x00,0x00,0x00,
    0x00,0x00,0x00,0x00,0x00,0x00,0x00,0x00,0x00,0x00,0x00,0x00,0x00,0x00,0x00,0x00,
    0x00,0x00,0x00,0x00,0x00,0x00,0x00,0x00,0x00,0x00,0x00,0x00,0x80,0x40,0x20,0xff,
    0x80,0x40,0x20,0xff,0x80,0x40,0x20,0xff,0x80,0x40,0x20,0xff,0x80,0x40,0x20,0xff,
    0x80,0x40,0x20,0xff,0xe0,0x00,0x00,0xff,0x80,0x40,0x20,0xff,0x00,0x00,0x00,0x00,
    0x00,0x00,0x00,0x00,0x00,0x00,0x00,0x00,0x00,0x00,0x00,0x00,0x00,0x00,0x00,0x00,
    0x00,0x00,0x00,0x00,0x00,0x00,0x00,0x00,0x00,0x00,0x00,0x00,0x00,0x00,0x00,0x00,
    0x00,0x00,0x00,0x00,0x00,0x00,0x00,0x00,0x00,0x00,0x00,0x00,0x00,0x00,0x00,0x00,
    0x00,0x00,0x00,0x00,0x00,0x00,0x00,0x00,0x00,0x00,0x00,0x00,0x00,0x00,0x00,0x00,
    0x00,0x00,0x00,0x00,0x00,0x00,0x00,0x00,0x00,0x00,0x00,0x00,0x00,0x00,0x00,0x00,
    0x00,0x00,0x00,0x00,0x00,0x00,0x00,0x00,0x00,0x00,0x00,0x00,0x00,0x00,0x00,0x00,
    0x00,0x00,0x00,0x00,0x00,0x00,0x00,0x00,0x00,0x00,0x00,0x00,0x00,0x00,0x00,0x00,
    0x00,0x00,0x00,0x00,0x00,0x00,0x00,0x00,0x00,0x00,0x00,0x00,0x00,0x00,0x00,0x00,
    0x00,0x00,0x00,0x00,0x00,0x00,0x00,0x00,0x00,0x00,0x00,0x00,0x00,0x00,0x00,0x00,
    0x00,0x00,0x00,0x00,0x00,0x00,0x00,0x00,0x00,0x00,0x00,0x00,0x00,0x00,0x00,0x00,
    0xe0,0xe0,0xe0,0xff,0x60,0x60,0xa0,0xff,0x60,0x60,0xa0,0xff,0xe0,0xe0,0xe0,0xff,
    0x00,0x00,0x00,0x00,0x00,0x00,0x00,0x00,0x00,0x00,0x00,0x00,0x00,0x00,0x00,0x00,
    0x00,0x00,0x00,0x00,0x00,0x00,0x00,0x00,0x00,0x00,0x00,0x00,0x00,0x00,0x00,0x00,
    0x00,0x00,0x00,0x00,0x00,0x00,0x00,0x00,0x00,0x00,0x00,0x00,0x00,0x00,0x00,0x00,
    0x00,0x00,0x00,0x00,0x00,0x00,0x00,0x00,0x00,0x00,0x00,0x00,0x00,0x00,0x00,0x00,
    0x00,0x00,0x00,0x00,0x00,0x00,0x00,0x00,0x00,0x00,0x00,0x00,0x00,0x00,0x00,0x00,
    0x00,0x00,0x00,0x00,0x00,0x00,0x00,0x00,0x00,0x00,0x00,0x00,0x00,0x00,0x00,0x00,
    0x00,0x00,0x00,0x00,0x00,0x00,0x00,0x00,0x00,0x00,0x00,0x00,0x00,0x00,0x00,0x00,
    0x00,0x00,0x00,0x00,0x00,0x00,0x00,0x00,0x00,0x00,0x00,0x00,0x00,0x00,0x00,0x00,
    0x00,0x00,0x00,0x00,0x00,0x00,0x00,0x00,0x00,0x00,0x00,0x00,0x80,0x40,0x20,0xff,
    0x80,0x40,0x20,0xff,0x80,0x40,0x20,0xff,0x80,0x40,0x20,0xff,0x80,0x40,0x20,0xff,
    0x80,0x40,0x20,0xff,0x00,0x00,0x00,0x00,0x00,0x00,0x00,0x00,0x00,0x00,0x00,0x00,
    0x00,0x00,0x00,0x00,0x80,0x40,0x20,0xff,0x00,0x00,0x40,0xff,0x20,0x20,0xe0,0xff,
    0x20,0x20,0xe0,0xff,0x80,0x40,0x20,0xff,0x00,0x00,0x00,0x00,0x00,0x00,0x00,0x00,
    0x00,0x00,0x00,0x00,0x00,0x00,0x00,0x00,0x00,0x00,0x00,0x00,0x00,0x00,0x00,0x00,
    0x00,0x00,0x00,0x00,0x00,0x00,0x00,0x00,0x00,0x00,0x00,0x00,0x00,0x00,0x00,0x00,
    0x00,0x00,0x00,0x00,0x00,0x00,0x00,0x00,0x00,0x00,0x00,0x00,0x00,0x00,0x00,0x00,
    0x00,0x00,0x00,0x00,0x00,0x00,0x00,0x00,0x00,0x00,0x00,0x00,0x00,0x00,0x00,0x00,
    0x00,0x00,0x00,0x00,0x00,0x00,0x00,0x00,0x00,0x00,0x00,0x00,0x00,0x00,0x00,0x00,
    0x00,0x00,0x00,0x00,0x00,0x00,0x00,0x00,0x00,0x00,0x00,0x00,0x00,0x00,0x00,0x00,
    0x00,0x00,0x00,0x00,0x00,0x00,0x00,0x00,0x00,0x00,0x00,0x00,0x00,0x00,0x00,0x00,
    0x00,0x00,0x00,0x00,0x00,0x00,0x00,0x00,0x00,0x00,0x00,0x00,0x00,0x00,0x00,0x00,
    0x00,0x00,0x40,0xff,0x20,0x20,0xe0,0xff,0x1b,0x59,0x99,0xff,0x20,0x20,0xe0,0xff,
    0x20,0x20,0xe0,0xff,0x00,0x00,0x40,0xff,0x00,0x00,0x00,0x00,0x20,0x20,0xe0,0xff,
    0x00,0x00,0x00,0x00,0x00,0x00,0x40,0xff,0x20,0x20,0xe0,0xff,0x20,0x20,0xe0,0xff,
    0x1b,0x59,0x99,0xff,0x20,0x20,0xe0,0xff,0x00,0x00,0x40,0xff,0x00,0x00,0x00,0x00,
    0x00,0x00,0x00,0x00,0x00,0x00,0x00,0x00,0x00,0x00,0x00,0x00,0x00,0x00,0x00,0x00,
    0x00,0x00,0x00,0x00,0x00,0x00,0x00,0x00,0x00,0x00,0x00,0x00,0x00,0x00,0x00,0x00,
    0x00,0x00,0x00,0x00,0x00,0x00,0x00,0x00,0x00,0x00,0x00,0x00,0x00,0x00,0x00,0x00,
    0x00,0x00,0x00,0x00,0x00,0x00,0x00,0x00,0x00,0x00,0x00,0x00,0x00,0x00,0x00,0x00,
    0x00,0x00,0x00,0x00,0x00,0x00,0x00,0x00,0x00,0x00,0x00,0x00,0x00,0x00,0x00,0x00,
    0x00,0x00,0x00,0x00,0x00,0x00,0x00,0x00,0x00,0x00,0x00,0x00,0x00,0x00,0x00,0x00,
    0x00,0x00,0x00,0x00,0x00,0x00,0x00,0x00,0x00,0x00,0x00,0x00,0x00,0x00,0x00,0x00,
    0x00,0x00,0x00,0x00,0x00,0x00,0x00,0x00,0x00,0x00,0x00,0x00,0x00,0x00,0x00,0x00,
    0x00,0x00,0x00,0x00,0x00,0x00,0x00,0x00,0x80,0x40,0x20,0xff,0x20,0x20,0xe0,0xff,
    0x20,0x20,0xe0,0xff,0x00,0x00,0x40,0xff,0x80,0x40,0x20,0xff,0x00,0x00,0x00,0x00,
    0x00,0x00,0x00,0x00,0x00,0x00,0x00,0x00,0x00,0x00,0x00,0x00,0x80,0x40,0x20,0xff,
    0x80,0x40,0x20,0xff,0x80,0x40,0x20,0xff,0x80,0x40,0x20,0xff,0x80,0x40,0x20,0xff,
    0x80,0x40,0x20,0xff,0x00,0x00,0x00,0x00,0x00,0x00,0x00,0x00,0x00,0x00,0x00,0x00,
    0x00,0x00,0x00,0x00,0x00,0x00,0x00,0x00,0x00,0x00,0x00,0x00,0x00,0x00,0x00,0x00,
    0x00,0x00,0x00,0x00,0x00,0x00,0x00,0x00,0x00,0x00,0x00,0x00,0x00,0x00,0x00,0x00,
    0x00,0x00,0x00,0x00,0x00,0x00,0x00,0x00,0x00,0x00,0x00,0x00,0x00,0x00,0x00,0x00,
    0x00,0x00,0x00,0x00,0x00,0x00,0x00,0x00,0x00,0x00,0x00,0x00,0x00,0x00,0x00,0x00,
    0x00,0x00,0x00,0x00,0x00,0x00,0x00,0x00,0x00,0x00,0x00,0x00,0x00,0x00,0x00,0x00,
    0x00,0x00,0x00,0x00,0x00,0x00,0x00,0x00,0x00,0x00,0x00,0x00,0x00,0x00,0x00,0x00,
    0x00,0x00,0x00,0x00,0x00,0x00,0x00,0x00,0x00,0x00,0x00,0x00,0x00,0x00,0x00,0x00,
    0x00,0x00,0x00,0x00,0x00,0x00,0x00,0x00,0x00,0x00,0x00,0x00,0x00,0x00,0x00,0x00,
    0xe0,0xe0,0xe0,0xff,0x60,0x60,0xa0,0xff,0x60,0x60,0xa0,0xff,0xe0,0xe0,0xe0,0xff,
    0x00,0x00,0x00,0x00,0x00,0x00,0x00,0x00,0x00,0x00,0x00,0x00,0x00,0x00,0x00,0x00,
    0x00,0x00,0x00,0x00,0x00,0x00,0x00,0x00,0x00,0x00,0x00,0x00,0x00,0x00,0x00,0x00,
    0x00,0x00,0x00,0x00,0x00,0x00,0x00,0x00,0x00,0x00,0x00,0x00,0x00,0x00,0x00,0x00,
    0x00,0x00,0x00,0x00,0x00,0x00,0x00,0x00,0x00,0x00,0x00,0x00,0x00,0x00,0x00,0x00,
    0x00,0x00,0x00,0x00,0x00,0x00,0x00,0x00,0x00,0x00,0x00,0x00,0x00,0x00,0x00,0x00,
    0x00,0x00,0x00,0x00,0x00,0x00,0x00,0x00,0x00,0x00,0x00,0x00,0x00,0x00,0x00,0x00,
    0x00,0x00,0x00,0x00,0x00,0x00,0x00,0x00,0x00,0x00,0x00,0x00,0x00,0x00,0x00,0x00,
    0x00,0x00,0x00,0x00,0x00,0x00,0x00,0x00,0x00,0x00,0x00,0x00,0x00,0x00,0x00,0x00,
    0x00,0x00,0x00,0x00,0x00,0x00,0x00,0x00,0x00,0x00,0x00,0x00,0x00,0x00,0x00,0x00,
    0x00,0x00,0x00,0x00,0x00,0x00,0x00,0x00,0x00,0x00,0x00,0x00,0x80,0x40,0x20,0xff,
    0xe0,0x00,0x00,0xff,0x80,0x40,0x20,0xff,0x80,0x40,0x20,0xff,0x80,0x40,0x20,0xff,
    0x80,0x40,0x20,0xff,0x80,0x40,0x20,0xff,0x80,0x40,0x20,0xff,0x00,0x00,0x00,0x00,
    0x00,0x00,0x00,0x00,0x00,0x00,0x00,0x00,0x00,0x00,0x00,0x00,0x00,0x00,0x00,0x00,
    0x00,0x00,0x00,0x00,0x00,0x00,0x00,0x00,0x00,0x00,0x00,0x00,0x00,0x00,0x00,0x00,
    0x00,0x00,0x00,0x00,0x00,0x00,0x00,0x00,0x00,0x00,0x00,0x00,0x00,0x00,0x00,0x00,
    0x00,0x00,0x00,0x00,0x00,0x00,0x00,0x00,0x00,0x00,0x00,0x00,0x00,0x00,0x00,0x00,
    0x00,0x00,0x00,0x00,0x00,0x00,0x00,0x00,0x00,0x00,0x00,0x00,0x00,0x00,0x00,0x00,
    0x00,0x00,0x00,0x00,0x00,0x00,0x00,0x00,0x00,0x00,0x00,0x00,0x00,0x00,0x00,0x00,
    0x00,0x00,0x00,0x00,0x00,0x00,0x00,0x00,0x00,0x00,0x00,0x00,0x00,0x00,0x00,0x00,
    0x00,0x00,0x00,0x00,0x00,0x00,0x00,0x00,0x00,0x00,0x00,0x00,0x00,0x00,0x00,0x00,
    0x00,0x00,0x00,0x00,0x00,0x00,0x00,0x00,0x00,0x00,0x00,0x00,0x00,0x00,0x00,0x00,
    0x00,0x00,0x00,0x00,0x00,0x00,0x00,0x00,0x00,0x00,0x00,0x00,0x00,0x00,0x00,0x00,
    0x00,0x00,0x00,0x00,0x00,0x00,0x00,0x00,0x00,0x00,0x00,0x00,0x00,0x00,0x00,0x00,
    0xe0,0xe0,0xe0,0xff,0x60,0x60,0xa0,0xff,0x60,0x60,0xa0,0xff,0xe0,0xe0,0xe0,0xff,
    0x00,0x00,0x00,0x00,0x00,0x00,0x00,0x00,0x00,0x00,0x00,0x00,0x00,0x00,0x00,0x00,
    0x00,0x00,0x00,0x00,0x00,0x00,0x00,0x00,0x00,0x00,0x00,0x00,0x00,0x00,0x00,0x00,
    0x00,0x00,0x00,0x00,0x00,0x00,0x00,0x00,0x00,0x00,0x00,0x00,0x00,0x00,0x00,0x00,
    0x00,0x00,0x00,0x00,0x00,0x00,0x00,0x00,0x00,0x00,0x00,0x00,0x00,0x00,0x00,0x00,
    0x00,0x00,0x00,0x00,0x00,0x00,0x00,0x00,0x00,0x00,0x00,0x00,0x00,0x00,0x00,0x00,
    0x00,0x00,0x00,0x00,0x00,0x00,0x00,0x00,0x00,0x00,0x00,0x00,0x00,0x00,0x00,0x00,
    0x00,0x00,0x00,0x00,0x00,0x00,0x00,0x00,0x00,0x00,0x00,0x00,0x00,0x00,0x00,0x00,
    0x00,0x00,0x00,0x00,0x00,0x00,0x00,0x00,0x00,0x00,0x00,0x00,0x00,0x00,0x00,0x00,
    0x00,0x00,0x00,0x00,0x00,0x00,0x00,0x00,0x00,0x00,0x00,0x00,0x00,0x00,0x00,0x00,
    0x00,0x00,0x00,0x00,0x00,0x00,0x00,0x00,0x00,0x00,0x00,0x00,0x00,0x00,0x00,0x00,
    0x00,0x00,0x00,0x00,0x00,0x00,0x00,0x00,0x80,0x40,0x20,0xff,0x20,0x20,0xe0,0xff,
    0x20,0x20,0xe0,0xff,0x00,0x00,0x40,0xff,0x80,0x40,0x20,0xff,0x00,0x00,0x00,0x00,
    0x00,0x00,0x00,0x00,0x00,0x00,0x00,0x00,0x00,0x00,0x00,0x00,0x80,0x40,0x20,0xff,
    0x80,0x40,0x20,0xff,0x80,0x40,0x20,0xff,0x80,0x40,0x20,0xff,0x80,0x40,0x20,0xff,
    0x80,0x40,0x20,0xff,0x00,0x00,0x00,0x00,0x00,0x00,0x00,0x00,0x00,0x00,0x00,0x00,
    0x00,0x00,0x00,0x00,0x00,0x00,0x00,0x00,0x00,0x00,0x00,0x00,0x00,0x00,0x00,0x00,
    0x00,0x00,0x00,0x00,0x00,0x00,0x00,0x00,0x00,0x00,0x00,0x00,0x00,0x00,0x00,0x00,
    0x00,0x00,0x00,0x00,0x00,0x00,0x00,0x00,0x00,0x00,0x00,0x00,0x00,0x00,0x00,0x00,
    0x00,0x00,0x00,0x00,0x00,0x00,0x00,0x00,0x00,0x00,0x00,0x00,0x00,0x00,0x00,0x00,
    0x00,0x00,0x00,0x00,0x00,0x00,0x00,0x00,0x00,0x00,0x00,0x00,0x00,0x00,0x00,0x00,
    0x00,0x00,0x00,0x00,0x00,0x00,0x00,0x00,0x00,0x00,0x40,0xff,0x00,0x00,0x40,0xff,
    0x20,0x00,0xa0,0xff,0x20,0x00,0xa0,0xff,0x20,0x00,0xa0,0xff,0x20,0x20,0xe0,0xff,
    0x20,0x20,0xe0,0xff,0x20,0x20,0xe0,0xff,0x20,0x20,0xe0,0xff,0x20,0x20,0xe0,0xff,
    0x20,0x20,0xe0,0xff,0x20,0x20,0xe0,0xff,0x20,0x20,0xe0,0xff,0x20,0x20,0xe0,0xff,
    0x20,0x20,0xe0,0xff,0x20,0x20,0xe0,0xff,0x20,0x20,0xe0,0xff,0x20,0x20,0xe0,0xff,
    0x20,0x20,0xe0,0xff,0x20,0x20,0xe0,0xff,0x20,0x20,0xe0,0xff,0x20,0x00,0xa0,0xff,
    0x20,0x00,0xa0,0xff,0x20,0x00,0xa0,0xff,0x00,0x00,0x40,0xff,0x00,0x00,0x40,0xff,
    0x00,0x00,0x00,0x00,0x00,0x00,0x00,0x00,0x00,0x00,0x00,0x00,0x00,0x00,0x00,0x00,
    0x00,0x00,0x00,0x00,0x00,0x00,0x00,0x00,0x00,0x00,0x00,0x00,0x00,0x00,0x00,0x00,
    0x00,0x00,0x00,0x00,0x00,0x00,0x00,0x00,0x00,0x00,0x00,0x00,0x00,0x00,0x00,0x00,
    0x00,0x00,0x00,0x00,0x00,0x00,0x00,0x00,0x00,0x00,0x00,0x00,0x00,0x00,0x00,0x00,
    0x00,0x00,0x00,0x00,0x00,0x00,0x00,0x00,0x00,0x00,0x00,0x00,0x00,0x00,0x00,0x00,
    0x00,0x00,0x00,0x00,0x00,0x00,0x00,0x00,0x00,0x00,0x40,0xff,0x20,0x00,0xa0,0xff,
    0x20,0x00,0xa0,0xff,0x20,0x00,0xa0,0xff,0x20,0x00,0xa0,0xff,0x20,0x20,0xe0,0xff,
    0x40,0x40,0xe0,0xff,0x20,0x20,0xe0,0xff,0x20,0x20,0xe0,0xff,0x20,0x00,0xa0,0xff,
    0x20,0x00,0xa0,0xff,0x20,0x20,0xe0,0xff,0x40,0x40,0xe0,0xff,0x40,0x40,0xe0,0xff,
    0x40,0x40,0xe0,0xff,0x20,0x20,0xe0,0xff,0x20,0x20,0xe0,0xff,0x20,0x00,0xa0,0xff,
    0x20,0x20,0xe0,0xff,0x20,0x20,0xe0,0xff,0x40,0x40,0xe0,0xff,0x20,0x00,0xa0,0xff,
    0x20,0x20,0xe0,0xff,0x20,0x00,0xa0,0xff,0x20,0x00,0xa0,0xff,0x00,0x00,0x40,0xff,
    0x00,0x00,0x00,0x00,0x00,0x00,0x00,0x00,0x00,0x00,0x00,0x00,0x00,0x00,0x00,0x00,
    0x00,0x00,0x00,0x00,0x00,0x00,0x00,0x00,0x00,0x00,0x00,0x00,0x00,0x00,0x00,0x00,
    0x00,0x00,0x00,0x00,0x00,0x00,0x00,0x00,0x00,0x00,0x00,0x00,0x00,0x00,0x00,0x00,
    0x00,0x00,0x00,0x00,0x00,0x00,0x00,0x00,0x00,0x00,0x00,0x00,0x00,0x00,0x00,0x00,
    0x00,0x00,0x00,0x00,0x00,0x00,0x00,0x00,0x00,0x00,0x00,0x00,0x00,0x00,0x00,0x00,
    0x00,0x00,0x00,0x00,0x00,0x00,0x00,0x00,0x00,0x00,0x40,0xff,0x00,0x00,0x40,0xff,
    0x20,0x00,0xa0,0xff,0x20,0x00,0xa0,0xff,0x20,0x00,0xa0,0xff,0x20,0x00,0xa0,0xff,
    0x20,0x20,0xe0,0xff,0x20,0x20,0xe0,0xff,0x20,0x20,0xe0,0xff,0x20,0x00,0xa0,0xff,
    0x20,0x00,0xa0,0xff,0x20,0x00,0xa0,0xff,0x40,0x40,0xe0,0xff,0x40,0x40,0xe0,0xff,
    0x40,0x40,0xe0,0xff,0x20,0x20,0xe0,0xff,0x20,0x00,0xa0,0xff,0x20,0x00,0xa0,0xff,
    0x20,0x20,0xe0,0xff,0x20,0x20,0xe0,0xff,0x20,0x20,0xe0,0xff,0x20,0x20,0xe0,0xff,
    0x20,0x00,0xa0,0xff,0x20,0x00,0xa0,0xff,0x00,0x00,0x40,0xff,0x00,0x00,0x40,0xff,
    0x00,0x00,0x00,0x00,0x00,0x00,0x00,0x00,0x00,0x00,0x00,0x00,0x00,0x00,0x00,0x00,
    0x00,0x00,0x00,0x00,0x00,0x00,0x00,0x00,0x00,0x00,0x00,0x00,0x00,0x00,0x00,0x00,
    0x00,0x00,0x00,0x00,0x00,0x00,0x00,0x00,0x00,0x00,0x00,0x00,0x00,0x00,0x00,0x00,
    0x00,0x00,0x00,0x00,0x00,0x00,0x00,0x00,0x00,0x00,0x00,0x00,0x00,0x00,0x00,0x00,
    0x00,0x00,0x00,0x00,0x00,0x00,0x00,0x00,0x00,0x00,0x00,0x00,0x00,0x00,0x00,0x00,
    0x00,0x00,0x00,0x00,0x00,0x00,0x00,0x00,0x00,0x00,0x40,0xff,0x20,0x00,0xa0,0xff,
    0x40,0x40,0xe0,0xff,0x20,0x00,0xa0,0xff,0x00,0x00,0x40,0xff,0x00,0x00,0x40,0xff,
    0x00,0x00,0x40,0xff,0x00,0x00,0x40,0xff,0x00,0x00,0x40,0xff,0x00,0x00,0x40,0xff,
    0x00,0x00,0x40,0xff,0x00,0x00,0x40,0xff,0x20,0x00,0xa0,0xff,0x20,0x00,0xa0,0xff,
    0x20,0x00,0xa0,0xff,0x00,0x00,0x40,0xff,0x00,0x00,0x40,0xff,0x00,0x00,0x40,0xff,
    0x00,0x00,0x40,0xff,0x00,0x00,0x40,0xff,0x00,0x00,0x40,0xff,0x00,0x00,0x40,0xff,
    0x00,0x00,0x40,0xff,0x20,0x00,0xa0,0xff,0x40,0x40,0xe0,0xff,0x20,0x00,0xa0,0xff,
    0x00,0x00,0x40,0xff,0x00,0x00,0x00,0x00,0x00,0x00,0x00,0x00,0x00,0x00,0x00,0x00,
    0x00,0x00,0x00,0x00,0x00,0x00,0x00,0x00,0x00,0x00,0x00,0x00,0x00,0x00,0x00,0x00,
    0x00,0x00,0x00,0x00,0x00,0x00,0x00,0x00,0x00,0x00,0x00,0x00,0x00,0x00,0x00,0x00,
    0x00,0x00,0x00,0x00,0x00,0x00,0x00,0x00,0x00,0x00,0x00,0x00,0x00,0x00,0x00,0x00,
    0x00,0x00,0x00,0x00,0x00,0x00,0x00,0x00,0x00,0x00,0x00,0x00,0x00,0x00,0x00,0x00,
    0x00,0x00,0x00,0x00,0x00,0x00,0x00,0x00,0x00,0x00,0x00,0x00,0x00,0x00,0x00,0x00,
    0x00,0x00,0x00,0x00,0x00,0x00,0x00,0x00,0x00,0x00,0x00,0x00,0x00,0x00,0x00,0x00,
    0x00,0x00,0x40,0xff,0x80,0x40,0x20,0xff,0x80,0x40,0x20,0xff,0x20,0x20,0xe0,0xff,
    0x20,0x20,0xe0,0xff,0x00,0x00,0x40,0xff,0x00,0x00,0x00,0x00,0x00,0x00,0x00,0x00,
    0x00,0x00,0x00,0x00,0x00,0x00,0x40,0xff,0x20,0x20,0xe0,0xff,0x20,0x20,0xe0,0xff,
    0x80,0x40,0x20,0xff,0x80,0x40,0x20,0xff,0x00,0x00,0x40,0xff,0x00,0x00,0x00,0x00,
    0x00,0x00,0x00,0x00,0x00,0x00,0x00,0x00,0x00,0x00,0x00,0x00,0x00,0x00,0x00,0x00,
    0x00,0x00,0x00,0x00,0x00,0x00,0x00,0x00,0x00,0x00,0x00,0x00,0x00,0x00,0x00,0x00,
    0x00,0x00,0x00,0x00,0x00,0x00,0x00,0x00,0x00,0x00,0x00,0x00,0x00,0x00,0x00,0x00,
    0x00,0x00,0x00,0x00,0x00,0x00,0x00,0x00,0x00,0x00,0x00,0x00,0x00,0x00,0x00,0x00,
    0x00,0x00,0x00,0x00,0x00,0x00,0x00,0x00,0x00,0x00,0x00,0x00,0x00,0x00,0x00,0x00,
    0x00,0x00,0x00,0x00,0x00,0x00,0x00,0x00,0x00,0x00,0x00,0x00,0x00,0x00,0x00,0x00,
    0x00,0x00,0x00,0x00,0x00,0x00,0x00,0x00,0x00,0x00,0x00,0x00,0x00,0x00,0x00,0x00,
    0x00,0x00,0x00,0x00,0x00,0x00,0x00,0x00,0x00,0x00,0x00,0x00,0x00,0x00,0x00,0x00,
    0x00,0x00,0x40,0xff,0x80,0x40,0x20,0xff,0x80,0x40,0x20,0xff,0x20,0x20,0xe0,0xff,
    0x20,0x20,0xe0,0xff,0x00,0x00,0x40,0xff,0x00,0x00,0x00,0x00,0x00,0x00,0x00,0x00,
    0x00,0x00,0x00,0x00,0x00,0x00,0x40,0xff,0x20,0x20,0xe0,0xff,0x20,0x20,0xe0,0xff,
    0x80,0x40,0x20,0xff,0x80,0x40,0x20,0xff,0x00,0x00,0x40,0xff,0x00,0x00,0x00,0x00,
    0x00,0x00,0x00,0x00,0x00,0x00,0x00,0x00,0x00,0x00,0x00,0x00,0x00,0x00,0x00,0x00,
    0x00,0x00,0x00,0x00,0x00,0x00,0x00,0x00,0x00,0x00,0x00,0x00,0x00,0x00,0x00,0x00,
    0x00,0x00,0x00,0x00,0x00,0x00,0x00,0x00,0x00,0x00,0x00,0x00,0x00,0x00,0x00,0x00,
    0x00,0x00,0x00,0x00,0x00,0x00,0x00,0x00,0x00,0x00,0x00,0x00,0x00,0x00,0x00,0x00,
    0x00,0x00,0x00,0x00,0x00,0x00,0x00,0x00,0x00,0x00,0x00,0x00,0x00,0x00,0x00,0x00,
    0x00,0x00,0x00,0x00,0x00,0x00,0x00,0x00,0x00,0x00,0x00,0x00,0x00,0x00,0x00,0x00,
    0x00,0x00,0x00,0x00,0x00,0x00,0x00,0x00,0x00,0x00,0x00,0x00,0x00,0x00,0x00,0x00,
    0x00,0x00,0x00,0x00,0x00,0x00,0x00,0x00,0x00,0x00,0x00,0x00,0x00,0x00,0x00,0x00,
    0x00,0x00,0x00,0x00,0x00,0x00,0x00,0x00,0x00,0x00,0x00,0x00,0x00,0x00,0x00,0x00,
    0x00,0x00,0x00,0x00,0x00,0x00,0x00,0x00,0x00,0x00,0x00,0x00,0x60,0x60,0xa0,0xff,
    0xe0,0xe0,0xe0,0xff,0xe0,0xe0,0xe0,0xff,0xe0,0xe0,0xe0,0xff,0xe0,0xe0,0xe0,0xff,
    0x60,0x60,0xa0,0xff,0x00,0x00,0x00,0x00,0x00,0x00,0x00,0x00,0x00,0x00,0x00,0x00,
    0x00,0x00,0x00,0x00,0x00,0x00,0x00,0x00,0x00,0x00,0x00,0x00,0x00,0x00,0x00,0x00,
    0x00,0x00,0x00,0x00,0x00,0x00,0x00,0x00,0x00,0x00,0x00,0x00,0x00,0x00,0x00,0x00,
    0x00,0x00,0x00,0x00,0x00,0x00,0x00,0x00,0x00,0x00,0x00,0x00,0x00,0x00,0x00,0x00,
    0x00,0x00,0x00,0x00,0x00,0x00,0x00,0x00,0x00,0x00,0x00,0x00,0x00,0x00,0x00,0x00,
    0x00,0x00,0x00,0x00,0x00,0x00,0x00,0x00,0x00,0x00,0x00,0x00,0x00,0x00,0x00,0x00,
    0x00,0x00,0x00,0x00,0x00,0x00,0x00,0x00,0x00,0x00,0x00,0x00,0x00,0x00,0x00,0x00,
    0x00,0x00,0x00,0x00,0x00,0x00,0x00,0x00,0x00,0x00,0x00,0x00,0x00,0x00,0x00,0x00,
    0x00,0x00,0x00,0x00,0x00,0x00,0x00,0x00,0x00,0x00,0x00,0x00,0x00,0x00,0x00,0x00,
    0x00,0x00,0x00,0x00,0x00,0x00,0x00,0x00,0x00,0x00,0x00,0x00,0x00,0x00,0x00,0x00,
    0x00,0x00,0x00,0x00,0x00,0x00,0x00,0x00,0x00,0x00,0x00,0x00,0x80,0x40,0x20,0xff,
    0x80,0x40,0x20,0xff,0x80,0x40,0x20,0xff,0x80,0x40,0x20,0xff,0x80,0x40,0x20,0xff,
    0x80,0x40,0x20,0xff,0xe0,0x00,0x00,0xff,0x80,0x40,0x20,0xff,0x00,0x00,0x00,0x00,
    0x00,0x00,0x00,0x00,0x00,0x00,0x00,0x00,0x00,0x00,0x00,0x00,0x00,0x00,0x00,0x00,
    0x00,0x00,0x00,0x00,0x00,0x00,0x00,0x00,0x00,0x00,0x00,0x00,0x00,0x00,0x00,0x00,
    0x00,0x00,0x00,0x00,0x00,0x00,0x00,0x00,0x00,0x00,0x00,0x00,0x00,0x00,0x00,0x00,
    0x00,0x00,0x00,0x00,0x00,0x00,0x00,0x00,0x00,0x00,0x00,0x00,0x00,0x00,0x00,0x00,
    0x00,0x00,0x00,0x00,0x00,0x00,0x00,0x00,0x00,0x00,0x00,0x00,0x00,0x00,0x00,0x00,
    0x00,0x00,0x00,0x00,0x00,0x00,0x00,0x00,0x00,0x00,0x00,0x00,0x00,0x00,0x00,0x00,
    0x00,0x00,0x00,0x00,0x00,0x00,0x00,0x00,0x00,0x00,0x00,0x00,0x00,0x00,0x00,0x00,
    0x00,0x00,0x00,0x00,0x00,0x00,0x00,0x00,0x00,0x00,0x00,0x00,0x00,0x00,0x00,0x00,
    0x00,0x00,0x00,0x00,0x00,0x00,0x00,0x00,0x00,0x00,0x00,0x00,0x00,0x00,0x00,0x00,
    0x00,0x00,0x00,0x00,0x00,0x00,0x00,0x00,0x00,0x00,0x00,0x00,0x60,0x60,0xa0,0xff,
    0xe0,0xe0,0xe0,0xff,0xe0,0xe0,0xe0,0xff,0xe0,0xe0,0xe0,0xff,0xe0,0xe0,0xe0,0xff,
    0x60,0x60,0xa0,0xff,0x00,0x00,0x00,0x00,0x00,0x00,0x00,0x00,0x00,0x00,0x00,0x00,
    0x00,0x00,0x00,0x00,0x00,0x00,0x00,0x00,0x00,0x00,0x00,0x00,0x00,0x00,0x00,0x00,
    0x00,0x00,0x00,0x00,0x00,0x00,0x00,0x00,0x00,0x00,0x00,0x00,0x00,0x00,0x00,0x00,
    0x00,0x00,0x00,0x00,0x00,0x00,0x00,0x00,0x00,0x00,0x00,0x00,0x00,0x00,0x00,0x00,
    0x00,0x00,0x00,0x00,0x00,0x00,0x00,0x00,0x00,0x00,0x00,0x00,0x00,0x00,0x00,0x00,
    0x00,0x00,0x00,0x00,0x00,0x00,0x00,0x00,0x00,0x00,0x00,0x00,0x00,0x00,0x00,0x00,
    0x00,0x00,0x00,0x00,0x00,0x00,0x00,0x00,0x00,0x00,0x00,0x00,0x00,0x00,0x00,0x00,
    0x00,0x00,0x00,0x00,0x00,0x00,0x00,0x00,0x00,0x00,0x00,0x00,0x00,0x00,0x00,0x00,
    0x00,0x00,0x00,0x00,0x00,0x00,0x00,0x00,0x00,0x00,0x00,0x00,0x00,0x00,0x00,0x00,
    0x00,0x00,0x00,0x00,0x00,0x00,0x00,0x00,0x00,0x00,0x00,0x00,0x00,0x00,0x00,0x00,
    0x00,0x00,0x00,0x00,0x00,0x00,0x00,0x00,0x00,0x00,0x00,0x00,0x00,0x00,0x00,0x00,
    0x00,0x00,0x00,0x00,0x80,0x40,0x20,0xff,0xe0,0xe0,0xe0,0xff,0x20,0x20,0xe0,0xff,
    0x20,0x20,0xe0,0xff,0xe0,0xe0,0xe0,0xff,0x80,0x40,0x20,0xff,0x00,0x00,0x00,0x00,
    0x00,0x00,0x00,0x00,0x00,0x00,0x00,0x00,0x00,0x00,0x00,0x00,0x00,0x00,0x00,0x00,
    0x00,0x00,0x00,0x00,0x00,0x00,0x00,0x00,0x00,0x00,0x00,0x00,0x00,0x00,0x00,0x00,
    0x00,0x00,0x00,0x00,0x00,0x00,0x00,0x00,0x00,0x00,0x00,0x00,0x00,0x00,0x00,0x00,
    0x00,0x00,0x00,0x00,0x00,0x00,0x00,0x00,0x00,0x00,0x00,0x00,0x00,0x00,0x00,0x00,
    0x00,0x00,0x00,0x00,0x00,0x00,0x00,0x00,0x00,0x00,0x00,0x00,0x00,0x00,0x00,0x00,
    0x00,0x00,0x00,0x00,0x00,0x00,0x00,0x00,0x00,0x00,0x00,0x00,0x00,0x00,0x00,0x00,
    0x00,0x00,0x00,0x00,0x00,0x00,0x00,0x00,0x00,0x00,0x00,0x00,0x00,0x00,0x00,0x00,
    0x00,0x00,0x00,0x00,0x00,0x00,0x00,0x00,0x00,0x00,0x00,0x00,0x00,0x00,0x00,0x00,
    0x00,0x00,0x40,0xff,0x80,0x40,0x20,0xff,0x80,0x40,0x20,0xff,0x20,0x20,0xe0,0xff,
    0x20,0x20,0xe0,0xff,0x00,0x00,0x40,0xff,0x00,0x00,0x00,0x00,0x00,0x00,0x00,0x00,
    0x00,0x00,0x00,0x00,0x00,0x00,0x40,0xff,0x20,0x20,0xe0,0xff,0x20,0x20,0xe0,0xff,
    0x80,0x40,0x20,0xff,0x80,0x40,0x20,0xff,0x00,0x00,0x40,0xff,0x00,0x00,0x00,0x00,
    0x00,0x00,0x00,0x00,0x00,0x00,0x00,0x00,0x00,0x00,0x00,0x00,0x00,0x00,0x00,0x00,
    0x00,0x00,0x00,0x00,0x00,0x00,0x00,0x00,0x00,0x00,0x00,0x00,0x00,0x00,0x00,0x00,
    0x00,0x00,0x00,0x00,0x00,0x00,0x00,0x00,0x00,0x00,0x00,0x00,0x00,0x00,0x00,0x00,
    0x00,0x00,0x00,0x00,0x00,0x00,0x00,0x00,0x00,0x00,0x00,0x00,0x00,0x00,0x00,0x00,
    0x00,0x00,0x00,0x00,0x00,0x00,0x00,0x00,0x00,0x00,0x00,0x00,0x00,0x00,0x00,0x00,
    0x00,0x00,0x00,0x00,0x00,0x00,0x00,0x00,0x00,0x00,0x00,0x00,0x00,0x00,0x00,0x00,
    0x00,0x00,0x00,0x00,0x00,0x00,0x00,0x00,0x00,0x00,0x00,0x00,0x00,0x00,0x00,0x00,
    0x00,0x00,0x00,0x00,0x00,0x00,0x00,0x00,0x00,0x00,0x00,0x00,0x00,0x00,0x00,0x00,
    0x00,0x00,0x00,0x00,0x80,0x40,0x20,0xff,0xe0,0xe0,0xe0,0xff,0x20,0x20,0xe0,0xff,
    0x20,0x20,0xe0,0xff,0xe0,0xe0,0xe0,0xff,0x80,0x40,0x20,0xff,0x00,0x00,0x00,0x00,
    0x00,0x00,0x00,0x00,0x00,0x00,0x00,0x00,0x00,0x00,0x00,0x00,0x00,0x00,0x00,0x00,
    0x00,0x00,0x00,0x00,0x00,0x00,0x00,0x00,0x00,0x00,0x00,0x00,0x00,0x00,0x00,0x00,
    0x00,0x00,0x00,0x00,0x00,0x00,0x00,0x00,0x00,0x00,0x00,0x00,0x00,0x00,0x00,0x00,
    0x00,0x00,0x00,0x00,0x00,0x00,0x00,0x00,0x00,0x00,0x00,0x00,0x00,0x00,0x00,0x00,
    0x00,0x00,0x00,0x00,0x00,0x00,0x00,0x00,0x00,0x00,0x00,0x00,0x00,0x00,0x00,0x00,
    0x00,0x00,0x00,0x00,0x00,0x00,0x00,0x00,0x00,0x00,0x00,0x00,0x00,0x00,0x00,0x00,
    0x00,0x00,0x00,0x00,0x00,0x00,0x00,0x00,0x00,0x00,0x00,0x00,0x00,0x00,0x00,0x00,
    0x00,0x00,0x00,0x00,0x00,0x00,0x00,0x00,0x00,0x00,0x00,0x00,0x00,0x00,0x00,0x00,
    0x00,0x00,0x00,0x00,0x00,0x00,0x00,0x00,0x00,0x00,0x00,0x00,0x00,0x00,0x00,0x00,
    0x00,0x00,0x00,0x00,0x00,0x00,0x00,0x00,0x00,0x00,0x00,0x00,0x00,0x00,0x00,0x00,
    0x00,0x00,0x00,0x00,0x00,0x00,0x00,0x00,0x00,0x00,0x00,0x00,0x60,0x60,0xa0,0xff,
    0xe0,0xe0,0xe0,0xff,0xe0,0xe0,0xe0,0xff,0xe0,0xe0,0xe0,0xff,0xe0,0xe0,0xe0,0xff,
    0x60,0x60,0xa0,0xff,0x00,0x00,0x00,0x00,0x00,0x00,0x00,0x00,0x00,0x00,0x00,0x00,
    0x00,0x00,0x00,0x00,0x00,0x00,0x00,0x00,0x00,0x00,0x00,0x00,0x00,0x00,0x00,0x00,
    0x00,0x00,0x00,0x00,0x00,0x00,0x00,0x00,0x00,0x00,0x00,0x00,0x00,0x00,0x00,0x00,
    0x00,0x00,0x00,0x00,0x00,0x00,0x00,0x00,0x00,0x00,0x00,0x00,0x00,0x00,0x00,0x00,
    0x00,0x00,0x00,0x00,0x00,0x00,0x00,0x00,0x00,0x00,0x00,0x00,0x00,0x00,0x00,0x00,
    0x00,0x00,0x00,0x00,0x00,0x00,0x00,0x00,0x00,0x00,0x00,0x00,0x00,0x00,0x00,0x00,
    0x00,0x00,0x00,0x00,0x00,0x00,0x00,0x00,0x00,0x00,0x00,0x00,0x00,0x00,0x00,0x00,
    0x00,0x00,0x00,0x00,0x00,0x00,0x00,0x00,0x00,0x00,0x00,0x00,0x00,0x00,0x00,0x00,
    0x00,0x00,0x00,0x00,0x00,0x00,0x00,0x00,0x00,0x00,0x00,0x00,0x00,0x00,0x00,0x00,
    0x00,0x00,0x00,0x00,0x00,0x00,0x00,0x00,0x00,0x00,0x00,0x00,0x80,0x40,0x20,0xff,
    0xe0,0x00,0x00,0xff,0x80,0x40,0x20,0xff,0x80,0x40,0x20,0xff,0x80,0x40,0x20,0xff,
    0x80,0x40,0x20,0xff,0x80,0x40,0x20,0xff,0x80,0x40,0x20,0xff,0x00,0x00,0x00,0x00,
    0x00,0x00,0x00,0x00,0x00,0x00,0x00,0x00,0x00,0x00,0x00,0x00,0x00,0x00,0x00,0x00,
    0x00,0x00,0x00,0x00,0x00,0x00,0x00,0x00,0x00,0x00,0x00,0x00,0x00,0x00,0x00,0x00,
    0x00,0x00,0x00,0x00,0x00,0x00,0x00,0x00,0x00,0x00,0x00,0x00,0x00,0x00,0x00,0x00,
    0x00,0x00,0x00,0x00,0x00,0x00,0x00,0x00,0x00,0x00,0x00,0x00,0x00,0x00,0x00,0x00,
    0x00,0x00,0x00,0x00,0x00,0x00,0x00,0x00,0x00,0x00,0x00,0x00,0x00,0x00,0x00,0x00,
    0x00,0x00,0x00,0x00,0x00,0x00,0x00,0x00,0x00,0x00,0x00,0x00,0x00,0x00,0x00,0x00,
    0x00,0x00,0x00,0x00,0x00,0x00,0x00,0x00,0x00,0x00,0x00,0x00,0x00,0x00,0x00,0x00,
    0x00,0x00,0x00,0x00,0x00,0x00,0x00,0x00,0x00,0x00,0x00,0x00,0x00,0x00,0x00,0x00,
    0x00,0x00,0x00,0x00,0x00,0x00,0x00,0x00,0x00,0x00,0x00,0x00,0x00,0x00,0x00,0x00,
    0x00,0x00,0x00,0x00,0x00,0x00,0x00,0x00,0x00,0x00,0x00,0x00,0x00,0x00,0x00,0x00,
    0x00,0x00,0x00,0x00,0x00,0x00,0x00,0x00,0x00,0x00,0x00,0x00,0x60,0x60,0xa0,0xff,
    0xe0,0xe0,0xe0,0xff,0xe0,0xe0,0xe0,0xff,0xe0,0xe0,0xe0,0xff,0xe0,0xe0,0xe0,0xff,
    0x60,0x60,0xa0,0xff,0x00,0x00,0x00,0x00,0x00,0x00,0x00,0x00,0x00,0x00,0x00,0x00,
    0x00,0x00,0x00,0x00,0x00,0x00,0x00,0x00,0x00,0x00,0x00,0x00,0x00,0x00,0x00,0x00,
    0x00,0x00,0x00,0x00,0x00,0x00,0x00,0x00,0x00,0x00,0x00,0x00,0x00,0x00,0x00,0x00,
    0x00,0x00,0x00,0x00,0x00,0x00,0x00,0x00,0x00,0x00,0x00,0x00,0x00,0x00,0x00,0x00,
    0x00,0x00,0x00,0x00,0x00,0x00,0x00,0x00,0x00,0x00,0x00,0x00,0x00,0x00,0x00,0x00,
    0x00,0x00,0x00,0x00,0x00,0x00,0x00,0x00,0x00,0x00,0x00,0x00,0x00,0x00,0x00,0x00,
    0x00,0x00,0x00,0x00,0x00,0x00,0x00,0x00,0x00,0x00,0x00,0x00,0x00,0x00,0x00,0x00,
    0x00,0x00,0x00,0x00,0x00,0x00,0x00,0x00,0x00,0x00,0x00,0x00,0x00,0x00,0x00,0x00,
    0x00,0x00,0x00,0x00,0x00,0x00,0x00,0x00,0x00,0x00,0x00,0x00,0x00,0x00,0x00,0x00,
    0x00,0x00,0x00,0x00,0x00,0x00,0x00,0x00,0x00,0x00,0x00,0x00,0x00,0x00,0x00,0x00,
    0x00,0x00,0x00,0x00,0x80,0x40,0x20,0xff,0xe0,0xe0,0xe0,0xff,0x20,0x20,0xe0,0xff,
    0x20,0x20,0xe0,0xff,0xe0,0xe0,0xe0,0xff,0x80,0x40,0x20,0xff,0x00,0x00,0x00,0x00,
    0x00,0x00,0x00,0x00,0x00,0x00,0x00,0x00,0x00,0x00,0x00,0x00,0x00,0x00,0x00,0x00,
    0x00,0x00,0x00,0x00,0x00,0x00,0x00,0x00,0x00,0x00,0x00,0x00,0x00,0x00,0x00,0x00,
    0x00,0x00,0x00,0x00,0x00,0x00,0x00,0x00,0x00,0x00,0x00,0x00,0x00,0x00,0x00,0x00,
    0x00,0x00,0x00,0x00,0x00,0x00,0x00,0x00,0x00,0x00,0x00,0x00,0x00,0x00,0x00,0x00,
    0x00,0x00,0x00,0x00,0x00,0x00,0x00,0x00,0x00,0x00,0x00,0x00,0x00,0x00,0x00,0x00,
    0x00,0x00,0x00,0x00,0x00,0x00,0x00,0x00,0x00,0x00,0x00,0x00,0x00,0x00,0x00,0x00,
    0x00,0x00,0x00,0x00,0x00,0x00,0x00,0x00,0x00,0x00,0x00,0x00,0x00,0x00,0x00,0x00,
    0x00,0x00,0x00,0x00,0x00,0x00,0x00,0x00,0x00,0x00,0x00,0x00,0x00,0x00,0x00,0x00,
    0x00,0x00,0x00,0x00,0x00,0x00,0x00,0x00,0x00,0x00,0x00,0x00,0x00,0x00,0x40,0xff,
    0x00,0x00,0x40,0xff,0x20,0x00,0xa0,0xff,0x20,0x00,0xa0,0xff,0x20,0x00,0xa0,0xff,
    0x20,0x00,0xa0,0xff,0x20,0x20,0xe0,0xff,0x20,0x20,0xe0,0xff,0x20,0x20,0xe0,0xff,
    0x20,0x20,0xe0,0xff,0x20,0x20,0xe0,0xff,0x20,0x20,0xe0,0xff,0x20,0x20,0xe0,0xff,
    0x20,0x20,0xe0,0xff,0x20,0x20,0xe0,0xff,0x20,0x20,0xe0,0xff,0x20,0x20,0xe0,0xff,
    0x20,0x20,0xe0,0xff,0x20,0x00,0xa0,0xff,0x20,0x00,0xa0,0xff,0x20,0x00,0xa0,0xff,
    0x20,0x00,0xa0,0xff,0x00,0x00,0x40,0xff,0x00,0x00,0x40,0xff,0x00,0x00,0x00,0x00,
    0x00,0x00,0x00,0x00,0x00,0x00,0x00,0x00,0x00,0x00,0x00,0x00,0x00,0x00,0x00,0x00,
    0x00,0x00,0x00,0x00,0x00,0x00,0x00,0x00,0x00,0x00,0x00,0x00,0x00,0x00,0x00,0x00,
    0x00,0x00,0x00,0x00,0x00,0x00,0x00,0x00,0x00,0x00,0x00,0x00,0x00,0x00,0x00,0x00,
    0x00,0x00,0x00,0x00,0x00,0x00,0x00,0x00,0x00,0x00,0x00,0x00,0x00,0x00,0x00,0x00,
    0x00,0x00,0x00,0x00,0x00,0x00,0x00,0x00,0x00,0x00,0x00,0x00,0x00,0x00,0x00,0x00,
    0x00,0x00,0x00,0x00,0x00,0x00,0x00,0x00,0x00,0x00,0x40,0xff,0x20,0x00,0xa0,0xff,
    0x20,0x00,0xa0,0xff,0x20,0x00,0xa0,0xff,0x20,0x20,0xe0,0xff,0x40,0x40,0xe0,0xff,
    0x20,0x00,0xa0,0xff,0x20,0x00,0xa0,0xff,0x20,0x00,0xa0,0xff,0x20,0x00,0xa0,0xff,
    0x20,0x00,0xa0,0xff,0x20,0x20,0xe0,0xff,0x20,0x20,0xe0,0xff,0x40,0x40,0xe0,0xff,
    0x20,0x20,0xe0,0xff,0x20,0x20,0xe0,0xff,0x20,0x00,0xa0,0xff,0x20,0x00,0xa0,0xff,
    0x20,0x00,0xa0,0xff,0x20,0x00,0xa0,0xff,0x20,0x00,0xa0,0xff,0x40,0x40,0xe0,0xff,
    0x20,0x00,0xa0,0xff,0x20,0x00,0xa0,0xff,0x20,0x00,0xa0,0xff,0x00,0x00,0x40,0xff,
    0x00,0x00,0x00,0x00,0x00,0x00,0x00,0x00,0x00,0x00,0x00,0x00,0x00,0x00,0x00,0x00,
    0x00,0x00,0x00,0x00,0x00,0x00,0x00,0x00,0x00,0x00,0x00,0x00,0x00,0x00,0x00,0x00,
    0x00,0x00,0x00,0x00,0x00,0x00,0x00,0x00,0x00,0x00,0x00,0x00,0x00,0x00,0x00,0x00,
    0x00,0x00,0x00,0x00,0x00,0x00,0x00,0x00,0x00,0x00,0x00,0x00,0x00,0x00,0x00,0x00,
    0x00,0x00,0x00,0x00,0x00,0x00,0x00,0x00,0x00,0x00,0x00,0x00,0x00,0x00,0x00,0x00,
    0x00,0x00,0x00,0x00,0x00,0x00,0x00,0x00,0x00,0x00,0x40,0xff,0x00,0x00,0x40,0xff,
    0x00,0x00,0x40,0xff,0x20,0x00,0xa0,0xff,0x20,0x00,0xa0,0xff,0x20,0x20,0xe0,0xff,
    0x40,0x40,0xe0,0xff,0x40,0x40,0xe0,0xff,0x20,0x20,0xe0,0xff,0x20,0x00,0xa0,0xff,
    0x20,0x00,0xa0,0xff,0x20,0x00,0xa0,0xff,0x40,0x40,0xe0,0xff,0x40,0x40,0xe0,0xff,
    0x40,0x40,0xe0,0xff,0x20,0x20,0xe0,0xff,0x20,0x00,0xa0,0xff,0x20,0x00,0xa0,0xff,
    0x20,0x20,0xe0,0xff,0x40,0x40,0xe0,0xff,0x40,0x40,0xe0,0xff,0x40,0x40,0xe0,0xff,
    0x20,0x00,0xa0,0xff,0x00,0x00,0x40,0xff,0x00,0x00,0x40,0xff,0x00,0x00,0x40,0xff,
    0x00,0x00,0x00,0x00,0x00,0x00,0x00,0x00,0x00,0x00,0x00,0x00,0x00,0x00,0x00,0x00,
    0x00,0x00,0x00,0x00,0x00,0x00,0x00,0x00,0x00,0x00,0x00,0x00,0x00,0x00,0x00,0x00,
    0x00,0x00,0x00,0x00,0x00,0x00,0x00,0x00,0x00,0x00,0x00,0x00,0x00,0x00,0x00,0x00,
    0x00,0x00,0x00,0x00,0x00,0x00,0x00,0x00,0x00,0x00,0x00,0x00,0x00,0x00,0x00,0x00,
    0x00,0x00,0x00,0x00,0x00,0x00,0x00,0x00,0x00,0x00,0x00,0x00,0x00,0x00,0x00,0x00,
    0x00,0x00,0x00,0x00,0x00,0x00,0x00,0x00,0x00,0x00,0x40,0xff,0x20,0x00,0xa0,0xff,
    0x20,0x00,0xa0,0xff,0x00,0x00,0x40,0xff,0x00,0x00,0x40,0xff,0x00,0x00,0x40,0xff,
    0x80,0x40,0x20,0xff,0x00,0x00,0x40,0xff,0x00,0x00,0x40,0xff,0x00,0x00,0x40,0xff,
    0x00,0x00,0x40,0xff,0x00,0x00,0x40,0xff,0x00,0x00,0x40,0xff,0x00,0x00,0x40,0xff,
    0x00,0x00,0x40,0xff,0x00,0x00,0x40,0xff,0x00,0x00,0x40,0xff,0x00,0x00,0x40,0xff,
    0x00,0x00,0x40,0xff,0x00,0x00,0x40,0xff,0x80,0x40,0x20,0xff,0x00,0x00,0x40,0xff,
    0x00,0x00,0x40,0xff,0x00,0x00,0x40,0xff,0x20,0x00,0xa0,0xff,0x20,0x00,0xa0,0xff,
    0x00,0x00,0x40,0xff,0x00,0x00,0x00,0x00,0x00,0x00,0x00,0x00,0x00,0x00,0x00,0x00,
    0x00,0x00,0x00,0x00,0x00,0x00,0x00,0x00,0x00,0x00,0x00,0x00,0x00,0x00,0x00,0x00,
    0x00,0x00,0x00,0x00,0x00,0x00,0x00,0x00,0x00,0x00,0x00,0x00,0x00,0x00,0x00,0x00,
    0x00,0x00,0x00,0x00,0x00,0x00,0x00,0x00,0x00,0x00,0x00,0x00,0x00,0x00,0x00,0x00,
    0x00,0x00,0x00,0x00,0x00,0x00,0x00,0x00,0x00,0x00,0x00,0x00,0x00,0x00,0x00,0x00,
    0x00,0x00,0x00,0x00,0x00,0x00,0x00,0x00,0x00,0x00,0x00,0x00,0x00,0x00,0x00,0x00,
    0x00,0x00,0x00,0x00,0x00,0x00,0x00,0x00,0x00,0x00,0x00,0x00,0x80,0x40,0x20,0xff,
    0x80,0x40,0x20,0xff,0x60,0x60,0xa0,0xff,0x20,0x20,0xe0,0xff,0x20,0x20,0xe0,0xff,
    0x00,0x00,0x40,0xff,0x80,0x40,0x20,0xff,0x00,0x00,0x00,0x00,0x00,0x00,0x00,0x00,
    0x00,0x00,0x00,0x00,0x80,0x40,0x20,0xff,0x00,0x00,0x40,0xff,0x20,0x20,0xe0,0xff,
    0x20,0x20,0xe0,0xff,0x60,0x60,0xa0,0xff,0x80,0x40,0x20,0xff,0x80,0x40,0x20,0xff,
    0x00,0x00,0x00,0x00,0x00,0x00,0x00,0x00,0x00,0x00,0x00,0x00,0x00,0x00,0x00,0x00,
    0x00,0x00,0x00,0x00,0x00,0x00,0x00,0x00,0x00,0x00,0x00,0x00,0x00,0x00,0x00,0x00,
    0x00,0x00,0x00,0x00,0x00,0x00,0x00,0x00,0x00,0x00,0x00,0x00,0x00,0x00,0x00,0x00,
    0x00,0x00,0x00,0x00,0x00,0x00,0x00,0x00,0x00,0x00,0x00,0x00,0x00,0x00,0x00,0x00,
    0x00,0x00,0x00,0x00,0x00,0x00,0x00,0x00,0x00,0x00,0x00,0x00,0x00,0x00,0x00,0x00,
    0x00,0x00,0x00,0x00,0x00,0x00,0x00,0x00,0x00,0x00,0x00,0x00,0x00,0x00,0x00,0x00,
    0x00,0x00,0x00,0x00,0x00,0x00,0x00,0x00,0x00,0x00,0x00,0x00,0x00,0x00,0x00,0x00,
    0x00,0x00,0x00,0x00,0x00,0x00,0x00,0x00,0x00,0x00,0x00,0x00,0x80,0x40,0x20,0xff,
    0x80,0x40,0x20,0xff,0x60,0x60,0xa0,0xff,0x20,0x20,0xe0,0xff,0x20,0x20,0xe0,0xff,
    0x00,0x00,0x40,0xff,0x80,0x40,0x20,0xff,0x00,0x00,0x00,0x00,0x00,0x00,0x00,0x00,
    0x00,0x00,0x00,0x00,0x80,0x40,0x20,0xff,0x00,0x00,0x40,0xff,0x20,0x20,0xe0,0xff,
    0x20,0x20,0xe0,0xff,0x60,0x60,0xa0,0xff,0x80,0x40,0x20,0xff,0x80,0x40,0x20,0xff,
    0x00,0x00,0x00,0x00,0x00,0x00,0x00,0x00,0x00,0x00,0x00,0x00,0x00,0x00,0x00,0x00,
    0x00,0x00,0x00,0x00,0x00,0x00,0x00,0x00,0x00,0x00,0x00,0x00,0x00,0x00,0x00,0x00,
    0x00,0x00,0x00,0x00,0x00,0x00,0x00,0x00,0x00,0x00,0x00,0x00,0x00,0x00,0x00,0x00,
    0x00,0x00,0x00,0x00,0x00,0x00,0x00,0x00,0x00,0x00,0x00,0x00,0x00,0x00,0x00,0x00,
    0x00,0x00,0x00,0x00,0x00,0x00,0x00,0x00,0x00,0x00,0x00,0x00,0x00,0x00,0x00,0x00,
    0x00,0x00,0x00,0x00,0x00,0x00,0x00,0x00,0x00,0x00,0x00,0x00,0x00,0x00,0x00,0x00,
    0x00,0x00,0x00,0x00,0x00,0x00,0x00,0x00,0x00,0x00,0x00,0x00,0x00,0x00,0x00,0x00,
    0x00,0x00,0x00,0x00,0x00,0x00,0x00,0x00,0x00,0x00,0x00,0x00,0x00,0x00,0x00,0x00,
    0x00,0x00,0x00,0x00,0x00,0x00,0x00,0x00,0x00,0x00,0x00,0x00,0x00,0x00,0x00,0x00,
    0x00,0x00,0x00,0x00,0x00,0x00,0x00,0x00,0x80,0x40,0x20,0xff,0xe0,0xa0,0x80,0xff,
    0xe0,0xe0,0xe0,0xff,0xe0,0xe0,0xe0,0xff,0xe0,0xe0,0xe0,0xff,0xe0,0xe0,0xe0,0xff,
    0xe0,0xa0,0x80,0xff,0x80,0x40,0x20,0xff,0x00,0x00,0x00,0x00,0x00,0x00,0x00,0x00,
    0x00,0x00,0x00,0x00,0x00,0x00,0x00,0x00,0x00,0x00,0x00,0x00,0x00,0x00,0x00,0x00,
    0x00,0x00,0x00,0x00,0x00,0x00,0x00,0x00,0x00,0x00,0x00,0x00,0x00,0x00,0x00,0x00,
    0x00,0x00,0x00,0x00,0x00,0x00,0x00,0x00,0x00,0x00,0x00,0x00,0x00,0x00,0x00,0x00,
    0x00,0x00,0x00,0x00,0x00,0x00,0x00,0x00,0x00,0x00,0x00,0x00,0x00,0x00,0x00,0x00,
    0x00,0x00,0x00,0x00,0x00,0x00,0x00,0x00,0x00,0x00,0x00,0x00,0x00,0x00,0x00,0x00,
    0x00,0x00,0x00,0x00,0x00,0x00,0x00,0x00,0x00,0x00,0x00,0x00,0x00,0x00,0x00,0x00,
    0x00,0x00,0x00,0x00,0x00,0x00,0x00,0x00,0x00,0x00,0x00,0x00,0x00,0x00,0x00,0x00,
    0x00,0x00,0x00,0x00,0x00,0x00,0x00,0x00,0x00,0x00,0x00,0x00,0x00,0x00,0x00,0x00,
    0x00,0x00,0x00,0x00,0x00,0x00,0x00,0x00,0x00,0x00,0x00,0x00,0x00,0x00,0x00,0x00,
    0x00,0x00,0x00,0x00,0x00,0x00,0x00,0x00,0x00,0x00,0x00,0x00,0x80,0x40,0x20,0xff,
    0x80,0x40,0x20,0xff,0x80,0x40,0x20,0xff,0x80,0x40,0x20,0xff,0x80,0x40,0x20,0xff,
    0x80,0x40,0x20,0xff,0x80,0x40,0x20,0xff,0xe0,0x00,0x00,0xff,0x00,0x00,0x00,0x00,
    0x00,0x00,0x00,0x00,0x00,0x00,0x00,0x00,0x00,0x00,0x00,0x00,0x00,0x00,0x00,0x00,
    0x00,0x00,0x00,0x00,0x00,0x00,0x00,0x00,0x00,0x00,0x00,0x00,0x00,0x00,0x00,0x00,
    0x00,0x00,0x00,0x00,0x00,0x00,0x00,0x00,0x00,0x00,0x00,0x00,0x00,0x00,0x00,0x00,
    0x00,0x00,0x00,0x00,0x00,0x00,0x00,0x00,0x00,0x00,0x00,0x00,0x00,0x00,0x00,0x00,
    0x00,0x00,0x00,0x00,0x00,0x00,0x00,0x00,0x00,0x00,0x00,0x00,0x00,0x00,0x00,0x00,
    0x00,0x00,0x00,0x00,0x00,0x00,0x00,0x00,0x00,0x00,0x00,0x00,0x00,0x00,0x00,0x00,
    0x00,0x00,0x00,0x00,0x00,0x00,0x00,0x00,0x00,0x00,0x00,0x00,0x00,0x00,0x00,0x00,
    0x00,0x00,0x00,0x00,0x00,0x00,0x00,0x00,0x00,0x00,0x00,0x00,0x00,0x00,0x00,0x00,
    0x00,0x00,0x00,0x00,0x00,0x00,0x00,0x00,0x00,0x00,0x00,0x00,0x00,0x00,0x00,0x00,
    0x00,0x00,0x00,0x00,0x00,0x00,0x00,0x00,0x80,0x40,0x20,0xff,0xe0,0xa0,0x80,0xff,
    0xe0,0xe0,0xe0,0xff,0xe0,0xe0,0xe0,0xff,0xe0,0xe0,0xe0,0xff,0xe0,0xe0,0xe0,0xff,
    0xe0,0xa0,0x80,0xff,0x80,0x40,0x20,0xff,0x00,0x00,0x00,0x00,0x00,0x00,0x00,0x00,
    0x00,0x00,0x00,0x00,0x00,0x00,0x00,0x00,0x00,0x00,0x00,0x00,0x00,0x00,0x00,0x00,
    0x00,0x00,0x00,0x00,0x00,0x00,0x00,0x00,0x00,0x00,0x00,0x00,0x00,0x00,0x00,0x00,
    0x00,0x00,0x00,0x00,0x00,0x00,0x00,0x00,0x00,0x00,0x00,0x00,0x00,0x00,0x00,0x00,
    0x00,0x00,0x00,0x00,0x00,0x00,0x00,0x00,0x00,0x00,0x00,0x00,0x00,0x00,0x00,0x00,
    0x00,0x00,0x00,0x00,0x00,0x00,0x00,0x00,0x00,0x00,0x00,0x00,0x00,0x00,0x00,0x00,
    0x00,0x00,0x00,0x00,0x00,0x00,0x00,0x00,0x00,0x00,0x00,0x00,0x00,0x00,0x00,0x00,
    0x00,0x00,0x00,0x00,0x00,0x00,0x00,0x00,0x00,0x00,0x00,0x00,0x00,0x00,0x00,0x00,
    0x00,0x00,0x00,0x00,0x00,0x00,0x00,0x00,0x00,0x00,0x00,0x00,0x00,0x00,0x00,0x00,
    0x00,0x00,0x00,0x00,0x00,0x00,0x00,0x00,0x00,0x00,0x00,0x00,0x00,0x00,0x00,0x00,
    0x00,0x00,0x00,0x00,0x00,0x00,0x00,0x00,0x00,0x00,0x00,0x00,0x00,0x00,0x00,0x00,
    0x00,0x00,0x00,0x00,0x80,0x40,0x20,0xff,0x60,0x60,0xa0,0xff,0xe0,0xe0,0xe0,0xff,
    0xe0,0xe0,0xe0,0xff,0xe0,0xe0,0xe0,0xff,0xe0,0xe0,0xe0,0xff,0x60,0x60,0xa0,0xff,
    0x80,0x40,0x20,0xff,0x00,0x00,0x00,0x00,0x00,0x00,0x00,0x00,0x00,0x00,0x00,0x00,
    0x00,0x00,0x00,0x00,0x00,0x00,0x00,0x00,0x00,0x00,0x00,0x00,0x00,0x00,0x00,0x00,
    0x00,0x00,0x00,0x00,0x00,0x00,0x00,0x00,0x00,0x00,0x00,0x00,0x00,0x00,0x00,0x00,
    0x00,0x00,0x00,0x00,0x00,0x00,0x00,0x00,0x00,0x00,0x00,0x00,0x00,0x00,0x00,0x00,
    0x00,0x00,0x00,0x00,0x00,0x00,0x00,0x00,0x00,0x00,0x00,0x00,0x00,0x00,0x00,0x00,
    0x00,0x00,0x00,0x00,0x00,0x00,0x00,0x00,0x00,0x00,0x00,0x00,0x00,0x00,0x00,0x00,
    0x00,0x00,0x00,0x00,0x00,0x00,0x00,0x00,0x00,0x00,0x00,0x00,0x00,0x00,0x00,0x00,
    0x00,0x00,0x00,0x00,0x00,0x00,0x00,0x00,0x00,0x00,0x00,0x00,0x80,0x40,0x20,0xff,
    0x80,0x40,0x20,0xff,0x60,0x60,0xa0,0xff,0x20,0x20,0xe0,0xff,0x20,0x20,0xe0,0xff,
    0x00,0x00,0x40,0xff,0x80,0x40,0x20,0xff,0x00,0x00,0x00,0x00,0x00,0x00,0x00,0x00,
    0x00,0x00,0x00,0x00,0x80,0x40,0x20,0xff,0x00,0x00,0x40,0xff,0x20,0x20,0xe0,0xff,
    0x20,0x20,0xe0,0xff,0x60,0x60,0xa0,0xff,0x80,0x40,0x20,0xff,0x80,0x40,0x20,0xff,
    0x00,0x00,0x00,0x00,0x00,0x00,0x00,0x00,0x00,0x00,0x00,0x00,0x00,0x00,0x00,0x00,
    0x00,0x00,0x00,0x00,0x00,0x00,0x00,0x00,0x00,0x00,0x00,0x00,0x00,0x00,0x00,0x00,
    0x00,0x00,0x00,0x00,0x00,0x00,0x00,0x00,0x00,0x00,0x00,0x00,0x00,0x00,0x00,0x00,
    0x00,0x00,0x00,0x00,0x00,0x00,0x00,0x00,0x00,0x00,0x00,0x00,0x00,0x00,0x00,0x00,
    0x00,0x00,0x00,0x00,0x00,0x00,0x00,0x00,0x00,0x00,0x00,0x00,0x00,0x00,0x00,0x00,
    0x00,0x00,0x00,0x00,0x00,0x00,0x00,0x00,0x00,0x00,0x00,0x00,0x00,0x00,0x00,0x00,
    0x00,0x00,0x00,0x00,0x00,0x00,0x00,0x00,0x00,0x00,0x00,0x00,0x00,0x00,0x00,0x00,
    0x00,0x00,0x00,0x00,0x00,0x00,0x00,0x00,0x00,0x00,0x00,0x00,0x80,0x40,0x20,0xff,
    0x60,0x60,0xa0,0xff,0xe0,0xe0,0xe0,0xff,0xe0,0xe0,0xe0,0xff,0xe0,0xe0,0xe0,0xff,
    0xe0,0xe0,0xe0,0xff,0x60,0x60,0xa0,0xff,0x80,0x40,0x20,0xff,0x00,0x00,0x00,0x00,
    0x00,0x00,0x00,0x00,0x00,0x00,0x00,0x00,0x00,0x00,0x00,0x00,0x00,0x00,0x00,0x00,
    0x00,0x00,0x00,0x00,0x00,0x00,0x00,0x00,0x00,0x00,0x00,0x00,0x00,0x00,0x00,0x00,
    0x00,0x00,0x00,0x00,0x00,0x00,0x00,0x00,0x00,0x00,0x00,0x00,0x00,0x00,0x00,0x00,
    0x00,0x00,0x00,0x00,0x00,0x00,0x00,0x00,0x00,0x00,0x00,0x00,0x00,0x00,0x00,0x00,
    0x00,0x00,0x00,0x00,0x00,0x00,0x00,0x00,0x00,0x00,0x00,0x00,0x00,0x00,0x00,0x00,
    0x00,0x00,0x00,0x00,0x00,0x00,0x00,0x00,0x00,0x00,0x00,0x00,0x00,0x00,0x00,0x00,
    0x00,0x00,0x00,0x00,0x00,0x00,0x00,0x00,0x00,0x00,0x00,0x00,0x00,0x00,0x00,0x00,
    0x00,0x00,0x00,0x00,0x00,0x00,0x00,0x00,0x00,0x00,0x00,0x00,0x00,0x00,0x00,0x00,
    0x00,0x00,0x00,0x00,0x00,0x00,0x00,0x00,0x00,0x00,0x00,0x00,0x00,0x00,0x00,0x00,
    0x00,0x00,0x00,0x00,0x00,0x00,0x00,0x00,0x00,0x00,0x00,0x00,0x00,0x00,0x00,0x00,
    0x00,0x00,0x00,0x00,0x00,0x00,0x00,0x00,0x80,0x40,0x20,0xff,0xe0,0xa0,0x80,0xff,
    0xe0,0xe0,0xe0,0xff,0xe0,0xe0,0xe0,0xff,0xe0,0xe0,0xe0,0xff,0xe0,0xe0,0xe0,0xff,
    0xe0,0xa0,0x80,0xff,0x80,0x40,0x20,0xff,0x00,0x00,0x00,0x00,0x00,0x00,0x00,0x00,
    0x00,0x00,0x00,0x00,0x00,0x00,0x00,0x00,0x00,0x00,0x00,0x00,0x00,0x00,0x00,0x00,
    0x00,0x00,0x00,0x00,0x00,0x00,0x00,0x00,0x00,0x00,0x00,0x00,0x00,0x00,0x00,0x00,
    0x00,0x00,0x00,0x00,0x00,0x00,0x00,0x00,0x00,0x00,0x00,0x00,0x00,0x00,0x00,0x00,
    0x00,0x00,0x00,0x00,0x00,0x00,0x00,0x00,0x00,0x00,0x00,0x00,0x00,0x00,0x00,0x00,
    0x00,0x00,0x00,0x00,0x00,0x00,0x00,0x00,0x00,0x00,0x00,0x00,0x00,0x00,0x00,0x00,
    0x00,0x00,0x00,0x00,0x00,0x00,0x00,0x00,0x00,0x00,0x00,0x00,0x00,0x00,0x00,0x00,
    0x00,0x00,0x00,0x00,0x00,0x00,0x00,0x00,0x00,0x00,0x00,0x00,0x00,0x00,0x00,0x00,
    0x00,0x00,0x00,0x00,0x00,0x00,0x00,0x00,0x00,0x00,0x00,0x00,0x00,0x00,0x00,0x00,
    0x00,0x00,0x00,0x00,0x00,0x00,0x00,0x00,0x00,0x00,0x00,0x00,0xe0,0x00,0x00,0xff,
    0x80,0x40,0x20,0xff,0x80,0x40,0x20,0xff,0x80,0x40,0x20,0xff,0x80,0x40,0x20,0xff,
    0x80,0x40,0x20,0xff,0x80,0x40,0x20,0xff,0x80,0x40,0x20,0xff,0x00,0x00,0x00,0x00,
    0x00,0x00,0x00,0x00,0x00,0x00,0x00,0x00,0x00,0x00,0x00,0x00,0x00,0x00,0x00,0x00,
    0x00,0x00,0x00,0x00,0x00,0x00,0x00,0x00,0x00,0x00,0x00,0x00,0x00,0x00,0x00,0x00,
    0x00,0x00,0x00,0x00,0x00,0x00,0x00,0x00,0x00,0x00,0x00,0x00,0x00,0x00,0x00,0x00,
    0x00,0x00,0x00,0x00,0x00,0x00,0x00,0x00,0x00,0x00,0x00,0x00,0x00,0x00,0x00,0x00,
    0x00,0x00,0x00,0x00,0x00,0x00,0x00,0x00,0x00,0x00,0x00,0x00,0x00,0x00,0x00,0x00,
    0x00,0x00,0x00,0x00,0x00,0x00,0x00,0x00,0x00,0x00,0x00,0x00,0x00,0x00,0x00,0x00,
    0x00,0x00,0x00,0x00,0x00,0x00,0x00,0x00,0x00,0x00,0x00,0x00,0x00,0x00,0x00,0x00,
    0x00,0x00,0x00,0x00,0x00,0x00,0x00,0x00,0x00,0x00,0x00,0x00,0x00,0x00,0x00,0x00,
    0x00,0x00,0x00,0x00,0x00,0x00,0x00,0x00,0x00,0x00,0x00,0x00,0x00,0x00,0x00,0x00,
    0x00,0x00,0x00,0x00,0x00,0x00,0x00,0x00,0x00,0x00,0x00,0x00,0x00,0x00,0x00,0x00,
    0x00,0x00,0x00,0x00,0x00,0x00,0x00,0x00,0x80,0x40,0x20,0xff,0xe0,0xa0,0x80,0xff,
    0xe0,0xe0,0xe0,0xff,0xe0,0xe0,0xe0,0xff,0xe0,0xe0,0xe0,0xff,0xe0,0xe0,0xe0,0xff,
    0xe0,0xa0,0x80,0xff,0x80,0x40,0x20,0xff,0x00,0x00,0x00,0x00,0x00,0x00,0x00,0x00,
    0x00,0x00,0x00,0x00,0x00,0x00,0x00,0x00,0x00,0x00,0x00,0x00,0x00,0x00,0x00,0x00,
    0x00,0x00,0x00,0x00,0x00,0x00,0x00,0x00,0x00,0x00,0x00,0x00,0x00,0x00,0x00,0x00,
    0x00,0x00,0x00,0x00,0x00,0x00,0x00,0x00,0x00,0x00,0x00,0x00,0x00,0x00,0x00,0x00,
    0x00,0x00,0x00,0x00,0x00,0x00,0x00,0x00,0x00,0x00,0x00,0x00,0x00,0x00,0x00,0x00,
    0x00,0x00,0x00,0x00,0x00,0x00,0x00,0x00,0x00,0x00,0x00,0x00,0x00,0x00,0x00,0x00,
    0x00,0x00,0x00,0x00,0x00,0x00,0x00,0x00,0x00,0x00,0x00,0x00,0x00,0x00,0x00,0x00,
    0x00,0x00,0x00,0x00,0x00,0x00,0x00,0x00,0x00,0x00,0x00,0x00,0x00,0x00,0x00,0x00,
    0x00,0x00,0x00,0x00,0x00,0x00,0x00,0x00,0x00,0x00,0x00,0x00,0x00,0x00,0x00,0x00,
    0x00,0x00,0x00,0x00,0x00,0x00,0x00,0x00,0x00,0x00,0x00,0x00,0x80,0x40,0x20,0xff,
    0x60,0x60,0xa0,0xff,0xe0,0xe0,0xe0,0xff,0xe0,0xe0,0xe0,0xff,0xe0,0xe0,0xe0,0xff,
    0xe0,0xe0,0xe0,0xff,0x60,0x60,0xa0,0xff,0x80,0x40,0x20,0xff,0x00,0x00,0x00,0x00,
    0x00,0x00,0x00,0x00,0x00,0x00,0x00,0x00,0x00,0x00,0x00,0x00,0x00,0x00,0x00,0x00,
    0x00,0x00,0x00,0x00,0x00,0x00,0x00,0x00,0x00,0x00,0x00,0x00,0x00,0x00,0x00,0x00,
    0x00,0x00,0x00,0x00,0x00,0x00,0x00,0x00,0x00,0x00,0x00,0x00,0x00,0x00,0x00,0x00,
    0x00,0x00,0x00,0x00,0x00,0x00,0x00,0x00,0x00,0x00,0x00,0x00,0x00,0x00,0x00,0x00,
    0x00,0x00,0x00,0x00,0x00,0x00,0x00,0x00,0x00,0x00,0x00,0x00,0x00,0x00,0x00,0x00,
    0x00,0x00,0x00,0x00,0x00,0x00,0x00,0x00,0x00,0x00,0x00,0x00,0x00,0x00,0x00,0x00,
    0x00,0x00,0x00,0x00,0x00,0x00,0x00,0x00,0x00,0x00,0x00,0x00,0x00,0x00,0x00,0x00,
    0x00,0x00,0x00,0x00,0x00,0x00,0x00,0x00,0x00,0x00,0x00,0x00,0x00,0x00,0x00,0x00,
    0x00,0x00,0x00,0x00,0x00,0x00,0x00,0x00,0x00,0x00,0x00,0x00,0x00,0x00,0x40,0xff,
    0x00,0x00,0x40,0xff,0x20,0x00,0xa0,0xff,0x20,0x00,0xa0,0xff,0x20,0x00,0xa0,0xff,
    0x20,0x00,0xa0,0xff,0x20,0x00,0xa0,0xff,0x20,0x00,0xa0,0xff,0x20,0x20,0xe0,0xff,
    0x20,0x20,0xe0,0xff,0x20,0x20,0xe0,0xff,0x20,0x20,0xe0,0xff,0x20,0x20,0xe0,0xff,
    0x20,0x20,0xe0,0xff,0x20,0x20,0xe0,0xff,0x20,0x20,0xe0,0xff,0x20,0x00,0xa0,0xff,
    0x20,0x00,0xa0,0xff,0x20,0x00,0xa0,0xff,0x20,0x00,0xa0,0xff,0x20,0x00,0xa0,0xff,
    0x20,0x00,0xa0,0xff,0x00,0x00,0x40,0xff,0x00,0x00,0x40,0xff,0x00,0x00,0x00,0x00,
    0x00,0x00,0x00,0x00,0x00,0x00,0x00,0x00,0x00,0x00,0x00,0x00,0x00,0x00,0x00,0x00,
    0x00,0x00,0x00,0x00,0x00,0x00,0x00,0x00,0x00,0x00,0x00,0x00,0x00,0x00,0x00,0x00,
    0x00,0x00,0x00,0x00,0x00,0x00,0x00,0x00,0x00,0x00,0x00,0x00,0x00,0x00,0x00,0x00,
    0x00,0x00,0x00,0x00,0x00,0x00,0x00,0x00,0x00,0x00,0x00,0x00,0x00,0x00,0x00,0x00,
    0x00,0x00,0x00,0x00,0x00,0x00,0x00,0x00,0x00,0x00,0x00,0x00,0x00,0x00,0x00,0x00,
    0x00,0x00,0x00,0x00,0x00,0x00,0x00,0x00,0x00,0x00,0x00,0x00,0x00,0x00,0x40,0xff,
    0x20,0x00,0xa0,0xff,0x20,0x00,0xa0,0xff,0x20,0x00,0xa0,0xff,0x40,0x40,0xe0,0xff,
    0x20,0x00,0xa0,0xff,0x20,0x00,0xa0,0xff,0x20,0x00,0xa0,0xff,0x20,0x00,0xa0,0xff,
    0x20,0x00,0xa0,0xff,0x20,0x00,0xa0,0xff,0x20,0x20,0xe0,0xff,0x20,0x20,0xe0,0xff,
    0x20,0x20,0xe0,0xff,0x20,0x20,0xe0,0xff,0x20,0x00,0xa0,0xff,0x20,0x00,0xa0,0xff,
    0x20,0x00,0xa0,0xff,0x20,0x00,0xa0,0xff,0x20,0x00,0xa0,0xff,0x20,0x00,0xa0,0xff,
    0x20,0x00,0xa0,0xff,0x20,0x00,0xa0,0xff,0x00,0x00,0x40,0xff,0x00,0x00,0x00,0x00,
    0x00,0x00,0x00,0x00,0x00,0x00,0x00,0x00,0x00,0x00,0x00,0x00,0x00,0x00,0x00,0x00,
    0x00,0x00,0x00,0x00,0x00,0x00,0x00,0x00,0x00,0x00,0x00,0x00,0x00,0x00,0x00,0x00,
    0x00,0x00,0x00,0x00,0x00,0x00,0x00,0x00,0x00,0x00,0x00,0x00,0x00,0x00,0x00,0x00,
    0x00,0x00,0x00,0x00,0x00,0x00,0x00,0x00,0x00,0x00,0x00,0x00,0x00,0x00,0x00,0x00,
    0x00,0x00,0x00,0x00,0x00,0x00,0x00,0x00,0x00,0x00,0x00,0x00,0x00,0x00,0x00,0x00,
    0x00,0x00,0x00,0x00,0x00,0x00,0x00,0x00,0x00,0x00,0x00,0x00,0x00,0x00,0x40,0xff,
    0x00,0x00,0x40,0xff,0x20,0x00,0xa0,0xff,0x20,0x00,0xa0,0xff,0x40,0x40,0xe0,0xff,
    0x40,0x40,0xe0,0xff,0x20,0x20,0xe0,0xff,0x20,0x00,0xa0,0xff,0x20,0x00,0xa0,0xff,
    0x20,0x00,0xa0,0xff,0x20,0x00,0xa0,0xff,0x20,0x20,0xe0,0xff,0x40,0x40,0xe0,0xff,
    0x20,0x20,0xe0,0xff,0x20,0x00,0xa0,0xff,0x20,0x00,0xa0,0xff,0x20,0x00,0xa0,0xff,
    0x20,0x00,0xa0,0xff,0x20,0x20,0xe0,0xff,0x40,0x40,0xe0,0xff,0x20,0x00,0xa0,0xff,
    0x20,0x00,0xa0,0xff,0x00,0x00,0x40,0xff,0x00,0x00,0x40,0xff,0x00,0x00,0x00,0x00,
    0x00,0x00,0x00,0x00,0x00,0x00,0x00,0x00,0x00,0x00,0x00,0x00,0x00,0x00,0x00,0x00,
    0x00,0x00,0x00,0x00,0x00,0x00,0x00,0x00,0x00,0x00,0x00,0x00,0x00,0x00,0x00,0x00,
    0x00,0x00,0x00,0x00,0x00,0x00,0x00,0x00,0x00,0x00,0x00,0x00,0x00,0x00,0x00,0x00,
    0x00,0x00,0x00,0x00,0x00,0x00,0x00,0x00,0x00,0x00,0x00,0x00,0x00,0x00,0x00,0x00,
    0x00,0x00,0x00,0x00,0x00,0x00,0x00,0x00,0x00,0x00,0x00,0x00,0x00,0x00,0x00,0x00,
    0x00,0x00,0x00,0x00,0x00,0x00,0x00,0x00,0x00,0x00,0x40,0xff,0x20,0x00,0xa0,0xff,
    0x00,0x00,0x40,0xff,0x00,0x00,0x00,0x00,0x00,0x00,0x00,0x00,0x80,0x40,0x20,0xff,
    0x80,0x40,0x20,0xff,0x00,0x00,0x40,0xff,0x20,0x00,0xa0,0xff,0x20,0x00,0xa0,0xff,
    0x00,0x00,0x40,0xff,0x00,0x00,0x40,0xff,0x00,0x00,0x40,0xff,0x00,0x00,0x40,0xff,
    0x00,0x00,0x40,0xff,0x00,0x00,0x40,0xff,0x00,0x00,0x40,0xff,0x20,0x00,0xa0,0xff,
    0x20,0x00,0xa0,0xff,0x00,0x00,0x40,0xff,0x80,0x40,0x20,0xff,0x80,0x40,0x20,0xff,
    0x70,0x70,0x50,0xff,0x70,0x70,0x50,0xff,0x00,0x00,0x40,0xff,0x20,0x00,0xa0,0xff,
    0x00,0x00,0x40,0xff,0x00,0x00,0x00,0x00,0x00,0x00,0x00,0x00,0x00,0x00,0x00,0x00,
    0x00,0x00,0x00,0x00,0x00,0x00,0x00,0x00,0x00,0x00,0x00,0x00,0x00,0x00,0x00,0x00,
    0x00,0x00,0x00,0x00,0x00,0x00,0x00,0x00,0x00,0x00,0x00,0x00,0x00,0x00,0x00,0x00,
    0x00,0x00,0x00,0x00,0x00,0x00,0x00,0x00,0x00,0x00,0x00,0x00,0x00,0x00,0x00,0x00,
    0x00,0x00,0x00,0x00,0x00,0x00,0x00,0x00,0x00,0x00,0x00,0x00,0x00,0x00,0x00,0x00,
    0x00,0x00,0x00,0x00,0x00,0x00,0x00,0x00,0x00,0x00,0x00,0x00,0x00,0x00,0x00,0x00,
    0x00,0x00,0x00,0x00,0x00,0x00,0x00,0x00,0x80,0x40,0x20,0xff,0x80,0x40,0x20,0xff,
    0x60,0x60,0xa0,0xff,0xe0,0xe0,0xe0,0xff,0x20,0x20,0xe0,0xff,0x20,0x20,0xe0,0xff,
    0x00,0x00,0x40,0xff,0x60,0x60,0xa0,0xff,0x80,0x40,0x20,0xff,0x00,0x00,0x00,0x00,
    0x80,0x40,0x20,0xff,0x60,0x60,0xa0,0xff,0x00,0x00,0x40,0xff,0x20,0x20,0xe0,0xff,
    0x20,0x20,0xe0,0xff,0xe0,0xe0,0xe0,0xff,0x60,0x60,0xa0,0xff,0x80,0x40,0x20,0xff,
    0x80,0x40,0x20,0xff,0x00,0x00,0x00,0x00,0x00,0x00,0x00,0x00,0x00,0x00,0x00,0x00,
    0x00,0x00,0x00,0x00,0x00,0x00,0x00,0x00,0x00,0x00,0x00,0x00,0x00,0x00,0x00,0x00,
    0x00,0x00,0x00,0x00,0x00,0x00,0x00,0x00,0x00,0x00,0x00,0x00,0x00,0x00,0x00,0x00,
    0x00,0x00,0x00,0x00,0x00,0x00,0x00,0x00,0x00,0x00,0x00,0x00,0x00,0x00,0x00,0x00,
    0x00,0x00,0x00,0x00,0x00,0x00,0x00,0x00,0x00,0x00,0x00,0x00,0x00,0x00,0x00,0x00,
    0x00,0x00,0x00,0x00,0x00,0x00,0x00,0x00,0x00,0x00,0x00,0x00,0x00,0x00,0x00,0x00,
    0x00,0x00,0x00,0x00,0x00,0x00,0x00,0x00,0x00,0x00,0x00,0x00,0x00,0x00,0x00,0x00,
    0x00,0x00,0x00,0x00,0x00,0x00,0x00,0x00,0x80,0x40,0x20,0xff,0x80,0x40,0x20,0xff,
    0x60,0x60,0xa0,0xff,0xe0,0xe0,0xe0,0xff,0x20,0x20,0xe0,0xff,0x20,0x20,0xe0,0xff,
    0x00,0x00,0x40,0xff,0x60,0x60,0xa0,0xff,0x80,0x40,0x20,0xff,0x00,0x00,0x00,0x00,
    0x80,0x40,0x20,0xff,0x60,0x60,0xa0,0xff,0x00,0x00,0x40,0xff,0x20,0x20,0xe0,0xff,
    0x20,0x20,0xe0,0xff,0xe0,0xe0,0xe0,0xff,0x60,0x60,0xa0,0xff,0x80,0x40,0x20,0xff,
    0x80,0x40,0x20,0xff,0x00,0x00,0x00,0x00,0x00,0x00,0x00,0x00,0x00,0x00,0x00,0x00,
    0x00,0x00,0x00,0x00,0x00,0x00,0x00,0x00,0x00,0x00,0x00,0x00,0x00,0x00,0x00,0x00,
    0x00,0x00,0x00,0x00,0x00,0x00,0x00,0x00,0x00,0x00,0x00,0x00,0x00,0x00,0x00,0x00,
    0x00,0x00,0x00,0x00,0x00,0x00,0x00,0x00,0x00,0x00,0x00,0x00,0x00,0x00,0x00,0x00,
    0x00,0x00,0x00,0x00,0x00,0x00,0x00,0x00,0x00,0x00,0x00,0x00,0x00,0x00,0x00,0x00,
    0x00,0x00,0x00,0x00,0x00,0x00,0x00,0x00,0x00,0x00,0x00,0x00,0x00,0x00,0x00,0x00,
    0x00,0x00,0x00,0x00,0x00,0x00,0x00,0x00,0x00,0x00,0x00,0x00,0x00,0x00,0x00,0x00,
    0x00,0x00,0x00,0x00,0x00,0x00,0x00,0x00,0x00,0x00,0x00,0x00,0x00,0x00,0x00,0x00,
    0x00,0x00,0x00,0x00,0x00,0x00,0x00,0x00,0x00,0x00,0x00,0x00,0x00,0x00,0x00,0x00,
    0x00,0x00,0x00,0x00,0x00,0x00,0x00,0x00,0x80,0x40,0x20,0xff,0xe0,0x00,0x00,0xff,
    0xe0,0xa0,0x80,0xff,0xe0,0xa0,0x80,0xff,0xe0,0xa0,0x80,0xff,0xe0,0xa0,0x80,0xff,
    0x60,0x60,0xa0,0xff,0x80,0x40,0x20,0xff,0x00,0x00,0x00,0x00,0x00,0x00,0x00,0x00,
    0x00,0x00,0x00,0x00,0x00,0x00,0x00,0x00,0x00,0x00,0x00,0x00,0x00,0x00,0x00,0x00,
    0x00,0x00,0x00,0x00,0x00,0x00,0x00,0x00,0x00,0x00,0x00,0x00,0x00,0x00,0x00,0x00,
    0x00,0x00,0x00,0x00,0x00,0x00,0x00,0x00,0x00,0x00,0x00,0x00,0x00,0x00,0x00,0x00,
    0x00,0x00,0x00,0x00,0x00,0x00,0x00,0x00,0x00,0x00,0x00,0x00,0x00,0x00,0x00,0x00,
    0x00,0x00,0x00,0x00,0x00,0x00,0x00,0x00,0x00,0x00,0x00,0x00,0x00,0x00,0x00,0x00,
    0x00,0x00,0x00,0x00,0x00,0x00,0x00,0x00,0x00,0x00,0x00,0x00,0x00,0x00,0x00,0x00,
    0x00,0x00,0x00,0x00,0x00,0x00,0x00,0x00,0x00,0x00,0x00,0x00,0x00,0x00,0x00,0x00,
    0x00,0x00,0x00,0x00,0x00,0x00,0x00,0x00,0x00,0x00,0x00,0x00,0x00,0x00,0x00,0x00,
    0x00,0x00,0x00,0x00,0x00,0x00,0x00,0x00,0x00,0x00,0x00,0x00,0x00,0x00,0x00,0x00,
    0x00,0x00,0x00,0x00,0x00,0x00,0x00,0x00,0x00,0x00,0x00,0x00,0x80,0x40,0x20,0xff,
    0x80,0x40,0x20,0xff,0x80,0x40,0x20,0xff,0x80,0x40,0x20,0xff,0x80,0x40,0x20,0xff,
    0x80,0x40,0x20,0xff,0x80,0x40,0x20,0xff,0xe0,0x00,0x00,0xff,0x00,0x00,0x00,0x00,
    0x00,0x00,0x00,0x00,0x00,0x00,0x00,0x00,0x00,0x00,0x00,0x00,0x00,0x00,0x00,0x00,
    0x00,0x00,0x00,0x00,0x00,0x00,0x00,0x00,0x00,0x00,0x00,0x00,0x00,0x00,0x00,0x00,
    0x00,0x00,0x00,0x00,0x00,0x00,0x00,0x00,0x00,0x00,0x00,0x00,0x00,0x00,0x00,0x00,
    0x00,0x00,0x00,0x00,0x00,0x00,0x00,0x00,0x00,0x00,0x00,0x00,0x00,0x00,0x00,0x00,
    0x00,0x00,0x00,0x00,0x00,0x00,0x00,0x00,0x00,0x00,0x00,0x00,0x00,0x00,0x00,0x00,
    0x00,0x00,0x00,0x00,0x00,0x00,0x00,0x00,0x00,0x00,0x00,0x00,0x00,0x00,0x00,0x00,
    0x00,0x00,0x00,0x00,0x00,0x00,0x00,0x00,0x00,0x00,0x00,0x00,0x00,0x00,0x00,0x00,
    0x00,0x00,0x00,0x00,0x00,0x00,0x00,0x00,0x00,0x00,0x00,0x00,0x00,0x00,0x00,0x00,
    0x00,0x00,0x00,0x00,0x00,0x00,0x00,0x00,0x00,0x00,0x00,0x00,0x00,0x00,0x00,0x00,
    0x00,0x00,0x00,0x00,0x00,0x00,0x00,0x00,0x80,0x40,0x20,0xff,0xe0,0x00,0x00,0xff,
    0xe0,0xa0,0x80,0xff,0xe0,0xa0,0x80,0xff,0xe0,0xa0,0x80,0xff,0xe0,0xa0,0x80,0xff,
    0x60,0x60,0xa0,0xff,0x80,0x40,0x20,0xff,0x00,0x00,0x00,0x00,0x00,0x00,0x00,0x00,
    0x00,0x00,0x00,0x00,0x00,0x00,0x00,0x00,0x00,0x00,0x00,0x00,0x00,0x00,0x00,0x00,
    0x00,0x00,0x00,0x00,0x00,0x00,0x00,0x00,0x00,0x00,0x00,0x00,0x00,0x00,0x00,0x00,
    0x00,0x00,0x00,0x00,0x00,0x00,0x00,0x00,0x00,0x00,0x00,0x00,0x00,0x00,0x00,0x00,
    0x00,0x00,0x00,0x00,0x00,0x00,0x00,0x00,0x00,0x00,0x00,0x00,0x00,0x00,0x00,0x00,
    0x00,0x00,0x00,0x00,0x00,0x00,0x00,0x00,0x00,0x00,0x00,0x00,0x00,0x00,0x00,0x00,
    0x00,0x00,0x00,0x00,0x00,0x00,0x00,0x00,0x00,0x00,0x00,0x00,0x00,0x00,0x00,0x00,
    0x00,0x00,0x00,0x00,0x00,0x00,0x00,0x00,0x00,0x00,0x00,0x00,0x00,0x00,0x00,0x00,
    0x00,0x00,0x00,0x00,0x00,0x00,0x00,0x00,0x00,0x00,0x00,0x00,0x00,0x00,0x00,0x00,
    0x00,0x00,0x00,0x00,0x00,0x00,0x00,0x00,0x00,0x00,0x00,0x00,0x00,0x00,0x00,0x00,
    0x00,0x00,0x00,0x00,0x00,0x00,0x00,0x00,0x00,0x00,0x00,0x00,0x00,0x00,0x00,0x00,
    0x00,0x00,0x00,0x00,0x80,0x40,0x20,0xff,0xe0,0xe0,0xe0,0xff,0xe0,0xe0,0xe0,0xff,
    0xe0,0xe0,0xe0,0xff,0xe0,0xe0,0xe0,0xff,0xe0,0xe0,0xe0,0xff,0xe0,0xe0,0xe0,0xff,
    0x80,0x40,0x20,0xff,0x00,0x00,0x00,0x00,0x00,0x00,0x00,0x00,0x00,0x00,0x00,0x00,
    0x00,0x00,0x00,0x00,0x00,0x00,0x00,0x00,0x00,0x00,0x00,0x00,0x00,0x00,0x00,0x00,
    0x00,0x00,0x00,0x00,0x00,0x00,0x00,0x00,0x00,0x00,0x00,0x00,0x00,0x00,0x00,0x00,
    0x00,0x00,0x00,0x00,0x00,0x00,0x00,0x00,0x00,0x00,0x00,0x00,0x00,0x00,0x00,0x00,
    0x00,0x00,0x00,0x00,0x00,0x00,0x00,0x00,0x00,0x00,0x00,0x00,0x00,0x00,0x00,0x00,
    0x00,0x00,0x00,0x00,0x00,0x00,0x00,0x00,0x00,0x00,0x00,0x00,0x00,0x00,0x00,0x00,
    0x00,0x00,0x00,0x00,0x00,0x00,0x00,0x00,0x00,0x00,0x00,0x00,0x00,0x00,0x00,0x00,
    0x00,0x00,0x00,0x00,0x00,0x00,0x00,0x00,0x80,0x40,0x20,0xff,0x80,0x40,0x20,0xff,
    0x60,0x60,0xa0,0xff,0xe0,0xe0,0xe0,0xff,0x20,0x20,0xe0,0xff,0x20,0x20,0xe0,0xff,
    0x00,0x00,0x40,0xff,0x60,0x60,0xa0,0xff,0x80,0x40,0x20,0xff,0x00,0x00,0x00,0x00,
    0x80,0x40,0x20,0xff,0x60,0x60,0xa0,0xff,0x00,0x00,0x40,0xff,0x20,0x20,0xe0,0xff,
    0x20,0x20,0xe0,0xff,0xe0,0xe0,0xe0,0xff,0x60,0x60,0xa0,0xff,0x80,0x40,0x20,0xff,
    0x80,0x40,0x20,0xff,0x00,0x00,0x00,0x00,0x00,0x00,0x00,0x00,0x00,0x00,0x00,0x00,
    0x00,0x00,0x00,0x00,0x00,0x00,0x00,0x00,0x00,0x00,0x00,0x00,0x00,0x00,0x00,0x00,
    0x00,0x00,0x00,0x00,0x00,0x00,0x00,0x00,0x00,0x00,0x00,0x00,0x00,0x00,0x00,0x00,
    0x00,0x00,0x00,0x00,0x00,0x00,0x00,0x00,0x00,0x00,0x00,0x00,0x00,0x00,0x00,0x00,
    0x00,0x00,0x00,0x00,0x00,0x00,0x00,0x00,0x00,0x00,0x00,0x00,0x00,0x00,0x00,0x00,
    0x00,0x00,0x00,0x00,0x00,0x00,0x00,0x00,0x00,0x00,0x00,0x00,0x00,0x00,0x00,0x00,
    0x00,0x00,0x00,0x00,0x00,0x00,0x00,0x00,0x00,0x00,0x00,0x00,0x00,0x00,0x00,0x00,
    0x00,0x00,0x00,0x00,0x00,0x00,0x00,0x00,0x00,0x00,0x00,0x00,0x80,0x40,0x20,0xff,
    0xe0,0xe0,0xe0,0xff,0xe0,0xe0,0xe0,0xff,0xe0,0xe0,0xe0,0xff,0xe0,0xe0,0xe0,0xff,
    0xe0,0xe0,0xe0,0xff,0xe0,0xe0,0xe0,0xff,0x80,0x40,0x20,0xff,0x00,0x00,0x00,0x00,
    0x00,0x00,0x00,0x00,0x00,0x00,0x00,0x00,0x00,0x00,0x00,0x00,0x00,0x00,0x00,0x00,
    0x00,0x00,0x00,0x00,0x00,0x00,0x00,0x00,0x00,0x00,0x00,0x00,0x00,0x00,0x00,0x00,
    0x00,0x00,0x00,0x00,0x00,0x00,0x00,0x00,0x00,0x00,0x00,0x00,0x00,0x00,0x00,0x00,
    0x00,0x00,0x00,0x00,0x00,0x00,0x00,0x00,0x00,0x00,0x00,0x00,0x00,0x00,0x00,0x00,
    0x00,0x00,0x00,0x00,0x00,0x00,0x00,0x00,0x00,0x00,0x00,0x00,0x00,0x00,0x00,0x00,
    0x00,0x00,0x00,0x00,0x00,0x00,0x00,0x00,0x00,0x00,0x00,0x00,0x00,0x00,0x00,0x00,
    0x00,0x00,0x00,0x00,0x00,0x00,0x00,0x00,0x00,0x00,0x00,0x00,0x00,0x00,0x00,0x00,
    0x00,0x00,0x00,0x00,0x00,0x00,0x00,0x00,0x00,0x00,0x00,0x00,0x00,0x00,0x00,0x00,
    0x00,0x00,0x00,0x00,0x00,0x00,0x00,0x00,0x00,0x00,0x00,0x00,0x00,0x00,0x00,0x00,
    0x00,0x00,0x00,0x00,0x00,0x00,0x00,0x00,0x00,0x00,0x00,0x00,0x00,0x00,0x00,0x00,
    0x00,0x00,0x00,0x00,0x00,0x00,0x00,0x00,0x80,0x40,0x20,0xff,0x60,0x60,0xa0,0xff,
    0xe0,0xa0,0x80,0xff,0xe0,0xa0,0x80,0xff,0xe0,0xa0,0x80,0xff,0xe0,0xa0,0x80,0xff,
    0xe0,0x00,0x00,0xff,0x80,0x40,0x20,0xff,0x00,0x00,0x00,0x00,0x00,0x00,0x00,0x00,
    0x00,0x00,0x00,0x00,0x00,0x00,0x00,0x00,0x00,0x00,0x00,0x00,0x00,0x00,0x00,0x00,
    0x00,0x00,0x00,0x00,0x00,0x00,0x00,0x00,0x00,0x00,0x00,0x00,0x00,0x00,0x00,0x00,
    0x00,0x00,0x00,0x00,0x00,0x00,0x00,0x00,0x00,0x00,0x00,0x00,0x00,0x00,0x00,0x00,
    0x00,0x00,0x00,0x00,0x00,0x00,0x00,0x00,0x00,0x00,0x00,0x00,0x00,0x00,0x00,0x00,
    0x00,0x00,0x00,0x00,0x00,0x00,0x00,0x00,0x00,0x00,0x00,0x00,0x00,0x00,0x00,0x00,
    0x00,0x00,0x00,0x00,0x00,0x00,0x00,0x00,0x00,0x00,0x00,0x00,0x00,0x00,0x00,0x00,
    0x00,0x00,0x00,0x00,0x00,0x00,0x00,0x00,0x00,0x00,0x00,0x00,0x00,0x00,0x00,0x00,
    0x00,0x00,0x00,0x00,0x00,0x00,0x00,0x00,0x00,0x00,0x00,0x00,0x00,0x00,0x00,0x00,
    0x00,0x00,0x00,0x00,0x00,0x00,0x00,0x00,0x00,0x00,0x00,0x00,0xe0,0x00,0x00,0xff,
    0x80,0x40,0x20,0xff,0x80,0x40,0x20,0xff,0x80,0x40,0x20,0xff,0x80,0x40,0x20,0xff,
    0x80,0x40,0x20,0xff,0x80,0x40,0x20,0xff,0x80,0x40,0x20,0xff,0x00,0x00,0x00,0x00,
    0x00,0x00,0x00,0x00,0x00,0x00,0x00,0x00,0x00,0x00,0x00,0x00,0x00,0x00,0x00,0x00,
    0x00,0x00,0x00,0x00,0x00,0x00,0x00,0x00,0x00,0x00,0x00,0x00,0x00,0x00,0x00,0x00,
    0x00,0x00,0x00,0x00,0x00,0x00,0x00,0x00,0x00,0x00,0x00,0x00,0x00,0x00,0x00,0x00,
    0x00,0x00,0x00,0x00,0x00,0x00,0x00,0x00,0x00,0x00,0x00,0x00,0x00,0x00,0x00,0x00,
    0x00,0x00,0x00,0x00,0x00,0x00,0x00,0x00,0x00,0x00,0x00,0x00,0x00,0x00,0x00,0x00,
    0x00,0x00,0x00,0x00,0x00,0x00,0x00,0x00,0x00,0x00,0x00,0x00,0x00,0x00,0x00,0x00,
    0x00,0x00,0x00,0x00,0x00,0x00,0x00,0x00,0x00,0x00,0x00,0x00,0x00,0x00,0x00,0x00,
    0x00,0x00,0x00,0x00,0x00,0x00,0x00,0x00,0x00,0x00,0x00,0x00,0x00,0x00,0x00,0x00,
    0x00,0x00,0x00,0x00,0x00,0x00,0x00,0x00,0x00,0x00,0x00,0x00,0x00,0x00,0x00,0x00,
    0x00,0x00,0x00,0x00,0x00,0x00,0x00,0x00,0x00,0x00,0x00,0x00,0x00,0x00,0x00,0x00,
    0x00,0x00,0x00,0x00,0x00,0x00,0x00,0x00,0x80,0x40,0x20,0xff,0x60,0x60,0xa0,0xff,
    0xe0,0xa0,0x80,0xff,0xe0,0xa0,0x80,0xff,0xe0,0xa0,0x80,0xff,0xe0,0xa0,0x80,0xff,
    0xe0,0x00,0x00,0xff,0x80,0x40,0x20,0xff,0x00,0x00,0x00,0x00,0x00,0x00,0x00,0x00,
    0x00,0x00,0x00,0x00,0x00,0x00,0x00,0x00,0x00,0x00,0x00,0x00,0x00,0x00,0x00,0x00,
    0x00,0x00,0x00,0x00,0x00,0x00,0x00,0x00,0x00,0x00,0x00,0x00,0x00,0x00,0x00,0x00,
    0x00,0x00,0x00,0x00,0x00,0x00,0x00,0x00,0x00,0x00,0x00,0x00,0x00,0x00,0x00,0x00,
    0x00,0x00,0x00,0x00,0x00,0x00,0x00,0x00,0x00,0x00,0x00,0x00,0x00,0x00,0x00,0x00,
    0x00,0x00,0x00,0x00,0x00,0x00,0x00,0x00,0x00,0x00,0x00,0x00,0x00,0x00,0x00,0x00,
    0x00,0x00,0x00,0x00,0x00,0x00,0x00,0x00,0x00,0x00,0x00,0x00,0x00,0x00,0x00,0x00,
    0x00,0x00,0x00,0x00,0x00,0x00,0x00,0x00,0x00,0x00,0x00,0x00,0x00,0x00,0x00,0x00,
    0x00,0x00,0x00,0x00,0x00,0x00,0x00,0x00,0x00,0x00,0x00,0x00,0x00,0x00,0x00,0x00,
    0x00,0x00,0x00,0x00,0x00,0x00,0x00,0x00,0x00,0x00,0x00,0x00,0x80,0x40,0x20,0xff,
    0xe0,0xe0,0xe0,0xff,0xe0,0xe0,0xe0,0xff,0xe0,0xe0,0xe0,0xff,0xe0,0xe0,0xe0,0xff,
    0xe0,0xe0,0xe0,0xff,0xe0,0xe0,0xe0,0xff,0x80,0x40,0x20,0xff,0x00,0x00,0x00,0x00,
    0x00,0x00,0x00,0x00,0x00,0x00,0x00,0x00,0x00,0x00,0x00,0x00,0x00,0x00,0x00,0x00,
    0x00,0x00,0x00,0x00,0x00,0x00,0x00,0x00,0x00,0x00,0x00,0x00,0x00,0x00,0x00,0x00,
    0x00,0x00,0x00,0x00,0x00,0x00,0x00,0x00,0x00,0x00,0x00,0x00,0x00,0x00,0x00,0x00,
    0x00,0x00,0x00,0x00,0x00,0x00,0x00,0x00,0x00,0x00,0x00,0x00,0x00,0x00,0x00,0x00,
    0x00,0x00,0x00,0x00,0x00,0x00,0x00,0x00,0x00,0x00,0x00,0x00,0x00,0x00,0x00,0x00,
    0x00,0x00,0x00,0x00,0x00,0x00,0x00,0x00,0x00,0x00,0x00,0x00,0x00,0x00,0x00,0x00,
    0x00,0x00,0x00,0x00,0x00,0x00,0x00,0x00,0x00,0x00,0x00,0x00,0x00,0x00,0x00,0x00,
    0x00,0x00,0x00,0x00,0x00,0x00,0x00,0x00,0x00,0x00,0x00,0x00,0x00,0x00,0x00,0x00,
    0x00,0x00,0x00,0x00,0x00,0x00,0x00,0x00,0x00,0x00,0x00,0x00,0x00,0x00,0x40,0xff,
    0x00,0x00,0x40,0xff,0x00,0x00,0x40,0xff,0x20,0x00,0xa0,0xff,0x20,0x00,0xa0,0xff,
    0x20,0x00,0xa0,0xff,0x20,0x00,0xa0,0xff,0x20,0x00,0xa0,0xff,0x20,0x00,0xa0,0xff,
    0x20,0x00,0xa0,0xff,0x20,0x00,0xa0,0xff,0x20,0x00,0xa0,0xff,0x20,0x00,0xa0,0xff,
    0x20,0x00,0xa0,0xff,0x20,0x00,0xa0,0xff,0x20,0x00,0xa0,0xff,0x20,0x00,0xa0,0xff,
    0x20,0x00,0xa0,0xff,0x20,0x00,0xa0,0xff,0x20,0x00,0xa0,0xff,0x20,0x00,0xa0,0xff,
    0x00,0x00,0x40,0xff,0x00,0x00,0x40,0xff,0x00,0x00,0x40,0xff,0x00,0x00,0x00,0x00,
    0x00,0x00,0x00,0x00,0x00,0x00,0x00,0x00,0x00,0x00,0x00,0x00,0x00,0x00,0x00,0x00,
    0x00,0x00,0x00,0x00,0x00,0x00,0x00,0x00,0x00,0x00,0x00,0x00,0x00,0x00,0x00,0x00,
    0x00,0x00,0x00,0x00,0x00,0x00,0x00,0x00,0x00,0x00,0x00,0x00,0x00,0x00,0x00,0x00,
    0x00,0x00,0x00,0x00,0x00,0x00,0x00,0x00,0x00,0x00,0x00,0x00,0x00,0x00,0x00,0x00,
    0x00,0x00,0x00,0x00,0x00,0x00,0x00,0x00,0x00,0x00,0x00,0x00,0x00,0x00,0x00,0x00,
    0x00,0x00,0x00,0x00,0x00,0x00,0x00,0x00,0x00,0x00,0x00,0x00,0x00,0x00,0x40,0xff,
    0x20,0x00,0xa0,0xff,0x20,0x00,0xa0,0xff,0x20,0x00,0xa0,0xff,0x20,0x00,0xa0,0xff,
    0x20,0x00,0xa0,0xff,0x20,0x00,0xa0,0xff,0x20,0x00,0xa0,0xff,0x20,0x00,0xa0,0xff,
    0x20,0x00,0xa0,0xff,0x20,0x00,0xa0,0xff,0x20,0x20,0xe0,0xff,0x20,0x20,0xe0,0xff,
    0x20,0x20,0xe0,0xff,0x20,0x00,0xa0,0xff,0x20,0x00,0xa0,0xff,0x20,0x00,0xa0,0xff,
    0x20,0x00,0xa0,0xff,0x20,0x00,0xa0,0xff,0x20,0x00,0xa0,0xff,0x20,0x00,0xa0,0xff,
    0x20,0x00,0xa0,0xff,0x20,0x00,0xa0,0xff,0x00,0x00,0x40,0xff,0x00,0x00,0x00,0x00,
    0x00,0x00,0x00,0x00,0x00,0x00,0x00,0x00,0x00,0x00,0x00,0x00,0x00,0x00,0x00,0x00,
    0x00,0x00,0x00,0x00,0x00,0x00,0x00,0x00,0x00,0x00,0x00,0x00,0x00,0x00,0x00,0x00,
    0x00,0x00,0x00,0x00,0x00,0x00,0x00,0x00,0x00,0x00,0x00,0x00,0x00,0x00,0x00,0x00,
    0x00,0x00,0x00,0x00,0x00,0x00,0x00,0x00,0x00,0x00,0x00,0x00,0x00,0x00,0x00,0x00,
    0x00,0x00,0x00,0x00,0x00,0x00,0x00,0x00,0x00,0x00,0x00,0x00,0x00,0x00,0x00,0x00,
    0x00,0x00,0x00,0x00,0x00,0x00,0x00,0x00,0x00,0x00,0x00,0x00,0x00,0x00,0x40,0xff,
    0x00,0x00,0x40,0xff,0x00,0x00,0x40,0xff,0x20,0x00,0xa0,0xff,0x20,0x00,0xa0,0xff,
    0x20,0x00,0xa0,0xff,0x20,0x00,0xa0,0xff,0x20,0x00,0xa0,0xff,0x20,0x00,0xa0,0xff,
    0x20,0x00,0xa0,0xff,0x20,0x00,0xa0,0xff,0x20,0x20,0xe0,0xff,0x40,0x40,0xe0,0xff,
    0x20,0x20,0xe0,0xff,0x20,0x00,0xa0,0xff,0x20,0x00,0xa0,0xff,0x20,0x00,0xa0,0xff,
    0x20,0x00,0xa0,0xff,0x20,0x00,0xa0,0xff,0x20,0x00,0xa0,0xff,0x20,0x00,0xa0,0xff,
    0x00,0x00,0x40,0xff,0x00,0x00,0x40,0xff,0x00,0x00,0x40,0xff,0x00,0x00,0x00,0x00,
    0x00,0x00,0x00,0x00,0x00,0x00,0x00,0x00,0x00,0x00,0x00,0x00,0x00,0x00,0x00,0x00,
    0x00,0x00,0x00,0x00,0x00,0x00,0x00,0x00,0x00,0x00,0x00,0x00,0x00,0x00,0x00,0x00,
    0x00,0x00,0x00,0x00,0x00,0x00,0x00,0x00,0x00,0x00,0x00,0x00,0x00,0x00,0x00,0x00,
    0x00,0x00,0x00,0x00,0x00,0x00,0x00,0x00,0x00,0x00,0x00,0x00,0x00,0x00,0x00,0x00,
    0x00,0x00,0x00,0x00,0x00,0x00,0x00,0x00,0x00,0x00,0x00,0x00,0x00,0x00,0x00,0x00,
    0x00,0x00,0x00,0x00,0x00,0x00,0x00,0x00,0x00,0x00,0x00,0x00,0x00,0x00,0x00,0x00,
    0x00,0x00,0x00,0x00,0x00,0x00,0x00,0x00,0x00,0x00,0x00,0x00,0x00,0x00,0x00,0x00,
    0x80,0x40,0x20,0xff,0x60,0x60,0xa0,0xff,0x60,0x60,0xa0,0xff,0x00,0x00,0x40,0xff,
    0x20,0x00,0xa0,0xff,0x20,0x00,0xa0,0xff,0x00,0x00,0x40,0xff,0x00,0x00,0x40,0xff,
    0x00,0x00,0x40,0xff,0x00,0x00,0x40,0xff,0x00,0x00,0x40,0xff,0x00,0x00,0x40,0xff,
    0x00,0x00,0x40,0xff,0x20,0x00,0xa0,0xff,0x20,0x00,0xa0,0xff,0x00,0x00,0x40,0xff,
    0x60,0x60,0xa0,0xff,0x60,0x60,0xa0,0xff,0x80,0x40,0x20,0xff,0x00,0x00,0x00,0x00,
    0x00,0x00,0x00,0x00,0x00,0x00,0x00,0x00,0x00,0x00,0x00,0x00,0x00,0x00,0x00,0x00,
    0x00,0x00,0x00,0x00,0x00,0x00,0x00,0x00,0x00,0x00,0x00,0x00,0x00,0x00,0x00,0x00,
    0x00,0x00,0x00,0x00,0x00,0x00,0x00,0x00,0x00,0x00,0x00,0x00,0x00,0x00,0x00,0x00,
    0x00,0x00,0x00,0x00,0x00,0x00,0x00,0x00,0x00,0x00,0x00,0x00,0x00,0x00,0x00,0x00,
    0x00,0x00,0x00,0x00,0x00,0x00,0x00,0x00,0x00,0x00,0x00,0x00,0x00,0x00,0x00,0x00,
    0x00,0x00,0x00,0x00,0x00,0x00,0x00,0x00,0x00,0x00,0x00,0x00,0x00,0x00,0x00,0x00,
    0x00,0x00,0x00,0x00,0x00,0x00,0x00,0x00,0x80,0x40,0x20,0xff,0x80,0x40,0x20,0xff,
    0x60,0x60,0xa0,0xff,0xe0,0xe0,0xe0,0xff,0x20,0x20,0xe0,0xff,0x20,0x20,0xe0,0xff,
    0xe0,0xe0,0xe0,0xff,0xe0,0xe0,0xe0,0xff,0x80,0x40,0x20,0xff,0x00,0x00,0x00,0x00,
    0x80,0x40,0x20,0xff,0xe0,0xe0,0xe0,0xff,0xe0,0xe0,0xe0,0xff,0x20,0x20,0xe0,0xff,
    0x20,0x20,0xe0,0xff,0xe0,0xe0,0xe0,0xff,0x60,0x60,0xa0,0xff,0x80,0x40,0x20,0xff,
    0x80,0x40,0x20,0xff,0x00,0x00,0x00,0x00,0x00,0x00,0x00,0x00,0x00,0x00,0x00,0x00,
    0x00,0x00,0x00,0x00,0x00,0x00,0x00,0x00,0x00,0x00,0x00,0x00,0x00,0x00,0x00,0x00,
    0x00,0x00,0x00,0x00,0x00,0x00,0x00,0x00,0x00,0x00,0x00,0x00,0x00,0x00,0x00,0x00,
    0x00,0x00,0x00,0x00,0x00,0x00,0x00,0x00,0x00,0x00,0x00,0x00,0x00,0x00,0x00,0x00,
    0x00,0x00,0x00,0x00,0x00,0x00,0x00,0x00,0x00,0x00,0x00,0x00,0x00,0x00,0x00,0x00,
    0x00,0x00,0x00,0x00,0x00,0x00,0x00,0x00,0x00,0x00,0x00,0x00,0x00,0x00,0x00,0x00,
    0x00,0x00,0x00,0x00,0x00,0x00,0x00,0x00,0x00,0x00,0x00,0x00,0x00,0x00,0x00,0x00,
    0x00,0x00,0x00,0x00,0x00,0x00,0x00,0x00,0x80,0x40,0x20,0xff,0x80,0x40,0x20,0xff,
    0x60,0x60,0xa0,0xff,0xe0,0xe0,0xe0,0xff,0x20,0x20,0xe0,0xff,0x20,0x20,0xe0,0xff,
    0xe0,0xe0,0xe0,0xff,0xe0,0xe0,0xe0,0xff,0x80,0x40,0x20,0xff,0x00,0x00,0x00,0x00,
    0x80,0x40,0x20,0xff,0xe0,0xe0,0xe0,0xff,0xe0,0xe0,0xe0,0xff,0x20,0x20,0xe0,0xff,
    0x20,0x20,0xe0,0xff,0xe0,0xe0,0xe0,0xff,0x60,0x60,0xa0,0xff,0x80,0x40,0x20,0xff,
    0x80,0x40,0x20,0xff,0x00,0x00,0x00,0x00,0x00,0x00,0x00,0x00,0x00,0x00,0x00,0x00,
    0x00,0x00,0x00,0x00,0x00,0x00,0x00,0x00,0x00,0x00,0x00,0x00,0x00,0x00,0x00,0x00,
    0x00,0x00,0x00,0x00,0x00,0x00,0x00,0x00,0x00,0x00,0x00,0x00,0x00,0x00,0x00,0x00,
    0x00,0x00,0x00,0x00,0x00,0x00,0x00,0x00,0x00,0x00,0x00,0x00,0x00,0x00,0x00,0x00,
    0x00,0x00,0x00,0x00,0x00,0x00,0x00,0x00,0x00,0x00,0x00,0x00,0x00,0x00,0x00,0x00,
    0x00,0x00,0x00,0x00,0x00,0x00,0x00,0x00,0x00,0x00,0x00,0x00,0x00,0x00,0x00,0x00,
    0x00,0x00,0x00,0x00,0x00,0x00,0x00,0x00,0x00,0x00,0x00,0x00,0x00,0x00,0x00,0x00,
    0x00,0x00,0x00,0x00,0x00,0x00,0x00,0x00,0x00,0x00,0x00,0x00,0x00,0x00,0x00,0x00,
    0x00,0x00,0x00,0x00,0x00,0x00,0x00,0x00,0x00,0x00,0x00,0x00,0x00,0x00,0x00,0x00,
    0x00,0x00,0x00,0x00,0x00,0x00,0x00,0x00,0x80,0x40,0x20,0xff,0xe0,0x00,0x00,0xff,
    0xe0,0x00,0x00,0xff,0xe0,0x00,0x00,0xff,0xe0,0x00,0x00,0xff,0xe0,0x00,0x00,0xff,
    0xe0,0x00,0x00,0xff,0xe0,0xa0,0x80,0xff,0x80,0x40,0x20,0xff,0x00,0x00,0x00,0x00,
    0x00,0x00,0x00,0x00,0x00,0x00,0x00,0x00,0x00,0x00,0x00,0x00,0x00,0x00,0x00,0x00,
    0x00,0x00,0x00,0x00,0x00,0x00,0x00,0x00,0x00,0x00,0x00,0x00,0x00,0x00,0x00,0x00,
    0x00,0x00,0x00,0x00,0x00,0x00,0x00,0x00,0x00,0x00,0x00,0x00,0x00,0x00,0x00,0x00,
    0x00,0x00,0x00,0x00,0x00,0x00,0x00,0x00,0x00,0x00,0x00,0x00,0x00,0x00,0x00,0x00,
    0x00,0x00,0x00,0x00,0x00,0x00,0x00,0x00,0x00,0x00,0x00,0x00,0x00,0x00,0x00,0x00,
    0x00,0x00,0x00,0x00,0x00,0x00,0x00,0x00,0x00,0x00,0x00,0x00,0x00,0x00,0x00,0x00,
    0x00,0x00,0x00,0x00,0x00,0x00,0x00,0x00,0x00,0x00,0x00,0x00,0x00,0x00,0x00,0x00,
    0x00,0x00,0x00,0x00,0x00,0x00,0x00,0x00,0x00,0x00,0x00,0x00,0x00,0x00,0x00,0x00,
    0x00,0x00,0x00,0x00,0x00,0x00,0x00,0x00,0x00,0x00,0x00,0x00,0x00,0x00,0x00,0x00,
    0x00,0x00,0x00,0x00,0x00,0x00,0x00,0x00,0x00,0x00,0x00,0x00,0x80,0x40,0x20,0xff,
    0x80,0x40,0x20,0xff,0x80,0x40,0x20,0xff,0x80,0x40,0x20,0xff,0x80,0x40,0x20,0xff,
    0x80,0x40,0x20,0xff,0x80,0x40,0x20,0xff,0xe0,0x00,0x00,0xff,0x00,0x00,0x00,0x00,
    0x00,0x00,0x00,0x00,0x00,0x00,0x00,0x00,0x00,0x00,0x00,0x00,0x00,0x00,0x00,0x00,
    0x00,0x00,0x00,0x00,0x00,0x00,0x00,0x00,0x00,0x00,0x00,0x00,0x00,0x00,0x00,0x00,
    0x00,0x00,0x00,0x00,0x00,0x00,0x00,0x00,0x00,0x00,0x00,0x00,0x00,0x00,0x00,0x00,
    0x00,0x00,0x00,0x00,0x00,0x00,0x00,0x00,0x00,0x00,0x00,0x00,0x00,0x00,0x00,0x00,
    0x00,0x00,0x00,0x00,0x00,0x00,0x00,0x00,0x00,0x00,0x00,0x00,0x00,0x00,0x00,0x00,
    0x00,0x00,0x00,0x00,0x00,0x00,0x00,0x00,0x00,0x00,0x00,0x00,0x00,0x00,0x00,0x00,
    0x00,0x00,0x00,0x00,0x00,0x00,0x00,0x00,0x00,0x00,0x00,0x00,0x00,0x00,0x00,0x00,
    0x00,0x00,0x00,0x00,0x00,0x00,0x00,0x00,0x00,0x00,0x00,0x00,0x00,0x00,0x00,0x00,
    0x00,0x00,0x00,0x00,0x00,0x00,0x00,0x00,0x00,0x00,0x00,0x00,0x00,0x00,0x00,0x00,
    0x00,0x00,0x00,0x00,0x00,0x00,0x00,0x00,0x80,0x40,0x20,0xff,0xe0,0x00,0x00,0xff,
    0xe0,0x00,0x00,0xff,0xe0,0x00,0x00,0xff,0xe0,0x00,0x00,0xff,0xe0,0x00,0x00,0xff,
    0xe0,0x00,0x00,0xff,0xe0,0xa0,0x80,0xff,0x80,0x40,0x20,0xff,0x00,0x00,0x00,0x00,
    0x00,0x00,0x00,0x00,0x00,0x00,0x00,0x00,0x00,0x00,0x00,0x00,0x00,0x00,0x00,0x00,
    0x00,0x00,0x00,0x00,0x00,0x00,0x00,0x00,0x00,0x00,0x00,0x00,0x00,0x00,0x00,0x00,
    0x00,0x00,0x00,0x00,0x00,0x00,0x00,0x00,0x00,0x00,0x00,0x00,0x00,0x00,0x00,0x00,
    0x00,0x00,0x00,0x00,0x00,0x00,0x00,0x00,0x00,0x00,0x00,0x00,0x00,0x00,0x00,0x00,
    0x00,0x00,0x00,0x00,0x00,0x00,0x00,0x00,0x00,0x00,0x00,0x00,0x00,0x00,0x00,0x00,
    0x00,0x00,0x00,0x00,0x00,0x00,0x00,0x00,0x00,0x00,0x00,0x00,0x00,0x00,0x00,0x00,
    0x00,0x00,0x00,0x00,0x00,0x00,0x00,0x00,0x00,0x00,0x00,0x00,0x00,0x00,0x00,0x00,
    0x00,0x00,0x00,0x00,0x00,0x00,0x00,0x00,0x00,0x00,0x00,0x00,0x00,0x00,0x00,0x00,
    0x00,0x00,0x00,0x00,0x00,0x00,0x00,0x00,0x00,0x00,0x00,0x00,0x00,0x00,0x00,0x00,
    0x00,0x00,0x00,0x00,0x00,0x00,0x00,0x00,0x00,0x00,0x00,0x00,0x00,0x00,0x00,0x00,
    0x00,0x00,0x00,0x00,0x80,0x40,0x20,0xff,0xe0,0xe0,0xe0,0xff,0xe0,0xe0,0xe0,0xff,
    0xe0,0xe0,0xe0,0xff,0xe0,0xe0,0xe0,0xff,0xe0,0xe0,0xe0,0xff,0xe0,0xe0,0xe0,0xff,
    0x80,0x40,0x20,0xff,0x00,0x00,0x00,0x00,0x00,0x00,0x00,0x00,0x00,0x00,0x00,0x00,
    0x00,0x00,0x00,0x00,0x00,0x00,0x00,0x00,0x00,0x00,0x00,0x00,0x00,0x00,0x00,0x00,
    0x00,0x00,0x00,0x00,0x00,0x00,0x00,0x00,0x00,0x00,0x00,0x00,0x00,0x00,0x00,0x00,
    0x00,0x00,0x00,0x00,0x00,0x00,0x00,0x00,0x00,0x00,0x00,0x00,0x00,0x00,0x00,0x00,
    0x00,0x00,0x00,0x00,0x00,0x00,0x00,0x00,0x00,0x00,0x00,0x00,0x00,0x00,0x00,0x00,
    0x00,0x00,0x00,0x00,0x00,0x00,0x00,0x00,0x00,0x00,0x00,0x00,0x00,0x00,0x00,0x00,
    0x00,0x00,0x00,0x00,0x00,0x00,0x00,0x00,0x00,0x00,0x00,0x00,0x00,0x00,0x00,0x00,
    0x00,0x00,0x00,0x00,0x00,0x00,0x00,0x00,0x80,0x40,0x20,0xff,0x80,0x40,0x20,0xff,
    0x60,0x60,0xa0,0xff,0xe0,0xe0,0xe0,0xff,0x20,0x20,0xe0,0xff,0x20,0x20,0xe0,0xff,
    0xe0,0xe0,0xe0,0xff,0xe0,0xe0,0xe0,0xff,0x80,0x40,0x20,0xff,0x00,0x00,0x00,0x00,
    0x80,0x40,0x20,0xff,0xe0,0xe0,0xe0,0xff,0xe0,0xe0,0xe0,0xff,0x20,0x20,0xe0,0xff,
    0x20,0x20,0xe0,0xff,0xe0,0xe0,0xe0,0xff,0x60,0x60,0xa0,0xff,0x80,0x40,0x20,0xff,
    0x80,0x40,0x20,0xff,0x00,0x00,0x00,0x00,0x00,0x00,0x00,0x00,0x00,0x00,0x00,0x00,
    0x00,0x00,0x00,0x00,0x00,0x00,0x00,0x00,0x00,0x00,0x00,0x00,0x00,0x00,0x00,0x00,
    0x00,0x00,0x00,0x00,0x00,0x00,0x00,0x00,0x00,0x00,0x00,0x00,0x00,0x00,0x00,0x00,
    0x00,0x00,0x00,0x00,0x00,0x00,0x00,0x00,0x00,0x00,0x00,0x00,0x00,0x00,0x00,0x00,
    0x00,0x00,0x00,0x00,0x00,0x00,0x00,0x00,0x00,0x00,0x00,0x00,0x00,0x00,0x00,0x00,
    0x00,0x00,0x00,0x00,0x00,0x00,0x00,0x00,0x00,0x00,0x00,0x00,0x00,0x00,0x00,0x00,
    0x00,0x00,0x00,0x00,0x00,0x00,0x00,0x00,0x00,0x00,0x00,0x00,0x00,0x00,0x00,0x00,
    0x00,0x00,0x00,0x00,0x00,0x00,0x00,0x00,0x00,0x00,0x00,0x00,0x80,0x40,0x20,0xff,
    0xe0,0xe0,0xe0,0xff,0xe0,0xe0,0xe0,0xff,0xe0,0xe0,0xe0,0xff,0xe0,0xe0,0xe0,0xff,
    0xe0,0xe0,0xe0,0xff,0xe0,0xe0,0xe0,0xff,0x80,0x40,0x20,0xff,0x00,0x00,0x00,0x00,
    0x00,0x00,0x00,0x00,0x00,0x00,0x00,0x00,0x00,0x00,0x00,0x00,0x00,0x00,0x00,0x00,
    0x00,0x00,0x00,0x00,0x00,0x00,0x00,0x00,0x00,0x00,0x00,0x00,0x00,0x00,0x00,0x00,
    0x00,0x00,0x00,0x00,0x00,0x00,0x00,0x00,0x00,0x00,0x00,0x00,0x00,0x00,0x00,0x00,
    0x00,0x00,0x00,0x00,0x00,0x00,0x00,0x00,0x00,0x00,0x00,0x00,0x00,0x00,0x00,0x00,
    0x00,0x00,0x00,0x00,0x00,0x00,0x00,0x00,0x00,0x00,0x00,0x00,0x00,0x00,0x00,0x00,
    0x00,0x00,0x00,0x00,0x00,0x00,0x00,0x00,0x00,0x00,0x00,0x00,0x00,0x00,0x00,0x00,
    0x00,0x00,0x00,0x00,0x00,0x00,0x00,0x00,0x00,0x00,0x00,0x00,0x00,0x00,0x00,0x00,
    0x00,0x00,0x00,0x00,0x00,0x00,0x00,0x00,0x00,0x00,0x00,0x00,0x00,0x00,0x00,0x00,
    0x00,0x00,0x00,0x00,0x00,0x00,0x00,0x00,0x00,0x00,0x00,0x00,0x00,0x00,0x00,0x00,
    0x00,0x00,0x00,0x00,0x00,0x00,0x00,0x00,0x00,0x00,0x00,0x00,0x00,0x00,0x00,0x00,
    0x00,0x00,0x00,0x00,0x80,0x40,0x20,0xff,0xe0,0xe0,0xe0,0xff,0xe0,0x00,0x00,0xff,
    0xe0,0x00,0x00,0xff,0xe0,0x00,0x00,0xff,0xe0,0x00,0x00,0xff,0xe0,0x00,0x00,0xff,
    0xe0,0x00,0x00,0xff,0x80,0x40,0x20,0xff,0x00,0x00,0x00,0x00,0x00,0x00,0x00,0x00,
    0x00,0x00,0x00,0x00,0x00,0x00,0x00,0x00,0x00,0x00,0x00,0x00,0x00,0x00,0x00,0x00,
    0x00,0x00,0x00,0x00,0x00,0x00,0x00,0x00,0x00,0x00,0x00,0x00,0x00,0x00,0x00,0x00,
    0x00,0x00,0x00,0x00,0x00,0x00,0x00,0x00,0x00,0x00,0x00,0x00,0x00,0x00,0x00,0x00,
    0x00,0x00,0x00,0x00,0x00,0x00,0x00,0x00,0x00,0x00,0x00,0x00,0x00,0x00,0x00,0x00,
    0x00,0x00,0x00,0x00,0x00,0x00,0x00,0x00,0x00,0x00,0x00,0x00,0x00,0x00,0x00,0x00,
    0x00,0x00,0x00,0x00,0x00,0x00,0x00,0x00,0x00,0x00,0x00,0x00,0x00,0x00,0x00,0x00,
    0x00,0x00,0x00,0x00,0x00,0x00,0x00,0x00,0x00,0x00,0x00,0x00,0x00,0x00,0x00,0x00,
    0x00,0x00,0x00,0x00,0x00,0x00,0x00,0x00,0x00,0x00,0x00,0x00,0x00,0x00,0x00,0x00,
    0x00,0x00,0x00,0x00,0x00,0x00,0x00,0x00,0x00,0x00,0x00,0x00,0xe0,0x00,0x00,0xff,
    0x80,0x40,0x20,0xff,0x80,0x40,0x20,0xff,0x80,0x40,0x20,0xff,0x80,0x40,0x20,0xff,
    0x80,0x40,0x20,0xff,0x80,0x40,0x20,0xff,0x80,0x40,0x20,0xff,0x00,0x00,0x00,0x00,
    0x00,0x00,0x00,0x00,0x00,0x00,0x00,0x00,0x00,0x00,0x00,0x00,0x00,0x00,0x00,0x00,
    0x00,0x00,0x00,0x00,0x00,0x00,0x00,0x00,0x00,0x00,0x00,0x00,0x00,0x00,0x00,0x00,
    0x00,0x00,0x00,0x00,0x00,0x00,0x00,0x00,0x00,0x00,0x00,0x00,0x00,0x00,0x00,0x00,
    0x00,0x00,0x00,0x00,0x00,0x00,0x00,0x00,0x00,0x00,0x00,0x00,0x00,0x00,0x00,0x00,
    0x00,0x00,0x00,0x00,0x00,0x00,0x00,0x00,0x00,0x00,0x00,0x00,0x00,0x00,0x00,0x00,
    0x00,0x00,0x00,0x00,0x00,0x00,0x00,0x00,0x00,0x00,0x00,0x00,0x00,0x00,0x00,0x00,
    0x00,0x00,0x00,0x00,0x00,0x00,0x00,0x00,0x00,0x00,0x00,0x00,0x00,0x00,0x00,0x00,
    0x00,0x00,0x00,0x00,0x00,0x00,0x00,0x00,0x00,0x00,0x00,0x00,0x00,0x00,0x00,0x00,
    0x00,0x00,0x00,0x00,0x00,0x00,0x00,0x00,0x00,0x00,0x00,0x00,0x00,0x00,0x00,0x00,
    0x00,0x00,0x00,0x00,0x00,0x00,0x00,0x00,0x00,0x00,0x00,0x00,0x00,0x00,0x00,0x00,
    0x00,0x00,0x00,0x00,0x80,0x40,0x20,0xff,0xe0,0xe0,0xe0,0xff,0xe0,0x00,0x00,0xff,
    0xe0,0x00,0x00,0xff,0xe0,0x00,0x00,0xff,0xe0,0x00,0x00,0xff,0xe0,0x00,0x00,0xff,
    0xe0,0x00,0x00,0xff,0x80,0x40,0x20,0xff,0x00,0x00,0x00,0x00,0x00,0x00,0x00,0x00,
    0x00,0x00,0x00,0x00,0x00,0x00,0x00,0x00,0x00,0x00,0x00,0x00,0x00,0x00,0x00,0x00,
    0x00,0x00,0x00,0x00,0x00,0x00,0x00,0x00,0x00,0x00,0x00,0x00,0x00,0x00,0x00,0x00,
    0x00,0x00,0x00,0x00,0x00,0x00,0x00,0x00,0x00,0x00,0x00,0x00,0x00,0x00,0x00,0x00,
    0x00,0x00,0x00,0x00,0x00,0x00,0x00,0x00,0x00,0x00,0x00,0x00,0x00,0x00,0x00,0x00,
    0x00,0x00,0x00,0x00,0x00,0x00,0x00,0x00,0x00,0x00,0x00,0x00,0x00,0x00,0x00,0x00,
    0x00,0x00,0x00,0x00,0x00,0x00,0x00,0x00,0x00,0x00,0x00,0x00,0x00,0x00,0x00,0x00,
    0x00,0x00,0x00,0x00,0x00,0x00,0x00,0x00,0x00,0x00,0x00,0x00,0x00,0x00,0x00,0x00,
    0x00,0x00,0x00,0x00,0x00,0x00,0x00,0x00,0x00,0x00,0x00,0x00,0x00,0x00,0x00,0x00,
    0x00,0x00,0x00,0x00,0x00,0x00,0x00,0x00,0x00,0x00,0x00,0x00,0x80,0x40,0x20,0xff,
    0xe0,0xe0,0xe0,0xff,0xe0,0xe0,0xe0,0xff,0xe0,0xe0,0xe0,0xff,0xe0,0xe0,0xe0,0xff,
    0xe0,0xe0,0xe0,0xff,0xe0,0xe0,0xe0,0xff,0x80,0x40,0x20,0xff,0x00,0x00,0x00,0x00,
    0x00,0x00,0x00,0x00,0x00,0x00,0x00,0x00,0x00,0x00,0x00,0x00,0x00,0x00,0x00,0x00,
    0x00,0x00,0x00,0x00,0x00,0x00,0x00,0x00,0x00,0x00,0x00,0x00,0x00,0x00,0x00,0x00,
    0x00,0x00,0x00,0x00,0x00,0x00,0x00,0x00,0x00,0x00,0x00,0x00,0x00,0x00,0x00,0x00,
    0x00,0x00,0x00,0x00,0x00,0x00,0x00,0x00,0x00,0x00,0x00,0x00,0x00,0x00,0x00,0x00,
    0x00,0x00,0x00,0x00,0x00,0x00,0x00,0x00,0x00,0x00,0x00,0x00,0x00,0x00,0x00,0x00,
    0x00,0x00,0x00,0x00,0x00,0x00,0x00,0x00,0x00,0x00,0x00,0x00,0x00,0x00,0x00,0x00,
    0x00,0x00,0x00,0x00,0x00,0x00,0x00,0x00,0x00,0x00,0x00,0x00,0x00,0x00,0x00,0x00,
    0x00,0x00,0x00,0x00,0x00,0x00,0x00,0x00,0x00,0x00,0x00,0x00,0x00,0x00,0x00,0x00,
    0x00,0x00,0x00,0x00,0x00,0x00,0x00,0x00,0x00,0x00,0x00,0x00,0x00,0x00,0x00,0x00,
    0x00,0x00,0x40,0xff,0x00,0x00,0x40,0xff,0x00,0x00,0x40,0xff,0x20,0x00,0xa0,0xff,
    0x20,0x00,0xa0,0xff,0x20,0x00,0xa0,0xff,0x20,0x00,0xa0,0xff,0x20,0x00,0xa0,0xff,
    0x20,0x00,0xa0,0xff,0x20,0x00,0xa0,0xff,0x20,0x00,0xa0,0xff,0x20,0x00,0xa0,0xff,
    0x20,0x00,0xa0,0xff,0x20,0x00,0xa0,0xff,0x20,0x00,0xa0,0xff,0x20,0x00,0xa0,0xff,
    0x20,0x00,0xa0,0xff,0x20,0x00,0xa0,0xff,0x20,0x00,0xa0,0xff,0x00,0x00,0x40,0xff,
    0x00,0x00,0x40,0xff,0x00,0x00,0x40,0xff,0x00,0x00,0x00,0x00,0x00,0x00,0x00,0x00,
    0x00,0x00,0x00,0x00,0x00,0x00,0x00,0x00,0x00,0x00,0x00,0x00,0x00,0x00,0x00,0x00,
    0x00,0x00,0x00,0x00,0x00,0x00,0x00,0x00,0x00,0x00,0x00,0x00,0x00,0x00,0x00,0x00,
    0x00,0x00,0x00,0x00,0x00,0x00,0x00,0x00,0x00,0x00,0x00,0x00,0x00,0x00,0x00,0x00,
    0x00,0x00,0x00,0x00,0x00,0x00,0x00,0x00,0x00,0x00,0x00,0x00,0x00,0x00,0x00,0x00,
    0x00,0x00,0x00,0x00,0x00,0x00,0x00,0x00,0x00,0x00,0x00,0x00,0x00,0x00,0x00,0x00,
    0x00,0x00,0x00,0x00,0x00,0x00,0x00,0x00,0x00,0x00,0x00,0x00,0x00,0x00,0x40,0xff,
    0x00,0x00,0x40,0xff,0x20,0x00,0xa0,0xff,0x20,0x00,0xa0,0xff,0x20,0x00,0xa0,0xff,
    0x40,0x40,0xe0,0xff,0x20,0x00,0xa0,0xff,0x20,0x00,0xa0,0xff,0x20,0x00,0xa0,0xff,
    0x20,0x00,0xa0,0xff,0x20,0x00,0xa0,0xff,0x20,0x20,0xe0,0xff,0x20,0x20,0xe0,0xff,
    0x20,0x20,0xe0,0xff,0x20,0x00,0xa0,0xff,0x20,0x00,0xa0,0xff,0x20,0x00,0xa0,0xff,
    0x20,0x00,0xa0,0xff,0x40,0x40,0xe0,0xff,0x20,0x00,0xa0,0xff,0x20,0x00,0xa0,0xff,
    0x20,0x00,0xa0,0xff,0x00,0x00,0x40,0xff,0x00,0x00,0x40,0xff,0x00,0x00,0x00,0x00,
    0x00,0x00,0x00,0x00,0x00,0x00,0x00,0x00,0x00,0x00,0x00,0x00,0x00,0x00,0x00,0x00,
    0x00,0x00,0x00,0x00,0x00,0x00,0x00,0x00,0x00,0x00,0x00,0x00,0x00,0x00,0x00,0x00,
    0x00,0x00,0x00,0x00,0x00,0x00,0x00,0x00,0x00,0x00,0x00,0x00,0x00,0x00,0x00,0x00,
    0x00,0x00,0x00,0x00,0x00,0x00,0x00,0x00,0x00,0x00,0x00,0x00,0x00,0x00,0x00,0x00,
    0x00,0x00,0x00,0x00,0x00,0x00,0x00,0x00,0x00,0x00,0x00,0x00,0x00,0x00,0x00,0x00,
    0x00,0x00,0x00,0x00,0x00,0x00,0x00,0x00,0x00,0x00,0x00,0x00,0x00,0x00,0x40,0xff,
    0x00,0x00,0x40,0xff,0x00,0x00,0x40,0xff,0x00,0x00,0x40,0xff,0x20,0x00,0xa0,0xff,
    0x20,0x00,0xa0,0xff,0x20,0x00,0xa0,0xff,0x20,0x00,0xa0,0xff,0x20,0x00,0xa0,0xff,
    0x20,0x00,0xa0,0xff,0x20,0x00,0xa0,0xff,0x20,0x00,0xa0,0xff,0x20,0x20,0xe0,0xff,
    0x20,0x00,0xa0,0xff,0x20,0x00,0xa0,0xff,0x20,0x00,0xa0,0xff,0x20,0x00,0xa0,0xff,
    0x20,0x00,0xa0,0xff,0x20,0x00,0xa0,0xff,0x20,0x00,0xa0,0xff,0x00,0x00,0x40,0xff,
    0x00,0x00,0x40,0xff,0x00,0x00,0x40,0xff,0x00,0x00,0x40,0xff,0x00,0x00,0x00,0x00,
    0x00,0x00,0x00,0x00,0x00,0x00,0x00,0x00,0x00,0x00,0x00,0x00,0x00,0x00,0x00,0x00,
    0x00,0x00,0x00,0x00,0x00,0x00,0x00,0x00,0x00,0x00,0x00,0x00,0x00,0x00,0x00,0x00,
    0x00,0x00,0x00,0x00,0x00,0x00,0x00,0x00,0x00,0x00,0x00,0x00,0x00,0x00,0x00,0x00,
    0x00,0x00,0x00,0x00,0x00,0x00,0x00,0x00,0x00,0x00,0x00,0x00,0x00,0x00,0x00,0x00,
    0x00,0x00,0x00,0x00,0x00,0x00,0x00,0x00,0x00,0x00,0x00,0x00,0x00,0x00,0x00,0x00,
    0x00,0x00,0x00,0x00,0x00,0x00,0x00,0x00,0x00,0x00,0x00,0x00,0x00,0x00,0x00,0x00,
    0x00,0x00,0x00,0x00,0x00,0x00,0x00,0x00,0x00,0x00,0x00,0x00,0x00,0x00,0x00,0x00,
    0x60,0x60,0xa0,0xff,0xe0,0xe0,0xe0,0xff,0x00,0x00,0x40,0xff,0x20,0x00,0xa0,0xff,
    0x20,0x00,0xa0,0xff,0x20,0x00,0xa0,0xff,0x00,0x00,0x40,0xff,0x00,0x00,0x40,0xff,
    0x20,0x00,0xa0,0xff,0x20,0x00,0xa0,0xff,0x20,0x00,0xa0,0xff,0x00,0x00,0x40,0xff,
    0x00,0x00,0x40,0xff,0x20,0x00,0xa0,0xff,0x20,0x00,0xa0,0xff,0x20,0x00,0xa0,0xff,
    0x00,0x00,0x40,0xff,0xe0,0xe0,0xe0,0xff,0x60,0x60,0xa0,0xff,0x00,0x00,0x00,0x00,
    0x00,0x00,0x00,0x00,0x00,0x00,0x00,0x00,0x00,0x00,0x00,0x00,0x00,0x00,0x00,0x00,
    0x00,0x00,0x00,0x00,0x00,0x00,0x00,0x00,0x00,0x00,0x00,0x00,0x00,0x00,0x00,0x00,
    0x00,0x00,0x00,0x00,0x00,0x00,0x00,0x00,0x00,0x00,0x00,0x00,0x00,0x00,0x00,0x00,
    0x00,0x00,0x00,0x00,0x00,0x00,0x00,0x00,0x00,0x00,0x00,0x00,0x00,0x00,0x00,0x00,
    0x00,0x00,0x00,0x00,0x00,0x00,0x00,0x00,0x00,0x00,0x00,0x00,0x00,0x00,0x00,0x00,
    0x00,0x00,0x00,0x00,0x00,0x00,0x00,0x00,0x00,0x00,0x00,0x00,0x00,0x00,0x00,0x00,
    0x00,0x00,0x00,0x00,0x00,0x00,0x00,0x00,0x60,0x60,0xa0,0xff,0x00,0x00,0x40,0xff,
    0xe0,0xe0,0xe0,0xff,0xe0,0xe0,0xe0,0xff,0xe0,0xe0,0xe0,0xff,0xe0,0xe0,0xe0,0xff,
    0xe0,0xe0,0xe0,0xff,0xe0,0xe0,0xe0,0xff,0x80,0x40,0x20,0xff,0x00,0x00,0x00,0x00,
    0x80,0x40,0x20,0xff,0xe0,0xe0,0xe0,0xff,0xe0,0xe0,0xe0,0xff,0xe0,0xe0,0xe0,0xff,
    0xe0,0xe0,0xe0,0xff,0xe0,0xe0,0xe0,0xff,0xe0,0xe0,0xe0,0xff,0x00,0x00,0x40,0xff,
    0x60,0x60,0xa0,0xff,0x00,0x00,0x00,0x00,0x00,0x00,0x00,0x00,0x00,0x00,0x00,0x00,
    0x00,0x00,0x00,0x00,0x00,0x00,0x00,0x00,0x00,0x00,0x00,0x00,0x00,0x00,0x00,0x00,
    0x00,0x00,0x00,0x00,0x00,0x00,0x00,0x00,0x00,0x00,0x00,0x00,0x00,0x00,0x00,0x00,
    0x00,0x00,0x00,0x00,0x00,0x00,0x00,0x00,0x00,0x00,0x00,0x00,0x00,0x00,0x00,0x00,
    0x00,0x00,0x00,0x00,0x00,0x00,0x00,0x00,0x00,0x00,0x00,0x00,0x00,0x00,0x00,0x00,
    0x00,0x00,0x00,0x00,0x00,0x00,0x00,0x00,0x00,0x00,0x00,0x00,0x00,0x00,0x00,0x00,
    0x00,0x00,0x00,0x00,0x00,0x00,0x00,0x00,0x00,0x00,0x00,0x00,0x00,0x00,0x00,0x00,
    0x00,0x00,0x00,0x00,0x00,0x00,0x00,0x00,0x60,0x60,0xa0,0xff,0x00,0x00,0x40,0xff,
    0xe0,0xe0,0xe0,0xff,0xe0,0xe0,0xe0,0xff,0xe0,0xe0,0xe0,0xff,0xe0,0xe0,0xe0,0xff,
    0xe0,0xe0,0xe0,0xff,0xe0,0xe0,0xe0,0xff,0x80,0x40,0x20,0xff,0x00,0x00,0x00,0x00,
    0x80,0x40,0x20,0xff,0xe0,0xe0,0xe0,0xff,0xe0,0xe0,0xe0,0xff,0xe0,0xe0,0xe0,0xff,
    0xe0,0xe0,0xe0,0xff,0xe0,0xe0,0xe0,0xff,0xe0,0xe0,0xe0,0xff,0x00,0x00,0x40,0xff,
    0x60,0x60,0xa0,0xff,0x00,0x00,0x00,0x00,0x00,0x00,0x00,0x00,0x00,0x00,0x00,0x00,
    0x00,0x00,0x00,0x00,0x00,0x00,0x00,0x00,0x00,0x00,0x00,0x00,0x00,0x00,0x00,0x00,
    0x00,0x00,0x00,0x00,0x00,0x00,0x00,0x00,0x00,0x00,0x00,0x00,0x00,0x00,0x00,0x00,
    0x00,0x00,0x00,0x00,0x00,0x00,0x00,0x00,0x00,0x00,0x00,0x00,0x00,0x00,0x00,0x00,
    0x00,0x00,0x00,0x00,0x00,0x00,0x00,0x00,0x00,0x00,0x00,0x00,0x00,0x00,0x00,0x00,
    0x00,0x00,0x00,0x00,0x00,0x00,0x00,0x00,0x00,0x00,0x00,0x00,0x00,0x00,0x00,0x00,
    0x00,0x00,0x00,0x00,0x00,0x00,0x00,0x00,0x00,0x00,0x00,0x00,0x00,0x00,0x00,0x00,
    0x00,0x00,0x00,0x00,0x00,0x00,0x00,0x00,0x00,0x00,0x00,0x00,0x00,0x00,0x00,0x00,
    0x00,0x00,0x00,0x00,0x00,0x00,0x00,0x00,0x00,0x00,0x00,0x00,0x00,0x00,0x00,0x00,
    0x00,0x00,0x00,0x00,0x00,0x00,0x00,0x00,0x80,0x40,0x20,0xff,0xe0,0x00,0x00,0xff,
    0xe0,0xa0,0x80,0xff,0xe0,0xa0,0x80,0xff,0xe0,0x00,0x00,0xff,0xe0,0x00,0x00,0xff,
    0xe0,0x00,0x00,0xff,0xe0,0xa0,0x80,0xff,0x80,0x40,0x20,0xff,0x80,0x40,0x20,0xff,
    0x80,0x40,0x20,0xff,0x00,0x00,0x00,0x00,0x00,0x00,0x00,0x00,0x00,0x00,0x00,0x00,
    0x00,0x00,0x00,0x00,0x00,0x00,0x00,0x00,0x00,0x00,0x00,0x00,0x00,0x00,0x00,0x00,
    0x00,0x00,0x00,0x00,0x00,0x00,0x00,0x00,0x00,0x00,0x00,0x00,0x00,0x00,0x00,0x00,
    0x00,0x00,0x00,0x00,0x00,0x00,0x00,0x00,0x00,0x00,0x00,0x00,0x00,0x00,0x00,0x00,
    0x00,0x00,0x00,0x00,0x00,0x00,0x00,0x00,0x00,0x00,0x00,0x00,0x00,0x00,0x00,0x00,
    0x00,0x00,0x00,0x00,0x00,0x00,0x00,0x00,0x00,0x00,0x00,0x00,0x00,0x00,0x00,0x00,
    0x00,0x00,0x00,0x00,0x00,0x00,0x00,0x00,0x00,0x00,0x00,0x00,0x00,0x00,0x00,0x00,
    0x00,0x00,0x00,0x00,0x00,0x00,0x00,0x00,0x00,0x00,0x00,0x00,0x00,0x00,0x00,0x00,
    0x00,0x00,0x00,0x00,0x00,0x00,0x00,0x00,0x00,0x00,0x00,0x00,0x00,0x00,0x00,0x00,
    0x00,0x00,0x00,0x00,0x00,0x00,0x00,0x00,0x00,0x00,0x00,0x00,0x00,0x00,0x00,0x00,
    0x80,0x40,0x20,0xff,0x80,0x40,0x20,0xff,0x80,0x40,0x20,0xff,0x80,0x40,0x20,0xff,
    0x80,0x40,0x20,0xff,0x80,0x40,0x20,0xff,0xe0,0x00,0x00,0xff,0x00,0x00,0x00,0x00,
    0x00,0x00,0x00,0x00,0x00,0x00,0x00,0x00,0x00,0x00,0x00,0x00,0x00,0x00,0x00,0x00,
    0x00,0x00,0x00,0x00,0x00,0x00,0x00,0x00,0x00,0x00,0x00,0x00,0x00,0x00,0x00,0x00,
    0x00,0x00,0x00,0x00,0x00,0x00,0x00,0x00,0x00,0x00,0x00,0x00,0x00,0x00,0x00,0x00,
    0x00,0x00,0x00,0x00,0x00,0x00,0x00,0x00,0x00,0x00,0x00,0x00,0x00,0x00,0x00,0x00,
    0x00,0x00,0x00,0x00,0x00,0x00,0x00,0x00,0x00,0x00,0x00,0x00,0x00,0x00,0x00,0x00,
    0x00,0x00,0x00,0x00,0x00,0x00,0x00,0x00,0x00,0x00,0x00,0x00,0x00,0x00,0x00,0x00,
    0x00,0x00,0x00,0x00,0x00,0x00,0x00,0x00,0x00,0x00,0x00,0x00,0x00,0x00,0x00,0x00,
    0x00,0x00,0x00,0x00,0x00,0x00,0x00,0x00,0x00,0x00,0x00,0x00,0x00,0x00,0x00,0x00,
    0x00,0x00,0x00,0x00,0x00,0x00,0x00,0x00,0x00,0x00,0x00,0x00,0x00,0x00,0x00,0x00,
    0x00,0x00,0x00,0x00,0x00,0x00,0x00,0x00,0x80,0x40,0x20,0xff,0xe0,0x00,0x00,0xff,
    0xe0,0xa0,0x80,0xff,0xe0,0xa0,0x80,0xff,0xe0,0x00,0x00,0xff,0xe0,0x00,0x00,0xff,
    0xe0,0x00,0x00,0xff,0xe0,0xa0,0x80,0xff,0x80,0x40,0x20,0xff,0x80,0x40,0x20,0xff,
    0x80,0x40,0x20,0xff,0x00,0x00,0x00,0x00,0x00,0x00,0x00,0x00,0x00,0x00,0x00,0x00,
    0x00,0x00,0x00,0x00,0x00,0x00,0x00,0x00,0x00,0x00,0x00,0x00,0x00,0x00,0x00,0x00,
    0x00,0x00,0x00,0x00,0x00,0x00,0x00,0x00,0x00,0x00,0x00,0x00,0x00,0x00,0x00,0x00,
    0x00,0x00,0x00,0x00,0x00,0x00,0x00,0x00,0x00,0x00,0x00,0x00,0x00,0x00,0x00,0x00,
    0x00,0x00,0x00,0x00,0x00,0x00,0x00,0x00,0x00,0x00,0x00,0x00,0x00,0x00,0x00,0x00,
    0x00,0x00,0x00,0x00,0x00,0x00,0x00,0x00,0x00,0x00,0x00,0x00,0x00,0x00,0x00,0x00,
    0x00,0x00,0x00,0x00,0x00,0x00,0x00,0x00,0x00,0x00,0x00,0x00,0x00,0x00,0x00,0x00,
    0x00,0x00,0x00,0x00,0x00,0x00,0x00,0x00,0x00,0x00,0x00,0x00,0x00,0x00,0x00,0x00,
    0x00,0x00,0x00,0x00,0x00,0x00,0x00,0x00,0x00,0x00,0x00,0x00,0x00,0x00,0x00,0x00,
    0x00,0x00,0x00,0x00,0x00,0x00,0x00,0x00,0x00,0x00,0x00,0x00,0x00,0x00,0x00,0x00,
    0x00,0x00,0x00,0x00,0x80,0x40,0x20,0xff,0xe0,0x00,0x00,0xff,0xe0,0xe0,0xe0,0xff,
    0xe0,0xe0,0xe0,0xff,0xe0,0xe0,0xe0,0xff,0xe0,0xe0,0xe0,0xff,0xe0,0x00,0x00,0xff,
    0xe0,0x00,0x00,0xff,0x80,0x40,0x20,0xff,0x00,0x00,0x00,0x00,0x00,0x00,0x00,0x00,
    0x00,0x00,0x00,0x00,0x00,0x00,0x00,0x00,0x00,0x00,0x00,0x00,0x00,0x00,0x00,0x00,
    0x00,0x00,0x00,0x00,0x00,0x00,0x00,0x00,0x00,0x00,0x00,0x00,0x00,0x00,0x00,0x00,
    0x00,0x00,0x00,0x00,0x00,0x00,0x00,0x00,0x00,0x00,0x00,0x00,0x00,0x00,0x00,0x00,
    0x00,0x00,0x00,0x00,0x00,0x00,0x00,0x00,0x00,0x00,0x00,0x00,0x00,0x00,0x00,0x00,
    0x00,0x00,0x00,0x00,0x00,0x00,0x00,0x00,0x00,0x00,0x00,0x00,0x00,0x00,0x00,0x00,
    0x00,0x00,0x00,0x00,0x00,0x00,0x00,0x00,0x00,0x00,0x00,0x00,0x00,0x00,0x00,0x00,
    0x00,0x00,0x00,0x00,0x00,0x00,0x00,0x00,0x60,0x60,0xa0,0xff,0x00,0x00,0x40,0xff,
    0xe0,0xe0,0xe0,0xff,0xe0,0xe0,0xe0,0xff,0xe0,0xe0,0xe0,0xff,0xe0,0xe0,0xe0,0xff,
    0xe0,0xe0,0xe0,0xff,0xe0,0xe0,0xe0,0xff,0x80,0x40,0x20,0xff,0x00,0x00,0x00,0x00,
    0x80,0x40,0x20,0xff,0xe0,0xe0,0xe0,0xff,0xe0,0xe0,0xe0,0xff,0xe0,0xe0,0xe0,0xff,
    0xe0,0xe0,0xe0,0xff,0xe0,0xe0,0xe0,0xff,0xe0,0xe0,0xe0,0xff,0x00,0x00,0x40,0xff,
    0x60,0x60,0xa0,0xff,0x00,0x00,0x00,0x00,0x00,0x00,0x00,0x00,0x00,0x00,0x00,0x00,
    0x00,0x00,0x00,0x00,0x00,0x00,0x00,0x00,0x00,0x00,0x00,0x00,0x00,0x00,0x00,0x00,
    0x00,0x00,0x00,0x00,0x00,0x00,0x00,0x00,0x00,0x00,0x00,0x00,0x00,0x00,0x00,0x00,
    0x00,0x00,0x00,0x00,0x00,0x00,0x00,0x00,0x00,0x00,0x00,0x00,0x00,0x00,0x00,0x00,
    0x00,0x00,0x00,0x00,0x00,0x00,0x00,0x00,0x00,0x00,0x00,0x00,0x00,0x00,0x00,0x00,
    0x00,0x00,0x00,0x00,0x00,0x00,0x00,0x00,0x00,0x00,0x00,0x00,0x00,0x00,0x00,0x00,
    0x00,0x00,0x00,0x00,0x00,0x00,0x00,0x00,0x00,0x00,0x00,0x00,0x00,0x00,0x00,0x00,
    0x00,0x00,0x00,0x00,0x00,0x00,0x00,0x00,0x80,0x40,0x20,0xff,0xe0,0x00,0x00,0xff,
    0xe0,0x00,0x00,0xff,0xe0,0xe0,0xe0,0xff,0xe0,0xe0,0xe0,0xff,0xe0,0xe0,0xe0,0xff,
    0xe0,0xe0,0xe0,0xff,0xe0,0x00,0x00,0xff,0x80,0x40,0x20,0xff,0x00,0x00,0x00,0x00,
    0x00,0x00,0x00,0x00,0x00,0x00,0x00,0x00,0x00,0x00,0x00,0x00,0x00,0x00,0x00,0x00,
    0x00,0x00,0x00,0x00,0x00,0x00,0x00,0x00,0x00,0x00,0x00,0x00,0x00,0x00,0x00,0x00,
    0x00,0x00,0x00,0x00,0x00,0x00,0x00,0x00,0x00,0x00,0x00,0x00,0x00,0x00,0x00,0x00,
    0x00,0x00,0x00,0x00,0x00,0x00,0x00,0x00,0x00,0x00,0x00,0x00,0x00,0x00,0x00,0x00,
    0x00,0x00,0x00,0x00,0x00,0x00,0x00,0x00,0x00,0x00,0x00,0x00,0x00,0x00,0x00,0x00,
    0x00,0x00,0x00,0x00,0x00,0x00,0x00,0x00,0x00,0x00,0x00,0x00,0x00,0x00,0x00,0x00,
    0x00,0x00,0x00,0x00,0x00,0x00,0x00,0x00,0x00,0x00,0x00,0x00,0x00,0x00,0x00,0x00,
    0x00,0x00,0x00,0x00,0x00,0x00,0x00,0x00,0x00,0x00,0x00,0x00,0x00,0x00,0x00,0x00,
    0x00,0x00,0x00,0x00,0x00,0x00,0x00,0x00,0x00,0x00,0x00,0x00,0x00,0x00,0x00,0x00,
    0x00,0x00,0x00,0x00,0x00,0x00,0x00,0x00,0x00,0x00,0x00,0x00,0x80,0x40,0x20,0xff,
    0x80,0x40,0x20,0xff,0x80,0x40,0x20,0xff,0xe0,0xe0,0xe0,0xff,0xe0,0x00,0x00,0xff,
    0xe0,0x00,0x00,0xff,0xe0,0x00,0x00,0xff,0xe0,0xa0,0x80,0xff,0xe0,0xa0,0x80,0xff,
    0xe0,0x00,0x00,0xff,0x80,0x40,0x20,0xff,0x00,0x00,0x00,0x00,0x00,0x00,0x00,0x00,
    0x00,0x00,0x00,0x00,0x00,0x00,0x00,0x00,0x00,0x00,0x00,0x00,0x00,0x00,0x00,0x00,
    0x00,0x00,0x00,0x00,0x00,0x00,0x00,0x00,0x00,0x00,0x00,0x00,0x00,0x00,0x00,0x00,
    0x00,0x00,0x00,0x00,0x00,0x00,0x00,0x00,0x00,0x00,0x00,0x00,0x00,0x00,0x00,0x00,
    0x00,0x00,0x00,0x00,0x00,0x00,0x00,0x00,0x00,0x00,0x00,0x00,0x00,0x00,0x00,0x00,
    0x00,0x00,0x00,0x00,0x00,0x00,0x00,0x00,0x00,0x00,0x00,0x00,0x00,0x00,0x00,0x00,
    0x00,0x00,0x00,0x00,0x00,0x00,0x00,0x00,0x00,0x00,0x00,0x00,0x00,0x00,0x00,0x00,
    0x00,0x00,0x00,0x00,0x00,0x00,0x00,0x00,0x00,0x00,0x00,0x00,0x00,0x00,0x00,0x00,
    0x00,0x00,0x00,0x00,0x00,0x00,0x00,0x00,0x00,0x00,0x00,0x00,0x00,0x00,0x00,0x00,
    0x00,0x00,0x00,0x00,0x00,0x00,0x00,0x00,0x00,0x00,0x00,0x00,0xe0,0x00,0x00,0xff,
    0x80,0x40,0x20,0xff,0x80,0x40,0x20,0xff,0x80,0x40,0x20,0xff,0x80,0x40,0x20,0xff,
    0x80,0x40,0x20,0xff,0x80,0x40,0x20,0xff,0x00,0x00,0x00,0x00,0x00,0x00,0x00,0x00,
    0x00,0x00,0x00,0x00,0x00,0x00,0x00,0x00,0x00,0x00,0x00,0x00,0x00,0x00,0x00,0x00,
    0x00,0x00,0x00,0x00,0x00,0x00,0x00,0x00,0x00,0x00,0x00,0x00,0x00,0x00,0x00,0x00,
    0x00,0x00,0x00,0x00,0x00,0x00,0x00,0x00,0x00,0x00,0x00,0x00,0x00,0x00,0x00,0x00,
    0x00,0x00,0x00,0x00,0x00,0x00,0x00,0x00,0x00,0x00,0x00,0x00,0x00,0x00,0x00,0x00,
    0x00,0x00,0x00,0x00,0x00,0x00,0x00,0x00,0x00,0x00,0x00,0x00,0x00,0x00,0x00,0x00,
    0x00,0x00,0x00,0x00,0x00,0x00,0x00,0x00,0x00,0x00,0x00,0x00,0x00,0x00,0x00,0x00,
    0x00,0x00,0x00,0x00,0x00,0x00,0x00,0x00,0x00,0x00,0x00,0x00,0x00,0x00,0x00,0x00,
    0x00,0x00,0x00,0x00,0x00,0x00,0x00,0x00,0x00,0x00,0x00,0x00,0x00,0x00,0x00,0x00,
    0x00,0x00,0x00,0x00,0x00,0x00,0x00,0x00,0x00,0x00,0x00,0x00,0x00,0x00,0x00,0x00,
    0x00,0x00,0x00,0x00,0x00,0x00,0x00,0x00,0x00,0x00,0x00,0x00,0x80,0x40,0x20,0xff,
    0x80,0x40,0x20,0xff,0x80,0x40,0x20,0xff,0xe0,0xe0,0xe0,0xff,0xe0,0x00,0x00,0xff,
    0xe0,0x00,0x00,0xff,0xe0,0x00,0x00,0xff,0xe0,0xa0,0x80,0xff,0xe0,0xa0,0x80,0xff,
    0xe0,0x00,0x00,0xff,0x80,0x40,0x20,0xff,0x00,0x00,0x00,0x00,0x00,0x00,0x00,0x00,
    0x00,0x00,0x00,0x00,0x00,0x00,0x00,0x00,0x00,0x00,0x00,0x00,0x00,0x00,0x00,0x00,
    0x00,0x00,0x00,0x00,0x00,0x00,0x00,0x00,0x00,0x00,0x00,0x00,0x00,0x00,0x00,0x00,
    0x00,0x00,0x00,0x00,0x00,0x00,0x00,0x00,0x00,0x00,0x00,0x00,0x00,0x00,0x00,0x00,
    0x00,0x00,0x00,0x00,0x00,0x00,0x00,0x00,0x00,0x00,0x00,0x00,0x00,0x00,0x00,0x00,
    0x00,0x00,0x00,0x00,0x00,0x00,0x00,0x00,0x00,0x00,0x00,0x00,0x00,0x00,0x00,0x00,
    0x00,0x00,0x00,0x00,0x00,0x00,0x00,0x00,0x00,0x00,0x00,0x00,0x00,0x00,0x00,0x00,
    0x00,0x00,0x00,0x00,0x00,0x00,0x00,0x00,0x00,0x00,0x00,0x00,0x00,0x00,0x00,0x00,
    0x00,0x00,0x00,0x00,0x00,0x00,0x00,0x00,0x00,0x00,0x00,0x00,0x00,0x00,0x00,0x00,
    0x00,0x00,0x00,0x00,0x00,0x00,0x00,0x00,0x80,0x40,0x20,0xff,0xe0,0x00,0x00,0xff,
    0xe0,0x00,0x00,0xff,0xe0,0xe0,0xe0,0xff,0xe0,0xe0,0xe0,0xff,0xe0,0xe0,0xe0,0xff,
    0xe0,0xe0,0xe0,0xff,0xe0,0x00,0x00,0xff,0x80,0x40,0x20,0xff,0x00,0x00,0x00,0x00,
    0x00,0x00,0x00,0x00,0x00,0x00,0x00,0x00,0x00,0x00,0x00,0x00,0x00,0x00,0x00,0x00,
    0x00,0x00,0x00,0x00,0x00,0x00,0x00,0x00,0x00,0x00,0x00,0x00,0x00,0x00,0x00,0x00,
    0x00,0x00,0x00,0x00,0x00,0x00,0x00,0x00,0x00,0x00,0x00,0x00,0x00,0x00,0x00,0x00,
    0x00,0x00,0x00,0x00,0x00,0x00,0x00,0x00,0x00,0x00,0x00,0x00,0x00,0x00,0x00,0x00,
    0x00,0x00,0x00,0x00,0x00,0x00,0x00,0x00,0x00,0x00,0x00,0x00,0x00,0x00,0x00,0x00,
    0x00,0x00,0x00,0x00,0x00,0x00,0x00,0x00,0x00,0x00,0x00,0x00,0x00,0x00,0x00,0x00,
    0x00,0x00,0x00,0x00,0x00,0x00,0x00,0x00,0x00,0x00,0x00,0x00,0x00,0x00,0x00,0x00,
    0x00,0x00,0x00,0x00,0x00,0x00,0x00,0x00,0x00,0x00,0x00,0x00,0x00,0x00,0x00,0x00,
    0x00,0x00,0x00,0x00,0x00,0x00,0x00,0x00,0x00,0x00,0x00,0x00,0x00,0x00,0x00,0x00,
    0x00,0x00,0x40,0xff,0x00,0x00,0x40,0xff,0x00,0x00,0x40,0xff,0x00,0x00,0x40,0xff,
    0x00,0x00,0x40,0xff,0x20,0x00,0xa0,0xff,0x20,0x00,0xa0,0xff,0x20,0x00,0xa0,0xff,
    0x20,0x00,0xa0,0xff,0x20,0x00,0xa0,0xff,0x20,0x00,0xa0,0xff,0x20,0x00,0xa0,0xff,
    0x20,0x00,0xa0,0xff,0x20,0x00,0xa0,0xff,0x20,0x00,0xa0,0xff,0x20,0x00,0xa0,0xff,
    0x20,0x00,0xa0,0xff,0x00,0x00,0x40,0xff,0x00,0x00,0x40,0xff,0x00,0x00,0x40,0xff,
    0x00,0x00,0x40,0xff,0x00,0x00,0x40,0xff,0x00,0x00,0x00,0x00,0x00,0x00,0x00,0x00,
    0x00,0x00,0x00,0x00,0x00,0x00,0x00,0x00,0x00,0x00,0x00,0x00,0x00,0x00,0x00,0x00,
    0x00,0x00,0x00,0x00,0x00,0x00,0x00,0x00,0x00,0x00,0x00,0x00,0x00,0x00,0x00,0x00,
    0x00,0x00,0x00,0x00,0x00,0x00,0x00,0x00,0x00,0x00,0x00,0x00,0x00,0x00,0x00,0x00,
    0x00,0x00,0x00,0x00,0x00,0x00,0x00,0x00,0x00,0x00,0x00,0x00,0x00,0x00,0x00,0x00,
    0x00,0x00,0x00,0x00,0x00,0x00,0x00,0x00,0x00,0x00,0x00,0x00,0x00,0x00,0x00,0x00,
    0x00,0x00,0x00,0x00,0x00,0x00,0x00,0x00,0x00,0x00,0x00,0x00,0x00,0x00,0x00,0x00,
    0x00,0x00,0x40,0xff,0x20,0x00,0xa0,0xff,0x20,0x00,0xa0,0xff,0x20,0x00,0xa0,0xff,
    0x40,0x40,0xe0,0xff,0x40,0x40,0xe0,0xff,0x20,0x00,0xa0,0xff,0x20,0x00,0xa0,0xff,
    0x20,0x00,0xa0,0xff,0x20,0x00,0xa0,0xff,0x20,0x20,0xe0,0xff,0x20,0x20,0xe0,0xff,
    0x20,0x20,0xe0,0xff,0x20,0x00,0xa0,0xff,0x20,0x00,0xa0,0xff,0x20,0x00,0xa0,0xff,
    0x40,0x40,0xe0,0xff,0x20,0x00,0xa0,0xff,0x20,0x00,0xa0,0xff,0x20,0x00,0xa0,0xff,
    0x20,0x00,0xa0,0xff,0x00,0x00,0x40,0xff,0x00,0x00,0x00,0x00,0x00,0x00,0x00,0x00,
    0x00,0x00,0x00,0x00,0x00,0x00,0x00,0x00,0x00,0x00,0x00,0x00,0x00,0x00,0x00,0x00,
    0x00,0x00,0x00,0x00,0x00,0x00,0x00,0x00,0x00,0x00,0x00,0x00,0x00,0x00,0x00,0x00,
    0x00,0x00,0x00,0x00,0x00,0x00,0x00,0x00,0x00,0x00,0x00,0x00,0x00,0x00,0x00,0x00,
    0x00,0x00,0x00,0x00,0x00,0x00,0x00,0x00,0x00,0x00,0x00,0x00,0x00,0x00,0x00,0x00,
    0x00,0x00,0x00,0x00,0x00,0x00,0x00,0x00,0x00,0x00,0x00,0x00,0x00,0x00,0x00,0x00,
    0x00,0x00,0x00,0x00,0x00,0x00,0x00,0x00,0x00,0x00,0x00,0x00,0x00,0x00,0x00,0x00,
    0x00,0x00,0x40,0xff,0x00,0x00,0x40,0xff,0x00,0x00,0x40,0xff,0x00,0x00,0x40,0xff,
    0x00,0x00,0x40,0xff,0x20,0x00,0xa0,0xff,0x20,0x00,0xa0,0xff,0x20,0x00,0xa0,0xff,
    0x20,0x00,0xa0,0xff,0x20,0x00,0xa0,0xff,0x20,0x00,0xa0,0xff,0x20,0x00,0xa0,0xff,
    0x20,0x00,0xa0,0xff,0x20,0x00,0xa0,0xff,0x20,0x00,0xa0,0xff,0x20,0x00,0xa0,0xff,
    0x20,0x00,0xa0,0xff,0x00,0x00,0x40,0xff,0x00,0x00,0x40,0xff,0x00,0x00,0x40,0xff,
    0x00,0x00,0x40,0xff,0x00,0x00,0x40,0xff,0x00,0x00,0x00,0x00,0x00,0x00,0x00,0x00,
    0x00,0x00,0x00,0x00,0x00,0x00,0x00,0x00,0x00,0x00,0x00,0x00,0x00,0x00,0x00,0x00,
    0x00,0x00,0x00,0x00,0x00,0x00,0x00,0x00,0x00,0x00,0x00,0x00,0x00,0x00,0x00,0x00,
    0x00,0x00,0x00,0x00,0x00,0x00,0x00,0x00,0x00,0x00,0x00,0x00,0x00,0x00,0x00,0x00,
    0x00,0x00,0x00,0x00,0x00,0x00,0x00,0x00,0x00,0x00,0x00,0x00,0x00,0x00,0x00,0x00,
    0x00,0x00,0x00,0x00,0x00,0x00,0x00,0x00,0x00,0x00,0x00,0x00,0x00,0x00,0x00,0x00,
    0x00,0x00,0x00,0x00,0x00,0x00,0x00,0x00,0x00,0x00,0x00,0x00,0x00,0x00,0x00,0x00,
    0x00,0x00,0x00,0x00,0x00,0x00,0x00,0x00,0x00,0x00,0x00,0x00,0x00,0x00,0x00,0x00,
    0xe0,0xe0,0xe0,0xff,0xe0,0x00,0x00,0xff,0x00,0x00,0x40,0xff,0x20,0x00,0xa0,0xff,
    0x20,0x00,0xa0,0xff,0x20,0x00,0xa0,0xff,0x00,0x00,0x40,0xff,0x00,0x00,0x40,0xff,
    0x00,0x00,0x40,0xff,0x20,0x00,0xa0,0xff,0x00,0x00,0x40,0xff,0x00,0x00,0x40,0xff,
    0x00,0x00,0x40,0xff,0x20,0x00,0xa0,0xff,0x20,0x00,0xa0,0xff,0x20,0x00,0xa0,0xff,
    0x00,0x00,0x40,0xff,0xe0,0x00,0x00,0xff,0xe0,0xe0,0xe0,0xff,0x00,0x00,0x00,0x00,
    0x00,0x00,0x00,0x00,0x00,0x00,0x00,0x00,0x00,0x00,0x00,0x00,0x00,0x00,0x00,0x00,
    0x00,0x00,0x00,0x00,0x00,0x00,0x00,0x00,0x00,0x00,0x00,0x00,0x00,0x00,0x00,0x00,
    0x00,0x00,0x00,0x00,0x00,0x00,0x00,0x00,0x00,0x00,0x00,0x00,0x00,0x00,0x00,0x00,
    0x00,0x00,0x00,0x00,0x00,0x00,0x00,0x00,0x00,0x00,0x00,0x00,0x00,0x00,0x00,0x00,
    0x00,0x00,0x00,0x00,0x00,0x00,0x00,0x00,0x00,0x00,0x00,0x00,0x00,0x00,0x00,0x00,
    0x00,0x00,0x00,0x00,0x00,0x00,0x00,0x00,0x00,0x00,0x00,0x00,0x00,0x00,0x00,0x00,
    0x00,0x00,0x00,0x00,0x00,0x00,0x00,0x00,0x60,0x60,0xa0,0xff,0x00,0x00,0x40,0xff,
    0xe0,0xe0,0xe0,0xff,0xe0,0xe0,0xe0,0xff,0xe0,0xe0,0xe0,0xff,0xe0,0xe0,0xe0,0xff,
    0xe0,0xe0,0xe0,0xff,0xe0,0xe0,0xe0,0xff,0x80,0x40,0x20,0xff,0x00,0x00,0x00,0x00,
    0x80,0x40,0x20,0xff,0xe0,0xe0,0xe0,0xff,0xe0,0xe0,0xe0,0xff,0xe0,0xe0,0xe0,0xff,
    0xe0,0xe0,0xe0,0xff,0xe0,0xe0,0xe0,0xff,0xe0,0xe0,0xe0,0xff,0x00,0x00,0x40,0xff,
    0x60,0x60,0xa0,0xff,0x00,0x00,0x00,0x00,0x00,0x00,0x00,0x00,0x00,0x00,0x00,0x00,
    0x00,0x00,0x00,0x00,0x00,0x00,0x00,0x00,0x00,0x00,0x00,0x00,0x00,0x00,0x00,0x00,
    0x00,0x00,0x00,0x00,0x00,0x00,0x00,0x00,0x00,0x00,0x00,0x00,0x00,0x00,0x00,0x00,
    0x00,0x00,0x00,0x00,0x00,0x00,0x00,0x00,0x00,0x00,0x00,0x00,0x00,0x00,0x00,0x00,
    0x00,0x00,0x00,0x00,0x00,0x00,0x00,0x00,0x00,0x00,0x00,0x00,0x00,0x00,0x00,0x00,
    0x00,0x00,0x00,0x00,0x00,0x00,0x00,0x00,0x00,0x00,0x00,0x00,0x00,0x00,0x00,0x00,
    0x00,0x00,0x00,0x00,0x00,0x00,0x00,0x00,0x00,0x00,0x00,0x00,0x00,0x00,0x00,0x00,
    0x00,0x00,0x00,0x00,0x00,0x00,0x00,0x00,0x60,0x60,0xa0,0xff,0x00,0x00,0x40,0xff,
    0xe0,0xe0,0xe0,0xff,0xe0,0xe0,0xe0,0xff,0xe0,0xe0,0xe0,0xff,0xe0,0xe0,0xe0,0xff,
    0xe0,0xe0,0xe0,0xff,0xe0,0xe0,0xe0,0xff,0x80,0x40,0x20,0xff,0x00,0x00,0x00,0x00,
    0x80,0x40,0x20,0xff,0xe0,0xe0,0xe0,0xff,0xe0,0xe0,0xe0,0xff,0xe0,0xe0,0xe0,0xff,
    0xe0,0xe0,0xe0,0xff,0xe0,0xe0,0xe0,0xff,0xe0,0xe0,0xe0,0xff,0x00,0x00,0x40,0xff,
    0x60,0x60,0xa0,0xff,0x00,0x00,0x00,0x00,0x00,0x00,0x00,0x00,0x00,0x00,0x00,0x00,
    0x00,0x00,0x00,0x00,0x00,0x00,0x00,0x00,0x00,0x00,0x00,0x00,0x00,0x00,0x00,0x00,
    0x00,0x00,0x00,0x00,0x00,0x00,0x00,0x00,0x00,0x00,0x00,0x00,0x00,0x00,0x00,0x00,
    0x00,0x00,0x00,0x00,0x00,0x00,0x00,0x00,0x00,0x00,0x00,0x00,0x00,0x00,0x00,0x00,
    0x00,0x00,0x00,0x00,0x00,0x00,0x00,0x00,0x00,0x00,0x00,0x00,0x00,0x00,0x00,0x00,
    0x00,0x00,0x00,0x00,0x00,0x00,0x00,0x00,0x00,0x00,0x00,0x00,0x00,0x00,0x00,0x00,
    0x00,0x00,0x00,0x00,0x00,0x00,0x00,0x00,0x00,0x00,0x00,0x00,0x00,0x00,0x00,0x00,
    0x00,0x00,0x00,0x00,0x00,0x00,0x00,0x00,0x00,0x00,0x00,0x00,0x00,0x00,0x00,0x00,
    0x00,0x00,0x00,0x00,0x00,0x00,0x00,0x00,0x00,0x00,0x00,0x00,0x00,0x00,0x00,0x00,
    0x00,0x00,0x00,0x00,0x00,0x00,0x00,0x00,0x80,0x40,0x20,0xff,0xe0,0xa0,0x80,0xff,
    0xe0,0xe0,0xe0,0xff,0xe0,0xe0,0xe0,0xff,0xe0,0xa0,0x80,0xff,0xe0,0x00,0x00,0xff,
    0xe0,0x00,0x00,0xff,0xe0,0x00,0x00,0xff,0xe0,0xa0,0x80,0xff,0xe0,0x00,0x00,0xff,
    0x80,0x40,0x20,0xff,0x00,0x00,0x00,0x00,0x00,0x00,0x00,0x00,0x00,0x00,0x00,0x00,
    0x00,0x00,0x00,0x00,0x00,0x00,0x00,0x00,0x00,0x00,0x00,0x00,0x00,0x00,0x00,0x00,
    0x00,0x00,0x00,0x00,0x00,0x00,0x00,0x00,0x00,0x00,0x00,0x00,0x00,0x00,0x00,0x00,
    0x00,0x00,0x00,0x00,0x00,0x00,0x00,0x00,0x00,0x00,0x00,0x00,0x00,0x00,0x00,0x00,
    0x00,0x00,0x00,0x00,0x00,0x00,0x00,0x00,0x00,0x00,0x00,0x00,0x00,0x00,0x00,0x00,
    0x00,0x00,0x00,0x00,0x00,0x00,0x00,0x00,0x00,0x00,0x00,0x00,0x00,0x00,0x00,0x00,
    0x00,0x00,0x00,0x00,0x00,0x00,0x00,0x00,0x00,0x00,0x00,0x00,0x00,0x00,0x00,0x00,
    0x00,0x00,0x00,0x00,0x00,0x00,0x00,0x00,0x00,0x00,0x00,0x00,0x00,0x00,0x00,0x00,
    0x00,0x00,0x00,0x00,0x00,0x00,0x00,0x00,0x00,0x00,0x00,0x00,0x00,0x00,0x00,0x00,
    0x00,0x00,0x00,0x00,0x00,0x00,0x00,0x00,0x00,0x00,0x00,0x00,0x00,0x00,0x00,0x00,
    0x80,0x40,0x20,0xff,0x80,0x40,0x20,0xff,0x80,0x40,0x20,0xff,0x80,0x40,0x20,0xff,
    0x80,0x40,0x20,0xff,0x80,0x40,0x20,0xff,0xe0,0x00,0x00,0xff,0x00,0x00,0x00,0x00,
    0x00,0x00,0x00,0x00,0x00,0x00,0x00,0x00,0x00,0x00,0x00,0x00,0x00,0x00,0x00,0x00,
    0x00,0x00,0x00,0x00,0x00,0x00,0x00,0x00,0x00,0x00,0x00,0x00,0x00,0x00,0x00,0x00,
    0x00,0x00,0x00,0x00,0x00,0x00,0x00,0x00,0x00,0x00,0x00,0x00,0x00,0x00,0x00,0x00,
    0x00,0x00,0x00,0x00,0x00,0x00,0x00,0x00,0x00,0x00,0x00,0x00,0x00,0x00,0x00,0x00,
    0x00,0x00,0x00,0x00,0x00,0x00,0x00,0x00,0x00,0x00,0x00,0x00,0x00,0x00,0x00,0x00,
    0x00,0x00,0x00,0x00,0x00,0x00,0x00,0x00,0x00,0x00,0x00,0x00,0x00,0x00,0x00,0x00,
    0x00,0x00,0x00,0x00,0x00,0x00,0x00,0x00,0x00,0x00,0x00,0x00,0x00,0x00,0x00,0x00,
    0x00,0x00,0x00,0x00,0x00,0x00,0x00,0x00,0x00,0x00,0x00,0x00,0x00,0x00,0x00,0x00,
    0x00,0x00,0x00,0x00,0x00,0x00,0x00,0x00,0x00,0x00,0x00,0x00,0x00,0x00,0x00,0x00,
    0x00,0x00,0x00,0x00,0x00,0x00,0x00,0x00,0x80,0x40,0x20,0xff,0xe0,0xa0,0x80,0xff,
    0xe0,0xe0,0xe0,0xff,0xe0,0xe0,0xe0,0xff,0xe0,0xa0,0x80,0xff,0xe0,0x00,0x00,0xff,
    0xe0,0x00,0x00,0xff,0xe0,0x00,0x00,0xff,0xe0,0xa0,0x80,0xff,0xe0,0x00,0x00,0xff,
    0x80,0x40,0x20,0xff,0x00,0x00,0x00,0x00,0x00,0x00,0x00,0x00,0x00,0x00,0x00,0x00,
    0x00,0x00,0x00,0x00,0x00,0x00,0x00,0x00,0x00,0x00,0x00,0x00,0x00,0x00,0x00,0x00,
    0x00,0x00,0x00,0x00,0x00,0x00,0x00,0x00,0x00,0x00,0x00,0x00,0x00,0x00,0x00,0x00,
    0x00,0x00,0x00,0x00,0x00,0x00,0x00,0x00,0x00,0x00,0x00,0x00,0x00,0x00,0x00,0x00,
    0x00,0x00,0x00,0x00,0x00,0x00,0x00,0x00,0x00,0x00,0x00,0x00,0x00,0x00,0x00,0x00,
    0x00,0x00,0x00,0x00,0x00,0x00,0x00,0x00,0x00,0x00,0x00,0x00,0x00,0x00,0x00,0x00,
    0x00,0x00,0x00,0x00,0x00,0x00,0x00,0x00,0x00,0x00,0x00,0x00,0x00,0x00,0x00,0x00,
    0x00,0x00,0x00,0x00,0x00,0x00,0x00,0x00,0x00,0x00,0x00,0x00,0x00,0x00,0x00,0x00,
    0x00,0x00,0x00,0x00,0x00,0x00,0x00,0x00,0x00,0x00,0x00,0x00,0x00,0x00,0x00,0x00,
    0x00,0x00,0x00,0x00,0x00,0x00,0x00,0x00,0x00,0x00,0x00,0x00,0x00,0x00,0x00,0x00,
    0x00,0x00,0x00,0x00,0x80,0x40,0x20,0xff,0xe0,0x00,0x00,0xff,0xe0,0x00,0x00,0xff,
    0xe0,0x00,0x00,0xff,0xe0,0x00,0x00,0xff,0xe0,0x00,0x00,0xff,0xe0,0x00,0x00,0xff,
    0xe0,0x00,0x00,0xff,0x80,0x40,0x20,0xff,0x00,0x00,0x00,0x00,0x00,0x00,0x00,0x00,
    0x00,0x00,0x00,0x00,0x00,0x00,0x00,0x00,0x00,0x00,0x00,0x00,0x00,0x00,0x00,0x00,
    0x00,0x00,0x00,0x00,0x00,0x00,0x00,0x00,0x00,0x00,0x00,0x00,0x00,0x00,0x00,0x00,
    0x00,0x00,0x00,0x00,0x00,0x00,0x00,0x00,0x00,0x00,0x00,0x00,0x00,0x00,0x00,0x00,
    0x00,0x00,0x00,0x00,0x00,0x00,0x00,0x00,0x00,0x00,0x00,0x00,0x00,0x00,0x00,0x00,
    0x00,0x00,0x00,0x00,0x00,0x00,0x00,0x00,0x00,0x00,0x00,0x00,0x00,0x00,0x00,0x00,
    0x00,0x00,0x00,0x00,0x00,0x00,0x00,0x00,0x00,0x00,0x00,0x00,0x00,0x00,0x00,0x00,
    0x00,0x00,0x00,0x00,0x00,0x00,0x00,0x00,0x60,0x60,0xa0,0xff,0x00,0x00,0x40,0xff,
    0xe0,0xe0,0xe0,0xff,0xe0,0xe0,0xe0,0xff,0xe0,0xe0,0xe0,0xff,0xe0,0xe0,0xe0,0xff,
    0xe0,0xe0,0xe0,0xff,0xe0,0xe0,0xe0,0xff,0x80,0x40,0x20,0xff,0x00,0x00,0x00,0x00,
    0x80,0x40,0x20,0xff,0xe0,0xe0,0xe0,0xff,0xe0,0xe0,0xe0,0xff,0xe0,0xe0,0xe0,0xff,
    0xe0,0xe0,0xe0,0xff,0xe0,0xe0,0xe0,0xff,0xe0,0xe0,0xe0,0xff,0x00,0x00,0x40,0xff,
    0x60,0x60,0xa0,0xff,0x00,0x00,0x00,0x00,0x00,0x00,0x00,0x00,0x00,0x00,0x00,0x00,
    0x00,0x00,0x00,0x00,0x00,0x00,0x00,0x00,0x00,0x00,0x00,0x00,0x00,0x00,0x00,0x00,
    0x00,0x00,0x00,0x00,0x00,0x00,0x00,0x00,0x00,0x00,0x00,0x00,0x00,0x00,0x00,0x00,
    0x00,0x00,0x00,0x00,0x00,0x00,0x00,0x00,0x00,0x00,0x00,0x00,0x00,0x00,0x00,0x00,
    0x00,0x00,0x00,0x00,0x00,0x00,0x00,0x00,0x00,0x00,0x00,0x00,0x00,0x00,0x00,0x00,
    0x00,0x00,0x00,0x00,0x00,0x00,0x00,0x00,0x00,0x00,0x00,0x00,0x00,0x00,0x00,0x00,
    0x00,0x00,0x00,0x00,0x00,0x00,0x00,0x00,0x00,0x00,0x00,0x00,0x00,0x00,0x00,0x00,
    0x00,0x00,0x00,0x00,0x00,0x00,0x00,0x00,0x80,0x40,0x20,0xff,0xe0,0x00,0x00,0xff,
    0xe0,0x00,0x00,0xff,0xe0,0x00,0x00,0xff,0xe0,0x00,0x00,0xff,0xe0,0x00,0x00,0xff,
    0xe0,0x00,0x00,0xff,0xe0,0x00,0x00,0xff,0x80,0x40,0x20,0xff,0x00,0x00,0x00,0x00,
    0x00,0x00,0x00,0x00,0x00,0x00,0x00,0x00,0x00,0x00,0x00,0x00,0x00,0x00,0x00,0x00,
    0x00,0x00,0x00,0x00,0x00,0x00,0x00,0x00,0x00,0x00,0x00,0x00,0x00,0x00,0x00,0x00,
    0x00,0x00,0x00,0x00,0x00,0x00,0x00,0x00,0x00,0x00,0x00,0x00,0x00,0x00,0x00,0x00,
    0x00,0x00,0x00,0x00,0x00,0x00,0x00,0x00,0x00,0x00,0x00,0x00,0x00,0x00,0x00,0x00,
    0x00,0x00,0x00,0x00,0x00,0x00,0x00,0x00,0x00,0x00,0x00,0x00,0x00,0x00,0x00,0x00,
    0x00,0x00,0x00,0x00,0x00,0x00,0x00,0x00,0x00,0x00,0x00,0x00,0x00,0x00,0x00,0x00,
    0x00,0x00,0x00,0x00,0x00,0x00,0x00,0x00,0x00,0x00,0x00,0x00,0x00,0x00,0x00,0x00,
    0x00,0x00,0x00,0x00,0x00,0x00,0x00,0x00,0x00,0x00,0x00,0x00,0x00,0x00,0x00,0x00,
    0x00,0x00,0x00,0x00,0x00,0x00,0x00,0x00,0x00,0x00,0x00,0x00,0x00,0x00,0x00,0x00,
    0x00,0x00,0x00,0x00,0x00,0x00,0x00,0x00,0x00,0x00,0x00,0x00,0x80,0x40,0x20,0xff,
    0xe0,0x00,0x00,0xff,0xe0,0xe0,0xe0,0xff,0xe0,0x00,0x00,0xff,0xe0,0x00,0x00,0xff,
    0xe0,0x00,0x00,0xff,0xe0,0xa0,0x80,0xff,0xe0,0xe0,0xe0,0xff,0xe0,0xe0,0xe0,0xff,
    0xe0,0xa0,0x80,0xff,0x80,0x40,0x20,0xff,0x00,0x00,0x00,0x00,0x00,0x00,0x00,0x00,
    0x00,0x00,0x00,0x00,0x00,0x00,0x00,0x00,0x00,0x00,0x00,0x00,0x00,0x00,0x00,0x00,
    0x00,0x00,0x00,0x00,0x00,0x00,0x00,0x00,0x00,0x00,0x00,0x00,0x00,0x00,0x00,0x00,
    0x00,0x00,0x00,0x00,0x00,0x00,0x00,0x00,0x00,0x00,0x00,0x00,0x00,0x00,0x00,0x00,
    0x00,0x00,0x00,0x00,0x00,0x00,0x00,0x00,0x00,0x00,0x00,0x00,0x00,0x00,0x00,0x00,
    0x00,0x00,0x00,0x00,0x00,0x00,0x00,0x00,0x00,0x00,0x00,0x00,0x00,0x00,0x00,0x00,
    0x00,0x00,0x00,0x00,0x00,0x00,0x00,0x00,0x00,0x00,0x00,0x00,0x00,0x00,0x00,0x00,
    0x00,0x00,0x00,0x00,0x00,0x00,0x00,0x00,0x00,0x00,0x00,0x00,0x00,0x00,0x00,0x00,
    0x00,0x00,0x00,0x00,0x00,0x00,0x00,0x00,0x00,0x00,0x00,0x00,0x00,0x00,0x00,0x00,
    0x00,0x00,0x00,0x00,0x00,0x00,0x00,0x00,0x00,0x00,0x00,0x00,0xe0,0x00,0x00,0xff,
    0x80,0x40,0x20,0xff,0x80,0x40,0x20,0xff,0x80,0x40,0x20,0xff,0x80,0x40,0x20,0xff,
    0x80,0x40,0x20,0xff,0x80,0x40,0x20,0xff,0x00,0x00,0x00,0x00,0x00,0x00,0x00,0x00,
    0x00,0x00,0x00,0x00,0x00,0x00,0x00,0x00,0x00,0x00,0x00,0x00,0x00,0x00,0x00,0x00,
    0x00,0x00,0x00,0x00,0x00,0x00,0x00,0x00,0x00,0x00,0x00,0x00,0x00,0x00,0x00,0x00,
    0x00,0x00,0x00,0x00,0x00,0x00,0x00,0x00,0x00,0x00,0x00,0x00,0x00,0x00,0x00,0x00,
    0x00,0x00,0x00,0x00,0x00,0x00,0x00,0x00,0x00,0x00,0x00,0x00,0x00,0x00,0x00,0x00,
    0x00,0x00,0x00,0x00,0x00,0x00,0x00,0x00,0x00,0x00,0x00,0x00,0x00,0x00,0x00,0x00,
    0x00,0x00,0x00,0x00,0x00,0x00,0x00,0x00,0x00,0x00,0x00,0x00,0x00,0x00,0x00,0x00,
    0x00,0x00,0x00,0x00,0x00,0x00,0x00,0x00,0x00,0x00,0x00,0x00,0x00,0x00,0x00,0x00,
    0x00,0x00,0x00,0x00,0x00,0x00,0x00,0x00,0x00,0x00,0x00,0x00,0x00,0x00,0x00,0x00,
    0x00,0x00,0x00,0x00,0x00,0x00,0x00,0x00,0x00,0x00,0x00,0x00,0x00,0x00,0x00,0x00,
    0x00,0x00,0x00,0x00,0x00,0x00,0x00,0x00,0x00,0x00,0x00,0x00,0x80,0x40,0x20,0xff,
    0xe0,0x00,0x00,0xff,0xe0,0xe0,0xe0,0xff,0xe0,0x00,0x00,0xff,0xe0,0x00,0x00,0xff,
    0xe0,0x00,0x00,0xff,0xe0,0xa0,0x80,0xff,0xe0,0xe0,0xe0,0xff,0xe0,0xe0,0xe0,0xff,
    0xe0,0xa0,0x80,0xff,0x80,0x40,0x20,0xff,0x00,0x00,0x00,0x00,0x00,0x00,0x00,0x00,
    0x00,0x00,0x00,0x00,0x00,0x00,0x00,0x00,0x00,0x00,0x00,0x00,0x00,0x00,0x00,0x00,
    0x00,0x00,0x00,0x00,0x00,0x00,0x00,0x00,0x00,0x00,0x00,0x00,0x00,0x00,0x00,0x00,
    0x00,0x00,0x00,0x00,0x00,0x00,0x00,0x00,0x00,0x00,0x00,0x00,0x00,0x00,0x00,0x00,
    0x00,0x00,0x00,0x00,0x00,0x00,0x00,0x00,0x00,0x00,0x00,0x00,0x00,0x00,0x00,0x00,
    0x00,0x00,0x00,0x00,0x00,0x00,0x00,0x00,0x00,0x00,0x00,0x00,0x00,0x00,0x00,0x00,
    0x00,0x00,0x00,0x00,0x00,0x00,0x00,0x00,0x00,0x00,0x00,0x00,0x00,0x00,0x00,0x00,
    0x00,0x00,0x00,0x00,0x00,0x00,0x00,0x00,0x00,0x00,0x00,0x00,0x00,0x00,0x00,0x00,
    0x00,0x00,0x00,0x00,0x00,0x00,0x00,0x00,0x00,0x00,0x00,0x00,0x00,0x00,0x00,0x00,
    0x00,0x00,0x00,0x00,0x00,0x00,0x00,0x00,0x80,0x40,0x20,0xff,0xe0,0x00,0x00,0xff,
    0xe0,0x00,0x00,0xff,0xe0,0x00,0x00,0xff,0xe0,0x00,0x00,0xff,0xe0,0x00,0x00,0xff,
    0xe0,0x00,0x00,0xff,0xe0,0x00,0x00,0xff,0x80,0x40,0x20,0xff,0x00,0x00,0x00,0x00,
    0x00,0x00,0x00,0x00,0x00,0x00,0x00,0x00,0x00,0x00,0x00,0x00,0x00,0x00,0x00,0x00,
    0x00,0x00,0x00,0x00,0x00,0x00,0x00,0x00,0x00,0x00,0x00,0x00,0x00,0x00,0x00,0x00,
    0x00,0x00,0x00,0x00,0x00,0x00,0x00,0x00,0x00,0x00,0x00,0x00,0x00,0x00,0x00,0x00,
    0x00,0x00,0x00,0x00,0x00,0x00,0x00,0x00,0x00,0x00,0x00,0x00,0x00,0x00,0x00,0x00,
    0x00,0x00,0x00,0x00,0x00,0x00,0x00,0x00,0x00,0x00,0x00,0x00,0x00,0x00,0x00,0x00,
    0x00,0x00,0x00,0x00,0x00,0x00,0x00,0x00,0x00,0x00,0x00,0x00,0x00,0x00,0x00,0x00,
    0x00,0x00,0x00,0x00,0x00,0x00,0x00,0x00,0x00,0x00,0x00,0x00,0x00,0x00,0x00,0x00,
    0x00,0x00,0x00,0x00,0x00,0x00,0x00,0x00,0x00,0x00,0x00,0x00,0x00,0x00,0x00,0x00,
    0x00,0x00,0x00,0x00,0x00,0x00,0x00,0x00,0x00,0x00,0x00,0x00,0x00,0x00,0x00,0x00,
    0x00,0x00,0x00,0x00,0x00,0x00,0x40,0xff,0x00,0x00,0x40,0xff,0x00,0x00,0x40,0xff,
    0x00,0x00,0x40,0xff,0x00,0x00,0x40,0xff,0x00,0x00,0x40,0xff,0x00,0x00,0x40,0xff,
    0x20,0x00,0xa0,0xff,0x20,0x00,0xa0,0xff,0x20,0x00,0xa0,0xff,0x20,0x00,0xa0,0xff,
    0x20,0x00,0xa0,0xff,0x20,0x00,0xa0,0xff,0x00,0x00,0x40,0xff,0x00,0x00,0x40,0xff,
    0x00,0x00,0x40,0xff,0x00,0x00,0x40,0xff,0x00,0x00,0x40,0xff,0x00,0x00,0x40,0xff,
    0x00,0x00,0x40,0xff,0x00,0x00,0x00,0x00,0x00,0x00,0x00,0x00,0x00,0x00,0x00,0x00,
    0x00,0x00,0x00,0x00,0x00,0x00,0x00,0x00,0x00,0x00,0x00,0x00,0x00,0x00,0x00,0x00,
    0x00,0x00,0x00,0x00,0x00,0x00,0x00,0x00,0x00,0x00,0x00,0x00,0x00,0x00,0x00,0x00,
    0x00,0x00,0x00,0x00,0x00,0x00,0x00,0x00,0x00,0x00,0x00,0x00,0x00,0x00,0x00,0x00,
    0x00,0x00,0x00,0x00,0x00,0x00,0x00,0x00,0x00,0x00,0x00,0x00,0x00,0x00,0x00,0x00,
    0x00,0x00,0x00,0x00,0x00,0x00,0x00,0x00,0x00,0x00,0x00,0x00,0x00,0x00,0x00,0x00,
    0x00,0x00,0x00,0x00,0x00,0x00,0x00,0x00,0x00,0x00,0x00,0x00,0x00,0x00,0x00,0x00,
    0x00,0x00,0x40,0xff,0x00,0x00,0x40,0xff,0x20,0x00,0xa0,0xff,0x20,0x00,0xa0,0xff,
    0x20,0x00,0xa0,0xff,0x20,0x00,0xa0,0xff,0x20,0x00,0xa0,0xff,0x20,0x00,0xa0,0xff,
    0x20,0x00,0xa0,0xff,0x20,0x00,0xa0,0xff,0x20,0x20,0xe0,0xff,0x20,0x20,0xe0,0xff,
    0x20,0x20,0xe0,0xff,0x20,0x00,0xa0,0xff,0x20,0x00,0xa0,0xff,0x20,0x00,0xa0,0xff,
    0x20,0x00,0xa0,0xff,0x20,0x00,0xa0,0xff,0x20,0x00,0xa0,0xff,0x20,0x00,0xa0,0xff,
    0x00,0x00,0x40,0xff,0x00,0x00,0x40,0xff,0x00,0x00,0x00,0x00,0x00,0x00,0x00,0x00,
    0x00,0x00,0x00,0x00,0x00,0x00,0x00,0x00,0x00,0x00,0x00,0x00,0x00,0x00,0x00,0x00,
    0x00,0x00,0x00,0x00,0x00,0x00,0x00,0x00,0x00,0x00,0x00,0x00,0x00,0x00,0x00,0x00,
    0x00,0x00,0x00,0x00,0x00,0x00,0x00,0x00,0x00,0x00,0x00,0x00,0x00,0x00,0x00,0x00,
    0x00,0x00,0x00,0x00,0x00,0x00,0x00,0x00,0x00,0x00,0x00,0x00,0x00,0x00,0x00,0x00,
    0x00,0x00,0x00,0x00,0x00,0x00,0x00,0x00,0x00,0x00,0x00,0x00,0x00,0x00,0x00,0x00,
    0x00,0x00,0x00,0x00,0x00,0x00,0x00,0x00,0x00,0x00,0x00,0x00,0x00,0x00,0x00,0x00,
    0x00,0x00,0x40,0xff,0x00,0x00,0x40,0xff,0x00,0x00,0x40,0xff,0x00,0x00,0x40,0xff,
    0x00,0x00,0x40,0xff,0x00,0x00,0x40,0xff,0x00,0x00,0x40,0xff,0x00,0x00,0x40,0xff,
    0x20,0x00,0xa0,0xff,0x20,0x00,0xa0,0xff,0x20,0x00,0xa0,0xff,0x20,0x00,0xa0,0xff,
    0x20,0x00,0xa0,0xff,0x20,0x00,0xa0,0xff,0x00,0x00,0x40,0xff,0x00,0x00,0x40,0xff,
    0x00,0x00,0x40,0xff,0x00,0x00,0x40,0xff,0x00,0x00,0x40,0xff,0x00,0x00,0x40,0xff,
    0x00,0x00,0x40,0xff,0x00,0x00,0x40,0xff,0x00,0x00,0x00,0x00,0x00,0x00,0x00,0x00,
    0x00,0x00,0x00,0x00,0x00,0x00,0x00,0x00,0x00,0x00,0x00,0x00,0x00,0x00,0x00,0x00,
    0x00,0x00,0x00,0x00,0x00,0x00,0x00,0x00,0x00,0x00,0x00,0x00,0x00,0x00,0x00,0x00,
    0x00,0x00,0x00,0x00,0x00,0x00,0x00,0x00,0x00,0x00,0x00,0x00,0x00,0x00,0x00,0x00,
    0x00,0x00,0x00,0x00,0x00,0x00,0x00,0x00,0x00,0x00,0x00,0x00,0x00,0x00,0x00,0x00,
    0x00,0x00,0x00,0x00,0x00,0x00,0x00,0x00,0x00,0x00,0x00,0x00,0x00,0x00,0x00,0x00,
    0x00,0x00,0x00,0x00,0x00,0x00,0x00,0x00,0x00,0x00,0x00,0x00,0x00,0x00,0x00,0x00,
    0x00,0x00,0x00,0x00,0x00,0x00,0x00,0x00,0x00,0x00,0x00,0x00,0x00,0x00,0x00,0x00,
    0x80,0x40,0x20,0xff,0xe0,0x00,0x00,0xff,0x00,0x00,0x40,0xff,0x20,0x00,0xa0,0xff,
    0x20,0x00,0xa0,0xff,0xe0,0xe0,0xe0,0xff,0xe0,0xe0,0xe0,0xff,0xe0,0xe0,0xe0,0xff,
    0x00,0x00,0x40,0xff,0x20,0x00,0xa0,0xff,0x00,0x00,0x40,0xff,0xe0,0xe0,0xe0,0xff,
    0xe0,0xe0,0xe0,0xff,0xe0,0xe0,0xe0,0xff,0x20,0x00,0xa0,0xff,0x20,0x00,0xa0,0xff,
    0x00,0x00,0x40,0xff,0xe0,0x00,0x00,0xff,0x80,0x40,0x20,0xff,0x00,0x00,0x00,0x00,
    0x00,0x00,0x00,0x00,0x00,0x00,0x00,0x00,0x00,0x00,0x00,0x00,0x00,0x00,0x00,0x00,
    0x00,0x00,0x00,0x00,0x00,0x00,0x00,0x00,0x00,0x00,0x00,0x00,0x00,0x00,0x00,0x00,
    0x00,0x00,0x00,0x00,0x00,0x00,0x00,0x00,0x00,0x00,0x00,0x00,0x00,0x00,0x00,0x00,
    0x00,0x00,0x00,0x00,0x00,0x00,0x00,0x00,0x00,0x00,0x00,0x00,0x00,0x00,0x00,0x00,
    0x00,0x00,0x00,0x00,0x00,0x00,0x00,0x00,0x00,0x00,0x00,0x00,0x00,0x00,0x00,0x00,
    0x00,0x00,0x00,0x00,0x00,0x00,0x00,0x00,0x00,0x00,0x00,0x00,0x00,0x00,0x00,0x00,
    0x00,0x00,0x00,0x00,0x00,0x00,0x00,0x00,0xe0,0x00,0x00,0xff,0xe0,0x00,0x00,0xff,
    0xe0,0x00,0x00,0xff,0xe0,0xe0,0xe0,0xff,0xe0,0xe0,0xe0,0xff,0xe0,0xe0,0xe0,0xff,
    0xe0,0xe0,0xe0,0xff,0xe0,0x00,0x00,0xff,0x80,0x40,0x20,0xff,0x00,0x00,0x00,0x00,
    0x80,0x40,0x20,0xff,0xe0,0x00,0x00,0xff,0xe0,0xe0,0xe0,0xff,0xe0,0xe0,0xe0,0xff,
    0xe0,0xe0,0xe0,0xff,0xe0,0xe0,0xe0,0xff,0xe0,0x00,0x00,0xff,0xe0,0x00,0x00,0xff,
    0xe0,0x00,0x00,0xff,0x00,0x00,0x00,0x00,0x00,0x00,0x00,0x00,0x00,0x00,0x00,0x00,
    0x00,0x00,0x00,0x00,0x00,0x00,0x00,0x00,0x00,0x00,0x00,0x00,0x00,0x00,0x00,0x00,
    0x00,0x00,0x00,0x00,0x00,0x00,0x00,0x00,0x00,0x00,0x00,0x00,0x00,0x00,0x00,0x00,
    0x00,0x00,0x00,0x00,0x00,0x00,0x00,0x00,0x00,0x00,0x00,0x00,0x00,0x00,0x00,0x00,
    0x00,0x00,0x00,0x00,0x00,0x00,0x00,0x00,0x00,0x00,0x00,0x00,0x00,0x00,0x00,0x00,
    0x00,0x00,0x00,0x00,0x00,0x00,0x00,0x00,0x00,0x00,0x00,0x00,0x00,0x00,0x00,0x00,
    0x00,0x00,0x00,0x00,0x00,0x00,0x00,0x00,0x00,0x00,0x00,0x00,0x00,0x00,0x00,0x00,
    0x00,0x00,0x00,0x00,0x00,0x00,0x00,0x00,0xe0,0x00,0x00,0xff,0xe0,0x00,0x00,0xff,
    0xe0,0x00,0x00,0xff,0xe0,0xe0,0xe0,0xff,0xe0,0xe0,0xe0,0xff,0xe0,0xe0,0xe0,0xff,
    0xe0,0xe0,0xe0,0xff,0xe0,0x00,0x00,0xff,0x80,0x40,0x20,0xff,0x00,0x00,0x00,0x00,
    0x80,0x40,0x20,0xff,0xe0,0x00,0x00,0xff,0xe0,0xe0,0xe0,0xff,0xe0,0xe0,0xe0,0xff,
    0xe0,0xe0,0xe0,0xff,0xe0,0xe0,0xe0,0xff,0xe0,0x00,0x00,0xff,0xe0,0x00,0x00,0xff,
    0xe0,0x00,0x00,0xff,0x00,0x00,0x00,0x00,0x00,0x00,0x00,0x00,0x00,0x00,0x00,0x00,
    0x00,0x00,0x00,0x00,0x00,0x00,0x00,0x00,0x00,0x00,0x00,0x00,0x00,0x00,0x00,0x00,
    0x00,0x00,0x00,0x00,0x00,0x00,0x00,0x00,0x00,0x00,0x00,0x00,0x00,0x00,0x00,0x00,
    0x00,0x00,0x00,0x00,0x00,0x00,0x00,0x00,0x00,0x00,0x00,0x00,0x00,0x00,0x00,0x00,
    0x00,0x00,0x00,0x00,0x00,0x00,0x00,0x00,0x00,0x00,0x00,0x00,0x00,0x00,0x00,0x00,
    0x00,0x00,0x00,0x00,0x00,0x00,0x00,0x00,0x00,0x00,0x00,0x00,0x00,0x00,0x00,0x00,
    0x00,0x00,0x00,0x00,0x00,0x00,0x00,0x00,0x00,0x00,0x00,0x00,0x00,0x00,0x00,0x00,
    0x00,0x00,0x00,0x00,0x00,0x00,0x00,0x00,0x00,0x00,0x00,0x00,0x00,0x00,0x00,0x00,
    0x00,0x00,0x00,0x00,0x00,0x00,0x00,0x00,0x00,0x00,0x00,0x00,0x00,0x00,0x00,0x00,
    0x00,0x00,0x00,0x00,0x00,0x00,0x00,0x00,0x80,0x40,0x20,0xff,0xe0,0x00,0x00,0xff,
    0xe0,0x00,0x00,0xff,0xe0,0x00,0x00,0xff,0xe0,0x00,0x00,0xff,0xe0,0x00,0x00,0xff,
    0xe0,0x00,0x00,0xff,0xe0,0x00,0x00,0xff,0xe0,0xa0,0x80,0xff,0xe0,0x00,0x00,0xff,
    0x80,0x40,0x20,0xff,0x00,0x00,0x00,0x00,0x00,0x00,0x00,0x00,0x00,0x00,0x00,0x00,
    0x00,0x00,0x00,0x00,0x00,0x00,0x00,0x00,0x00,0x00,0x00,0x00,0x00,0x00,0x00,0x00,
    0x00,0x00,0x00,0x00,0x00,0x00,0x00,0x00,0x00,0x00,0x00,0x00,0x00,0x00,0x00,0x00,
    0x00,0x00,0x00,0x00,0x00,0x00,0x00,0x00,0x00,0x00,0x00,0x00,0x00,0x00,0x00,0x00,
    0x00,0x00,0x00,0x00,0x00,0x00,0x00,0x00,0x00,0x00,0x00,0x00,0x00,0x00,0x00,0x00,
    0x00,0x00,0x00,0x00,0x00,0x00,0x00,0x00,0x00,0x00,0x00,0x00,0x00,0x00,0x00,0x00,
    0x00,0x00,0x00,0x00,0x00,0x00,0x00,0x00,0x00,0x00,0x00,0x00,0x00,0x00,0x00,0x00,
    0x00,0x00,0x00,0x00,0x00,0x00,0x00,0x00,0x00,0x00,0x00,0x00,0x00,0x00,0x00,0x00,
    0x00,0x00,0x00,0x00,0x00,0x00,0x00,0x00,0x00,0x00,0x00,0x00,0x00,0x00,0x00,0x00,
    0x00,0x00,0x00,0x00,0x00,0x00,0x00,0x00,0x00,0x00,0x00,0x00,0x00,0x00,0x00,0x00,
    0x00,0x00,0x00,0x00,0x80,0x40,0x20,0xff,0x80,0x40,0x20,0xff,0x80,0x40,0x20,0xff,
    0x80,0x40,0x20,0xff,0x80,0x40,0x20,0xff,0xe0,0x00,0x00,0xff,0x00,0x00,0x00,0x00,
    0x00,0x00,0x00,0x00,0x00,0x00,0x00,0x00,0x00,0x00,0x00,0x00,0x00,0x00,0x00,0x00,
    0x00,0x00,0x00,0x00,0x00,0x00,0x00,0x00,0x00,0x00,0x00,0x00,0x00,0x00,0x00,0x00,
    0x00,0x00,0x00,0x00,0x00,0x00,0x00,0x00,0x00,0x00,0x00,0x00,0x00,0x00,0x00,0x00,
    0x00,0x00,0x00,0x00,0x00,0x00,0x00,0x00,0x00,0x00,0x00,0x00,0x00,0x00,0x00,0x00,
    0x00,0x00,0x00,0x00,0x00,0x00,0x00,0x00,0x00,0x00,0x00,0x00,0x00,0x00,0x00,0x00,
    0x00,0x00,0x00,0x00,0x00,0x00,0x00,0x00,0x00,0x00,0x00,0x00,0x00,0x00,0x00,0x00,
    0x00,0x00,0x00,0x00,0x00,0x00,0x00,0x00,0x00,0x00,0x00,0x00,0x00,0x00,0x00,0x00,
    0x00,0x00,0x00,0x00,0x00,0x00,0x00,0x00,0x00,0x00,0x00,0x00,0x00,0x00,0x00,0x00,
    0x00,0x00,0x00,0x00,0x00,0x00,0x00,0x00,0x00,0x00,0x00,0x00,0x00,0x00,0x00,0x00,
    0x00,0x00,0x00,0x00,0x00,0x00,0x00,0x00,0x80,0x40,0x20,0xff,0xe0,0x00,0x00,0xff,
    0xe0,0x00,0x00,0xff,0xe0,0x00,0x00,0xff,0xe0,0x00,0x00,0xff,0xe0,0x00,0x00,0xff,
    0xe0,0x00,0x00,0xff,0xe0,0x00,0x00,0xff,0xe0,0xa0,0x80,0xff,0xe0,0x00,0x00,0xff,
    0x80,0x40,0x20,0xff,0x00,0x00,0x00,0x00,0x00,0x00,0x00,0x00,0x00,0x00,0x00,0x00,
    0x00,0x00,0x00,0x00,0x00,0x00,0x00,0x00,0x00,0x00,0x00,0x00,0x00,0x00,0x00,0x00,
    0x00,0x00,0x00,0x00,0x00,0x00,0x00,0x00,0x00,0x00,0x00,0x00,0x00,0x00,0x00,0x00,
    0x00,0x00,0x00,0x00,0x00,0x00,0x00,0x00,0x00,0x00,0x00,0x00,0x00,0x00,0x00,0x00,
    0x00,0x00,0x00,0x00,0x00,0x00,0x00,0x00,0x00,0x00,0x00,0x00,0x00,0x00,0x00,0x00,
    0x00,0x00,0x00,0x00,0x00,0x00,0x00,0x00,0x00,0x00,0x00,0x00,0x00,0x00,0x00,0x00,
    0x00,0x00,0x00,0x00,0x00,0x00,0x00,0x00,0x00,0x00,0x00,0x00,0x00,0x00,0x00,0x00,
    0x00,0x00,0x00,0x00,0x00,0x00,0x00,0x00,0x00,0x00,0x00,0x00,0x00,0x00,0x00,0x00,
    0x00,0x00,0x00,0x00,0x00,0x00,0x00,0x00,0x00,0x00,0x00,0x00,0x00,0x00,0x00,0x00,
    0x00,0x00,0x00,0x00,0x00,0x00,0x00,0x00,0x00,0x00,0x00,0x00,0x00,0x00,0x00,0x00,
    0x00,0x00,0x00,0x00,0x80,0x40,0x20,0xff,0xe0,0x00,0x00,0xff,0xe0,0x00,0x00,0xff,
    0xe0,0x00,0x00,0xff,0xe0,0xa0,0x80,0xff,0xe0,0x00,0x00,0xff,0xe0,0x00,0x00,0xff,
    0xe0,0x00,0x00,0xff,0x80,0x40,0x20,0xff,0x00,0x00,0x00,0x00,0x00,0x00,0x00,0x00,
    0x00,0x00,0x00,0x00,0x00,0x00,0x00,0x00,0x00,0x00,0x00,0x00,0x00,0x00,0x00,0x00,
    0x00,0x00,0x00,0x00,0x00,0x00,0x00,0x00,0x00,0x00,0x00,0x00,0x00,0x00,0x00,0x00,
    0x00,0x00,0x00,0x00,0x00,0x00,0x00,0x00,0x00,0x00,0x00,0x00,0x00,0x00,0x00,0x00,
    0x00,0x00,0x00,0x00,0x00,0x00,0x00,0x00,0x00,0x00,0x00,0x00,0x00,0x00,0x00,0x00,
    0x00,0x00,0x00,0x00,0x00,0x00,0x00,0x00,0x00,0x00,0x00,0x00,0x00,0x00,0x00,0x00,
    0x00,0x00,0x00,0x00,0x00,0x00,0x00,0x00,0x00,0x00,0x00,0x00,0x00,0x00,0x00,0x00,
    0x00,0x00,0x00,0x00,0x00,0x00,0x00,0x00,0xe0,0x00,0x00,0xff,0xe0,0x00,0x00,0xff,
    0xe0,0x00,0x00,0xff,0xe0,0xe0,0xe0,0xff,0xe0,0xe0,0xe0,0xff,0xe0,0xe0,0xe0,0xff,
    0xe0,0xe0,0xe0,0xff,0xe0,0x00,0x00,0xff,0x80,0x40,0x20,0xff,0x00,0x00,0x00,0x00,
    0x80,0x40,0x20,0xff,0xe0,0x00,0x00,0xff,0xe0,0xe0,0xe0,0xff,0xe0,0xe0,0xe0,0xff,
    0xe0,0xe0,0xe0,0xff,0xe0,0xe0,0xe0,0xff,0xe0,0x00,0x00,0xff,0xe0,0x00,0x00,0xff,
    0xe0,0x00,0x00,0xff,0x00,0x00,0x00,0x00,0x00,0x00,0x00,0x00,0x00,0x00,0x00,0x00,
    0x00,0x00,0x00,0x00,0x00,0x00,0x00,0x00,0x00,0x00,0x00,0x00,0x00,0x00,0x00,0x00,
    0x00,0x00,0x00,0x00,0x00,0x00,0x00,0x00,0x00,0x00,0x00,0x00,0x00,0x00,0x00,0x00,
    0x00,0x00,0x00,0x00,0x00,0x00,0x00,0x00,0x00,0x00,0x00,0x00,0x00,0x00,0x00,0x00,
    0x00,0x00,0x00,0x00,0x00,0x00,0x00,0x00,0x00,0x00,0x00,0x00,0x00,0x00,0x00,0x00,
    0x00,0x00,0x00,0x00,0x00,0x00,0x00,0x00,0x00,0x00,0x00,0x00,0x00,0x00,0x00,0x00,
    0x00,0x00,0x00,0x00,0x00,0x00,0x00,0x00,0x00,0x00,0x00,0x00,0x00,0x00,0x00,0x00,
    0x00,0x00,0x00,0x00,0x00,0x00,0x00,0x00,0x80,0x40,0x20,0xff,0xe0,0x00,0x00,0xff,
    0xe0,0x00,0x00,0xff,0xe0,0x00,0x00,0xff,0xe0,0xa0,0x80,0xff,0xe0,0x00,0x00,0xff,
    0xe0,0x00,0x00,0xff,0xe0,0x00,0x00,0xff,0x80,0x40,0x20,0xff,0x00,0x00,0x00,0x00,
    0x00,0x00,0x00,0x00,0x00,0x00,0x00,0x00,0x00,0x00,0x00,0x00,0x00,0x00,0x00,0x00,
    0x00,0x00,0x00,0x00,0x00,0x00,0x00,0x00,0x00,0x00,0x00,0x00,0x00,0x00,0x00,0x00,
    0x00,0x00,0x00,0x00,0x00,0x00,0x00,0x00,0x00,0x00,0x00,0x00,0x00,0x00,0x00,0x00,
    0x00,0x00,0x00,0x00,0x00,0x00,0x00,0x00,0x00,0x00,0x00,0x00,0x00,0x00,0x00,0x00,
    0x00,0x00,0x00,0x00,0x00,0x00,0x00,0x00,0x00,0x00,0x00,0x00,0x00,0x00,0x00,0x00,
    0x00,0x00,0x00,0x00,0x00,0x00,0x00,0x00,0x00,0x00,0x00,0x00,0x00,0x00,0x00,0x00,
    0x00,0x00,0x00,0x00,0x00,0x00,0x00,0x00,0x00,0x00,0x00,0x00,0x00,0x00,0x00,0x00,
    0x00,0x00,0x00,0x00,0x00,0x00,0x00,0x00,0x00,0x00,0x00,0x00,0x00,0x00,0x00,0x00,
    0x00,0x00,0x00,0x00,0x00,0x00,0x00,0x00,0x00,0x00,0x00,0x00,0x00,0x00,0x00,0x00,
    0x00,0x00,0x00,0x00,0x00,0x00,0x00,0x00,0x00,0x00,0x00,0x00,0x80,0x40,0x20,0xff,
    0xe0,0x00,0x00,0xff,0xe0,0xe0,0xe0,0xff,0xe0,0x00,0x00,0xff,0xe0,0x00,0x00,0xff,
    0xe0,0x00,0x00,0xff,0xe0,0x00,0x00,0xff,0xe0,0x00,0x00,0xff,0xe0,0x00,0x00,0xff,
    0xe0,0x00,0x00,0xff,0x80,0x40,0x20,0xff,0x00,0x00,0x00,0x00,0x00,0x00,0x00,0x00,
    0x00,0x00,0x00,0x00,0x00,0x00,0x00,0x00,0x00,0x00,0x00,0x00,0x00,0x00,0x00,0x00,
    0x00,0x00,0x00,0x00,0x00,0x00,0x00,0x00,0x00,0x00,0x00,0x00,0x00,0x00,0x00,0x00,
    0x00,0x00,0x00,0x00,0x00,0x00,0x00,0x00,0x00,0x00,0x00,0x00,0x00,0x00,0x00,0x00,
    0x00,0x00,0x00,0x00,0x00,0x00,0x00,0x00,0x00,0x00,0x00,0x00,0x00,0x00,0x00,0x00,
    0x00,0x00,0x00,0x00,0x00,0x00,0x00,0x00,0x00,0x00,0x00,0x00,0x00,0x00,0x00,0x00,
    0x00,0x00,0x00,0x00,0x00,0x00,0x00,0x00,0x00,0x00,0x00,0x00,0x00,0x00,0x00,0x00,
    0x00,0x00,0x00,0x00,0x00,0x00,0x00,0x00,0x00,0x00,0x00,0x00,0x00,0x00,0x00,0x00,
    0x00,0x00,0x00,0x00,0x00,0x00,0x00,0x00,0x00,0x00,0x00,0x00,0x00,0x00,0x00,0x00,
    0x00,0x00,0x00,0x00,0x00,0x00,0x00,0x00,0x00,0x00,0x00,0x00,0xe0,0x00,0x00,0xff,
    0x80,0x40,0x20,0xff,0x80,0x40,0x20,0xff,0x80,0x40,0x20,0xff,0x80,0x40,0x20,0xff,
    0x80,0x40,0x20,0xff,0x00,0x00,0x00,0x00,0x00,0x00,0x00,0x00,0x00,0x00,0x00,0x00,
    0x00,0x00,0x00,0x00,0x00,0x00,0x00,0x00,0x00,0x00,0x00,0x00,0x00,0x00,0x00,0x00,
    0x00,0x00,0x00,0x00,0x00,0x00,0x00,0x00,0x00,0x00,0x00,0x00,0x00,0x00,0x00,0x00,
    0x00,0x00,0x00,0x00,0x00,0x00,0x00,0x00,0x00,0x00,0x00,0x00,0x00,0x00,0x00,0x00,
    0x00,0x00,0x00,0x00,0x00,0x00,0x00,0x00,0x00,0x00,0x00,0x00,0x00,0x00,0x00,0x00,
    0x00,0x00,0x00,0x00,0x00,0x00,0x00,0x00,0x00,0x00,0x00,0x00,0x00,0x00,0x00,0x00,
    0x00,0x00,0x00,0x00,0x00,0x00,0x00,0x00,0x00,0x00,0x00,0x00,0x00,0x00,0x00,0x00,
    0x00,0x00,0x00,0x00,0x00,0x00,0x00,0x00,0x00,0x00,0x00,0x00,0x00,0x00,0x00,0x00,
    0x00,0x00,0x00,0x00,0x00,0x00,0x00,0x00,0x00,0x00,0x00,0x00,0x00,0x00,0x00,0x00,
    0x00,0x00,0x00,0x00,0x00,0x00,0x00,0x00,0x00,0x00,0x00,0x00,0x00,0x00,0x00,0x00,
    0x00,0x00,0x00,0x00,0x00,0x00,0x00,0x00,0x00,0x00,0x00,0x00,0x80,0x40,0x20,0xff,
    0xe0,0x00,0x00,0xff,0xe0,0xe0,0xe0,0xff,0xe0,0x00,0x00,0xff,0xe0,0x00,0x00,0xff,
    0xe0,0x00,0x00,0xff,0xe0,0x00,0x00,0xff,0xe0,0x00,0x00,0xff,0xe0,0x00,0x00,0xff,
    0xe0,0x00,0x00,0xff,0x80,0x40,0x20,0xff,0x00,0x00,0x00,0x00,0x00,0x00,0x00,0x00,
    0x00,0x00,0x00,0x00,0x00,0x00,0x00,0x00,0x00,0x00,0x00,0x00,0x00,0x00,0x00,0x00,
    0x00,0x00,0x00,0x00,0x00,0x00,0x00,0x00,0x00,0x00,0x00,0x00,0x00,0x00,0x00,0x00,
    0x00,0x00,0x00,0x00,0x00,0x00,0x00,0x00,0x00,0x00,0x00,0x00,0x00,0x00,0x00,0x00,
    0x00,0x00,0x00,0x00,0x00,0x00,0x00,0x00,0x00,0x00,0x00,0x00,0x00,0x00,0x00,0x00,
    0x00,0x00,0x00,0x00,0x00,0x00,0x00,0x00,0x00,0x00,0x00,0x00,0x00,0x00,0x00,0x00,
    0x00,0x00,0x00,0x00,0x00,0x00,0x00,0x00,0x00,0x00,0x00,0x00,0x00,0x00,0x00,0x00,
    0x00,0x00,0x00,0x00,0x00,0x00,0x00,0x00,0x00,0x00,0x00,0x00,0x00,0x00,0x00,0x00,
    0x00,0x00,0x00,0x00,0x00,0x00,0x00,0x00,0x00,0x00,0x00,0x00,0x00,0x00,0x00,0x00,
    0x00,0x00,0x00,0x00,0x00,0x00,0x00,0x00,0x80,0x40,0x20,0xff,0xe0,0x00,0x00,0xff,
    0xe0,0x00,0x00,0xff,0xe0,0x00,0x00,0xff,0xe0,0xa0,0x80,0xff,0xe0,0x00,0x00,0xff,
    0xe0,0x00,0x00,0xff,0xe0,0x00,0x00,0xff,0x80,0x40,0x20,0xff,0x00,0x00,0x00,0x00,
    0x00,0x00,0x00,0x00,0x00,0x00,0x00,0x00,0x00,0x00,0x00,0x00,0x00,0x00,0x00,0x00,
    0x00,0x00,0x00,0x00,0x00,0x00,0x00,0x00,0x00,0x00,0x00,0x00,0x00,0x00,0x00,0x00,
    0x00,0x00,0x00,0x00,0x00,0x00,0x00,0x00,0x00,0x00,0x00,0x00,0x00,0x00,0x00,0x00,
    0x00,0x00,0x00,0x00,0x00,0x00,0x00,0x00,0x00,0x00,0x00,0x00,0x00,0x00,0x00,0x00,
    0x00,0x00,0x00,0x00,0x00,0x00,0x00,0x00,0x00,0x00,0x00,0x00,0x00,0x00,0x00,0x00,
    0x00,0x00,0x00,0x00,0x00,0x00,0x00,0x00,0x00,0x00,0x00,0x00,0x00,0x00,0x00,0x00,
    0x00,0x00,0x00,0x00,0x00,0x00,0x00,0x00,0x00,0x00,0x00,0x00,0x00,0x00,0x00,0x00,
    0x00,0x00,0x00,0x00,0x00,0x00,0x00,0x00,0x00,0x00,0x00,0x00,0x00,0x00,0x00,0x00,
    0x00,0x00,0x00,0x00,0x00,0x00,0x00,0x00,0x00,0x00,0x00,0x00,0x00,0x00,0x00,0x00,
    0x00,0x00,0x00,0x00,0x00,0x00,0x00,0x00,0x00,0x00,0x40,0xff,0x00,0x00,0x40,0xff,
    0x00,0x00,0x40,0xff,0x00,0x00,0x40,0xff,0x00,0x00,0x40,0xff,0x00,0x00,0x40,0xff,
    0x00,0x00,0x40,0xff,0x00,0x00,0x40,0xff,0x00,0x00,0x40,0xff,0x00,0x00,0x40,0xff,
    0x00,0x00,0x40,0xff,0x00,0x00,0x40,0xff,0x00,0x00,0x40,0xff,0x00,0x00,0x40,0xff,
    0x00,0x00,0x40,0xff,0x00,0x00,0x40,0xff,0x00,0x00,0x40,0xff,0x00,0x00,0x40,0xff,
    0x00,0x00,0x00,0x00,0x00,0x00,0x00,0x00,0x00,0x00,0x00,0x00,0x00,0x00,0x00,0x00,
    0x00,0x00,0x00,0x00,0x00,0x00,0x00,0x00,0x00,0x00,0x00,0x00,0x00,0x00,0x00,0x00,
    0x00,0x00,0x00,0x00,0x00,0x00,0x00,0x00,0x00,0x00,0x00,0x00,0x00,0x00,0x00,0x00,
    0x00,0x00,0x00,0x00,0x00,0x00,0x00,0x00,0x00,0x00,0x00,0x00,0x00,0x00,0x00,0x00,
    0x00,0x00,0x00,0x00,0x00,0x00,0x00,0x00,0x00,0x00,0x00,0x00,0x00,0x00,0x00,0x00,
    0x00,0x00,0x00,0x00,0x00,0x00,0x00,0x00,0x00,0x00,0x00,0x00,0x00,0x00,0x00,0x00,
    0x00,0x00,0x00,0x00,0x00,0x00,0x00,0x00,0x00,0x00,0x00,0x00,0x00,0x00,0x00,0x00,
    0x00,0x00,0x00,0x00,0x00,0x00,0x40,0xff,0x00,0x00,0x40,0xff,0x20,0x00,0xa0,0xff,
    0x20,0x00,0xa0,0xff,0x20,0x00,0xa0,0xff,0x20,0x00,0xa0,0xff,0x20,0x00,0xa0,0xff,
    0x20,0x00,0xa0,0xff,0x20,0x00,0xa0,0xff,0x20,0x00,0xa0,0xff,0x20,0x20,0xe0,0xff,
    0x20,0x00,0xa0,0xff,0x20,0x00,0xa0,0xff,0x20,0x00,0xa0,0xff,0x20,0x00,0xa0,0xff,
    0x20,0x00,0xa0,0xff,0x20,0x00,0xa0,0xff,0x20,0x00,0xa0,0xff,0x00,0x00,0x40,0xff,
    0x00,0x00,0x40,0xff,0x00,0x00,0x00,0x00,0x00,0x00,0x00,0x00,0x00,0x00,0x00,0x00,
    0x00,0x00,0x00,0x00,0x00,0x00,0x00,0x00,0x00,0x00,0x00,0x00,0x00,0x00,0x00,0x00,
    0x00,0x00,0x00,0x00,0x00,0x00,0x00,0x00,0x00,0x00,0x00,0x00,0x00,0x00,0x00,0x00,
    0x00,0x00,0x00,0x00,0x00,0x00,0x00,0x00,0x00,0x00,0x00,0x00,0x00,0x00,0x00,0x00,
    0x00,0x00,0x00,0x00,0x00,0x00,0x00,0x00,0x00,0x00,0x00,0x00,0x00,0x00,0x00,0x00,
    0x00,0x00,0x00,0x00,0x00,0x00,0x00,0x00,0x00,0x00,0x00,0x00,0x00,0x00,0x00,0x00,
    0x00,0x00,0x00,0x00,0x00,0x00,0x00,0x00,0x00,0x00,0x00,0x00,0x00,0x00,0x00,0x00,
    0x00,0x00,0x00,0x00,0x00,0x00,0x40,0xff,0x00,0x00,0x40,0xff,0x00,0x00,0x40,0xff,
    0x00,0x00,0x40,0xff,0x00,0x00,0x40,0xff,0x00,0x00,0x40,0xff,0x00,0x00,0x40,0xff,
    0x00,0x00,0x40,0xff,0x00,0x00,0x40,0xff,0x00,0x00,0x40,0xff,0x00,0x00,0x40,0xff,
    0x00,0x00,0x40,0xff,0x00,0x00,0x40,0xff,0x00,0x00,0x40,0xff,0x00,0x00,0x40,0xff,
    0x00,0x00,0x40,0xff,0x00,0x00,0x40,0xff,0x00,0x00,0x40,0xff,0x00,0x00,0x40,0xff,
    0x00,0x00,0x40,0xff,0x00,0x00,0x00,0x00,0x00,0x00,0x00,0x00,0x00,0x00,0x00,0x00,
    0x00,0x00,0x00,0x00,0x00,0x00,0x00,0x00,0x00,0x00,0x00,0x00,0x00,0x00,0x00,0x00,
    0x00,0x00,0x00,0x00,0x00,0x00,0x00,0x00,0x00,0x00,0x00,0x00,0x00,0x00,0x00,0x00,
    0x00,0x00,0x00,0x00,0x00,0x00,0x00,0x00,0x00,0x00,0x00,0x00,0x00,0x00,0x00,0x00,
    0x00,0x00,0x00,0x00,0x00,0x00,0x00,0x00,0x00,0x00,0x00,0x00,0x00,0x00,0x00,0x00,
    0x00,0x00,0x00,0x00,0x00,0x00,0x00,0x00,0x00,0x00,0x00,0x00,0x00,0x00,0x00,0x00,
    0x00,0x00,0x00,0x00,0x00,0x00,0x00,0x00,0x00,0x00,0x00,0x00,0x00,0x00,0x00,0x00,
    0x00,0x00,0x00,0x00,0x00,0x00,0x00,0x00,0x00,0x00,0x00,0x00,0x00,0x00,0x00,0x00,
    0x80,0x40,0x20,0xff,0xe0,0x00,0x00,0xff,0x20,0x00,0xa0,0xff,0x20,0x00,0xa0,0xff,
    0xe0,0xe0,0xe0,0xff,0xe0,0xe0,0xe0,0xff,0xe0,0xe0,0xe0,0xff,0xe0,0xe0,0xe0,0xff,
    0x00,0x00,0x40,0xff,0x00,0x00,0x40,0xff,0x00,0x00,0x40,0xff,0xe0,0xe0,0xe0,0xff,
    0xe0,0xe0,0xe0,0xff,0xe0,0xe0,0xe0,0xff,0xe0,0xe0,0xe0,0xff,0x20,0x00,0xa0,0xff,
    0x20,0x00,0xa0,0xff,0xe0,0x00,0x00,0xff,0x80,0x40,0x20,0xff,0x00,0x00,0x00,0x00,
    0x00,0x00,0x00,0x00,0x00,0x00,0x00,0x00,0x00,0x00,0x00,0x00,0x00,0x00,0x00,0x00,
    0x00,0x00,0x00,0x00,0x00,0x00,0x00,0x00,0x00,0x00,0x00,0x00,0x00,0x00,0x00,0x00,
    0x00,0x00,0x00,0x00,0x00,0x00,0x00,0x00,0x00,0x00,0x00,0x00,0x00,0x00,0x00,0x00,
    0x00,0x00,0x00,0x00,0x00,0x00,0x00,0x00,0x00,0x00,0x00,0x00,0x00,0x00,0x00,0x00,
    0x00,0x00,0x00,0x00,0x00,0x00,0x00,0x00,0x00,0x00,0x00,0x00,0x00,0x00,0x00,0x00,
    0x00,0x00,0x00,0x00,0x00,0x00,0x00,0x00,0x00,0x00,0x00,0x00,0x00,0x00,0x00,0x00,
    0x00,0x00,0x00,0x00,0x00,0x00,0x00,0x00,0xe0,0x00,0x00,0xff,0xe0,0x00,0x00,0xff,
    0xe0,0x00,0x00,0xff,0xe0,0x00,0x00,0xff,0xe0,0x00,0x00,0xff,0xe0,0x00,0x00,0xff,
    0xe0,0x00,0x00,0xff,0xe0,0x00,0x00,0xff,0x80,0x40,0x20,0xff,0x00,0x00,0x00,0x00,
    0x80,0x40,0x20,0xff,0xe0,0x00,0x00,0xff,0xe0,0x00,0x00,0xff,0xe0,0x00,0x00,0xff,
    0xe0,0x00,0x00,0xff,0xe0,0x00,0x00,0xff,0xe0,0x00,0x00,0xff,0xe0,0x00,0x00,0xff,
    0xe0,0x00,0x00,0xff,0x00,0x00,0x00,0x00,0x00,0x00,0x00,0x00,0x00,0x00,0x00,0x00,
    0x00,0x00,0x00,0x00,0x00,0x00,0x00,0x00,0x00,0x00,0x00,0x00,0x00,0x00,0x00,0x00,
    0x00,0x00,0x00,0x00,0x00,0x00,0x00,0x00,0x00,0x00,0x00,0x00,0x00,0x00,0x00,0x00,
    0x00,0x00,0x00,0x00,0x00,0x00,0x00,0x00,0x00,0x00,0x00,0x00,0x00,0x00,0x00,0x00,
    0x00,0x00,0x00,0x00,0x00,0x00,0x00,0x00,0x00,0x00,0x00,0x00,0x00,0x00,0x00,0x00,
    0x00,0x00,0x00,0x00,0x00,0x00,0x00,0x00,0x00,0x00,0x00,0x00,0x00,0x00,0x00,0x00,
    0x00,0x00,0x00,0x00,0x00,0x00,0x00,0x00,0x00,0x00,0x00,0x00,0x00,0x00,0x00,0x00,
    0x00,0x00,0x00,0x00,0x00,0x00,0x00,0x00,0xe0,0x00,0x00,0xff,0xe0,0x00,0x00,0xff,
    0xe0,0x00,0x00,0xff,0xe0,0x00,0x00,0xff,0xe0,0x00,0x00,0xff,0xe0,0x00,0x00,0xff,
    0xe0,0x00,0x00,0xff,0xe0,0x00,0x00,0xff,0x80,0x40,0x20,0xff,0x00,0x00,0x00,0x00,
    0x80,0x40,0x20,0xff,0xe0,0x00,0x00,0xff,0xe0,0x00,0x00,0xff,0xe0,0x00,0x00,0xff,
    0xe0,0x00,0x00,0xff,0xe0,0x00,0x00,0xff,0xe0,0x00,0x00,0xff,0xe0,0x00,0x00,0xff,
    0xe0,0x00,0x00,0xff,0x00,0x00,0x00,0x00,0x00,0x00,0x00,0x00,0x00,0x00,0x00,0x00,
    0x00,0x00,0x00,0x00,0x00,0x00,0x00,0x00,0x00,0x00,0x00,0x00,0x00,0x00,0x00,0x00,
    0x00,0x00,0x00,0x00,0x00,0x00,0x00,0x00,0x00,0x00,0x00,0x00,0x00,0x00,0x00,0x00,
    0x00,0x00,0x00,0x00,0x00,0x00,0x00,0x00,0x00,0x00,0x00,0x00,0x00,0x00,0x00,0x00,
    0x00,0x00,0x00,0x00,0x00,0x00,0x00,0x00,0x00,0x00,0x00,0x00,0x00,0x00,0x00,0x00,
    0x00,0x00,0x00,0x00,0x00,0x00,0x00,0x00,0x00,0x00,0x00,0x00,0x00,0x00,0x00,0x00,
    0x00,0x00,0x00,0x00,0x00,0x00,0x00,0x00,0x00,0x00,0x00,0x00,0x00,0x00,0x00,0x00,
    0x00,0x00,0x00,0x00,0x00,0x00,0x00,0x00,0x00,0x00,0x00,0x00,0x00,0x00,0x00,0x00,
    0x00,0x00,0x00,0x00,0x00,0x00,0x00,0x00,0x00,0x00,0x00,0x00,0x00,0x00,0x00,0x00,
    0x00,0x00,0x00,0x00,0x00,0x00,0x00,0x00,0x80,0x40,0x20,0xff,0x80,0x40,0x20,0xff,
    0x80,0x40,0x20,0xff,0x80,0x40,0x20,0xff,0x80,0x40,0x20,0xff,0x80,0x40,0x20,0xff,
    0x80,0x40,0x20,0xff,0xe0,0x00,0x00,0xff,0xe0,0xa0,0x80,0xff,0x80,0x40,0x20,0xff,
    0x80,0x40,0x20,0xff,0x00,0x00,0x00,0x00,0x00,0x00,0x00,0x00,0x00,0x00,0x00,0x00,
    0x00,0x00,0x00,0x00,0x00,0x00,0x00,0x00,0x00,0x00,0x00,0x00,0x00,0x00,0x00,0x00,
    0x00,0x00,0x00,0x00,0x00,0x00,0x00,0x00,0x00,0x00,0x00,0x00,0x00,0x00,0x00,0x00,
    0x00,0x00,0x00,0x00,0x00,0x00,0x00,0x00,0x00,0x00,0x00,0x00,0x00,0x00,0x00,0x00,
    0x00,0x00,0x00,0x00,0x00,0x00,0x00,0x00,0x00,0x00,0x00,0x00,0x00,0x00,0x00,0x00,
    0x00,0x00,0x00,0x00,0x00,0x00,0x00,0x00,0x00,0x00,0x00,0x00,0x00,0x00,0x00,0x00,
    0x00,0x00,0x00,0x00,0x00,0x00,0x00,0x00,0x00,0x00,0x00,0x00,0x00,0x00,0x00,0x00,
    0x00,0x00,0x00,0x00,0x00,0x00,0x00,0x00,0x00,0x00,0x00,0x00,0x00,0x00,0x00,0x00,
    0x00,0x00,0x00,0x00,0x00,0x00,0x00,0x00,0x00,0x00,0x00,0x00,0x00,0x00,0x00,0x00,
    0x00,0x00,0x00,0x00,0x00,0x00,0x00,0x00,0x00,0x00,0x00,0x00,0x00,0x00,0x00,0x00,
    0x00,0x00,0x00,0x00,0x80,0x40,0x20,0xff,0x80,0x40,0x20,0xff,0x80,0x40,0x20,0xff,
    0x80,0x40,0x20,0xff,0x80,0x40,0x20,0xff,0xe0,0x00,0x00,0xff,0x00,0x00,0x00,0x00,
    0x00,0x00,0x00,0x00,0x00,0x00,0x00,0x00,0x00,0x00,0x00,0x00,0x00,0x00,0x00,0x00,
    0x00,0x00,0x00,0x00,0x00,0x00,0x00,0x00,0x00,0x00,0x00,0x00,0x00,0x00,0x00,0x00,
    0x00,0x00,0x00,0x00,0x00,0x00,0x00,0x00,0x00,0x00,0x00,0x00,0x00,0x00,0x00,0x00,
    0x00,0x00,0x00,0x00,0x00,0x00,0x00,0x00,0x00,0x00,0x00,0x00,0x00,0x00,0x00,0x00,
    0x00,0x00,0x00,0x00,0x00,0x00,0x00,0x00,0x00,0x00,0x00,0x00,0x00,0x00,0x00,0x00,
    0x00,0x00,0x00,0x00,0x00,0x00,0x00,0x00,0x00,0x00,0x00,0x00,0x00,0x00,0x00,0x00,
    0x00,0x00,0x00,0x00,0x00,0x00,0x00,0x00,0x00,0x00,0x00,0x00,0x00,0x00,0x00,0x00,
    0x00,0x00,0x00,0x00,0x00,0x00,0x00,0x00,0x00,0x00,0x00,0x00,0x00,0x00,0x00,0x00,
    0x00,0x00,0x00,0x00,0x00,0x00,0x00,0x00,0x00,0x00,0x00,0x00,0x00,0x00,0x00,0x00,
    0x00,0x00,0x00,0x00,0x00,0x00,0x00,0x00,0x80,0x40,0x20,0xff,0x80,0x40,0x20,0xff,
    0x80,0x40,0x20,0xff,0x80,0x40,0x20,0xff,0x80,0x40,0x20,0xff,0x80,0x40,0x20,0xff,
    0x80,0x40,0x20,0xff,0xe0,0x00,0x00,0xff,0xe0,0xa0,0x80,0xff,0x80,0x40,0x20,0xff,
    0x80,0x40,0x20,0xff,0x00,0x00,0x00,0x00,0x00,0x00,0x00,0x00,0x00,0x00,0x00,0x00,
    0x00,0x00,0x00,0x00,0x00,0x00,0x00,0x00,0x00,0x00,0x00,0x00,0x00,0x00,0x00,0x00,
    0x00,0x00,0x00,0x00,0x00,0x00,0x00,0x00,0x00,0x00,0x00,0x00,0x00,0x00,0x00,0x00,
    0x00,0x00,0x00,0x00,0x00,0x00,0x00,0x00,0x00,0x00,0x00,0x00,0x00,0x00,0x00,0x00,
    0x00,0x00,0x00,0x00,0x00,0x00,0x00,0x00,0x00,0x00,0x00,0x00,0x00,0x00,0x00,0x00,
    0x00,0x00,0x00,0x00,0x00,0x00,0x00,0x00,0x00,0x00,0x00,0x00,0x00,0x00,0x00,0x00,
    0x00,0x00,0x00,0x00,0x00,0x00,0x00,0x00,0x00,0x00,0x00,0x00,0x00,0x00,0x00,0x00,
    0x00,0x00,0x00,0x00,0x00,0x00,0x00,0x00,0x00,0x00,0x00,0x00,0x00,0x00,0x00,0x00,
    0x00,0x00,0x00,0x00,0x00,0x00,0x00,0x00,0x00,0x00,0x00,0x00,0x00,0x00,0x00,0x00,
    0x00,0x00,0x00,0x00,0x00,0x00,0x00,0x00,0x00,0x00,0x00,0x00,0x00,0x00,0x00,0x00,
    0x00,0x00,0x00,0x00,0x80,0x40,0x20,0xff,0xe0,0x00,0x00,0xff,0xe0,0x00,0x00,0xff,
    0xe0,0xa0,0x80,0xff,0xe0,0xe0,0xe0,0xff,0xe0,0xa0,0x80,0xff,0xe0,0x00,0x00,0xff,
    0xe0,0x00,0x00,0xff,0x80,0x40,0x20,0xff,0x00,0x00,0x00,0x00,0x00,0x00,0x00,0x00,
    0x00,0x00,0x00,0x00,0x00,0x00,0x00,0x00,0x00,0x00,0x00,0x00,0x00,0x00,0x00,0x00,
    0x00,0x00,0x00,0x00,0x00,0x00,0x00,0x00,0x00,0x00,0x00,0x00,0x00,0x00,0x00,0x00,
    0x00,0x00,0x00,0x00,0x00,0x00,0x00,0x00,0x00,0x00,0x00,0x00,0x00,0x00,0x00,0x00,
    0x00,0x00,0x00,0x00,0x00,0x00,0x00,0x00,0x00,0x00,0x00,0x00,0x00,0x00,0x00,0x00,
    0x00,0x00,0x00,0x00,0x00,0x00,0x00,0x00,0x00,0x00,0x00,0x00,0x00,0x00,0x00,0x00,
    0x00,0x00,0x00,0x00,0x00,0x00,0x00,0x00,0x00,0x00,0x00,0x00,0x00,0x00,0x00,0x00,
    0x00,0x00,0x00,0x00,0x00,0x00,0x00,0x00,0xe0,0x00,0x00,0xff,0xe0,0x00,0x00,0xff,
    0xe0,0x00,0x00,0xff,0xe0,0x00,0x00,0xff,0xe0,0x00,0x00,0xff,0xe0,0x00,0x00,0xff,
    0xe0,0x00,0x00,0xff,0xe0,0x00,0x00,0xff,0x80,0x40,0x20,0xff,0x00,0x00,0x00,0x00,
    0x80,0x40,0x20,0xff,0xe0,0x00,0x00,0xff,0xe0,0x00,0x00,0xff,0xe0,0x00,0x00,0xff,
    0xe0,0x00,0x00,0xff,0xe0,0x00,0x00,0xff,0xe0,0x00,0x00,0xff,0xe0,0x00,0x00,0xff,
    0xe0,0x00,0x00,0xff,0x00,0x00,0x00,0x00,0x00,0x00,0x00,0x00,0x00,0x00,0x00,0x00,
    0x00,0x00,0x00,0x00,0x00,0x00,0x00,0x00,0x00,0x00,0x00,0x00,0x00,0x00,0x00,0x00,
    0x00,0x00,0x00,0x00,0x00,0x00,0x00,0x00,0x00,0x00,0x00,0x00,0x00,0x00,0x00,0x00,
    0x00,0x00,0x00,0x00,0x00,0x00,0x00,0x00,0x00,0x00,0x00,0x00,0x00,0x00,0x00,0x00,
    0x00,0x00,0x00,0x00,0x00,0x00,0x00,0x00,0x00,0x00,0x00,0x00,0x00,0x00,0x00,0x00,
    0x00,0x00,0x00,0x00,0x00,0x00,0x00,0x00,0x00,0x00,0x00,0x00,0x00,0x00,0x00,0x00,
    0x00,0x00,0x00,0x00,0x00,0x00,0x00,0x00,0x00,0x00,0x00,0x00,0x00,0x00,0x00,0x00,
    0x00,0x00,0x00,0x00,0x00,0x00,0x00,0x00,0x80,0x40,0x20,0xff,0xe0,0x00,0x00,0xff,
    0xe0,0x00,0x00,0xff,0xe0,0xa0,0x80,0xff,0xe0,0xe0,0xe0,0xff,0xe0,0xa0,0x80,0xff,
    0xe0,0x00,0x00,0xff,0xe0,0x00,0x00,0xff,0x80,0x40,0x20,0xff,0x00,0x00,0x00,0x00,
    0x00,0x00,0x00,0x00,0x00,0x00,0x00,0x00,0x00,0x00,0x00,0x00,0x00,0x00,0x00,0x00,
    0x00,0x00,0x00,0x00,0x00,0x00,0x00,0x00,0x00,0x00,0x00,0x00,0x00,0x00,0x00,0x00,
    0x00,0x00,0x00,0x00,0x00,0x00,0x00,0x00,0x00,0x00,0x00,0x00,0x00,0x00,0x00,0x00,
    0x00,0x00,0x00,0x00,0x00,0x00,0x00,0x00,0x00,0x00,0x00,0x00,0x00,0x00,0x00,0x00,
    0x00,0x00,0x00,0x00,0x00,0x00,0x00,0x00,0x00,0x00,0x00,0x00,0x00,0x00,0x00,0x00,
    0x00,0x00,0x00,0x00,0x00,0x00,0x00,0x00,0x00,0x00,0x00,0x00,0x00,0x00,0x00,0x00,
    0x00,0x00,0x00,0x00,0x00,0x00,0x00,0x00,0x00,0x00,0x00,0x00,0x00,0x00,0x00,0x00,
    0x00,0x00,0x00,0x00,0x00,0x00,0x00,0x00,0x00,0x00,0x00,0x00,0x00,0x00,0x00,0x00,
    0x00,0x00,0x00,0x00,0x00,0x00,0x00,0x00,0x00,0x00,0x00,0x00,0x00,0x00,0x00,0x00,
    0x00,0x00,0x00,0x00,0x00,0x00,0x00,0x00,0x00,0x00,0x00,0x00,0x80,0x40,0x20,0xff,
    0x80,0x40,0x20,0xff,0xe0,0xe0,0xe0,0xff,0xe0,0x00,0x00,0xff,0x80,0x40,0x20,0xff,
    0x80,0x40,0x20,0xff,0x80,0x40,0x20,0xff,0x80,0x40,0x20,0xff,0x80,0x40,0x20,0xff,
    0x80,0x40,0x20,0xff,0x80,0x40,0x20,0xff,0x00,0x00,0x00,0x00,0x00,0x00,0x00,0x00,
    0x00,0x00,0x00,0x00,0x00,0x00,0x00,0x00,0x00,0x00,0x00,0x00,0x00,0x00,0x00,0x00,
    0x00,0x00,0x00,0x00,0x00,0x00,0x00,0x00,0x00,0x00,0x00,0x00,0x00,0x00,0x00,0x00,
    0x00,0x00,0x00,0x00,0x00,0x00,0x00,0x00,0x00,0x00,0x00,0x00,0x00,0x00,0x00,0x00,
    0x00,0x00,0x00,0x00,0x00,0x00,0x00,0x00,0x00,0x00,0x00,0x00,0x00,0x00,0x00,0x00,
    0x00,0x00,0x00,0x00,0x00,0x00,0x00,0x00,0x00,0x00,0x00,0x00,0x00,0x00,0x00,0x00,
    0x00,0x00,0x00,0x00,0x00,0x00,0x00,0x00,0x00,0x00,0x00,0x00,0x00,0x00,0x00,0x00,
    0x00,0x00,0x00,0x00,0x00,0x00,0x00,0x00,0x00,0x00,0x00,0x00,0x00,0x00,0x00,0x00,
    0x00,0x00,0x00,0x00,0x00,0x00,0x00,0x00,0x00,0x00,0x00,0x00,0x00,0x00,0x00,0x00,
    0x00,0x00,0x00,0x00,0x00,0x00,0x00,0x00,0x00,0x00,0x00,0x00,0xe0,0x00,0x00,0xff,
    0x80,0x40,0x20,0xff,0x80,0x40,0x20,0xff,0x80,0x40,0x20,0xff,0x80,0x40,0x20,0xff,
    0x80,0x40,0x20,0xff,0x00,0x00,0x00,0x00,0x00,0x00,0x00,0x00,0x00,0x00,0x00,0x00,
    0x00,0x00,0x00,0x00,0x00,0x00,0x00,0x00,0x00,0x00,0x00,0x00,0x00,0x00,0x00,0x00,
    0x00,0x00,0x00,0x00,0x00,0x00,0x00,0x00,0x00,0x00,0x00,0x00,0x00,0x00,0x00,0x00,
    0x00,0x00,0x00,0x00,0x00,0x00,0x00,0x00,0x00,0x00,0x00,0x00,0x00,0x00,0x00,0x00,
    0x00,0x00,0x00,0x00,0x00,0x00,0x00,0x00,0x00,0x00,0x00,0x00,0x00,0x00,0x00,0x00,
    0x00,0x00,0x00,0x00,0x00,0x00,0x00,0x00,0x00,0x00,0x00,0x00,0x00,0x00,0x00,0x00,
    0x00,0x00,0x00,0x00,0x00,0x00,0x00,0x00,0x00,0x00,0x00,0x00,0x00,0x00,0x00,0x00,
    0x00,0x00,0x00,0x00,0x00,0x00,0x00,0x00,0x00,0x00,0x00,0x00,0x00,0x00,0x00,0x00,
    0x00,0x00,0x00,0x00,0x00,0x00,0x00,0x00,0x00,0x00,0x00,0x00,0x00,0x00,0x00,0x00,
    0x00,0x00,0x00,0x00,0x00,0x00,0x00,0x00,0x00,0x00,0x00,0x00,0x00,0x00,0x00,0x00,
    0x00,0x00,0x00,0x00,0x00,0x00,0x00,0x00,0x00,0x00,0x00,0x00,0x80,0x40,0x20,0xff,
    0x80,0x40,0x20,0xff,0xe0,0xe0,0xe0,0xff,0xe0,0x00,0x00,0xff,0x80,0x40,0x20,0xff,
    0x80,0x40,0x20,0xff,0x80,0x40,0x20,0xff,0x80,0x40,0x20,0xff,0x80,0x40,0x20,0xff,
    0x80,0x40,0x20,0xff,0x80,0x40,0x20,0xff,0x00,0x00,0x00,0x00,0x00,0x00,0x00,0x00,
    0x00,0x00,0x00,0x00,0x00,0x00,0x00,0x00,0x00,0x00,0x00,0x00,0x00,0x00,0x00,0x00,
    0x00,0x00,0x00,0x00,0x00,0x00,0x00,0x00,0x00,0x00,0x00,0x00,0x00,0x00,0x00,0x00,
    0x00,0x00,0x00,0x00,0x00,0x00,0x00,0x00,0x00,0x00,0x00,0x00,0x00,0x00,0x00,0x00,
    0x00,0x00,0x00,0x00,0x00,0x00,0x00,0x00,0x00,0x00,0x00,0x00,0x00,0x00,0x00,0x00,
    0x00,0x00,0x00,0x00,0x00,0x00,0x00,0x00,0x00,0x00,0x00,0x00,0x00,0x00,0x00,0x00,
    0x00,0x00,0x00,0x00,0x00,0x00,0x00,0x00,0x00,0x00,0x00,0x00,0x00,0x00,0x00,0x00,
    0x00,0x00,0x00,0x00,0x00,0x00,0x00,0x00,0x00,0x00,0x00,0x00,0x00,0x00,0x00,0x00,
    0x00,0x00,0x00,0x00,0x00,0x00,0x00,0x00,0x00,0x00,0x00,0x00,0x00,0x00,0x00,0x00,
    0x00,0x00,0x00,0x00,0x00,0x00,0x00,0x00,0x80,0x40,0x20,0xff,0xe0,0x00,0x00,0xff,
    0xe0,0x00,0x00,0xff,0xe0,0xa0,0x80,0xff,0xe0,0xe0,0xe0,0xff,0xe0,0xa0,0x80,0xff,
    0xe0,0x00,0x00,0xff,0xe0,0x00,0x00,0xff,0x80,0x40,0x20,0xff,0x00,0x00,0x00,0x00,
    0x00,0x00,0x00,0x00,0x00,0x00,0x00,0x00,0x00,0x00,0x00,0x00,0x00,0x00,0x00,0x00,
    0x00,0x00,0x00,0x00,0x00,0x00,0x00,0x00,0x00,0x00,0x00,0x00,0x00,0x00,0x00,0x00,
    0x00,0x00,0x00,0x00,0x00,0x00,0x00,0x00,0x00,0x00,0x00,0x00,0x00,0x00,0x00,0x00,
    0x00,0x00,0x00,0x00,0x00,0x00,0x00,0x00,0x00,0x00,0x00,0x00,0x00,0x00,0x00,0x00,
    0x00,0x00,0x00,0x00,0x00,0x00,0x00,0x00,0x00,0x00,0x00,0x00,0x00,0x00,0x00,0x00,
    0x00,0x00,0x00,0x00,0x00,0x00,0x00,0x00,0x00,0x00,0x00,0x00,0x00,0x00,0x00,0x00,
    0x00,0x00,0x00,0x00,0x00,0x00,0x00,0x00,0x00,0x00,0x00,0x00,0x00,0x00,0x00,0x00,
    0x00,0x00,0x00,0x00,0x00,0x00,0x00,0x00,0x00,0x00,0x00,0x00,0x00,0x00,0x00,0x00,
    0x00,0x00,0x00,0x00,0x00,0x00,0x00,0x00,0x00,0x00,0x00,0x00,0x00,0x00,0x00,0x00,
    0x00,0x00,0x00,0x00,0x00,0x00,0x00,0x00,0x00,0x00,0x00,0x00,0x00,0x00,0x40,0xff,
    0x00,0x00,0x40,0xff,0x00,0x00,0x40,0xff,0x00,0x00,0x40,0xff,0x00,0x00,0x40,0xff,
    0x00,0x00,0x40,0xff,0x00,0x00,0x40,0xff,0x00,0x00,0x40,0xff,0x00,0x00,0x40,0xff,
    0x00,0x00,0x40,0xff,0x00,0x00,0x40,0xff,0x00,0x00,0x40,0xff,0x00,0x00,0x40,0xff,
    0x00,0x00,0x40,0xff,0x00,0x00,0x40,0xff,0x00,0x00,0x40,0xff,0x00,0x00,0x00,0x00,
    0x00,0x00,0x00,0x00,0x00,0x00,0x00,0x00,0x00,0x00,0x00,0x00,0x00,0x00,0x00,0x00,
    0x00,0x00,0x00,0x00,0x00,0x00,0x00,0x00,0x00,0x00,0x00,0x00,0x00,0x00,0x00,0x00,
    0x00,0x00,0x00,0x00,0x00,0x00,0x00,0x00,0x00,0x00,0x00,0x00,0x00,0x00,0x00,0x00,
    0x00,0x00,0x00,0x00,0x00,0x00,0x00,0x00,0x00,0x00,0x00,0x00,0x00,0x00,0x00,0x00,
    0x00,0x00,0x00,0x00,0x00,0x00,0x00,0x00,0x00,0x00,0x00,0x00,0x00,0x00,0x00,0x00,
    0x00,0x00,0x00,0x00,0x00,0x00,0x00,0x00,0x00,0x00,0x00,0x00,0x00,0x00,0x00,0x00,
    0x00,0x00,0x00,0x00,0x00,0x00,0x00,0x00,0x00,0x00,0x00,0x00,0x00,0x00,0x00,0x00,
    0x00,0x00,0x00,0x00,0x00,0x00,0x00,0x00,0x00,0x00,0x40,0xff,0x00,0x00,0x40,0xff,
    0x00,0x00,0x40,0xff,0x20,0x00,0xa0,0xff,0x20,0x00,0xa0,0xff,0x20,0x00,0xa0,0xff,
    0x20,0x00,0xa0,0xff,0x20,0x00,0xa0,0xff,0x20,0x00,0xa0,0xff,0x20,0x20,0xe0,0xff,
    0x20,0x00,0xa0,0xff,0x20,0x00,0xa0,0xff,0x20,0x00,0xa0,0xff,0x20,0x00,0xa0,0xff,
    0x20,0x00,0xa0,0xff,0x00,0x00,0x40,0xff,0x00,0x00,0x40,0xff,0x00,0x00,0x40,0xff,
    0x00,0x00,0x00,0x00,0x00,0x00,0x00,0x00,0x00,0x00,0x00,0x00,0x00,0x00,0x00,0x00,
    0x00,0x00,0x00,0x00,0x00,0x00,0x00,0x00,0x00,0x00,0x00,0x00,0x00,0x00,0x00,0x00,
    0x00,0x00,0x00,0x00,0x00,0x00,0x00,0x00,0x00,0x00,0x00,0x00,0x00,0x00,0x00,0x00,
    0x00,0x00,0x00,0x00,0x00,0x00,0x00,0x00,0x00,0x00,0x00,0x00,0x00,0x00,0x00,0x00,
    0x00,0x00,0x00,0x00,0x00,0x00,0x00,0x00,0x00,0x00,0x00,0x00,0x00,0x00,0x00,0x00,
    0x00,0x00,0x00,0x00,0x00,0x00,0x00,0x00,0x00,0x00,0x00,0x00,0x00,0x00,0x00,0x00,
    0x00,0x00,0x00,0x00,0x00,0x00,0x00,0x00,0x00,0x00,0x00,0x00,0x00,0x00,0x00,0x00,
    0x00,0x00,0x00,0x00,0x00,0x00,0x00,0x00,0x00,0x00,0x40,0xff,0x00,0x00,0x40,0xff,
    0x00,0x00,0x40,0xff,0x00,0x00,0x40,0xff,0x00,0x00,0x40,0xff,0x00,0x00,0x40,0xff,
    0x00,0x00,0x40,0xff,0x00,0x00,0x40,0xff,0x00,0x00,0x40,0xff,0x00,0x00,0x40,0xff,
    0x00,0x00,0x40,0xff,0x00,0x00,0x40,0xff,0x00,0x00,0x40,0xff,0x00,0x00,0x40,0xff,
    0x00,0x00,0x40,0xff,0x00,0x00,0x40,0xff,0x00,0x00,0x40,0xff,0x00,0x00,0x40,0xff,
    0x00,0x00,0x00,0x00,0x00,0x00,0x00,0x00,0x00,0x00,0x00,0x00,0x00,0x00,0x00,0x00,
    0x00,0x00,0x00,0x00,0x00,0x00,0x00,0x00,0x00,0x00,0x00,0x00,0x00,0x00,0x00,0x00,
    0x00,0x00,0x00,0x00,0x00,0x00,0x00,0x00,0x00,0x00,0x00,0x00,0x00,0x00,0x00,0x00,
    0x00,0x00,0x00,0x00,0x00,0x00,0x00,0x00,0x00,0x00,0x00,0x00,0x00,0x00,0x00,0x00,
    0x00,0x00,0x00,0x00,0x00,0x00,0x00,0x00,0x00,0x00,0x00,0x00,0x00,0x00,0x00,0x00,
    0x00,0x00,0x00,0x00,0x00,0x00,0x00,0x00,0x00,0x00,0x00,0x00,0x00,0x00,0x00,0x00,
    0x00,0x00,0x00,0x00,0x00,0x00,0x00,0x00,0x00,0x00,0x00,0x00,0x00,0x00,0x00,0x00,
    0x00,0x00,0x00,0x00,0x00,0x00,0x00,0x00,0x00,0x00,0x00,0x00,0x00,0x00,0x00,0x00,
    0x00,0x00,0x00,0x00,0x80,0x40,0x20,0xff,0x20,0x00,0xa0,0xff,0xe0,0x00,0x00,0xff,
    0xe0,0x00,0x00,0xff,0xe0,0xa0,0x80,0xff,0xe0,0x00,0x00,0xff,0xe0,0x00,0x00,0xff,
    0x00,0x00,0x40,0xff,0x00,0x00,0x40,0xff,0x00,0x00,0x40,0xff,0xe0,0x00,0x00,0xff,
    0xe0,0x00,0x00,0xff,0xe0,0xa0,0x80,0xff,0xe0,0x00,0x00,0xff,0xe0,0x00,0x00,0xff,
    0x20,0x00,0xa0,0xff,0x80,0x40,0x20,0xff,0x00,0x00,0x00,0x00,0x00,0x00,0x00,0x00,
    0x00,0x00,0x00,0x00,0x00,0x00,0x00,0x00,0x00,0x00,0x00,0x00,0x00,0x00,0x00,0x00,
    0x00,0x00,0x00,0x00,0x00,0x00,0x00,0x00,0x00,0x00,0x00,0x00,0x00,0x00,0x00,0x00,
    0x00,0x00,0x00,0x00,0x00,0x00,0x00,0x00,0x00,0x00,0x00,0x00,0x00,0x00,0x00,0x00,
    0x00,0x00,0x00,0x00,0x00,0x00,0x00,0x00,0x00,0x00,0x00,0x00,0x00,0x00,0x00,0x00,
    0x00,0x00,0x00,0x00,0x00,0x00,0x00,0x00,0x00,0x00,0x00,0x00,0x00,0x00,0x00,0x00,
    0x00,0x00,0x00,0x00,0x00,0x00,0x00,0x00,0x00,0x00,0x00,0x00,0x00,0x00,0x00,0x00,
    0x00,0x00,0x00,0x00,0x00,0x00,0x00,0x00,0x80,0x40,0x20,0xff,0xe0,0x00,0x00,0xff,
    0xe0,0x00,0x00,0xff,0xe0,0xe0,0xe0,0xff,0xe0,0xe0,0xe0,0xff,0xe0,0x00,0x00,0xff,
    0xe0,0x00,0x00,0xff,0xe0,0x00,0x00,0xff,0x80,0x40,0x20,0xff,0x00,0x00,0x00,0x00,
    0x80,0x40,0x20,0xff,0xe0,0x00,0x00,0xff,0xe0,0x00,0x00,0xff,0xe0,0x00,0x00,0xff,
    0xe0,0xe0,0xe0,0xff,0xe0,0xe0,0xe0,0xff,0xe0,0x00,0x00,0xff,0xe0,0x00,0x00,0xff,
    0x80,0x40,0x20,0xff,0x00,0x00,0x00,0x00,0x00,0x00,0x00,0x00,0x00,0x00,0x00,0x00,
    0x00,0x00,0x00,0x00,0x00,0x00,0x00,0x00,0x00,0x00,0x00,0x00,0x00,0x00,0x00,0x00,
    0x00,0x00,0x00,0x00,0x00,0x00,0x00,0x00,0x00,0x00,0x00,0x00,0x00,0x00,0x00,0x00,
    0x00,0x00,0x00,0x00,0x00,0x00,0x00,0x00,0x00,0x00,0x00,0x00,0x00,0x00,0x00,0x00,
    0x00,0x00,0x00,0x00,0x00,0x00,0x00,0x00,0x00,0x00,0x00,0x00,0x00,0x00,0x00,0x00,
    0x00,0x00,0x00,0x00,0x00,0x00,0x00,0x00,0x00,0x00,0x00,0x00,0x00,0x00,0x00,0x00,
    0x00,0x00,0x00,0x00,0x00,0x00,0x00,0x00,0x00,0x00,0x00,0x00,0x00,0x00,0x00,0x00,
    0x00,0x00,0x00,0x00,0x00,0x00,0x00,0x00,0x80,0x40,0x20,0xff,0xe0,0x00,0x00,0xff,
    0xe0,0x00,0x00,0xff,0xe0,0xe0,0xe0,0xff,0xe0,0xe0,0xe0,0xff,0xe0,0x00,0x00,0xff,
    0xe0,0x00,0x00,0xff,0xe0,0x00,0x00,0xff,0x80,0x40,0x20,0xff,0x00,0x00,0x00,0x00,
    0x80,0x40,0x20,0xff,0xe0,0x00,0x00,0xff,0xe0,0x00,0x00,0xff,0xe0,0x00,0x00,0xff,
    0xe0,0xe0,0xe0,0xff,0xe0,0xe0,0xe0,0xff,0xe0,0x00,0x00,0xff,0xe0,0x00,0x00,0xff,
    0x80,0x40,0x20,0xff,0x00,0x00,0x00,0x00,0x00,0x00,0x00,0x00,0x00,0x00,0x00,0x00,
    0x00,0x00,0x00,0x00,0x00,0x00,0x00,0x00,0x00,0x00,0x00,0x00,0x00,0x00,0x00,0x00,
    0x00,0x00,0x00,0x00,0x00,0x00,0x00,0x00,0x00,0x00,0x00,0x00,0x00,0x00,0x00,0x00,
    0x00,0x00,0x00,0x00,0x00,0x00,0x00,0x00,0x00,0x00,0x00,0x00,0x00,0x00,0x00,0x00,
    0x00,0x00,0x00,0x00,0x00,0x00,0x00,0x00,0x00,0x00,0x00,0x00,0x00,0x00,0x00,0x00,
    0x00,0x00,0x00,0x00,0x00,0x00,0x00,0x00,0x00,0x00,0x00,0x00,0x00,0x00,0x00,0x00,
    0x00,0x00,0x00,0x00,0x00,0x00,0x00,0x00,0x00,0x00,0x00,0x00,0x00,0x00,0x00,0x00,
    0x00,0x00,0x00,0x00,0x00,0x00,0x00,0x00,0x00,0x00,0x00,0x00,0x00,0x00,0x00,0x00,
    0x00,0x00,0x00,0x00,0x00,0x00,0x00,0x00,0x00,0x00,0x00,0x00,0x00,0x00,0x00,0x00,
    0x00,0x00,0x00,0x00,0x00,0x00,0x00,0x00,0x00,0x00,0x00,0x00,0x80,0x40,0x20,0xff,
    0x80,0x40,0x20,0xff,0x80,0x40,0x20,0xff,0x80,0x40,0x20,0xff,0x80,0x40,0x20,0xff,
    0x80,0x40,0x20,0xff,0x80,0x40,0x20,0xff,0x80,0x40,0x20,0xff,0x80,0x40,0x20,0xff,
    0x00,0x00,0x00,0x00,0x00,0x00,0x00,0x00,0x00,0x00,0x00,0x00,0x00,0x00,0x00,0x00,
    0x00,0x00,0x00,0x00,0x00,0x00,0x00,0x00,0x00,0x00,0x00,0x00,0x00,0x00,0x00,0x00,
    0x00,0x00,0x00,0x00,0x00,0x00,0x00,0x00,0x00,0x00,0x00,0x00,0x00,0x00,0x00,0x00,
    0x00,0x00,0x00,0x00,0x00,0x00,0x00,0x00,0x00,0x00,0x00,0x00,0x00,0x00,0x00,0x00,
    0x00,0x00,0x00,0x00,0x00,0x00,0x00,0x00,0x00,0x00,0x00,0x00,0x00,0x00,0x00,0x00,
    0x00,0x00,0x00,0x00,0x00,0x00,0x00,0x00,0x00,0x00,0x00,0x00,0x00,0x00,0x00,0x00,
    0x00,0x00,0x00,0x00,0x00,0x00,0x00,0x00,0x00,0x00,0x00,0x00,0x00,0x00,0x00,0x00,
    0x00,0x00,0x00,0x00,0x00,0x00,0x00,0x00,0x00,0x00,0x00,0x00,0x00,0x00,0x00,0x00,
    0x00,0x00,0x00,0x00,0x00,0x00,0x00,0x00,0x00,0x00,0x00,0x00,0x00,0x00,0x00,0x00,
    0x00,0x00,0x00,0x00,0x00,0x00,0x00,0x00,0x00,0x00,0x00,0x00,0x00,0x00,0x00,0x00,
    0x00,0x00,0x00,0x00,0x00,0x00,0x00,0x00,0x80,0x40,0x20,0xff,0x80,0x40,0x20,0xff,
    0x80,0x40,0x20,0xff,0x80,0x40,0x20,0xff,0xe0,0x00,0x00,0xff,0x00,0x00,0x00,0x00,
    0x00,0x00,0x00,0x00,0x00,0x00,0x00,0x00,0x00,0x00,0x00,0x00,0x00,0x00,0x00,0x00,
    0x00,0x00,0x00,0x00,0x00,0x00,0x00,0x00,0x00,0x00,0x00,0x00,0x00,0x00,0x00,0x00,
    0x00,0x00,0x00,0x00,0x00,0x00,0x00,0x00,0x00,0x00,0x00,0x00,0x00,0x00,0x00,0x00,
    0x00,0x00,0x00,0x00,0x00,0x00,0x00,0x00,0x00,0x00,0x00,0x00,0x00,0x00,0x00,0x00,
    0x00,0x00,0x00,0x00,0x00,0x00,0x00,0x00,0x00,0x00,0x00,0x00,0x00,0x00,0x00,0x00,
    0x00,0x00,0x00,0x00,0x00,0x00,0x00,0x00,0x00,0x00,0x00,0x00,0x00,0x00,0x00,0x00,
    0x00,0x00,0x00,0x00,0x00,0x00,0x00,0x00,0x00,0x00,0x00,0x00,0x00,0x00,0x00,0x00,
    0x00,0x00,0x00,0x00,0x00,0x00,0x00,0x00,0x00,0x00,0x00,0x00,0x00,0x00,0x00,0x00,
    0x00,0x00,0x00,0x00,0x00,0x00,0x00,0x00,0x00,0x00,0x00,0x00,0x00,0x00,0x00,0x00,
    0x00,0x00,0x00,0x00,0x00,0x00,0x00,0x00,0x00,0x00,0x00,0x00,0x80,0x40,0x20,0xff,
    0x80,0x40,0x20,0xff,0x80,0x40,0x20,0xff,0x80,0x40,0x20,0xff,0x80,0x40,0x20,0xff,
    0x80,0x40,0x20,0xff,0x80,0x40,0x20,0xff,0x80,0x40,0x20,0xff,0x80,0x40,0x20,0xff,
    0x00,0x00,0x00,0x00,0x00,0x00,0x00,0x00,0x00,0x00,0x00,0x00,0x00,0x00,0x00,0x00,
    0x00,0x00,0x00,0x00,0x00,0x00,0x00,0x00,0x00,0x00,0x00,0x00,0x00,0x00,0x00,0x00,
    0x00,0x00,0x00,0x00,0x00,0x00,0x00,0x00,0x00,0x00,0x00,0x00,0x00,0x00,0x00,0x00,
    0x00,0x00,0x00,0x00,0x00,0x00,0x00,0x00,0x00,0x00,0x00,0x00,0x00,0x00,0x00,0x00,
    0x00,0x00,0x00,0x00,0x00,0x00,0x00,0x00,0x00,0x00,0x00,0x00,0x00,0x00,0x00,0x00,
    0x00,0x00,0x00,0x00,0x00,0x00,0x00,0x00,0x00,0x00,0x00,0x00,0x00,0x00,0x00,0x00,
    0x00,0x00,0x00,0x00,0x00,0x00,0x00,0x00,0x00,0x00,0x00,0x00,0x00,0x00,0x00,0x00,
    0x00,0x00,0x00,0x00,0x00,0x00,0x00,0x00,0x00,0x00,0x00,0x00,0x00,0x00,0x00,0x00,
    0x00,0x00,0x00,0x00,0x00,0x00,0x00,0x00,0x00,0x00,0x00,0x00,0x00,0x00,0x00,0x00,
    0x00,0x00,0x00,0x00,0x00,0x00,0x00,0x00,0x00,0x00,0x00,0x00,0x00,0x00,0x00,0x00,
    0x00,0x00,0x00,0x00,0x80,0x40,0x20,0xff,0x80,0x40,0x20,0xff,0xe0,0x00,0x00,0xff,
    0xe0,0x00,0x00,0xff,0xe0,0x00,0x00,0xff,0xe0,0x00,0x00,0xff,0xe0,0x00,0x00,0xff,
    0x80,0x40,0x20,0xff,0x80,0x40,0x20,0xff,0x00,0x00,0x00,0x00,0x00,0x00,0x00,0x00,
    0x00,0x00,0x00,0x00,0x00,0x00,0x00,0x00,0x00,0x00,0x00,0x00,0x00,0x00,0x00,0x00,
    0x00,0x00,0x00,0x00,0x00,0x00,0x00,0x00,0x00,0x00,0x00,0x00,0x00,0x00,0x00,0x00,
    0x00,0x00,0x00,0x00,0x00,0x00,0x00,0x00,0x00,0x00,0x00,0x00,0x00,0x00,0x00,0x00,
    0x00,0x00,0x00,0x00,0x00,0x00,0x00,0x00,0x00,0x00,0x00,0x00,0x00,0x00,0x00,0x00,
    0x00,0x00,0x00,0x00,0x00,0x00,0x00,0x00,0x00,0x00,0x00,0x00,0x00,0x00,0x00,0x00,
    0x00,0x00,0x00,0x00,0x00,0x00,0x00,0x00,0x00,0x00,0x00,0x00,0x00,0x00,0x00,0x00,
    0x00,0x00,0x00,0x00,0x00,0x00,0x00,0x00,0x80,0x40,0x20,0xff,0xe0,0x00,0x00,0xff,
    0xe0,0x00,0x00,0xff,0xe0,0xe0,0xe0,0xff,0xe0,0xe0,0xe0,0xff,0xe0,0x00,0x00,0xff,
    0xe0,0x00,0x00,0xff,0xe0,0x00,0x00,0xff,0x80,0x40,0x20,0xff,0x00,0x00,0x00,0x00,
    0x80,0x40,0x20,0xff,0xe0,0x00,0x00,0xff,0xe0,0x00,0x00,0xff,0xe0,0x00,0x00,0xff,
    0xe0,0xe0,0xe0,0xff,0xe0,0xe0,0xe0,0xff,0xe0,0x00,0x00,0xff,0xe0,0x00,0x00,0xff,
    0x80,0x40,0x20,0xff,0x00,0x00,0x00,0x00,0x00,0x00,0x00,0x00,0x00,0x00,0x00,0x00,
    0x00,0x00,0x00,0x00,0x00,0x00,0x00,0x00,0x00,0x00,0x00,0x00,0x00,0x00,0x00,0x00,
    0x00,0x00,0x00,0x00,0x00,0x00,0x00,0x00,0x00,0x00,0x00,0x00,0x00,0x00,0x00,0x00,
    0x00,0x00,0x00,0x00,0x00,0x00,0x00,0x00,0x00,0x00,0x00,0x00,0x00,0x00,0x00,0x00,
    0x00,0x00,0x00,0x00,0x00,0x00,0x00,0x00,0x00,0x00,0x00,0x00,0x00,0x00,0x00,0x00,
    0x00,0x00,0x00,0x00,0x00,0x00,0x00,0x00,0x00,0x00,0x00,0x00,0x00,0x00,0x00,0x00,
    0x00,0x00,0x00,0x00,0x00,0x00,0x00,0x00,0x00,0x00,0x00,0x00,0x00,0x00,0x00,0x00,
    0x00,0x00,0x00,0x00,0x00,0x00,0x00,0x00,0x80,0x40,0x20,0xff,0x80,0x40,0x20,0xff,
    0xe0,0x00,0x00,0xff,0xe0,0x00,0x00,0xff,0xe0,0x00,0x00,0xff,0xe0,0x00,0x00,0xff,
    0xe0,0x00,0x00,0xff,0x80,0x40,0x20,0xff,0x80,0x40,0x20,0xff,0x00,0x00,0x00,0x00,
    0x00,0x00,0x00,0x00,0x00,0x00,0x00,0x00,0x00,0x00,0x00,0x00,0x00,0x00,0x00,0x00,
    0x00,0x00,0x00,0x00,0x00,0x00,0x00,0x00,0x00,0x00,0x00,0x00,0x00,0x00,0x00,0x00,
    0x00,0x00,0x00,0x00,0x00,0x00,0x00,0x00,0x00,0x00,0x00,0x00,0x00,0x00,0x00,0x00,
    0x00,0x00,0x00,0x00,0x00,0x00,0x00,0x00,0x00,0x00,0x00,0x00,0x00,0x00,0x00,0x00,
    0x00,0x00,0x00,0x00,0x00,0x00,0x00,0x00,0x00,0x00,0x00,0x00,0x00,0x00,0x00,0x00,
    0x00,0x00,0x00,0x00,0x00,0x00,0x00,0x00,0x00,0x00,0x00,0x00,0x00,0x00,0x00,0x00,
    0x00,0x00,0x00,0x00,0x00,0x00,0x00,0x00,0x00,0x00,0x00,0x00,0x00,0x00,0x00,0x00,
    0x00,0x00,0x00,0x00,0x00,0x00,0x00,0x00,0x00,0x00,0x00,0x00,0x00,0x00,0x00,0x00,
    0x00,0x00,0x00,0x00,0x00,0x00,0x00,0x00,0x00,0x00,0x00,0x00,0x00,0x00,0x00,0x00,
    0x00,0x00,0x00,0x00,0x00,0x00,0x00,0x00,0x00,0x00,0x00,0x00,0x00,0x00,0x00,0x00,
    0x80,0x40,0x20,0xff,0x80,0x40,0x20,0xff,0x80,0x40,0x20,0xff,0x80,0x40,0x20,0xff,
    0x80,0x40,0x20,0xff,0x80,0x40,0x20,0xff,0x80,0x40,0x20,0xff,0x80,0x40,0x20,0xff,
    0x80,0x40,0x20,0xff,0x00,0x00,0x00,0x00,0x00,0x00,0x00,0x00,0x00,0x00,0x00,0x00,
    0x00,0x00,0x00,0x00,0x00,0x00,0x00,0x00,0x00,0x00,0x00,0x00,0x00,0x00,0x00,0x00,
    0x00,0x00,0x00,0x00,0x00,0x00,0x00,0x00,0x00,0x00,0x00,0x00,0x00,0x00,0x00,0x00,
    0x00,0x00,0x00,0x00,0x00,0x00,0x00,0x00,0x00,0x00,0x00,0x00,0x00,0x00,0x00,0x00,
    0x00,0x00,0x00,0x00,0x00,0x00,0x00,0x00,0x00,0x00,0x00,0x00,0x00,0x00,0x00,0x00,
    0x00,0x00,0x00,0x00,0x00,0x00,0x00,0x00,0x00,0x00,0x00,0x00,0x00,0x00,0x00,0x00,
    0x00,0x00,0x00,0x00,0x00,0x00,0x00,0x00,0x00,0x00,0x00,0x00,0x00,0x00,0x00,0x00,
    0x00,0x00,0x00,0x00,0x00,0x00,0x00,0x00,0x00,0x00,0x00,0x00,0x00,0x00,0x00,0x00,
    0x00,0x00,0x00,0x00,0x00,0x00,0x00,0x00,0x00,0x00,0x00,0x00,0x00,0x00,0x00,0x00,
    0x00,0x00,0x00,0x00,0x00,0x00,0x00,0x00,0x00,0x00,0x00,0x00,0xe0,0x00,0x00,0xff,
    0x80,0x40,0x20,0xff,0x80,0x40,0x20,0xff,0x80,0x40,0x20,0xff,0x80,0x40,0x20,0xff,
    0x00,0x00,0x00,0x00,0x00,0x00,0x00,0x00,0x00,0x00,0x00,0x00,0x00,0x00,0x00,0x00,
    0x00,0x00,0x00,0x00,0x00,0x00,0x00,0x00,0x00,0x00,0x00,0x00,0x00,0x00,0x00,0x00,
    0x00,0x00,0x00,0x00,0x00,0x00,0x00,0x00,0x00,0x00,0x00,0x00,0x00,0x00,0x00,0x00,
    0x00,0x00,0x00,0x00,0x00,0x00,0x00,0x00,0x00,0x00,0x00,0x00,0x00,0x00,0x00,0x00,
    0x00,0x00,0x00,0x00,0x00,0x00,0x00,0x00,0x00,0x00,0x00,0x00,0x00,0x00,0x00,0x00,
    0x00,0x00,0x00,0x00,0x00,0x00,0x00,0x00,0x00,0x00,0x00,0x00,0x00,0x00,0x00,0x00,
    0x00,0x00,0x00,0x00,0x00,0x00,0x00,0x00,0x00,0x00,0x00,0x00,0x00,0x00,0x00,0x00,
    0x00,0x00,0x00,0x00,0x00,0x00,0x00,0x00,0x00,0x00,0x00,0x00,0x00,0x00,0x00,0x00,
    0x00,0x00,0x00,0x00,0x00,0x00,0x00,0x00,0x00,0x00,0x00,0x00,0x00,0x00,0x00,0x00,
    0x00,0x00,0x00,0x00,0x00,0x00,0x00,0x00,0x00,0x00,0x00,0x00,0x00,0x00,0x00,0x00,
    0x00,0x00,0x00,0x00,0x00,0x00,0x00,0x00,0x00,0x00,0x00,0x00,0x00,0x00,0x00,0x00,
    0x80,0x40,0x20,0xff,0x80,0x40,0x20,0xff,0x80,0x40,0x20,0xff,0x80,0x40,0x20,0xff,
    0x80,0x40,0x20,0xff,0x80,0x40,0x20,0xff,0x80,0x40,0x20,0xff,0x80,0x40,0x20,0xff,
    0x80,0x40,0x20,0xff,0x00,0x00,0x00,0x00,0x00,0x00,0x00,0x00,0x00,0x00,0x00,0x00,
    0x00,0x00,0x00,0x00,0x00,0x00,0x00,0x00,0x00,0x00,0x00,0x00,0x00,0x00,0x00,0x00,
    0x00,0x00,0x00,0x00,0x00,0x00,0x00,0x00,0x00,0x00,0x00,0x00,0x00,0x00,0x00,0x00,
    0x00,0x00,0x00,0x00,0x00,0x00,0x00,0x00,0x00,0x00,0x00,0x00,0x00,0x00,0x00,0x00,
    0x00,0x00,0x00,0x00,0x00,0x00,0x00,0x00,0x00,0x00,0x00,0x00,0x00,0x00,0x00,0x00,
    0x00,0x00,0x00,0x00,0x00,0x00,0x00,0x00,0x00,0x00,0x00,0x00,0x00,0x00,0x00,0x00,
    0x00,0x00,0x00,0x00,0x00,0x00,0x00,0x00,0x00,0x00,0x00,0x00,0x00,0x00,0x00,0x00,
    0x00,0x00,0x00,0x00,0x00,0x00,0x00,0x00,0x00,0x00,0x00,0x00,0x00,0x00,0x00,0x00,
    0x00,0x00,0x00,0x00,0x00,0x00,0x00,0x00,0x00,0x00,0x00,0x00,0x00,0x00,0x00,0x00,
    0x00,0x00,0x00,0x00,0x00,0x00,0x00,0x00,0x80,0x40,0x20,0xff,0x80,0x40,0x20,0xff,
    0xe0,0x00,0x00,0xff,0xe0,0x00,0x00,0xff,0xe0,0x00,0x00,0xff,0xe0,0x00,0x00,0xff,
    0xe0,0x00,0x00,0xff,0x80,0x40,0x20,0xff,0x80,0x40,0x20,0xff,0x00,0x00,0x00,0x00,
    0x00,0x00,0x00,0x00,0x00,0x00,0x00,0x00,0x00,0x00,0x00,0x00,0x00,0x00,0x00,0x00,
    0x00,0x00,0x00,0x00,0x00,0x00,0x00,0x00,0x00,0x00,0x00,0x00,0x00,0x00,0x00,0x00,
    0x00,0x00,0x00,0x00,0x00,0x00,0x00,0x00,0x00,0x00,0x00,0x00,0x00,0x00,0x00,0x00,
    0x00,0x00,0x00,0x00,0x00,0x00,0x00,0x00,0x00,0x00,0x00,0x00,0x00,0x00,0x00,0x00,
    0x00,0x00,0x00,0x00,0x00,0x00,0x00,0x00,0x00,0x00,0x00,0x00,0x00,0x00,0x00,0x00,
    0x00,0x00,0x00,0x00,0x00,0x00,0x00,0x00,0x00,0x00,0x00,0x00,0x00,0x00,0x00,0x00,
    0x00,0x00,0x00,0x00,0x00,0x00,0x00,0x00,0x00,0x00,0x00,0x00,0x00,0x00,0x00,0x00,
    0x00,0x00,0x00,0x00,0x00,0x00,0x00,0x00,0x00,0x00,0x00,0x00,0x00,0x00,0x00,0x00,
    0x00,0x00,0x00,0x00,0x00,0x00,0x00,0x00,0x00,0x00,0x00,0x00,0x00,0x00,0x00,0x00,
    0x00,0x00,0x00,0x00,0x00,0x00,0x00,0x00,0x00,0x00,0x00,0x00,0x00,0x00,0x00,0x00,
    0x00,0x00,0x40,0xff,0x00,0x00,0x40,0xff,0x00,0x00,0x40,0xff,0x00,0x00,0x40,0xff,
    0x00,0x00,0x40,0xff,0x00,0x00,0x40,0xff,0x00,0x00,0x40,0xff,0x00,0x00,0x40,0xff,
    0x00,0x00,0x40,0xff,0x00,0x00,0x40,0xff,0x00,0x00,0x40,0xff,0x00,0x00,0x40,0xff,
    0x00,0x00,0x40,0xff,0x00,0x00,0x40,0xff,0x00,0x00,0x00,0x00,0x00,0x00,0x00,0x00,
    0x00,0x00,0x00,0x00,0x00,0x00,0x00,0x00,0x00,0x00,0x00,0x00,0x00,0x00,0x00,0x00,
    0x00,0x00,0x00,0x00,0x00,0x00,0x00,0x00,0x00,0x00,0x00,0x00,0x00,0x00,0x00,0x00,
    0x00,0x00,0x00,0x00,0x00,0x00,0x00,0x00,0x00,0x00,0x00,0x00,0x00,0x00,0x00,0x00,
    0x00,0x00,0x00,0x00,0x00,0x00,0x00,0x00,0x00,0x00,0x00,0x00,0x00,0x00,0x00,0x00,
    0x00,0x00,0x00,0x00,0x00,0x00,0x00,0x00,0x00,0x00,0x00,0x00,0x00,0x00,0x00,0x00,
    0x00,0x00,0x00,0x00,0x00,0x00,0x00,0x00,0x00,0x00,0x00,0x00,0x00,0x00,0x00,0x00,
    0x00,0x00,0x00,0x00,0x00,0x00,0x00,0x00,0x00,0x00,0x00,0x00,0x00,0x00,0x00,0x00,
    0x00,0x00,0x00,0x00,0x00,0x00,0x00,0x00,0x00,0x00,0x00,0x00,0x00,0x00,0x40,0xff,
    0x00,0x00,0x40,0xff,0x00,0x00,0x40,0xff,0x00,0x00,0x40,0xff,0x00,0x00,0x40,0xff,
    0x20,0x00,0xa0,0xff,0x20,0x00,0xa0,0xff,0x20,0x00,0xa0,0xff,0x20,0x00,0xa0,0xff,
    0x20,0x00,0xa0,0xff,0x20,0x00,0xa0,0xff,0x00,0x00,0x40,0xff,0x00,0x00,0x40,0xff,
    0x00,0x00,0x40,0xff,0x00,0x00,0x40,0xff,0x00,0x00,0x40,0xff,0x00,0x00,0x00,0x00,
    0x00,0x00,0x00,0x00,0x00,0x00,0x00,0x00,0x00,0x00,0x00,0x00,0x00,0x00,0x00,0x00,
    0x00,0x00,0x00,0x00,0x00,0x00,0x00,0x00,0x00,0x00,0x00,0x00,0x00,0x00,0x00,0x00,
    0x00,0x00,0x00,0x00,0x00,0x00,0x00,0x00,0x00,0x00,0x00,0x00,0x00,0x00,0x00,0x00,
    0x00,0x00,0x00,0x00,0x00,0x00,0x00,0x00,0x00,0x00,0x00,0x00,0x00,0x00,0x00,0x00,
    0x00,0x00,0x00,0x00,0x00,0x00,0x00,0x00,0x00,0x00,0x00,0x00,0x00,0x00,0x00,0x00,
    0x00,0x00,0x00,0x00,0x00,0x00,0x00,0x00,0x00,0x00,0x00,0x00,0x00,0x00,0x00,0x00,
    0x00,0x00,0x00,0x00,0x00,0x00,0x00,0x00,0x00,0x00,0x00,0x00,0x00,0x00,0x00,0x00,
    0x00,0x00,0x00,0x00,0x00,0x00,0x00,0x00,0x00,0x00,0x00,0x00,0x00,0x00,0x40,0xff,
    0x00,0x00,0x40,0xff,0x00,0x00,0x40,0xff,0x00,0x00,0x40,0xff,0x00,0x00,0x40,0xff,
    0x00,0x00,0x40,0xff,0x00,0x00,0x40,0xff,0x00,0x00,0x40,0xff,0x00,0x00,0x40,0xff,
    0x00,0x00,0x40,0xff,0x00,0x00,0x40,0xff,0x00,0x00,0x40,0xff,0x00,0x00,0x40,0xff,
    0x00,0x00,0x40,0xff,0x00,0x00,0x40,0xff,0x00,0x00,0x40,0xff,0x00,0x00,0x00,0x00,
    0x00,0x00,0x00,0x00,0x00,0x00,0x00,0x00,0x00,0x00,0x00,0x00,0x00,0x00,0x00,0x00,
    0x00,0x00,0x00,0x00,0x00,0x00,0x00,0x00,0x00,0x00,0x00,0x00,0x00,0x00,0x00,0x00,
    0x00,0x00,0x00,0x00,0x00,0x00,0x00,0x00,0x00,0x00,0x00,0x00,0x00,0x00,0x00,0x00,
    0x00,0x00,0x00,0x00,0x00,0x00,0x00,0x00,0x00,0x00,0x00,0x00,0x00,0x00,0x00,0x00,
    0x00,0x00,0x00,0x00,0x00,0x00,0x00,0x00,0x00,0x00,0x00,0x00,0x00,0x00,0x00,0x00,
    0x00,0x00,0x00,0x00,0x00,0x00,0x00,0x00,0x00,0x00,0x00,0x00,0x00,0x00,0x00,0x00,
    0x00,0x00,0x00,0x00,0x00,0x00,0x00,0x00,0x00,0x00,0x00,0x00,0x00,0x00,0x00,0x00,
    0x00,0x00,0x00,0x00,0x00,0x00,0x00,0x00,0x00,0x00,0x00,0x00,0x00,0x00,0x00,0x00,
    0x00,0x00,0x00,0x00,0x80,0x40,0x20,0xff,0xe0,0x00,0x00,0xff,0xe0,0x00,0x00,0xff,
    0xe0,0xa0,0x80,0xff,0xe0,0xe0,0xe0,0xff,0xe0,0xa0,0x80,0xff,0xe0,0x00,0x00,0xff,
    0x80,0x40,0x20,0xff,0x80,0x40,0x20,0xff,0x80,0x40,0x20,0xff,0xe0,0x00,0x00,0xff,
    0xe0,0xa0,0x80,0xff,0xe0,0xe0,0xe0,0xff,0xe0,0xa0,0x80,0xff,0xe0,0x00,0x00,0xff,
    0xe0,0x00,0x00,0xff,0x80,0x40,0x20,0xff,0x00,0x00,0x00,0x00,0x00,0x00,0x00,0x00,
    0x00,0x00,0x00,0x00,0x00,0x00,0x00,0x00,0x00,0x00,0x00,0x00,0x00,0x00,0x00,0x00,
    0x00,0x00,0x00,0x00,0x00,0x00,0x00,0x00,0x00,0x00,0x00,0x00,0x00,0x00,0x00,0x00,
    0x00,0x00,0x00,0x00,0x00,0x00,0x00,0x00,0x00,0x00,0x00,0x00,0x00,0x00,0x00,0x00,
    0x00,0x00,0x00,0x00,0x00,0x00,0x00,0x00,0x00,0x00,0x00,0x00,0x00,0x00,0x00,0x00,
    0x00,0x00,0x00,0x00,0x00,0x00,0x00,0x00,0x00,0x00,0x00,0x00,0x00,0x00,0x00,0x00,
    0x00,0x00,0x00,0x00,0x00,0x00,0x00,0x00,0x00,0x00,0x00,0x00,0x00,0x00,0x00,0x00,
    0x00,0x00,0x00,0x00,0x00,0x00,0x00,0x00,0x00,0x00,0x00,0x00,0x80,0x40,0x20,0xff,
    0xe0,0x00,0x00,0xff,0xe0,0x00,0x00,0xff,0xe0,0x00,0x00,0xff,0xe0,0x00,0x00,0xff,
    0x80,0x40,0x20,0xff,0x80,0x40,0x20,0xff,0x80,0x40,0x20,0xff,0x00,0x00,0x00,0x00,
    0x80,0x40,0x20,0xff,0x80,0x40,0x20,0xff,0x80,0x40,0x20,0xff,0xe0,0x00,0x00,0xff,
    0xe0,0x00,0x00,0xff,0xe0,0x00,0x00,0xff,0xe0,0x00,0x00,0xff,0x80,0x40,0x20,0xff,
    0x00,0x00,0x00,0x00,0x00,0x00,0x00,0x00,0x00,0x00,0x00,0x00,0x00,0x00,0x00,0x00,
    0x00,0x00,0x00,0x00,0x00,0x00,0x00,0x00,0x00,0x00,0x00,0x00,0x00,0x00,0x00,0x00,
    0x00,0x00,0x00,0x00,0x00,0x00,0x00,0x00,0x00,0x00,0x00,0x00,0x00,0x00,0x00,0x00,
    0x00,0x00,0x00,0x00,0x00,0x00,0x00,0x00,0x00,0x00,0x00,0x00,0x00,0x00,0x00,0x00,
    0x00,0x00,0x00,0x00,0x00,0x00,0x00,0x00,0x00,0x00,0x00,0x00,0x00,0x00,0x00,0x00,
    0x00,0x00,0x00,0x00,0x00,0x00,0x00,0x00,0x00,0x00,0x00,0x00,0x00,0x00,0x00,0x00,
    0x00,0x00,0x00,0x00,0x00,0x00,0x00,0x00,0x00,0x00,0x00,0x00,0x00,0x00,0x00,0x00,
    0x00,0x00,0x00,0x00,0x00,0x00,0x00,0x00,0x00,0x00,0x00,0x00,0x80,0x40,0x20,0xff,
    0xe0,0x00,0x00,0xff,0xe0,0x00,0x00,0xff,0xe0,0x00,0x00,0xff,0xe0,0x00,0x00,0xff,
    0x80,0x40,0x20,0xff,0x80,0x40,0x20,0xff,0x80,0x40,0x20,0xff,0x00,0x00,0x00,0x00,
    0x80,0x40,0x20,0xff,0x80,0x40,0x20,0xff,0x80,0x40,0x20,0xff,0xe0,0x00,0x00,0xff,
    0xe0,0x00,0x00,0xff,0xe0,0x00,0x00,0xff,0xe0,0x00,0x00,0xff,0x80,0x40,0x20,0xff,
    0x00,0x00,0x00,0x00,0x00,0x00,0x00,0x00,0x00,0x00,0x00,0x00,0x00,0x00,0x00,0x00,
    0x00,0x00,0x00,0x00,0x00,0x00,0x00,0x00,0x00,0x00,0x00,0x00,0x00,0x00,0x00,0x00,
    0x00,0x00,0x00,0x00,0x00,0x00,0x00,0x00,0x00,0x00,0x00,0x00,0x00,0x00,0x00,0x00,
    0x00,0x00,0x00,0x00,0x00,0x00,0x00,0x00,0x00,0x00,0x00,0x00,0x00,0x00,0x00,0x00,
    0x00,0x00,0x00,0x00,0x00,0x00,0x00,0x00,0x00,0x00,0x00,0x00,0x00,0x00,0x00,0x00,
    0x00,0x00,0x00,0x00,0x00,0x00,0x00,0x00,0x00,0x00,0x00,0x00,0x00,0x00,0x00,0x00,
    0x00,0x00,0x00,0x00,0x00,0x00,0x00,0x00,0x00,0x00,0x00,0x00,0x00,0x00,0x00,0x00,
    0x00,0x00,0x00,0x00,0x00,0x00,0x00,0x00,0x00,0x00,0x00,0x00,0x00,0x00,0x00,0x00,
    0x00,0x00,0x00,0x00,0x00,0x00,0x00,0x00,0x00,0x00,0x00,0x00,0x00,0x00,0x00,0x00,
    0x00,0x00,0x00,0x00,0x00,0x00,0x00,0x00,0x00,0x00,0x00,0x00,0x00,0x00,0x00,0x00,
    0x80,0x40,0x20,0xff,0x80,0x40,0x20,0xff,0x80,0x40,0x20,0xff,0x80,0x40,0x20,0xff,
    0x80,0x40,0x20,0xff,0x80,0x40,0x20,0xff,0x80,0x40,0x20,0xff,0x80,0x40,0x20,0xff,
    0x00,0x00,0x00,0x00,0x00,0x00,0x00,0x00,0x00,0x00,0x00,0x00,0x00,0x00,0x00,0x00,
    0x00,0x00,0x00,0x00,0x00,0x00,0x00,0x00,0x00,0x00,0x00,0x00,0x00,0x00,0x00,0x00,
    0x00,0x00,0x00,0x00,0x00,0x00,0x00,0x00,0x00,0x00,0x00,0x00,0x00,0x00,0x00,0x00,
    0x00,0x00,0x00,0x00,0x00,0x00,0x00,0x00,0x00,0x00,0x00,0x00,0x00,0x00,0x00,0x00,
    0x00,0x00,0x00,0x00,0x00,0x00,0x00,0x00,0x00,0x00,0x00,0x00,0x00,0x00,0x00,0x00,
    0x00,0x00,0x00,0x00,0x00,0x00,0x00,0x00,0x00,0x00,0x00,0x00,0x00,0x00,0x00,0x00,
    0x00,0x00,0x00,0x00,0x00,0x00,0x00,0x00,0x00,0x00,0x00,0x00,0x00,0x00,0x00,0x00,
    0x00,0x00,0x00,0x00,0x00,0x00,0x00,0x00,0x00,0x00,0x00,0x00,0x00,0x00,0x00,0x00,
    0x00,0x00,0x00,0x00,0x00,0x00,0x00,0x00,0x00,0x00,0x00,0x00,0x00,0x00,0x00,0x00,
    0x00,0x00,0x00,0x00,0x00,0x00,0x00,0x00,0x00,0x00,0x00,0x00,0x00,0x00,0x00,0x00,
    0x00,0x00,0x00,0x00,0x00,0x00,0x00,0x00,0x00,0x00,0x00,0x00,0x80,0x40,0x20,0xff,
    0x80,0x40,0x20,0xff,0x80,0x40,0x20,0xff,0xe0,0x00,0x00,0xff,0x00,0x00,0x00,0x00,
    0x00,0x00,0x00,0x00,0x00,0x00,0x00,0x00,0x00,0x00,0x00,0x00,0x00,0x00,0x00,0x00,
    0x00,0x00,0x00,0x00,0x00,0x00,0x00,0x00,0x00,0x00,0x00,0x00,0x00,0x00,0x00,0x00,
    0x00,0x00,0x00,0x00,0x00,0x00,0x00,0x00,0x00,0x00,0x00,0x00,0x00,0x00,0x00,0x00,
    0x00,0x00,0x00,0x00,0x00,0x00,0x00,0x00,0x00,0x00,0x00,0x00,0x00,0x00,0x00,0x00,
    0x00,0x00,0x00,0x00,0x00,0x00,0x00,0x00,0x00,0x00,0x00,0x00,0x00,0x00,0x00,0x00,
    0x00,0x00,0x00,0x00,0x00,0x00,0x00,0x00,0x00,0x00,0x00,0x00,0x00,0x00,0x00,0x00,
    0x00,0x00,0x00,0x00,0x00,0x00,0x00,0x00,0x00,0x00,0x00,0x00,0x00,0x00,0x00,0x00,
    0x00,0x00,0x00,0x00,0x00,0x00,0x00,0x00,0x00,0x00,0x00,0x00,0x00,0x00,0x00,0x00,
    0x00,0x00,0x00,0x00,0x00,0x00,0x00,0x00,0x00,0x00,0x00,0x00,0x00,0x00,0x00,0x00,
    0x00,0x00,0x00,0x00,0x00,0x00,0x00,0x00,0x00,0x00,0x00,0x00,0x00,0x00,0x00,0x00,
    0x80,0x40,0x20,0xff,0x80,0x40,0x20,0xff,0x80,0x40,0x20,0xff,0x80,0x40,0x20,0xff,
    0x80,0x40,0x20,0xff,0x80,0x40,0x20,0xff,0x80,0x40,0x20,0xff,0x80,0x40,0x20,0xff,
    0x00,0x00,0x00,0x00,0x00,0x00,0x00,0x00,0x00,0x00,0x00,0x00,0x00,0x00,0x00,0x00,
    0x00,0x00,0x00,0x00,0x00,0x00,0x00,0x00,0x00,0x00,0x00,0x00,0x00,0x00,0x00,0x00,
    0x00,0x00,0x00,0x00,0x00,0x00,0x00,0x00,0x00,0x00,0x00,0x00,0x00,0x00,0x00,0x00,
    0x00,0x00,0x00,0x00,0x00,0x00,0x00,0x00,0x00,0x00,0x00,0x00,0x00,0x00,0x00,0x00,
    0x00,0x00,0x00,0x00,0x00,0x00,0x00,0x00,0x00,0x00,0x00,0x00,0x00,0x00,0x00,0x00,
    0x00,0x00,0x00,0x00,0x00,0x00,0x00,0x00,0x00,0x00,0x00,0x00,0x00,0x00,0x00,0x00,
    0x00,0x00,0x00,0x00,0x00,0x00,0x00,0x00,0x00,0x00,0x00,0x00,0x00,0x00,0x00,0x00,
    0x00,0x00,0x00,0x00,0x00,0x00,0x00,0x00,0x00,0x00,0x00,0x00,0x00,0x00,0x00,0x00,
    0x00,0x00,0x00,0x00,0x00,0x00,0x00,0x00,0x00,0x00,0x00,0x00,0x00,0x00,0x00,0x00,
    0x00,0x00,0x00,0x00,0x00,0x00,0x00,0x00,0x00,0x00,0x00,0x00,0x00,0x00,0x00,0x00,
    0x00,0x00,0x00,0x00,0x80,0x40,0x20,0xff,0x80,0x40,0x20,0xff,0x80,0x40,0x20,0xff,
    0x80,0x40,0x20,0xff,0x80,0x40,0x20,0xff,0x80,0x40,0x20,0xff,0x80,0x40,0x20,0xff,
    0x80,0x40,0x20,0xff,0x80,0x40,0x20,0xff,0x00,0x00,0x00,0x00,0x00,0x00,0x00,0x00,
    0x00,0x00,0x00,0x00,0x00,0x00,0x00,0x00,0x00,0x00,0x00,0x00,0x00,0x00,0x00,0x00,
    0x00,0x00,0x00,0x00,0x00,0x00,0x00,0x00,0x00,0x00,0x00,0x00,0x00,0x00,0x00,0x00,
    0x00,0x00,0x00,0x00,0x00,0x00,0x00,0x00,0x00,0x00,0x00,0x00,0x00,0x00,0x00,0x00,
    0x00,0x00,0x00,0x00,0x00,0x00,0x00,0x00,0x00,0x00,0x00,0x00,0x00,0x00,0x00,0x00,
    0x00,0x00,0x00,0x00,0x00,0x00,0x00,0x00,0x00,0x00,0x00,0x00,0x00,0x00,0x00,0x00,
    0x00,0x00,0x00,0x00,0x00,0x00,0x00,0x00,0x00,0x00,0x00,0x00,0x00,0x00,0x00,0x00,
    0x00,0x00,0x00,0x00,0x00,0x00,0x00,0x00,0x00,0x00,0x00,0x00,0x80,0x40,0x20,0xff,
    0xe0,0x00,0x00,0xff,0xe0,0x00,0x00,0xff,0xe0,0x00,0x00,0xff,0xe0,0x00,0x00,0xff,
    0x80,0x40,0x20,0xff,0x80,0x40,0x20,0xff,0x80,0x40,0x20,0xff,0x00,0x00,0x00,0x00,
    0x80,0x40,0x20,0xff,0x80,0x40,0x20,0xff,0x80,0x40,0x20,0xff,0xe0,0x00,0x00,0xff,
    0xe0,0x00,0x00,0xff,0xe0,0x00,0x00,0xff,0xe0,0x00,0x00,0xff,0x80,0x40,0x20,0xff,
    0x00,0x00,0x00,0x00,0x00,0x00,0x00,0x00,0x00,0x00,0x00,0x00,0x00,0x00,0x00,0x00,
    0x00,0x00,0x00,0x00,0x00,0x00,0x00,0x00,0x00,0x00,0x00,0x00,0x00,0x00,0x00,0x00,
    0x00,0x00,0x00,0x00,0x00,0x00,0x00,0x00,0x00,0x00,0x00,0x00,0x00,0x00,0x00,0x00,
    0x00,0x00,0x00,0x00,0x00,0x00,0x00,0x00,0x00,0x00,0x00,0x00,0x00,0x00,0x00,0x00,
    0x00,0x00,0x00,0x00,0x00,0x00,0x00,0x00,0x00,0x00,0x00,0x00,0x00,0x00,0x00,0x00,
    0x00,0x00,0x00,0x00,0x00,0x00,0x00,0x00,0x00,0x00,0x00,0x00,0x00,0x00,0x00,0x00,
    0x00,0x00,0x00,0x00,0x00,0x00,0x00,0x00,0x00,0x00,0x00,0x00,0x00,0x00,0x00,0x00,
    0x00,0x00,0x00,0x00,0x00,0x00,0x00,0x00,0x80,0x40,0x20,0xff,0x80,0x40,0x20,0xff,
    0x80,0x40,0x20,0xff,0x80,0x40,0x20,0xff,0x80,0x40,0x20,0xff,0x80,0x40,0x20,0xff,
    0x80,0x40,0x20,0xff,0x80,0x40,0x20,0xff,0x80,0x40,0x20,0xff,0x00,0x00,0x00,0x00,
    0x00,0x00,0x00,0x00,0x00,0x00,0x00,0x00,0x00,0x00,0x00,0x00,0x00,0x00,0x00,0x00,
    0x00,0x00,0x00,0x00,0x00,0x00,0x00,0x00,0x00,0x00,0x00,0x00,0x00,0x00,0x00,0x00,
    0x00,0x00,0x00,0x00,0x00,0x00,0x00,0x00,0x00,0x00,0x00,0x00,0x00,0x00,0x00,0x00,
    0x00,0x00,0x00,0x00,0x00,0x00,0x00,0x00,0x00,0x00,0x00,0x00,0x00,0x00,0x00,0x00,
    0x00,0x00,0x00,0x00,0x00,0x00,0x00,0x00,0x00,0x00,0x00,0x00,0x00,0x00,0x00,0x00,
    0x00,0x00,0x00,0x00,0x00,0x00,0x00,0x00,0x00,0x00,0x00,0x00,0x00,0x00,0x00,0x00,
    0x00,0x00,0x00,0x00,0x00,0x00,0x00,0x00,0x00,0x00,0x00,0x00,0x00,0x00,0x00,0x00,
    0x00,0x00,0x00,0x00,0x00,0x00,0x00,0x00,0x00,0x00,0x00,0x00,0x00,0x00,0x00,0x00,
    0x00,0x00,0x00,0x00,0x00,0x00,0x00,0x00,0x00,0x00,0x00,0x00,0x00,0x00,0x00,0x00,
    0x00,0x00,0x00,0x00,0x00,0x00,0x00,0x00,0x00,0x00,0x00,0x00,0x00,0x00,0x00,0x00,
    0x80,0x40,0x20,0xff,0x80,0x40,0x20,0xff,0x80,0x40,0x20,0xff,0x80,0x40,0x20,0xff,
    0x80,0x40,0x20,0xff,0x80,0x40,0x20,0xff,0x80,0x40,0x20,0xff,0x80,0x40,0x20,0xff,
    0x00,0x00,0x00,0x00,0x00,0x00,0x00,0x00,0x00,0x00,0x00,0x00,0x00,0x00,0x00,0x00,
    0x00,0x00,0x00,0x00,0x00,0x00,0x00,0x00,0x00,0x00,0x00,0x00,0x00,0x00,0x00,0x00,
    0x00,0x00,0x00,0x00,0x00,0x00,0x00,0x00,0x00,0x00,0x00,0x00,0x00,0x00,0x00,0x00,
    0x00,0x00,0x00,0x00,0x00,0x00,0x00,0x00,0x00,0x00,0x00,0x00,0x00,0x00,0x00,0x00,
    0x00,0x00,0x00,0x00,0x00,0x00,0x00,0x00,0x00,0x00,0x00,0x00,0x00,0x00,0x00,0x00,
    0x00,0x00,0x00,0x00,0x00,0x00,0x00,0x00,0x00,0x00,0x00,0x00,0x00,0x00,0x00,0x00,
    0x00,0x00,0x00,0x00,0x00,0x00,0x00,0x00,0x00,0x00,0x00,0x00,0x00,0x00,0x00,0x00,
    0x00,0x00,0x00,0x00,0x00,0x00,0x00,0x00,0x00,0x00,0x00,0x00,0x00,0x00,0x00,0x00,
    0x00,0x00,0x00,0x00,0x00,0x00,0x00,0x00,0x00,0x00,0x00,0x00,0x00,0x00,0x00,0x00,
    0x00,0x00,0x00,0x00,0x00,0x00,0x00,0x00,0x00,0x00,0x00,0x00,0xe0,0x00,0x00,0xff,
    0x80,0x40,0x20,0xff,0x80,0x40,0x20,0xff,0x80,0x40,0x20,0xff,0x00,0x00,0x00,0x00,
    0x00,0x00,0x00,0x00,0x00,0x00,0x00,0x00,0x00,0x00,0x00,0x00,0x00,0x00,0x00,0x00,
    0x00,0x00,0x00,0x00,0x00,0x00,0x00,0x00,0x00,0x00,0x00,0x00,0x00,0x00,0x00,0x00,
    0x00,0x00,0x00,0x00,0x00,0x00,0x00,0x00,0x00,0x00,0x00,0x00,0x00,0x00,0x00,0x00,
    0x00,0x00,0x00,0x00,0x00,0x00,0x00,0x00,0x00,0x00,0x00,0x00,0x00,0x00,0x00,0x00,
    0x00,0x00,0x00,0x00,0x00,0x00,0x00,0x00,0x00,0x00,0x00,0x00,0x00,0x00,0x00,0x00,
    0x00,0x00,0x00,0x00,0x00,0x00,0x00,0x00,0x00,0x00,0x00,0x00,0x00,0x00,0x00,0x00,
    0x00,0x00,0x00,0x00,0x00,0x00,0x00,0x00,0x00,0x00,0x00,0x00,0x00,0x00,0x00,0x00,
    0x00,0x00,0x00,0x00,0x00,0x00,0x00,0x00,0x00,0x00,0x00,0x00,0x00,0x00,0x00,0x00,
    0x00,0x00,0x00,0x00,0x00,0x00,0x00,0x00,0x00,0x00,0x00,0x00,0x00,0x00,0x00,0x00,
    0x00,0x00,0x00,0x00,0x00,0x00,0x00,0x00,0x00,0x00,0x00,0x00,0x00,0x00,0x00,0x00,
    0x00,0x00,0x00,0x00,0x00,0x00,0x00,0x00,0x00,0x00,0x00,0x00,0x00,0x00,0x00,0x00,
    0x80,0x40,0x20,0xff,0x80,0x40,0x20,0xff,0x80,0x40,0x20,0xff,0x80,0x40,0x20,0xff,
    0x80,0x40,0x20,0xff,0x80,0x40,0x20,0xff,0x80,0x40,0x20,0xff,0x80,0x40,0x20,0xff,
    0x00,0x00,0x00,0x00,0x00,0x00,0x00,0x00,0x00,0x00,0x00,0x00,0x00,0x00,0x00,0x00,
    0x00,0x00,0x00,0x00,0x00,0x00,0x00,0x00,0x00,0x00,0x00,0x00,0x00,0x00,0x00,0x00,
    0x00,0x00,0x00,0x00,0x00,0x00,0x00,0x00,0x00,0x00,0x00,0x00,0x00,0x00,0x00,0x00,
    0x00,0x00,0x00,0x00,0x00,0x00,0x00,0x00,0x00,0x00,0x00,0x00,0x00,0x00,0x00,0x00,
    0x00,0x00,0x00,0x00,0x00,0x00,0x00,0x00,0x00,0x00,0x00,0x00,0x00,0x00,0x00,0x00,
    0x00,0x00,0x00,0x00,0x00,0x00,0x00,0x00,0x00,0x00,0x00,0x00,0x00,0x00,0x00,0x00,
    0x00,0x00,0x00,0x00,0x00,0x00,0x00,0x00,0x00,0x00,0x00,0x00,0x00,0x00,0x00,0x00,
    0x00,0x00,0x00,0x00,0x00,0x00,0x00,0x00,0x00,0x00,0x00,0x00,0x00,0x00,0x00,0x00,
    0x00,0x00,0x00,0x00,0x00,0x00,0x00,0x00,0x00,0x00,0x00,0x00,0x00,0x00,0x00,0x00,
    0x00,0x00,0x00,0x00,0x00,0x00,0x00,0x00,0x80,0x40,0x20,0xff,0x80,0x40,0x20,0xff,
    0x80,0x40,0x20,0xff,0x80,0x40,0x20,0xff,0x80,0x40,0x20,0xff,0x80,0x40,0x20,0xff,
    0x80,0x40,0x20,0xff,0x80,0x40,0x20,0xff,0x80,0x40,0x20,0xff,0x00,0x00,0x00,0x00,
    0x00,0x00,0x00,0x00,0x00,0x00,0x00,0x00,0x00,0x00,0x00,0x00,0x00,0x00,0x00,0x00,
    0x00,0x00,0x00,0x00,0x00,0x00,0x00,0x00,0x00,0x00,0x00,0x00,0x00,0x00,0x00,0x00,
    0x00,0x00,0x00,0x00,0x00,0x00,0x00,0x00,0x00,0x00,0x00,0x00,0x00,0x00,0x00,0x00,
    0x00,0x00,0x00,0x00,0x00,0x00,0x00,0x00,0x00,0x00,0x00,0x00,0x00,0x00,0x00,0x00,
    0x00,0x00,0x00,0x00,0x00,0x00,0x00,0x00,0x00,0x00,0x00,0x00,0x00,0x00,0x00,0x00,
    0x00,0x00,0x00,0x00,0x00,0x00,0x00,0x00,0x00,0x00,0x00,0x00,0x00,0x00,0x00,0x00,
    0x00,0x00,0x00,0x00,0x00,0x00,0x00,0x00,0x00,0x00,0x00,0x00,0x00,0x00,0x00,0x00,
    0x00,0x00,0x00,0x00,0x00,0x00,0x00,0x00,0x00,0x00,0x00,0x00,0x00,0x00,0x00,0x00,
    0x00,0x00,0x00,0x00,0x00,0x00,0x00,0x00,0x00,0x00,0x00,0x00,0x00,0x00,0x00,0x00,
    0x00,0x00,0x00,0x00,0x00,0x00,0x00,0x00,0x00,0x00,0x00,0x00,0x00,0x00,0x00,0x00,
    0x00,0x00,0x00,0x00,0x00,0x00,0x00,0x00,0x00,0x00,0x00,0x00,0x00,0x00,0x40,0xff,
    0x00,0x00,0x40,0xff,0x00,0x00,0x40,0xff,0x00,0x00,0x40,0xff,0x00,0x00,0x40,0xff,
    0x00,0x00,0x40,0xff,0x00,0x00,0x40,0xff,0x00,0x00,0x40,0xff,0x00,0x00,0x00,0x00,
    0x00,0x00,0x00,0x00,0x00,0x00,0x00,0x00,0x00,0x00,0x00,0x00,0x00,0x00,0x00,0x00,
    0x00,0x00,0x00,0x00,0x00,0x00,0x00,0x00,0x00,0x00,0x00,0x00,0x00,0x00,0x00,0x00,
    0x00,0x00,0x00,0x00,0x00,0x00,0x00,0x00,0x00,0x00,0x00,0x00,0x00,0x00,0x00,0x00,
    0x00,0x00,0x00,0x00,0x00,0x00,0x00,0x00,0x00,0x00,0x00,0x00,0x00,0x00,0x00,0x00,
    0x00,0x00,0x00,0x00,0x00,0x00,0x00,0x00,0x00,0x00,0x00,0x00,0x00,0x00,0x00,0x00,
    0x00,0x00,0x00,0x00,0x00,0x00,0x00,0x00,0x00,0x00,0x00,0x00,0x00,0x00,0x00,0x00,
    0x00,0x00,0x00,0x00,0x00,0x00,0x00,0x00,0x00,0x00,0x00,0x00,0x00,0x00,0x00,0x00,
    0x00,0x00,0x00,0x00,0x00,0x00,0x00,0x00,0x00,0x00,0x00,0x00,0x00,0x00,0x00,0x00,
    0x00,0x00,0x00,0x00,0x00,0x00,0x00,0x00,0x00,0x00,0x00,0x00,0x00,0x00,0x00,0x00,
    0x00,0x00,0x40,0xff,0x00,0x00,0x40,0xff,0x00,0x00,0x40,0xff,0x00,0x00,0x40,0xff,
    0x00,0x00,0x40,0xff,0x00,0x00,0x40,0xff,0x00,0x00,0x40,0xff,0x00,0x00,0x40,0xff,
    0x00,0x00,0x40,0xff,0x00,0x00,0x40,0xff,0x00,0x00,0x40,0xff,0x00,0x00,0x40,0xff,
    0x00,0x00,0x40,0xff,0x00,0x00,0x40,0xff,0x00,0x00,0x00,0x00,0x00,0x00,0x00,0x00,
    0x00,0x00,0x00,0x00,0x00,0x00,0x00,0x00,0x00,0x00,0x00,0x00,0x00,0x00,0x00,0x00,
    0x00,0x00,0x00,0x00,0x00,0x00,0x00,0x00,0x00,0x00,0x00,0x00,0x00,0x00,0x00,0x00,
    0x00,0x00,0x00,0x00,0x00,0x00,0x00,0x00,0x00,0x00,0x00,0x00,0x00,0x00,0x00,0x00,
    0x00,0x00,0x00,0x00,0x00,0x00,0x00,0x00,0x00,0x00,0x00,0x00,0x00,0x00,0x00,0x00,
    0x00,0x00,0x00,0x00,0x00,0x00,0x00,0x00,0x00,0x00,0x00,0x00,0x00,0x00,0x00,0x00,
    0x00,0x00,0x00,0x00,0x00,0x00,0x00,0x00,0x00,0x00,0x00,0x00,0x00,0x00,0x00,0x00,
    0x00,0x00,0x00,0x00,0x00,0x00,0x00,0x00,0x00,0x00,0x00,0x00,0x00,0x00,0x00,0x00,
    0x00,0x00,0x00,0x00,0x00,0x00,0x00,0x00,0x00,0x00,0x00,0x00,0x00,0x00,0x00,0x00,
    0x00,0x00,0x40,0xff,0x00,0x00,0x40,0xff,0x00,0x00,0x40,0xff,0x00,0x00,0x40,0xff,
    0x00,0x00,0x40,0xff,0x00,0x00,0x40,0xff,0x00,0x00,0x40,0xff,0x00,0x00,0x40,0xff,
    0x00,0x00,0x40,0xff,0x00,0x00,0x40,0xff,0x00,0x00,0x40,0xff,0x00,0x00,0x40,0xff,
    0x00,0x00,0x40,0xff,0x00,0x00,0x40,0xff,0x00,0x00,0x00,0x00,0x00,0x00,0x00,0x00,
    0x00,0x00,0x00,0x00,0x00,0x00,0x00,0x00,0x00,0x00,0x00,0x00,0x00,0x00,0x00,0x00,
    0x00,0x00,0x00,0x00,0x00,0x00,0x00,0x00,0x00,0x00,0x00,0x00,0x00,0x00,0x00,0x00,
    0x00,0x00,0x00,0x00,0x00,0x00,0x00,0x00,0x00,0x00,0x00,0x00,0x00,0x00,0x00,0x00,
    0x00,0x00,0x00,0x00,0x00,0x00,0x00,0x00,0x00,0x00,0x00,0x00,0x00,0x00,0x00,0x00,
    0x00,0x00,0x00,0x00,0x00,0x00,0x00,0x00,0x00,0x00,0x00,0x00,0x00,0x00,0x00,0x00,
    0x00,0x00,0x00,0x00,0x00,0x00,0x00,0x00,0x00,0x00,0x00,0x00,0x00,0x00,0x00,0x00,
    0x00,0x00,0x00,0x00,0x00,0x00,0x00,0x00,0x00,0x00,0x00,0x00,0x00,0x00,0x00,0x00,
    0x00,0x00,0x00,0x00,0x00,0x00,0x00,0x00,0x00,0x00,0x00,0x00,0x00,0x00,0x00,0x00,
    0x00,0x00,0x00,0x00,0x00,0x00,0x00,0x00,0x80,0x40,0x20,0xff,0xe0,0x00,0x00,0xff,
    0xe0,0x00,0x00,0xff,0xe0,0x00,0x00,0xff,0xe0,0x00,0x00,0xff,0xe0,0x00,0x00,0xff,
    0x80,0x40,0x20,0xff,0x80,0x40,0x20,0xff,0x80,0x40,0x20,0xff,0xe0,0x00,0x00,0xff,
    0xe0,0x00,0x00,0xff,0xe0,0x00,0x00,0xff,0xe0,0x00,0x00,0xff,0xe0,0x00,0x00,0xff,
    0x80,0x40,0x20,0xff,0x00,0x00,0x00,0x00,0x00,0x00,0x00,0x00,0x00,0x00,0x00,0x00,
    0x00,0x00,0x00,0x00,0x00,0x00,0x00,0x00,0x00,0x00,0x00,0x00,0x00,0x00,0x00,0x00,
    0x00,0x00,0x00,0x00,0x00,0x00,0x00,0x00,0x00,0x00,0x00,0x00,0x00,0x00,0x00,0x00,
    0x00,0x00,0x00,0x00,0x00,0x00,0x00,0x00,0x00,0x00,0x00,0x00,0x00,0x00,0x00,0x00,
    0x00,0x00,0x00,0x00,0x00,0x00,0x00,0x00,0x00,0x00,0x00,0x00,0x00,0x00,0x00,0x00,
    0x00,0x00,0x00,0x00,0x00,0x00,0x00,0x00,0x00,0x00,0x00,0x00,0x00,0x00,0x00,0x00,
    0x00,0x00,0x00,0x00,0x00,0x00,0x00,0x00,0x00,0x00,0x00,0x00,0x00,0x00,0x00,0x00,
    0x00,0x00,0x00,0x00,0x00,0x00,0x00,0x00,0x00,0x00,0x00,0x00,0x00,0x00,0x00,0x00,
    0x80,0x40,0x20,0xff,0x80,0x40,0x20,0xff,0x80,0x40,0x20,0xff,0x80,0x40,0x20,0xff,
    0x80,0x40,0x20,0xff,0x80,0x40,0x20,0xff,0x00,0x00,0x00,0x00,0x00,0x00,0x00,0x00,
    0x00,0x00,0x00,0x00,0x80,0x40,0x20,0xff,0x80,0x40,0x20,0xff,0x80,0x40,0x20,0xff,
    0x80,0x40,0x20,0xff,0x80,0x40,0x20,0xff,0x80,0x40,0x20,0xff,0x00,0x00,0x00,0x00,
    0x00,0x00,0x00,0x00,0x00,0x00,0x00,0x00,0x00,0x00,0x00,0x00,0x00,0x00,0x00,0x00,
    0x00,0x00,0x00,0x00,0x00,0x00,0x00,0x00,0x00,0x00,0x00,0x00,0x00,0x00,0x00,0x00,
    0x00,0x00,0x00,0x00,0x00,0x00,0x00,0x00,0x00,0x00,0x00,0x00,0x00,0x00,0x00,0x00,
    0x00,0x00,0x00,0x00,0x00,0x00,0x00,0x00,0x00,0x00,0x00,0x00,0x00,0x00,0x00,0x00,
    0x00,0x00,0x00,0x00,0x00,0x00,0x00,0x00,0x00,0x00,0x00,0x00,0x00,0x00,0x00,0x00,
    0x00,0x00,0x00,0x00,0x00,0x00,0x00,0x00,0x00,0x00,0x00,0x00,0x00,0x00,0x00,0x00,
    0x00,0x00,0x00,0x00,0x00,0x00,0x00,0x00,0x00,0x00,0x00,0x00,0x00,0x00,0x00,0x00,
    0x00,0x00,0x00,0x00,0x00,0x00,0x00,0x00,0x00,0x00,0x00,0x00,0x00,0x00,0x00,0x00,
    0x80,0x40,0x20,0xff,0x80,0x40,0x20,0xff,0x80,0x40,0x20,0xff,0x80,0x40,0x20,0xff,
    0x80,0x40,0x20,0xff,0x80,0x40,0x20,0xff,0x00,0x00,0x00,0x00,0x00,0x00,0x00,0x00,
    0x00,0x00,0x00,0x00,0x80,0x40,0x20,0xff,0x80,0x40,0x20,0xff,0x80,0x40,0x20,0xff,
    0x80,0x40,0x20,0xff,0x80,0x40,0x20,0xff,0x80,0x40,0x20,0xff,0x00,0x00,0x00,0x00,
    0x00,0x00,0x00,0x00,0x00,0x00,0x00,0x00,0x00,0x00,0x00,0x00,0x00,0x00,0x00,0x00,
    0x00,0x00,0x00,0x00,0x00,0x00,0x00,0x00,0x00,0x00,0x00,0x00,0x00,0x00,0x00,0x00,
    0x00,0x00,0x00,0x00,0x00,0x00,0x00,0x00,0x00,0x00,0x00,0x00,0x00,0x00,0x00,0x00,
    0x00,0x00,0x00,0x00,0x00,0x00,0x00,0x00,0x00,0x00,0x00,0x00,0x00,0x00,0x00,0x00,
    0x00,0x00,0x00,0x00,0x00,0x00,0x00,0x00,0x00,0x00,0x00,0x00,0x00,0x00,0x00,0x00,
    0x00,0x00,0x00,0x00,0x00,0x00,0x00,0x00,0x00,0x00,0x00,0x00,0x00,0x00,0x00,0x00,
    0x00,0x00,0x00,0x00,0x00,0x00,0x00,0x00,0x00,0x00,0x00,0x00,0x00,0x00,0x00,0x00,
    0x00,0x00,0x00,0x00,0x00,0x00,0x00,0x00,0x00,0x00,0x00,0x00,0x00,0x00,0x00,0x00,
    0x00,0x00,0x00,0x00,0x00,0x00,0x00,0x00,0x00,0x00,0x00,0x00,0x00,0x00,0x00,0x00,
    0x00,0x00,0x00,0x00,0x00,0x00,0x00,0x00,0x00,0x00,0x00,0x00,0x00,0x00,0x00,0x00,
    0x00,0x00,0x00,0x00,0x80,0x40,0x20,0xff,0x80,0x40,0x20,0xff,0x80,0x40,0x20,0xff,
    0x80,0x40,0x20,0xff,0x80,0x40,0x20,0xff,0x80,0x40,0x20,0xff,0x00,0x00,0x00,0x00,
    0x00,0x00,0x00,0x00,0x00,0x00,0x00,0x00,0x00,0x00,0x00,0x00,0x00,0x00,0x00,0x00,
    0x00,0x00,0x00,0x00,0x00,0x00,0x00,0x00,0x00,0x00,0x00,0x00,0x00,0x00,0x00,0x00,
    0x00,0x00,0x00,0x00,0x00,0x00,0x00,0x00,0x00,0x00,0x00,0x00,0x00,0x00,0x00,0x00,
    0x00,0x00,0x00,0x00,0x00,0x00,0x00,0x00,0x00,0x00,0x00,0x00,0x00,0x00,0x00,0x00,
    0x00,0x00,0x00,0x00,0x00,0x00,0x00,0x00,0x00,0x00,0x00,0x00,0x00,0x00,0x00,0x00,
    0x00,0x00,0x00,0x00,0x00,0x00,0x00,0x00,0x00,0x00,0x00,0x00,0x00,0x00,0x00,0x00,
    0x00,0x00,0x00,0x00,0x00,0x00,0x00,0x00,0x00,0x00,0x00,0x00,0x00,0x00,0x00,0x00,
    0x00,0x00,0x00,0x00,0x00,0x00,0x00,0x00,0x00,0x00,0x00,0x00,0x00,0x00,0x00,0x00,
    0x00,0x00,0x00,0x00,0x00,0x00,0x00,0x00,0x00,0x00,0x00,0x00,0x00,0x00,0x00,0x00,
    0x00,0x00,0x00,0x00,0x00,0x00,0x00,0x00,0x00,0x00,0x00,0x00,0x00,0x00,0x00,0x00,
    0x00,0x00,0x00,0x00,0x00,0x00,0x00,0x00,0x00,0x00,0x00,0x00,0x00,0x00,0x00,0x00,
    0x80,0x40,0x20,0xff,0x80,0x40,0x20,0xff,0x80,0x40,0x20,0xff,0x00,0x00,0x00,0x00,
    0x00,0x00,0x00,0x00,0x00,0x00,0x00,0x00,0x00,0x00,0x00,0x00,0x00,0x00,0x00,0x00,
    0x00,0x00,0x00,0x00,0x00,0x00,0x00,0x00,0x00,0x00,0x00,0x00,0x00,0x00,0x00,0x00,
    0x00,0x00,0x00,0x00,0x00,0x00,0x00,0x00,0x00,0x00,0x00,0x00,0x00,0x00,0x00,0x00,
    0x00,0x00,0x00,0x00,0x00,0x00,0x00,0x00,0x00,0x00,0x00,0x00,0x00,0x00,0x00,0x00,
    0x00,0x00,0x00,0x00,0x00,0x00,0x00,0x00,0x00,0x00,0x00,0x00,0x00,0x00,0x00,0x00,
    0x00,0x00,0x00,0x00,0x00,0x00,0x00,0x00,0x00,0x00,0x00,0x00,0x00,0x00,0x00,0x00,
    0x00,0x00,0x00,0x00,0x00,0x00,0x00,0x00,0x00,0x00,0x00,0x00,0x00,0x00,0x00,0x00,
    0x00,0x00,0x00,0x00,0x00,0x00,0x00,0x00,0x00,0x00,0x00,0x00,0x00,0x00,0x00,0x00,
    0x00,0x00,0x00,0x00,0x00,0x00,0x00,0x00,0x00,0x00,0x00,0x00,0x00,0x00,0x00,0x00,
    0x00,0x00,0x00,0x00,0x00,0x00,0x00,0x00,0x00,0x00,0x00,0x00,0x00,0x00,0x00,0x00,
    0x00,0x00,0x00,0x00,0x80,0x40,0x20,0xff,0x80,0x40,0x20,0xff,0x80,0x40,0x20,0xff,
    0x80,0x40,0x20,0xff,0x80,0x40,0x20,0xff,0x80,0x40,0x20,0xff,0x00,0x00,0x00,0x00,
    0x00,0x00,0x00,0x00,0x00,0x00,0x00,0x00,0x00,0x00,0x00,0x00,0x00,0x00,0x00,0x00,
    0x00,0x00,0x00,0x00,0x00,0x00,0x00,0x00,0x00,0x00,0x00,0x00,0x00,0x00,0x00,0x00,
    0x00,0x00,0x00,0x00,0x00,0x00,0x00,0x00,0x00,0x00,0x00,0x00,0x00,0x00,0x00,0x00,
    0x00,0x00,0x00,0x00,0x00,0x00,0x00,0x00,0x00,0x00,0x00,0x00,0x00,0x00,0x00,0x00,
    0x00,0x00,0x00,0x00,0x00,0x00,0x00,0x00,0x00,0x00,0x00,0x00,0x00,0x00,0x00,0x00,
    0x00,0x00,0x00,0x00,0x00,0x00,0x00,0x00,0x00,0x00,0x00,0x00,0x00,0x00,0x00,0x00,
    0x00,0x00,0x00,0x00,0x00,0x00,0x00,0x00,0x00,0x00,0x00,0x00,0x00,0x00,0x00,0x00,
    0x00,0x00,0x00,0x00,0x00,0x00,0x00,0x00,0x00,0x00,0x00,0x00,0x00,0x00,0x00,0x00,
    0x00,0x00,0x00,0x00,0x00,0x00,0x00,0x00,0x00,0x00,0x00,0x00,0x00,0x00,0x00,0x00,
    0x00,0x00,0x00,0x00,0x00,0x00,0x00,0x00,0x00,0x00,0x00,0x00,0x00,0x00,0x00,0x00,
    0x00,0x00,0x00,0x00,0x00,0x00,0x00,0x00,0x80,0x40,0x20,0xff,0x80,0x40,0x20,0xff,
    0x80,0x40,0x20,0xff,0x80,0x40,0x20,0xff,0x80,0x40,0x20,0xff,0x80,0x40,0x20,0xff,
    0x80,0x40,0x20,0xff,0x00,0x00,0x00,0x00,0x00,0x00,0x00,0x00,0x00,0x00,0x00,0x00,
    0x00,0x00,0x00,0x00,0x00,0x00,0x00,0x00,0x00,0x00,0x00,0x00,0x00,0x00,0x00,0x00,
    0x00,0x00,0x00,0x00,0x00,0x00,0x00,0x00,0x00,0x00,0x00,0x00,0x00,0x00,0x00,0x00,
    0x00,0x00,0x00,0x00,0x00,0x00,0x00,0x00,0x00,0x00,0x00,0x00,0x00,0x00,0x00,0x00,
    0x00,0x00,0x00,0x00,0x00,0x00,0x00,0x00,0x00,0x00,0x00,0x00,0x00,0x00,0x00,0x00,
    0x00,0x00,0x00,0x00,0x00,0x00,0x00,0x00,0x00,0x00,0x00,0x00,0x00,0x00,0x00,0x00,
    0x00,0x00,0x00,0x00,0x00,0x00,0x00,0x00,0x00,0x00,0x00,0x00,0x00,0x00,0x00,0x00,
    0x00,0x00,0x00,0x00,0x00,0x00,0x00,0x00,0x00,0x00,0x00,0x00,0x00,0x00,0x00,0x00,
    0x80,0x40,0x20,0xff,0x80,0x40,0x20,0xff,0x80,0x40,0x20,0xff,0x80,0x40,0x20,0xff,
    0x80,0x40,0x20,0xff,0x80,0x40,0x20,0xff,0x00,0x00,0x00,0x00,0x00,0x00,0x00,0x00,
    0x00,0x00,0x00,0x00,0x80,0x40,0x20,0xff,0x80,0x40,0x20,0xff,0x80,0x40,0x20,0xff,
    0x80,0x40,0x20,0xff,0x80,0x40,0x20,0xff,0x80,0x40,0x20,0xff,0x00,0x00,0x00,0x00,
    0x00,0x00,0x00,0x00,0x00,0x00,0x00,0x00,0x00,0x00,0x00,0x00,0x00,0x00,0x00,0x00,
    0x00,0x00,0x00,0x00,0x00,0x00,0x00,0x00,0x00,0x00,0x00,0x00,0x00,0x00,0x00,0x00,
    0x00,0x00,0x00,0x00,0x00,0x00,0x00,0x00,0x00,0x00,0x00,0x00,0x00,0x00,0x00,0x00,
    0x00,0x00,0x00,0x00,0x00,0x00,0x00,0x00,0x00,0x00,0x00,0x00,0x00,0x00,0x00,0x00,
    0x00,0x00,0x00,0x00,0x00,0x00,0x00,0x00,0x00,0x00,0x00,0x00,0x00,0x00,0x00,0x00,
    0x00,0x00,0x00,0x00,0x00,0x00,0x00,0x00,0x00,0x00,0x00,0x00,0x00,0x00,0x00,0x00,
    0x00,0x00,0x00,0x00,0x00,0x00,0x00,0x00,0x00,0x00,0x00,0x00,0x00,0x00,0x00,0x00,
    0x00,0x00,0x00,0x00,0x00,0x00,0x00,0x00,0x00,0x00,0x00,0x00,0x80,0x40,0x20,0xff,
    0x80,0x40,0x20,0xff,0x80,0x40,0x20,0xff,0x80,0x40,0x20,0xff,0x80,0x40,0x20,0xff,
    0x80,0x40,0x20,0xff,0x80,0x40,0x20,0xff,0x00,0x00,0x00,0x00,0x00,0x00,0x00,0x00,
    0x00,0x00,0x00,0x00,0x00,0x00,0x00,0x00,0x00,0x00,0x00,0x00,0x00,0x00,0x00,0x00,
    0x00,0x00,0x00,0x00,0x00,0x00,0x00,0x00,0x00,0x00,0x00,0x00,0x00,0x00,0x00,0x00,
    0x00,0x00,0x00,0x00,0x00,0x00,0x00,0x00,0x00,0x00,0x00,0x00,0x00,0x00,0x00,0x00,
    0x00,0x00,0x00,0x00,0x00,0x00,0x00,0x00,0x00,0x00,0x00,0x00,0x00,0x00,0x00,0x00,
    0x00,0x00,0x00,0x00,0x00,0x00,0x00,0x00,0x00,0x00,0x00,0x00,0x00,0x00,0x00,0x00,
    0x00,0x00,0x00,0x00,0x00,0x00,0x00,0x00,0x00,0x00,0x00,0x00,0x00,0x00,0x00,0x00,
    0x00,0x00,0x00,0x00,0x00,0x00,0x00,0x00,0x00,0x00,0x00,0x00,0x00,0x00,0x00,0x00,
    0x00,0x00,0x00,0x00,0x00,0x00,0x00,0x00,0x00,0x00,0x00,0x00,0x00,0x00,0x00,0x00,
    0x00,0x00,0x00,0x00,0x00,0x00,0x00,0x00,0x00,0x00,0x00,0x00,0x00,0x00,0x00,0x00,
    0x00,0x00,0x00,0x00,0x00,0x00,0x00,0x00,0x00,0x00,0x00,0x00,0x00,0x00,0x00,0x00,
    0x00,0x00,0x00,0x00,0x80,0x40,0x20,0xff,0x80,0x40,0x20,0xff,0x80,0x40,0x20,0xff,
    0x80,0x40,0x20,0xff,0x80,0x40,0x20,0xff,0x80,0x40,0x20,0xff,0x00,0x00,0x00,0x00,
    0x00,0x00,0x00,0x00,0x00,0x00,0x00,0x00,0x00,0x00,0x00,0x00,0x00,0x00,0x00,0x00,
    0x00,0x00,0x00,0x00,0x00,0x00,0x00,0x00,0x00,0x00,0x00,0x00,0x00,0x00,0x00,0x00,
    0x00,0x00,0x00,0x00,0x00,0x00,0x00,0x00,0x00,0x00,0x00,0x00,0x00,0x00,0x00,0x00,
    0x00,0x00,0x00,0x00,0x00,0x00,0x00,0x00,0x00,0x00,0x00,0x00,0x00,0x00,0x00,0x00,
    0x00,0x00,0x00,0x00,0x00,0x00,0x00,0x00,0x00,0x00,0x00,0x00,0x00,0x00,0x00,0x00,
    0x00,0x00,0x00,0x00,0x00,0x00,0x00,0x00,0x00,0x00,0x00,0x00,0x00,0x00,0x00,0x00,
    0x00,0x00,0x00,0x00,0x00,0x00,0x00,0x00,0x00,0x00,0x00,0x00,0x00,0x00,0x00,0x00,
    0x00,0x00,0x00,0x00,0x00,0x00,0x00,0x00,0x00,0x00,0x00,0x00,0x00,0x00,0x00,0x00,
    0x00,0x00,0x00,0x00,0x00,0x00,0x00,0x00,0x00,0x00,0x00,0x00,0x00,0x00,0x00,0x00,
    0x00,0x00,0x00,0x00,0x00,0x00,0x00,0x00,0x00,0x00,0x00,0x00,0x80,0x40,0x20,0xff,
    0x80,0x40,0x20,0xff,0x80,0x40,0x20,0xff,0x00,0x00,0x00,0x00,0x00,0x00,0x00,0x00,
    0x00,0x00,0x00,0x00,0x00,0x00,0x00,0x00,0x00,0x00,0x00,0x00,0x00,0x00,0x00,0x00,
    0x00,0x00,0x00,0x00,0x00,0x00,0x00,0x00,0x00,0x00,0x00,0x00,0x00,0x00,0x00,0x00,
    0x00,0x00,0x00,0x00,0x00,0x00,0x00,0x00,0x00,0x00,0x00,0x00,0x00,0x00,0x00,0x00,
    0x00,0x00,0x00,0x00,0x00,0x00,0x00,0x00,0x00,0x00,0x00,0x00,0x00,0x00,0x00,0x00,
    0x00,0x00,0x00,0x00,0x00,0x00,0x00,0x00,0x00,0x00,0x00,0x00,0x00,0x00,0x00,0x00,
    0x00,0x00,0x00,0x00,0x00,0x00,0x00,0x00,0x00,0x00,0x00,0x00,0x00,0x00,0x00,0x00,
    0x00,0x00,0x00,0x00,0x00,0x00,0x00,0x00,0x00,0x00,0x00,0x00,0x00,0x00,0x00,0x00,
    0x00,0x00,0x00,0x00,0x00,0x00,0x00,0x00,0x00,0x00,0x00,0x00,0x00,0x00,0x00,0x00,
    0x00,0x00,0x00,0x00,0x00,0x00,0x00,0x00,0x00,0x00,0x00,0x00,0x00,0x00,0x00,0x00,
    0x00,0x00,0x00,0x00,0x00,0x00,0x00,0x00,0x00,0x00,0x00,0x00,0x00,0x00,0x00,0x00,
    0x00,0x00,0x00,0x00,0x00,0x00,0x00,0x00,0x00,0x00,0x00,0x00,0x00,0x00,0x00,0x00,
    0x00,0x00,0x00,0x00,0x80,0x40,0x20,0xff,0x80,0x40,0x20,0xff,0x80,0x40,0x20,0xff,
    0x80,0x40,0x20,0xff,0x80,0x40,0x20,0xff,0x80,0x40,0x20,0xff,0x00,0x00,0x00,0x00,
    0x00,0x00,0x00,0x00,0x00,0x00,0x00,0x00,0x00,0x00,0x00,0x00,0x00,0x00,0x00,0x00,
    0x00,0x00,0x00,0x00,0x00,0x00,0x00,0x00,0x00,0x00,0x00,0x00,0x00,0x00,0x00,0x00,
    0x00,0x00,0x00,0x00,0x00,0x00,0x00,0x00,0x00,0x00,0x00,0x00,0x00,0x00,0x00,0x00,
    0x00,0x00,0x00,0x00,0x00,0x00,0x00,0x00,0x00,0x00,0x00,0x00,0x00,0x00,0x00,0x00,
    0x00,0x00,0x00,0x00,0x00,0x00,0x00,0x00,0x00,0x00,0x00,0x00,0x00,0x00,0x00,0x00,
    0x00,0x00,0x00,0x00,0x00,0x00,0x00,0x00,0x00,0x00,0x00,0x00,0x00,0x00,0x00,0x00,
    0x00,0x00,0x00,0x00,0x00,0x00,0x00,0x00,0x00,0x00,0x00,0x00,0x00,0x00,0x00,0x00,
    0x00,0x00,0x00,0x00,0x00,0x00,0x00,0x00,0x00,0x00,0x00,0x00,0x00,0x00,0x00,0x00,
    0x00,0x00,0x00,0x00,0x00,0x00,0x00,0x00,0x00,0x00,0x00,0x00,0x00,0x00,0x00,0x00,
    0x00,0x00,0x00,0x00,0x00,0x00,0x00,0x00,0x00,0x00,0x00,0x00,0x80,0x40,0x20,0xff,
    0x80,0x40,0x20,0xff,0x80,0x40,0x20,0xff,0x80,0x40,0x20,0xff,0x80,0x40,0x20,0xff,
    0x80,0x40,0x20,0xff,0x80,0x40,0x20,0xff,0x00,0x00,0x00,0x00,0x00,0x00,0x00,0x00,
    0x00,0x00,0x00,0x00,0x00,0x00,0x00,0x00,0x00,0x00,0x00,0x00,0x00,0x00,0x00,0x00,
    0x00,0x00,0x00,0x00,0x00,0x00,0x00,0x00,0x00,0x00,0x00,0x00,0x00,0x00,0x00,0x00,
    0x00,0x00,0x00,0x00,0x00,0x00,0x00,0x00,0x00,0x00,0x00,0x00,0x00,0x00,0x00,0x00,
    0x00,0x00,0x00,0x00,0x00,0x00,0x00,0x00,0x00,0x00,0x00,0x00,0x00,0x00,0x00,0x00,
    0x00,0x00,0x00,0x00,0x00,0x00,0x00,0x00,0x00,0x00,0x00,0x00,0x00,0x00,0x00,0x00,
    0x00,0x00,0x00,0x00,0x00,0x00,0x00,0x00,0x00,0x00,0x00,0x00,0x00,0x00,0x00,0x00,
    0x00,0x00,0x00,0x00,0x00,0x00,0x00,0x00,0x00,0x00,0x00,0x00,0x00,0x00,0x00,0x00,
    0x00,0x00,0x00,0x00,0x00,0x00,0x00,0x00,0x00,0x00,0x00,0x00,0x00,0x00,0x00,0x00,
    0x00,0x00,0x00,0x00,0x00,0x00,0x00,0x00,0x00,0x00,0x00,0x00,0x00,0x00,0x00,0x00,
    0x00,0x00,0x00,0x00,0x00,0x00,0x00,0x00,0x00,0x00,0x00,0x00,0x00,0x00,0x00,0x00,
    0x00,0x00,0x00,0x00,0x00,0x00,0x00,0x00,0x00,0x00,0x00,0x00,0x00,0x00,0x00,0x00,
    0x00,0x00,0x00,0x00,0x00,0x00,0x00,0x00,0x00,0x00,0x00,0x00,0x00,0x00,0x00,0x00,
    0x00,0x00,0x00,0x00,0x00,0x00,0x00,0x00,0x00,0x00,0x00,0x00,0x00,0x00,0x00,0x00,
    0x00,0x00,0x00,0x00,0x00,0x00,0x00,0x00,0x00,0x00,0x00,0x00,0x00,0x00,0x00,0x00,
    0x00,0x00,0x00,0x00,0x00,0x00,0x00,0x00,0x00,0x00,0x00,0x00,0x00,0x00,0x00,0x00,
    0x00,0x00,0x00,0x00,0x00,0x00,0x00,0x00,0x00,0x00,0x00,0x00,0x00,0x00,0x00,0x00,
    0x00,0x00,0x00,0x00,0x00,0x00,0x00,0x00,0x00,0x00,0x00,0x00,0x00,0x00,0x00,0x00,
    0x00,0x00,0x00,0x00,0x00,0x00,0x00,0x00,0x00,0x00,0x00,0x00,0x00,0x00,0x00,0x00,
    0x00,0x00,0x00,0x00,0x00,0x00,0x00,0x00,0x00,0x00,0x00,0x00,0x00,0x00,0x00,0x00,
    0x00,0x00,0x00,0x00,0x00,0x00,0x00,0x00,0x00,0x00,0x00,0x00,0x00,0x00,0x00,0x00,
    0x00,0x00,0x00,0x00,0x00,0x00,0x00,0x00,0x00,0x00,0x00,0x00,0x00,0x00,0x00,0x00,
    0x00,0x00,0x00,0x00,0x00,0x00,0x00,0x00,0x00,0x00,0x00,0x00,0x00,0x00,0x00,0x00,
    0x00,0x00,0x00,0x00,0x00,0x00,0x00,0x00,0x00,0x00,0x00,0x00,0x00,0x00,0x40,0xff,
    0x00,0x00,0x40,0xff,0x00,0x00,0x40,0xff,0x00,0x00,0x40,0xff,0x00,0x00,0x40,0xff,
    0x00,0x00,0x40,0xff,0x00,0x00,0x40,0xff,0x00,0x00,0x40,0xff,0x00,0x00,0x00,0x00,
    0x00,0x00,0x00,0x00,0x00,0x00,0x00,0x00,0x00,0x00,0x00,0x00,0x00,0x00,0x00,0x00,
    0x00,0x00,0x00,0x00,0x00,0x00,0x00,0x00,0x00,0x00,0x00,0x00,0x00,0x00,0x00,0x00,
    0x00,0x00,0x00,0x00,0x00,0x00,0x00,0x00,0x00,0x00,0x00,0x00,0x00,0x00,0x00,0x00,
    0x00,0x00,0x00,0x00,0x00,0x00,0x00,0x00,0x00,0x00,0x00,0x00,0x00,0x00,0x00,0x00,
    0x00,0x00,0x00,0x00,0x00,0x00,0x00,0x00,0x00,0x00,0x00,0x00,0x00,0x00,0x00,0x00,
    0x00,0x00,0x00,0x00,0x00,0x00,0x00,0x00,0x00,0x00,0x00,0x00,0x00,0x00,0x00,0x00,
    0x00,0x00,0x00,0x00,0x00,0x00,0x00,0x00,0x00,0x00,0x00,0x00,0x00,0x00,0x00,0x00,
    0x00,0x00,0x00,0x00,0x00,0x00,0x00,0x00,0x00,0x00,0x00,0x00,0x00,0x00,0x00,0x00,
    0x00,0x00,0x00,0x00,0x00,0x00,0x00,0x00,0x00,0x00,0x00,0x00,0x00,0x00,0x00,0x00,
    0x00,0x00,0x00,0x00,0x00,0x00,0x00,0x00,0x00,0x00,0x00,0x00,0x00,0x00,0x40,0xff,
    0x00,0x00,0x40,0xff,0x00,0x00,0x40,0xff,0x00,0x00,0x40,0xff,0x00,0x00,0x40,0xff,
    0x00,0x00,0x40,0xff,0x00,0x00,0x40,0xff,0x00,0x00,0x40,0xff,0x00,0x00,0x00,0x00,
    0x00,0x00,0x00,0x00,0x00,0x00,0x00,0x00,0x00,0x00,0x00,0x00,0x00,0x00,0x00,0x00,
    0x00,0x00,0x00,0x00,0x00,0x00,0x00,0x00,0x00,0x00,0x00,0x00,0x00,0x00,0x00,0x00,
    0x00,0x00,0x00,0x00,0x00,0x00,0x00,0x00,0x00,0x00,0x00,0x00,0x00,0x00,0x00,0x00,
    0x00,0x00,0x00,0x00,0x00,0x00,0x00,0x00,0x00,0x00,0x00,0x00,0x00,0x00,0x00,0x00,
    0x00,0x00,0x00,0x00,0x00,0x00,0x00,0x00,0x00,0x00,0x00,0x00,0x00,0x00,0x00,0x00,
};
